pl_name,hostname,disc_year,pl_rade,pl_orbper,pl_orbsmax,pl_eqt,pl_orbeccen,st_teff,st_rad,st_mass,sy_snum,sy_pnum,discoverymethod,pl_bmasse
14 Her b,14 Her,2002,12.5,1766.41,2.839,147.32,0.3683,5338.0,0.93,0.97,1,2,Radial Velocity,2828.6728223
16 Cyg B b,16 Cyg B,1996,13.5,798.5,1.66,228.76,0.68,5750.0,1.13,1.08,3,1,Radial Velocity,565.7374
17 Sco b,17 Sco,2020,12.9,578.38,1.45,847.51,0.06,4157.0,25.92,1.22,1,1,Radial Velocity,1373.01871824
18 Del b,18 Del,2008,12.5,982.85,2.476,452.72,0.024,4980.0,8.8,2.1,2,1,Radial Velocity,2926.24614325
1RXS J160929.1-210524 b,1RXS J160929.1-210524,2008,18.647,10.559687499999999,330.0,1700.0,0.0,4060.0,1.31316,0.85,1,1,Imaging,3000.0
24 Boo b,24 Boo,2018,13.9,30.33,0.194,1840.86,0.032,4816.0,12.19,1.05,1,1,Radial Velocity,280.64248338
24 Sex b,24 Sex,2010,13.4,452.8,1.333,471.32,0.09,5098.0,4.9,1.54,1,2,Radial Velocity,632.46
24 Sex c,24 Sex,2010,13.9,883.0,2.08,377.31,0.29,5098.0,4.9,1.54,1,2,Radial Velocity,273.32
2M0437 b,2MASS J04372171+2651014,2021,13.0,10.559687499999999,118.0,1450.0,0.0,3100.0,0.84,0.17,1,1,Imaging,1271.313628
2MASS J04414489+2301513 b,2MASS J04414489+2301513,2010,12.6,10.559687499999999,15.0,17.6,0.0,2936.0,0.231916,0.019,1,1,Imaging,2383.6
2MASS J19383260+4603591 b,2MASS J19383260+4603591,2015,13.4,406.0,0.92,669.65,0.33,29564.0,0.203,0.48,2,3,Eclipse Timing Variations,603.877
2MASS J22362452+4751425 b,2MASS J22362452+4751425,2016,12.3,10.559687499999999,230.0,10.3,0.0,4045.0,0.641152,0.6,1,1,Imaging,3972.875
4 UMa b,4 UMa,2006,12.6,270.27,0.877,967.44,0.453,4415.0,18.11,1.234,1,1,Radial Velocity,2511.48007211
47 UMa b,47 UMa,1996,13.2,1078.0,2.1,215.23,0.032,5872.0,1.21334,1.06,1,3,Radial Velocity,804.08
47 UMa c,47 UMa,2001,14.2,2391.0,3.6,164.38,0.098,5872.0,1.21334,1.06,1,3,Radial Velocity,171.621
47 UMa d,47 UMa,2009,13.5,14002.0,11.6,91.58,0.16,5872.0,1.21334,1.06,1,3,Radial Velocity,521.22
51 Peg b,51 Peg,1995,14.1,4.2307966,0.052,1328.93,0.0063,5761.0,1.19,1.07,1,1,Radial Velocity,193.87532827
55 Cnc B b,55 Cnc B,2025,1.69,6.7994,0.044,395.41,0.0,3286.0,0.274,0.26,2,7,Radial Velocity,3.5
55 Cnc B c,55 Cnc B,2025,2.16,33.747,0.13,230.04,0.0,3286.0,0.274,0.26,2,7,Radial Velocity,5.3
55 Cnc b,55 Cnc,1996,13.9,14.651552,0.118,700.0,0.0029,5198.0,0.98,1.015,2,7,Radial Velocity,263.9785
55 Cnc d,55 Cnc,2002,13.0,4799.0,5.6,104.85,0.0913,5198.0,0.98,1.015,2,7,Radial Velocity,1232.493
55 Cnc e,55 Cnc,2004,1.875,0.7365474,0.01544,1958.0,0.05,5172.0,0.943,0.905,2,7,Radial Velocity,7.99
55 Cnc f,55 Cnc,2007,7.59,260.58,0.802,277.07,0.063,5198.0,0.98,1.015,2,7,Radial Velocity,44.812
6 Lyn b,6 Lyn,2008,13.4,919.86,2.028,371.86,0.042,4941.0,4.94,1.32,1,1,Radial Velocity,597.83523357
61 Vir b,61 Vir,2009,2.11,4.215,0.050201,1177.85,0.12,5577.0,0.963,0.942,1,3,Radial Velocity,5.1
61 Vir d,61 Vir,2009,5.11,123.01,0.476,382.51,0.35,5577.0,0.963,0.942,1,3,Radial Velocity,22.9
7 CMa b,7 CMa,2011,13.4,735.1,1.758,387.33,0.06,4826.0,4.87,1.34,1,2,Radial Velocity,587.9855
7 CMa c,7 CMa,2019,13.9,996.0,2.153,350.0,0.08,4826.0,4.87,1.34,1,2,Radial Velocity,276.5121
70 Vir b,70 Vir,1996,12.6,116.688,0.481,525.24,0.3988,5495.0,1.89,1.09,1,1,Radial Velocity,2380.45
75 Cet c,75 Cet,2023,13.9,2051.62,3.929,376.92,0.023,4809.0,10.38,1.92,2,2,Radial Velocity,289.85950718
8 UMi b,8 UMi,2015,13.5,93.31,0.462,1126.38,0.062,4847.0,10.73,1.51,1,1,Radial Velocity,524.41687155
81 Cet b,81 Cet,2008,13.1,1005.57,2.104,526.92,0.037,4734.0,11.21,1.23,1,1,Radial Velocity,1051.05854195
AB Aur b,AB Aur,2022,12.5,10.559687499999999,93.9,83.63,0.4,9770.0,2.95887,2.4,1,1,Imaging,2860.455663
AF Lep b,AF Lep,2023,13.0,8905.0,8.996,1400.0,0.015,6140.0,1.25,1.218,1,1,Imaging,1147.36054927
AT2021ueyL b,AT2021ueyL,2025,13.6,4168.69,4.01,751.0,0.0,3680.0,0.95,0.49,1,1,Microlensing,425.89006538
AU Mic c,AU Mic,2021,2.79,18.859023,0.119,424.7,0.18,3540.0,0.862,0.635,1,4,Transit,14.46
AU Mic e,AU Mic,2025,4.87,33.11,0.099815,751.0,0.0,3665.0,0.82,0.6,1,4,Radial Velocity,21.1
BD+03 2562 b,BD+03 2562,2017,12.7,481.9,1.3,985.04,0.2,4095.0,32.35,1.14,1,1,Radial Velocity,2034.112
BD+15 2940 b,BD+15 2940,2013,13.7,137.48,0.539,1207.75,0.26,4796.0,14.7,1.1,1,1,Radial Velocity,352.78
BD+20 2457 c,BD+20 2457,2009,12.4,621.99,2.01,984.96,0.18,4137.0,49.0,2.8,1,2,Radial Velocity,3963.17
BD+20 274 b,BD+20 274,2012,13.0,578.2,1.3,755.7,0.21,4296.0,17.3,0.8,1,1,Radial Velocity,1334.886
BD+20 594 b,BD+20 594,2016,2.57807,41.6855,0.241,546.0,0.0,5766.0,1.08,1.67,1,1,Transit,22.2481
BD+37 3172 b,BD+37 3172,2023,12.4,1887.76,4.65,713.25,0.59,4500.0,50.24,3.75,1,1,Radial Velocity,3368.9811142
BD+42 2315 b,BD+42 2315,2023,14.2,123.05,0.54,1247.58,0.73,4500.0,17.85,1.38,1,1,Radial Velocity,174.80562385
BD+45 564 b,BD+45 564,2021,13.6,307.88,0.83,238.82,0.12,5004.0,0.813064,0.81,1,1,Radial Velocity,432.24663352
BD+48 738 b,BD+48 738,2011,13.9,392.6,1.0,705.93,0.2,4414.0,11.0,0.74,1,1,Radial Velocity,289.2253
BD+48 740 b,BD+48 740,2018,13.5,733.0,1.7,538.94,0.76,4534.0,10.33,1.09,1,1,Radial Velocity,540.311
BD+49 828 b,BD+49 828,2015,13.5,2590.0,4.2,320.63,0.35,4943.0,7.6,1.52,1,1,Radial Velocity,508.5
BD+55 362 b,BD+55 362,2021,14.0,265.59,0.78,259.06,0.27,5012.0,0.896193,0.909,1,1,Radial Velocity,228.83645304
BD-06 1339 c,BD-06 1339,2013,8.38,125.94,0.435,261.91,0.31,4324.0,0.686355,0.7,1,2,Radial Velocity,53.0
BD-08 2823 c,BD-08 2823,2009,12.5,237.6,0.68,233.85,0.19,4746.0,0.71,0.74,1,2,Radial Velocity,104.0
BD-10 3166 b,BD-10 3166,2000,14.1,3.48777,0.04,1240.38,0.02,5393.0,0.91,1.47,1,1,Radial Velocity,187.5197
BD-11 4672 b,BD-11 4672,2014,14.1,1634.0,2.36,114.17,0.05,4550.0,0.639,0.651,1,2,Radial Velocity,206.5895
BD-11 4672 c,BD-11 4672,2020,4.04,74.2,0.3,320.21,0.4,4550.0,0.639,0.651,1,2,Radial Velocity,15.37
BD-13 2130 b,BD-13 2130,2007,12.5,714.29999,1.66,744.77,0.21,4545.0,19.17,2.12,1,1,Radial Velocity,3108.3774
BD-14 3065 b,BD-14 3065 A,2024,21.59,4.2889731,0.0656,2001.0,0.066,6935.0,2.35,1.41,3,1,Transit,3932.0
BD-17 63 b,BD-17 63,2008,12.8,655.57,1.34,168.92,0.5439,4714.0,0.74,0.741,1,1,Radial Velocity,1639.99458012
BD-210397 b,BD-210397,2023,14.0,1891.0,2.63,104.11,0.1,4051.0,0.747,0.679,1,2,Radial Velocity,214.0
BEBOP-3 b,BEBOP-3,2025,14.2,547.0,1.444,287.88,0.247,6033.0,1.414,1.083,2,1,Radial Velocity,177.34825111
Barnard b,Barnard's star,2024,0.72,3.1542,0.0229,438.0,0.03,3195.0,0.185,0.162,1,4,Radial Velocity,0.299
Barnard d,Barnard's star,2025,0.694,2.3402,0.0188,483.0,0.04,3195.0,0.185,0.162,1,4,Radial Velocity,0.263
Barnard e,Barnard's star,2025,0.637,6.7392,0.0381,340.0,0.04,3195.0,0.185,0.162,1,4,Radial Velocity,0.193
CD Cet b,CD Cet,2020,1.82,2.2907,0.0185,464.0,0.0,3130.0,0.175,0.161,1,1,Radial Velocity,3.95
CD-35 2722 B b,CD-35 2722 B,2026,13.9,171.11,0.2,77.39,0.27,1800.0,0.159,0.035,2,1,Radial Velocity,292.40213444
CHXR 73 b,CHXR 73,2006,12.3,10.559687499999999,210.0,751.0,0.0,3099.0,0.95,0.35,1,1,Imaging,3994.486
CI Tau c,CI Tau,2024,13.0,25.2,0.17,610.62,0.58,3807.0,1.880857,0.9,1,1,Radial Velocity,1144.1822652
CoRoT-1 b,CoRoT-1,2008,16.7,1.5089557,0.02752,1898.0,0.0,5950.0,1.11,0.95,1,1,Transit,327.35
CoRoT-10 b,CoRoT-10,2010,10.87,13.2406,0.1055,600.0,0.53,5075.0,0.79,0.89,1,1,Transit,874.0
CoRoT-11 b,CoRoT-11,2010,16.03,2.99433,0.0436,1657.0,0.0,6440.0,1.37,1.27,1,1,Transit,740.51
CoRoT-13 b,CoRoT-13,2010,9.92,4.03519,0.051,1700.0,0.0,5945.0,1.01,1.09,1,1,Transit,415.704
CoRoT-14 b,CoRoT-14,2010,12.22,1.51214,0.027,1952.0,0.0,6035.0,1.21,1.13,1,1,Transit,2415.4
CoRoT-16 b,CoRoT-16,2011,13.11,5.35227,0.0618,1195.53,0.33,5650.0,1.19,1.098,1,1,Transit,170.032
CoRoT-2 b,CoRoT-2,2008,16.432,1.7429935,0.02798,1521.0,0.0143,5625.0,0.906,0.96,2,1,Transit,1102.82
CoRoT-22 b,CoRoT-22,2014,4.88,9.75598,0.092,885.0,0.077,5939.0,1.136,1.099,1,1,Transit,12.2
CoRoT-23 b,CoRoT-23,2011,11.77,3.6313,0.048,1660.0,0.16,5900.0,1.61,1.14,1,1,Transit,889.9
CoRoT-24 c,CoRoT-24,2014,5.0,11.759,0.098,850.0,0.0,4950.0,0.86,0.91,1,2,Transit,28.0
CoRoT-25 b,CoRoT-25,2013,12.11,4.86069,0.0578,1330.0,0.0,6040.0,1.19,1.09,1,1,Transit,85.81
CoRoT-26 b,CoRoT-26,2013,14.12,4.20474,0.0526,1600.0,0.0,5590.0,1.79,1.09,1,1,Transit,165.26
CoRoT-27 b,CoRoT-27,2014,11.287,3.57532,0.0476,1500.0,0.065,5900.0,1.08,1.05,1,1,Transit,3302.11
CoRoT-28 b,CoRoT-28,2015,10.704595,5.20851,0.0603,1349.25,0.047,5150.0,1.78,1.01,1,1,Transit,153.82972
CoRoT-29 b,CoRoT-29,2015,10.0881,2.85057,0.0386,1224.75,0.082,5260.0,0.9,0.97,1,1,Transit,270.1555
CoRoT-32 b,CoRoT-32,2018,6.38913,6.71837,0.071,938.0,0.0,5970.0,0.79,1.08,1,1,Transit,47.6745
CoRoT-35 b,CoRoT-35,2022,18.83108758,3.22748,0.0429,1747.0,0.0,6390.0,1.65,1.01,1,1,Transit,349.6112477
CoRoT-36 b,CoRoT-36,2022,15.80466279,5.616531,0.066,1567.0,0.0,6730.0,1.52,1.32,1,1,Transit,216.12331676
CoRoT-4 b,CoRoT-4,2008,13.34,9.20205,0.09,1074.0,0.0,6190.0,1.17,1.16,1,1,Transit,228.83
CoRoT-5 b,CoRoT-5,2009,15.558,4.0378962,0.04947,1438.0,0.09,6100.0,1.186,1.0,1,1,Transit,148.42
CoRoT-6 b,CoRoT-6,2009,13.068,8.886593,0.0855,1017.0,0.1,6090.0,1.025,1.05,1,1,Transit,940.74
CoRoT-7 b,CoRoT-7,2009,1.68135,0.85359163,0.017016,1756.0,0.0,5275.0,0.83,0.82,1,3,Transit,4.07660518
CoRoT-7 c,CoRoT-7,2009,2.83,3.698,0.046,1098.59,0.0,5256.0,0.864273,0.899,1,3,Radial Velocity,8.4
CoRoT-8 b,CoRoT-8,2010,6.39,6.21229,0.063,870.0,0.0,5080.0,0.77,0.88,1,1,Transit,69.92
CoRoT-9 b,CoRoT-9,2009,11.948794,95.272656,0.4021,420.0,0.133,5625.0,0.96,0.96,2,1,Transit,266.9772
DE CVn b,DE CVn,2018,12.4,4098.1,5.75,46.91,0.0,3579.0,0.424754,0.51,2,1,Eclipse Timing Variations,3823.27330161
DMPP-1 b,DMPP-1,2019,4.26,17.812,0.1423,877.0,0.2,6196.0,1.26,1.21,1,4,Radial Velocity,16.8
DMPP-1 c,DMPP-1,2019,3.31,10.03,0.0973,1239.0,0.22,6196.0,1.26,1.21,1,4,Radial Velocity,10.94
DMPP-1 d,DMPP-1,2019,2.02,3.1417,0.04467,1632.0,0.36,6196.0,1.26,1.21,1,4,Radial Velocity,4.72
DMPP-1 e,DMPP-1,2019,1.86,5.516,0.0651,1314.0,0.07,6196.0,1.26,1.21,1,4,Radial Velocity,4.13
DMPP-2 b,DMPP-2,2019,14.2,5.203,0.06638,1000.0,0.06,6500.0,1.78,1.41,1,3,Radial Velocity,171.48
DMPP-2 c,DMPP-2,2026,8.26,3.168,0.04789,1910.88,0.28,6500.0,1.78,1.41,1,3,Radial Velocity,51.79
DMPP-2 d,DMPP-2,2026,11.6,16.491,0.1432,1105.06,0.1,6500.0,1.78,1.41,1,3,Radial Velocity,91.79
DMPP-3 A b,DMPP-3 A,2019,1.44,5.59,0.05958,854.0,0.42,5138.0,0.91,0.9,2,1,Radial Velocity,2.67
DMPP-4 b,DMPP-4,2023,3.53,3.4982,0.04853,1645.69,0.063,6400.0,1.38,1.25,1,1,Radial Velocity,12.2
DMPP-6 b,DMPP-6,2026,2.28,7.6027,0.0779,1203.65,0.34,6182.09,1.27,1.079,1,2,Radial Velocity,5.8
DMPP-6 c,DMPP-6,2026,3.74,36.441,0.2206,715.27,0.31,6182.09,1.27,1.079,1,2,Radial Velocity,13.47
DMPP-7 b,DMPP-7,2026,9.78,4.92666,0.0607,1456.0,0.054,6096.0,1.49,1.23,1,1,Radial Velocity,68.958
DMPP-8 b,DMPP-8,2026,10.8,62.915,0.3098,579.7,0.275,6009.0,1.24,0.99,1,1,Radial Velocity,81.09
DMPP-9 b,DMPP-9,2026,3.89,12.733,0.1097,995.58,0.25,6092.0,1.26,1.1,1,1,Radial Velocity,14.43
DP Leo b,DP Leo,2009,12.7,10220.0,8.19,24.39,0.39,13500.0,0.0115,0.69,2,1,Eclipse Timing Variations,1995.88832
DS Tuc A b,DS Tuc A,2019,5.7,8.138268,0.099815,850.0,0.0,5428.0,0.964,1.01,2,1,Transit,413.179
EPIC 201170410.02,EPIC 201170410,2020,1.047,6.7987,0.0349,500.03,0.0,3648.0,0.282,0.287,1,1,Transit,1.15
EPIC 201497682 b,EPIC 201497682,2019,0.692,2.13174,0.099815,751.0,0.0,4991.0,0.554,0.78,1,1,Transit,0.26
EPIC 201595106 b,EPIC 201595106,2021,1.565,0.87724,0.0177,2038.0,0.0,5679.0,0.98,0.958,1,2,Transit,7.67
EPIC 201615463 c,K2-166,2019,1.22,3.80464,0.099815,751.0,0.0,5960.0,1.61,1.073,1,2,Transit,1.98
EPIC 201754305 d,K2-16,2019,1.03,2.71578,0.099815,751.0,0.0,4761.0,0.544,0.67,1,3,Transit,1.08
EPIC 201833600 c,K2-50,2019,1.0,3.96151,0.099815,751.0,0.0,4326.0,0.634,0.611,1,2,Transit,0.972
EPIC 201841433 b,EPIC 201841433,2019,1.04,4.1698,0.035,1032.49,0.0,5053.0,0.628461,0.802,1,1,Transit,1.12
EPIC 205950854 c,K2-168,2019,1.31,8.050722,0.099815,960.6,0.0,5502.7,0.83,0.877,1,2,Transit,2.27
EPIC 206024342 b,EPIC 206024342,2019,1.7,4.50756,0.099815,751.0,0.0,5724.0,0.823,0.928,1,3,Transit,3.53
EPIC 206024342 c,EPIC 206024342,2021,1.4,0.911724,0.099815,751.0,0.0,5724.0,1.1,0.928,1,3,Transit,2.54
EPIC 206024342 d,EPIC 206024342,2021,2.6,14.647531,0.099815,751.0,0.0,5724.0,1.1,0.928,1,3,Transit,7.27
EPIC 206032309 b,EPIC 206032309,2019,1.01,2.87814,0.099815,751.0,0.0,3489.0,0.37344,0.221,1,1,Transit,1.01
EPIC 206042996 b,EPIC 206042996,2019,1.7,5.2986,0.099815,751.0,0.0,4114.0,0.5,0.565,1,2,Transit,3.53
EPIC 206042996 c,EPIC 206042996,2021,1.2,0.354884,0.099815,751.0,0.0,4114.0,0.5,0.565,1,2,Transit,1.87
EPIC 206215704 b,EPIC 206215704,2019,1.0,2.255436,0.099815,751.0,0.0,3297.0,0.25,0.407,1,1,Transit,0.972
EPIC 206317286 c,EPIC 206317286,2022,2.094,17.515472,0.099815,751.0,0.0,4752.0,0.758,0.832,1,2,Transit,5.03
EPIC 211822797 b,EPIC 211822797,2016,1.92,21.1701963,0.1195,431.0,0.06,4057.0,0.58,0.62,1,1,Transit,4.35
EPIC 211945201 b,EPIC 211945201,2018,5.76,19.49221,0.1493,817.0,0.0,6069.0,1.39,1.17,1,1,Transit,11.0
EPIC 212297394 b,EPIC 212297394,2019,1.48,2.289363,0.099815,1149.0,0.0,5171.0,0.8,0.83,1,2,Transit,2.79
EPIC 212424622 b,EPIC 212424622,2019,2.17,18.0983,0.099815,751.0,0.0,5782.33,1.2247,1.106,1,1,Transit,5.35
EPIC 212499991 b,EPIC 212499991,2019,1.6,34.885,0.099815,751.0,0.0,4982.79,0.757541,0.912,1,1,Transit,3.19
EPIC 212587672 b,EPIC 212587672,2019,1.26,15.28078,0.099815,756.0,0.0,6004.0,0.98,0.99,1,2,Transit,2.13
EPIC 212587672 c,EPIC 212587672,2021,2.32,23.228555,0.099815,658.0,0.0,6004.0,0.98,0.99,1,2,Transit,5.99
EPIC 212624936 b,EPIC 212624936,2021,1.2,0.578657,0.099815,751.0,0.0,5765.0,0.93,1.0,1,2,Transit,1.87
EPIC 212737443 b,EPIC 212737443,2019,2.586,13.603,0.098,536.0,0.2,4684.0,0.673,0.69,1,2,Transit,7.2
EPIC 220492298 b,EPIC 220492298,2021,0.99,0.762406,0.099815,751.0,0.0,5620.0,0.89,0.95,1,1,Transit,0.937
EPIC 220554210 c,K2-282,2019,1.6,0.70531,0.099815,751.0,0.0,5499.0,1.0,0.94,1,2,Transit,3.19
EPIC 220674823 b,EPIC 220674823,2016,1.606,0.57130782,0.0132,2324.0,0.0,5578.0,0.99,0.913,1,2,Transit,7.54
EPIC 220674823 c,EPIC 220674823,2016,2.712,13.340603,0.1078,838.0,0.18,5578.0,0.99,0.913,1,2,Transit,7.9
EPIC 228836835 b,EPIC 228836835,2021,1.1,0.728113,0.099815,932.0,0.0,3782.0,0.32,0.418179,1,1,Transit,1.37
EPIC 229004835 b,EPIC 229004835,2023,2.332,16.141132,0.1237,804.0,0.23,5868.0,0.999,0.97,1,1,Transit,10.4
EPIC 246851721 b,EPIC 246851721,2018,11.780659,6.180235,0.07229,1401.0,0.0,6202.0,1.586,1.317,2,1,Transit,953.49
EPIC 249893012 b,EPIC 249893012,2020,1.95,3.5951,0.047,1616.0,0.06,5430.0,1.71,1.05,1,3,Transit,8.75
EPIC 249893012 c,EPIC 249893012,2020,3.67,15.624,0.13,990.0,0.07,5430.0,1.71,1.05,1,3,Transit,14.67
EPIC 249893012 d,EPIC 249893012,2020,3.94,35.747,0.22,752.0,0.15,5430.0,1.71,1.05,1,3,Transit,10.18
G 192-15 b,G 192-15,2025,1.02,2.27476,0.01723,453.6,0.0,2999.0,0.170718,0.132,1,2,Radial Velocity,1.03
G 192-15 c,G 192-15,2025,3.87,1219.0,1.137,55.9,0.676,2999.0,0.170718,0.132,1,2,Radial Velocity,14.3
G 261-6 b,G 261-6,2025,1.1,5.4536,0.02971,322.3,0.0,2907.0,0.153162,0.118,1,1,Radial Velocity,1.37
G 264-012 b,G 264-012,2021,1.39,2.30538,0.02279,587.0,0.0,3326.0,0.305,0.297,1,2,Radial Velocity,2.5
G 264-012 c,G 264-012,2021,1.76,8.0518,0.0525,387.0,0.0,3326.0,0.305,0.297,1,2,Radial Velocity,3.75
G 268-110 b,G 268-110,2025,1.13,1.43263,0.01283,534.0,0.0,5544.0,0.177,0.137,1,1,Radial Velocity,1.52
G 9-40 b,G 9-40,2019,1.9,5.7459982,0.0418,440.6,0.0,3395.0,0.3026,0.2952,1,1,Transit,4.0
GJ 1002 b,GJ 1002,2022,1.03,10.3465,0.0457,230.9,0.0,3024.0,0.137,0.12,1,2,Radial Velocity,1.08
GJ 1002 c,GJ 1002,2022,1.1,21.202,0.0738,181.7,0.0,3024.0,0.137,0.12,1,2,Radial Velocity,1.36
GJ 1061 b,GJ 1061,2020,1.04,3.2073,0.021,388.11,0.05,2953.0,0.156,0.12,1,3,Radial Velocity,1.11
GJ 1061 c,GJ 1061,2020,1.19,6.6821,0.0342,304.12,0.02,2953.0,0.156,0.12,1,3,Radial Velocity,1.81
GJ 1061 d,GJ 1061,2020,1.16,13.066,0.054,242.03,0.04,2953.0,0.156,0.12,1,3,Radial Velocity,1.67
GJ 1132 b,GJ 1132,2015,1.19151465,1.62892911,0.0157,583.8,0.0118,3229.0,0.2211,0.1945,1,2,Transit,1.83704819
GJ 1132 c,GJ 1132,2018,1.52,8.929,0.0476,300.0,0.19,3090.0,0.226,0.198,1,2,Radial Velocity,2.91
GJ 1148 b,GJ 1148,2010,11.9,41.38,0.166,232.94,0.38,3287.0,0.358519,0.344045,1,2,Radial Velocity,96.7
GJ 1148 c,GJ 1148,2017,9.71,532.58,0.912,99.38,0.342,3287.0,0.358519,0.344045,1,2,Radial Velocity,68.06
GJ 1151 c,GJ 1151,2023,3.25,389.7,0.5714,88.3,0.0,3280.0,0.1781,0.1639,1,1,Radial Velocity,10.62
GJ 1214 b,GJ 1214,2009,2.733,1.580404531,0.01505,567.0,0.0062,3101.0,0.2162,0.182,1,1,Transit,8.41
GJ 1252 b,GJ 1252,2020,1.193,0.5182331,0.00915,1090.0,0.0,3458.0,0.391,0.381,1,1,Transit,1.32
GJ 1265 b,GJ 1265,2018,2.63,3.6511,0.026,424.04,0.04,3236.0,0.192,0.178,1,1,Radial Velocity,7.4
GJ 1289 b,GJ 1289,2024,2.38,111.74,0.27,150.0,0.0,3296.0,0.245012,0.21,1,1,Radial Velocity,6.27
GJ 143 b,GJ 143,2019,2.61,35.61253,0.1915,422.0,0.188,4640.0,0.695,0.73,1,2,Transit,22.7
GJ 15 A b,GJ 15 A,2014,1.55,11.4407,0.072,550.0,0.094,3607.0,0.38,0.38,2,2,Radial Velocity,3.03
GJ 15 A c,GJ 15 A,2018,6.67,7600.0,5.4,46.14,0.27,3607.0,0.38,0.38,2,2,Radial Velocity,36.0
GJ 160.2 b,GJ 160.2,2014,3.17,5.2354,0.053,736.99,0.06,4347.0,0.655173,0.69,1,1,Radial Velocity,10.2
GJ 163 b,GJ 163,2013,3.25,8.63182,0.0607,438.49,0.073,3500.0,0.409738,0.4,1,3,Radial Velocity,10.6
GJ 163 c,GJ 163,2013,2.5,25.63058,0.1254,305.07,0.099,3500.0,0.409738,0.4,1,3,Radial Velocity,6.8
GJ 163 d,GJ 163,2013,5.92,603.95116,1.0304,106.43,0.373,3500.0,0.409738,0.4,1,3,Radial Velocity,29.4
GJ 180 c,GJ 180,2014,2.41,24.329,0.129,290.87,0.09,3371.0,0.413049,0.43,1,3,Radial Velocity,6.4
GJ 180 d,GJ 180,2020,2.66,106.3,0.309,187.94,0.14,3371.0,0.413049,0.43,1,3,Radial Velocity,7.56
GJ 2030 b,GJ 2030,2022,2.03,2.38129,0.034,2147.31,0.239,5485.0,2.24104,0.96,1,2,Radial Velocity,4.76742611
GJ 2030 c,GJ 2030,2022,12.3,25533.11353,16.761,96.71,0.041,5485.0,2.24104,0.96,1,2,Radial Velocity,4069.15709482
GJ 2056 b,GJ 2056,2020,4.17,69.971,0.283,310.74,0.72,4069.95,0.709495,0.62,1,1,Radial Velocity,16.2
GJ 229 A c,GJ 229,2020,2.87,121.93268,0.384,188.1,0.366,3564.0,0.46,0.509,3,2,Radial Velocity,8.58136699
GJ 229 b,GJ 229,2014,3.97,579.47495,1.086,111.85,0.404,3564.0,0.46,0.509,3,2,Radial Velocity,14.93793513
GJ 251 c,GJ 251,2025,1.8,53.647,0.196,216.0,0.0,3342.0,0.36,0.35,1,2,Radial Velocity,3.88
GJ 27.1 b,GJ 27.1,2014,3.66,15.819,0.101,387.13,0.08,3542.0,0.518887,0.53,1,1,Radial Velocity,13.0
GJ 273 b,GJ 273,2017,1.51,18.6498,0.091101,292.47,0.1,3382.0,0.293,0.29,1,2,Radial Velocity,2.89
GJ 3090 b,GJ 3090,2022,2.18,2.85310198,0.0316,723.0,0.25,3707.0,0.516,0.519,1,2,Transit,4.52
GJ 3090 c,GJ 3090,2026,3.14,15.9407,0.0997,407.2,0.0,3707.0,0.516,0.519,1,2,Radial Velocity,10.0
GJ 3138 c,GJ 3138,2017,1.88,5.974,0.057,530.85,0.11,3717.0,0.5,0.681,1,3,Radial Velocity,4.18
GJ 317 b,GJ 317,2007,13.3,695.69,1.138,100.32,0.0826,3496.0,0.403,0.402,1,2,Radial Velocity,794.5
GJ 317 c,GJ 317,2016,13.6,6500.0,5.04,47.67,0.217,3496.0,0.403,0.402,1,2,Radial Velocity,454.49462201
GJ 328 b,GJ 328,2013,13.3,3771.0,4.11,73.57,0.227,3897.0,0.63,0.65,1,2,Radial Velocity,797.74930157
GJ 328 c,GJ 328,2023,4.91,241.8,0.657,184.01,0.0,3897.0,0.63,0.65,1,2,Radial Velocity,21.4
GJ 3293 b,GJ 3293,2015,5.19,30.5987,0.14339,280.54,0.06,3466.0,0.404,0.42,1,4,Radial Velocity,23.54
GJ 3293 c,GJ 3293,2015,4.87,122.6196,0.36175,176.62,0.11,3466.0,0.404,0.42,1,4,Radial Velocity,21.09
GJ 3293 d,GJ 3293,2017,2.67,48.1345,0.19394,241.22,0.12,3466.0,0.404,0.42,1,4,Radial Velocity,7.6
GJ 3293 e,GJ 3293,2017,1.63,13.2543,0.08208,370.79,0.21,3466.0,0.404,0.42,1,4,Radial Velocity,3.28
GJ 3323 b,GJ 3323,2017,1.23,5.3636,0.03282,290.06,0.23,3159.0,0.119,0.164,1,2,Radial Velocity,2.02
GJ 3323 c,GJ 3323,2017,1.32,40.54,0.1264,147.8,0.17,3159.0,0.119,0.164,1,2,Radial Velocity,2.31
GJ 3341 b,GJ 3341,2015,2.46,14.207,0.089,377.62,0.31,3526.0,0.439,0.47,1,1,Radial Velocity,6.6
GJ 3378 b,GJ 3378,2026,1.32,21.45,0.09673,272.0,0.0,3340.0,0.275,0.262,1,1,Radial Velocity,2.3
GJ 341 b,GJ 341,2025,0.88,7.57686,0.099815,629.0,0.0,3770.0,0.5066,0.48,1,1,Transit,4.0
GJ 3470 b,GJ 3470,2012,4.57,3.3366496,0.0355,593.5,0.017,3600.0,0.547,0.539,1,1,Radial Velocity,13.9
GJ 3473 b,GJ 3473,2020,1.264,1.1980035,0.01589,773.0,0.0,3347.0,0.364,0.36,2,2,Transit,1.86
GJ 3473 c,GJ 3473,2020,2.63,15.509,0.0876,329.1,0.0,3347.0,0.364,0.36,2,2,Radial Velocity,7.41
GJ 3512 b,GJ 3512,2019,14.3,203.109,0.3376,97.19,0.4279,3141.0,0.139,0.123,1,2,Radial Velocity,146.51889563
GJ 3512 c,GJ 3512,2020,14.3,2354.0,1.731,42.92,0.089,3141.0,0.139,0.123,1,2,Radial Velocity,143.97626837
GJ 357 b,GJ 357,2019,1.2,3.9306,0.036,518.0,0.0,3505.0,0.337,0.342,1,3,Transit,1.83
GJ 357 d,GJ 357,2019,2.34,55.661,0.204,219.6,0.0,3505.0,0.337,0.342,1,3,Radial Velocity,6.1
GJ 3634 b,GJ 3634,2010,2.83,2.64561,0.0287,656.45,0.08,3517.0,0.43,0.45,1,1,Radial Velocity,8.4
GJ 367 b,GJ 367,2021,0.736,0.3219226,0.0071,1329.0,0.0,3535.0,0.457,0.451,1,3,Transit,0.503
GJ 367 c,GJ 367,2023,1.86,11.5301,0.099815,751.0,0.09,3522.0,0.458,0.455,1,3,Radial Velocity,4.13
GJ 367 d,GJ 367,2023,2.33,34.369,0.099815,751.0,0.14,3522.0,0.458,0.455,1,3,Radial Velocity,6.03
GJ 3779 b,GJ 3779,2018,2.75,3.0232,0.026,526.94,0.07,3324.0,0.281,0.27,1,1,Radial Velocity,8.0
GJ 3929 b,GJ 3929,2022,1.09,2.616235,0.0252,568.0,0.0,3384.0,0.32,0.313,1,2,Transit,1.75
GJ 3929 c,GJ 3929,2022,2.26,15.04,0.081,317.0,0.0,3384.0,0.32,0.313,1,2,Radial Velocity,5.71
GJ 393 b,GJ 393,2021,1.17,7.02679,0.05402,485.0,0.0,3579.0,0.426,0.426,1,1,Radial Velocity,1.71
GJ 3942 b,GJ 3942,2017,2.57,6.905,0.0608,590.0,0.121,3867.0,0.61,0.63,1,1,Radial Velocity,7.14
GJ 3988 b,GJ 3988,2023,1.74,6.9442,0.0405,348.0,0.0,3273.0,0.19734,0.1842,1,1,Radial Velocity,3.69
GJ 3998 b,GJ 3998,2016,1.39,2.65033,0.03,733.5,0.0,3726.0,0.5,0.52,1,3,Radial Velocity,2.5
GJ 3998 c,GJ 3998,2016,2.5,13.727,0.09,423.49,0.0,3726.0,0.5,0.52,1,3,Radial Velocity,6.82
GJ 3998 d,GJ 3998,2025,2.34,41.78,0.189,292.23,0.0,3726.0,0.5,0.52,1,3,Radial Velocity,6.07
GJ 411 b,GJ 411,2019,1.45,12.9394,0.07879,349.83,0.063,3719.0,0.3685,0.3899,1,2,Radial Velocity,2.69
GJ 414 A b,GJ 414 A,2021,2.63,50.8,0.2324,308.6,0.45,4120.0,0.68,0.65,2,2,Radial Velocity,7.6
GJ 422 b,GJ 422,2014,3.33,20.129,0.111,292.68,0.11,3323.0,0.370328,0.35,1,1,Radial Velocity,11.07
GJ 4274 b,GJ 4274,2026,1.53,1.6339,0.0153,548.53,0.0,3228.0,0.19,0.18,1,2,Radial Velocity,2.97
GJ 4276 b,GJ 4276,2019,4.22,13.352,0.082,363.86,0.37,3387.0,0.407,0.406,1,1,Radial Velocity,16.57
GJ 433 b,GJ 433,2013,2.33,7.3705,0.062,473.94,0.04,3461.0,0.5,0.48,1,3,Radial Velocity,6.043
GJ 433 c,GJ 433,2014,6.27,5094.105,4.819,53.76,0.12,3461.0,0.5,0.48,1,3,Radial Velocity,32.422
GJ 436 b,GJ 436,2004,4.17,2.64388312,0.0291,686.0,0.13827,3586.11,0.455,0.47,1,1,Radial Velocity,22.1
GJ 463 b,GJ 463,2022,13.1,3459.0,3.53,63.55,0.146,3563.0,0.483,0.486,1,1,Radial Velocity,1080.6165838
GJ 480 b,GJ 480,2020,2.91,9.5536,0.068,406.0,0.0,3509.0,0.449,0.45,1,1,Radial Velocity,8.8
GJ 486 b,GJ 486,2021,1.289,1.46712127,0.01714,696.3,0.00086,3317.0,0.3243,0.312,1,1,Radial Velocity,2.77
GJ 504 b,GJ 504,2013,12.10569916,10.559687499999999,43.5,510.0,0.0,6234.0,1.26,1.22,1,1,Imaging,1271.3
GJ 514 b,GJ 514,2022,2.13,140.43,0.422,202.0,0.45,3728.0,0.5,0.51,1,1,Radial Velocity,5.2
GJ 536 b,GJ 536,2016,2.41,8.70874,0.0668,451.0,0.0,3641.0,0.529,0.528,1,2,Radial Velocity,6.37
GJ 536 c,GJ 536,2025,2.3,32.761,0.1617,290.5,0.0,3641.0,0.529,0.528,1,2,Radial Velocity,5.89
GJ 581 c,GJ 581,2007,2.5,12.9211,0.0718,346.13,0.032,3500.0,0.302,0.295,1,3,Radial Velocity,6.81
GJ 581 e,GJ 581,2009,1.38,3.1481,0.02799,554.37,0.012,3500.0,0.302,0.295,1,3,Radial Velocity,2.48
GJ 625 b,GJ 625,2017,1.49,14.628,0.078361,335.59,0.13,3499.0,0.31,0.3,1,1,Radial Velocity,2.82
GJ 649 b,GJ 649,2009,10.8,600.1,1.112,120.74,0.083,3734.0,0.5,0.51,1,1,Radial Velocity,81.99972901
GJ 667 C b,GJ 667 C,2012,2.25,7.203,0.050431,751.0,0.2,3350.0,0.95,0.33,3,5,Radial Velocity,5.68
GJ 667 C c,GJ 667 C,2013,1.77,28.14,0.125,751.0,0.02,3350.0,0.95,0.33,3,5,Radial Velocity,3.8
GJ 667 C f,GJ 667 C,2013,1.45,39.026,0.156,751.0,0.03,3350.0,0.95,0.33,3,5,Radial Velocity,2.7
GJ 674 b,GJ 674,2007,3.33,4.6938,0.039,530.8,0.2,3600.0,0.36463,0.35,1,1,Radial Velocity,11.09
GJ 676 A b,GJ 676 A,2010,12.8,1051.44521,1.735,113.55,0.319,3734.0,0.69,0.626,2,4,Radial Velocity,1840.86213334
GJ 676 A d,GJ 676 A,2012,1.78,3.60076,0.039,757.36,0.192,3734.0,0.69,0.626,2,4,Radial Velocity,3.81394088
GJ 676 A e,GJ 676 A,2012,2.47,35.47358,0.181,351.55,0.152,3734.0,0.69,0.626,2,4,Radial Velocity,6.67439655
GJ 682 b,GJ 682,2014,1.93,17.478,0.08,281.93,0.08,3028.0,0.298255,0.27,1,2,Radial Velocity,4.4
GJ 682 c,GJ 682,2014,2.89,57.32,0.176,190.08,0.1,3028.0,0.298255,0.27,1,2,Radial Velocity,8.7
GJ 687 b,GJ 687,2014,4.32,38.142,0.163,263.65,0.17,3413.0,0.4183,0.4,1,2,Radial Velocity,17.2
GJ 687 c,GJ 687,2020,4.14,727.562,1.165,98.62,0.4,3413.0,0.4183,0.4,1,2,Radial Velocity,16.0
GJ 720 A b,GJ 720 A,2021,3.77,19.466,0.119,401.0,0.12,3837.0,0.56,0.57,2,1,Radial Velocity,13.64
GJ 724 b,GJ 724,2023,3.27,5.101284,0.04685,611.0,0.577,3799.0,0.52226,0.5271,1,1,Radial Velocity,10.75
GJ 740 b,GJ 740,2021,1.53,2.37756,0.029,829.0,0.24,3913.0,0.56,0.58,1,1,Radial Velocity,2.96
GJ 806 c,GJ 806,2023,2.28,6.64064,0.0523,490.0,0.0,3600.0,0.4144,0.413,1,2,Radial Velocity,5.8
GJ 832 b,GJ 832,2008,13.8,3853.0,3.7,57.84,0.05,3472.0,0.441557,0.45,1,1,Radial Velocity,314.65012293
GJ 849 c,GJ 849,2014,13.8,5990.0,4.95,50.41,0.092,3467.0,0.45,0.45,1,2,Radial Velocity,314.65012293
GJ 86 b,GJ 86,1999,12.9,15.76491,0.11,661.12,0.04,5182.0,0.77,0.93,2,1,Radial Velocity,1404.8086
GJ 876 b,GJ 876,1998,13.3,61.1166,0.208317,190.6,0.0324,3293.74,0.3,0.32,1,4,Radial Velocity,723.2235
GJ 876 c,GJ 876,2000,14.0,30.0881,0.12959,241.66,0.25591,3293.74,0.3,0.32,1,4,Radial Velocity,226.9846
GJ 876 d,GJ 876,2005,2.51,1.93778,0.02080665,603.09,0.207,3293.74,0.3,0.32,1,4,Radial Velocity,6.83
GJ 876 e,GJ 876,2010,3.92,124.26,0.3343,150.46,0.055,3293.74,0.3,0.32,1,4,Radial Velocity,14.6
GJ 887 b,GJ 887,2020,1.8,9.2619,0.0683,426.0,0.14,3688.0,0.468,0.495,1,4,Radial Velocity,3.9
GJ 887 c,GJ 887,2020,2.43,21.784,0.121,320.0,0.17,3688.0,0.468,0.495,1,4,Radial Velocity,6.5
GJ 887 d,GJ 887,2026,2.34,50.77,0.212,241.0,0.0,3688.0,0.468,0.495,1,4,Radial Velocity,6.1
GJ 887 e,GJ 887,2026,1.12,4.4249,0.0417,544.0,0.0,3688.0,0.468,0.495,1,4,Radial Velocity,1.46
GJ 896 A b,GJ 896 A,2022,13.3,284.39,0.63965,126.7,0.35,3345.0,0.394682,0.43599,2,1,Astrometry,718.29219982
GJ 9066 c,GJ 9066,2020,9.6,771.36,0.88,65.66,0.46,3154.0,0.164,0.15,1,1,Radial Velocity,66.74396547
GJ 9404 b,GJ 9404,2023,3.48,13.4586,0.0943,473.5,0.49,3811.0,0.626041,0.62,1,1,Radial Velocity,11.9
GJ 96 b,GJ 96,2018,4.67,73.94,0.291,257.81,0.44,3785.0,0.580612,0.6,1,1,Radial Velocity,19.66
GJ 9689 b,GJ 9689,2020,3.07,18.27,0.1139,453.04,0.29,3836.0,0.57,0.59,1,1,Radial Velocity,9.65
GJ 9773 b,GJ 9773,2025,14.2,2965.0,2.921,59.89,0.218,3528.0,0.362,0.358,1,1,Radial Velocity,172.580825
GJ 9827 b,GJ 9827,2017,1.44,1.208974,0.0189,1035.01,0.0,4236.0,0.58,0.62,1,3,Transit,4.28
GJ 9827 c,GJ 9827,2017,1.13,3.648103,0.0395,715.94,0.0,4236.0,0.58,0.62,1,3,Transit,1.86
GJ 9827 d,GJ 9827,2017,1.98,6.20183,0.053,675.0,0.0,4236.0,0.58,0.62,1,3,Transit,3.02
Gaia-1 b,Gaia-1,2022,13.77583728,3.052524,0.04047,1159.07,0.0,5470.0,0.952,0.949,1,1,Transit,533.95172376
Gaia-2 b,Gaia-2,2022,14.81827249,3.6915224,0.0467,1213.23,0.0,5720.0,1.064,1.0,1,1,Transit,259.66580852
Gaia-4 b,Gaia-4,2025,12.4,571.3,0.099815,751.0,0.338,4034.0,0.624,0.644,1,1,Astrometry,3750.3752026
Gaia22dkvL b,Gaia22dkvL,2024,14.1,10.559687499999999,1.4,751.0,0.0,5544.0,0.95,1.145,1,1,Microlensing,187.83658854
Gaia23braL b,Gaia23braL,2026,13.5,10.559687499999999,4.847,129.2,0.0,5055.0,1.36181,0.774,1,1,Microlensing,518.06030341
Gl 378 b,Gl 378,2019,3.66,3.822,0.039435,830.0,0.109,3879.0,0.56,0.56,1,1,Radial Velocity,13.02
Gl 410 b,Gl 410,2025,2.83,6.02,0.0531,592.44,0.0,3842.0,0.543,0.55,1,1,Radial Velocity,8.4
Gl 686 b,Gl 686,2018,2.46,15.53,0.091,379.0,0.05,3656.0,0.427,0.426,1,1,Radial Velocity,6.624
Gl 725 A b,Gl 725 A,2025,1.48,11.2201,0.068,376.1,0.0,3433.0,0.351,0.33,2,2,Radial Velocity,2.78
Gl 725 B c,Gl 725 B,2026,1.66,37.9,0.139,215.0,0.0,3379.0,0.28,0.25,2,2,Radial Velocity,3.4
Gliese 48 b,Gliese 48,2026,2.77,39.6299,0.1752,271.0,0.0,3450.0,0.463,0.47,1,1,Radial Velocity,8.11
HAT-P-11 b,HAT-P-11,2010,4.36,4.888,0.05258,838.0,0.251,4653.0,0.683,0.811,1,2,Transit,25.0
HAT-P-12 b,HAT-P-12,2009,10.749,3.2130598,0.0384,963.0,0.0,4650.0,0.701,0.733,1,1,Transit,67.059
HAT-P-13 b,HAT-P-13,2009,14.258,2.91625,0.04383,1740.0,0.0133,5653.0,1.756,1.32,1,2,Transit,270.462
HAT-P-14 b,HAT-P-14,2010,15.91678,4.62767,0.0596,1624.0,0.11,6600.0,1.82,2.65,2,1,Transit,1093.3352
HAT-P-15 b,HAT-P-15,2010,11.88154,10.8635,0.0965,904.0,0.19,5568.0,1.07,1.0,1,1,Transit,616.5902
HAT-P-17 b,HAT-P-17,2012,11.76945,10.33852,0.0892,800.0,0.35,5246.0,0.87,0.99,1,2,Transit,184.3414
HAT-P-19 b,HAT-P-19,2010,11.29865255,4.00878322,0.04599,981.2,0.07,4962.0,0.773,0.807,1,1,Transit,88.03846874
HAT-P-2 b,HAT-P-2,2007,10.659759,5.6335158,0.06814,1540.0,0.5172,6380.0,1.39,1.33,1,2,Transit,2866.81223114
HAT-P-2 c,HAT-P-2,2023,12.4,8500.0,0.099815,751.0,0.37,6412.0,1.416,1.33,1,2,Radial Velocity,3400.7639549
HAT-P-21 b,HAT-P-21,2010,12.44199,4.12448,0.05037,1367.0,0.23,5588.0,1.21,1.24,1,1,Transit,1547.8321
HAT-P-22 b,HAT-P-22,2010,12.89035,3.21222,0.0414,1463.0,0.02,5302.0,1.11,1.13,2,1,Transit,785.0401
HAT-P-23 b,HAT-P-23,2010,15.334,1.212884,0.0232,2056.0,0.106,5905.0,1.203,1.13,1,1,Transit,664.237
HAT-P-24 b,HAT-P-24,2010,14.5717,3.35524,0.04651,1637.0,0.07,6373.0,1.38,1.37,2,1,Transit,238.3725
HAT-P-25 b,HAT-P-25,2012,12.722215,3.65281514,0.0466,1182.0,0.023,5519.0,0.919,1.012,1,1,Transit,180.84527
HAT-P-26 b,HAT-P-26,2010,7.06167,4.23452,0.04748,1080.0,0.12,5079.0,0.87,1.12,1,1,Transit,22.2481
HAT-P-27 b,HAT-P-27,2011,11.43,3.039577,0.04,1091.99,0.0,5316.0,0.864673,0.916,2,1,Transit,197.05
HAT-P-28 b,HAT-P-28,2011,13.585,3.257215,0.0434,1384.0,0.051,5680.0,1.103,1.025,1,1,Transit,198.953
HAT-P-3 b,HAT-P-3,2007,10.53646,2.8997,0.03866,1189.0,0.0,5185.0,0.87,1.06,2,1,Transit,206.5895
HAT-P-30 b,HAT-P-30,2011,16.14096,2.8106,0.0419,1630.0,0.04,6304.0,1.31,1.55,2,1,Transit,263.7989
HAT-P-32 b,HAT-P-32,2011,22.19382,2.1500082,0.03397,1835.7,0.159,6001.0,1.367,1.132,2,1,Transit,216.1244
HAT-P-33 b,HAT-P-33,2011,20.73665,3.47447,0.04995,1782.0,0.0,6446.0,1.79,1.82,2,1,Transit,292.4036
HAT-P-35 b,HAT-P-35,2011,14.930388,3.646706,0.04978,1581.0,0.02,6096.0,1.435,1.236,3,1,Transit,335.62848
HAT-P-36 b,HAT-P-36,2011,14.313893,1.32734683,0.0241,1780.97,0.063,5620.0,1.041,1.03,1,1,Transit,587.413406
HAT-P-38 b,HAT-P-38,2012,9.247,4.640382,0.0523,1082.0,0.067,5330.0,0.923,0.886,1,1,Transit,84.857
HAT-P-4 b,HAT-P-4,2007,14.28,3.056536,0.04438,1686.0,0.0,5860.0,1.596,1.248,2,1,Transit,213.255
HAT-P-42 b,HAT-P-42,2012,14.348,4.641878,0.0575,1428.0,0.0,5743.0,1.53,1.178,1,1,Transit,331.801
HAT-P-43 b,HAT-P-43,2012,13.63,3.3326414,0.0444,1353.0,0.0,5693.0,1.08,1.03,1,1,Transit,210.395
HAT-P-44 b,HAT-P-44,2014,13.922,4.301219,0.0507,1108.0,0.044,5295.0,0.949,0.942,1,2,Transit,111.871
HAT-P-44 c,HAT-P-44,2014,13.0,872.2,1.752,187.92,0.494,5295.0,0.949,0.942,1,2,Radial Velocity,1271.3
HAT-P-45 b,HAT-P-45,2014,15.984,3.128992,0.0452,1652.0,0.049,6330.0,1.319,1.259,1,1,Transit,283.492
HAT-P-46 b,HAT-P-46,2014,14.392,4.463129,0.0577,1458.0,0.123,6120.0,1.396,1.284,1,1,Transit,156.684
HAT-P-47 b,HAT-P-47,2026,14.71739166,4.73217441,0.099815,1605.0,0.0,6703.0,1.515,1.387,1,1,Transit,65.47265184
HAT-P-5 b,HAT-P-5,2007,13.56289,2.78849,0.04073,1517.0,0.0,5960.0,1.12,1.04,1,1,Transit,311.4734
HAT-P-50 b,HAT-P-50,2015,14.437192,3.1220109,0.0453,1862.0,0.115,6280.0,1.698,1.273,1,1,Transit,429.0705
HAT-P-52 b,HAT-P-52,2015,11.309881,2.7535953,0.03694,1218.0,0.047,5131.0,0.893,0.887,1,1,Transit,259.98494
HAT-P-53 b,HAT-P-53,2015,14.773462,1.9616241,0.03159,1778.0,0.134,5956.0,1.209,1.093,1,1,Transit,471.65972
HAT-P-54 b,HAT-P-54,2015,10.581296,3.799847,0.04117,818.0,0.074,4390.0,0.617,0.645,1,1,Transit,241.5508
HAT-P-55 b,HAT-P-55,2015,14.84069045,3.5852313,0.04628,1367.0,0.17,5804.0,1.105,1.028,1,1,Transit,189.42573057
HAT-P-56 b,HAT-P-56,2015,16.92559,2.79083,0.0423,1840.0,0.29,6566.0,1.47,1.42,1,1,Transit,734.1873
HAT-P-57 b,HAT-P-57,2015,19.50366,2.4653,0.0406,2200.0,0.0,6330.0,1.85,2.77,3,1,Transit,448.1403
HAT-P-58 b,HAT-P-58,2021,14.93036229,4.0138379,0.04994,1622.0,0.073,6078.0,1.53,1.031,1,1,Transit,118.2321674
HAT-P-59 b,HAT-P-59,2021,12.58768533,4.1419771,0.05064,1277.8,0.03,5678.0,1.1038,1.008,1,1,Transit,489.45574678
HAT-P-6 b,HAT-P-6,2007,16.58932,3.85298,0.05239,1675.0,0.0,6570.0,1.62,1.79,1,1,Transit,419.5356
HAT-P-60 b,HAT-P-60,2021,18.28184752,4.7947813,0.06277,1772.0,0.25,6212.0,2.197,1.435,1,1,Transit,182.43350562
HAT-P-62 b,HAT-P-62,2021,12.02723629,2.6453235,0.03772,1512.0,0.101,5629.0,1.17,1.023,1,1,Transit,241.86741773
HAT-P-63 b,HAT-P-63,2021,12.5428494,3.377728,0.04294,1237.0,0.069,5400.0,0.9661,0.925,1,1,Transit,195.1466419
HAT-P-65 b,HAT-P-65,2016,18.05766791,2.60544751,0.04042,1818.0,0.304,5872.0,1.666,1.297,1,1,Transit,176.07693748
HAT-P-66 b,HAT-P-66,2016,17.82231,2.972086,0.04363,1896.0,0.09,6002.0,1.881,1.255,1,1,Transit,248.86089
HAT-P-67 b,HAT-P-67,2017,23.9872187,4.8101069,0.06505,1903.0,0.0,6640.0,2.62,1.73,2,1,Transit,143.02278315
HAT-P-68 b,HAT-P-68,2020,12.016048,2.29840551,0.02996,1027.8,0.041,4508.0,0.6701,0.6785,1,1,Transit,230.10892
HAT-P-69 b,HAT-P-69,2019,18.786284,4.7869491,0.06555,1930.0,0.0,7394.0,1.926,1.648,1,1,Transit,1137.8314
HAT-P-7 b,HAT-P-7,2008,16.92559,2.20474,0.03809,2733.0,0.0,6389.0,2.0,1.56,3,1,Transit,584.8072
HAT-P-70 b,HAT-P-70,2019,20.96083,2.74432452,0.04739,2562.0,0.0,8450.0,1.858,1.89,1,1,Transit,2154.8874
HAT-P-8 b,HAT-P-8,2008,15.6926,3.07634,0.04496,1713.0,0.0,6200.0,1.57,1.27,3,1,Transit,406.8224
HAT-P-9 b,HAT-P-9,2008,15.614137,3.92281072,0.05287,1540.0,0.084,6350.0,1.338,1.281,1,1,Transit,238.05467
HATS-1 b,HATS-1,2012,14.594,3.446459,0.0444,1359.0,0.12,5870.0,1.038,0.986,1,1,Transit,589.55
HATS-10 b,HATS-10,2015,10.861521,3.312846,0.04491,1407.0,0.501,5880.0,1.105,1.101,1,1,Transit,167.17858
HATS-11 b,HATS-11,2016,18.03,3.619188,0.0507,1596.0,0.34,6563.0,1.54,1.33,1,1,Transit,263.7989
HATS-12 b,HATS-12,2016,7.76,3.142702,0.0441,1446.0,0.085,6357.0,1.17,1.16,1,1,Transit,759.6137
HATS-13 b,HATS-13,2015,13.585308,3.0440499,0.04057,1244.0,0.181,5523.0,0.887,0.962,1,1,Transit,172.58169
HATS-14 b,HATS-14,2015,11.646151,2.7667641,0.03815,1276.0,0.142,5346.0,0.933,0.967,1,1,Transit,340.39593
HATS-15 b,HATS-15,2016,12.385945,1.74748753,0.02712,1505.0,0.126,5311.0,0.922,0.871,1,1,Transit,689.6911
HATS-16 b,HATS-16,2016,14.5717,2.686502,0.03744,1592.0,0.0,5738.0,1.238,0.97,1,1,Transit,1039.3041
HATS-17 b,HATS-17,2016,8.709393,16.254611,0.1308,814.0,0.029,5846.0,1.091,1.131,1,1,Transit,425.25654
HATS-18 b,HATS-18,2016,14.896761,0.83784,0.0174,2069.48,0.166,5600.0,1.02,1.037,1,1,Transit,629.144485
HATS-2 b,HATS-2,2013,12.57647635,1.35413379,0.02317,1550.0,0.0,5227.0,0.876,0.904,1,1,Transit,435.42491759
HATS-22 b,HATS-22,2017,10.682177,4.7228124,0.05025,858.0,0.079,4803.0,0.689,0.759,1,1,Transit,870.8542
HATS-23 b,HATS-23,2017,20.84874,2.1605156,0.03397,1654.0,0.114,5780.0,1.199,1.121,1,1,Transit,467.2101
HATS-25 b,HATS-25,2016,14.12334,4.2986432,0.05163,1277.0,0.176,5715.0,1.107,0.994,1,1,Transit,194.82979
HATS-29 b,HATS-29,2016,14.022459,4.6058749,0.05475,1212.0,0.158,5670.0,1.073,1.032,1,1,Transit,207.54299
HATS-3 b,HATS-3,2013,15.48,3.547851,0.0485,1648.0,0.0,6351.0,1.404,1.209,1,1,Transit,340.382
HATS-30 b,HATS-30,2016,13.170575,3.1743516,0.04354,1414.0,0.096,5943.0,1.061,1.093,2,1,Transit,224.38798
HATS-31 b,HATS-31,2016,18.38276,3.37796,0.0478,1823.0,0.233,6050.0,1.87,1.275,1,1,Transit,279.6904
HATS-32 b,HATS-32,2016,14.000041,2.8126548,0.04024,1437.0,0.471,5700.0,1.097,1.099,1,1,Transit,292.4036
HATS-34 b,HATS-34,2016,16.02887,2.1061607,0.03166,1445.0,0.108,5380.0,0.98,0.955,1,1,Transit,299.07803
HATS-35 b,HATS-35,2016,16.409976,1.8209993,0.03199,2037.0,0.306,6300.0,1.433,1.317,1,1,Transit,388.38826
HATS-36 b,HATS-36,2018,12.92,4.175186,0.0523,1203.0,0.105,5950.0,1.1,1.1,1,1,Transit,1022.14128
HATS-37 A b,HATS-37 A,2020,6.792654,4.3315366,0.04913,1085.0,0.0,5326.0,0.877,0.843,2,1,Transit,31.46517
HATS-38 b,HATS-38,2020,6.882326,4.375021,0.05036,1294.0,0.0,5732.0,1.105,0.89,1,1,Transit,23.51942
HATS-4 b,HATS-4,2014,11.433,2.516729,0.0362,1315.0,0.013,5403.0,0.925,1.001,1,1,Transit,420.471
HATS-40 b,HATS-40,2018,17.71022,3.2642736,0.04997,2101.0,0.312,6460.0,2.26,1.561,1,1,Transit,505.3497
HATS-41 b,HATS-41,2018,14.90797,4.193649,0.0583,1710.0,0.38,6424.0,1.71,1.496,1,1,Transit,3082.951
HATS-43 b,HATS-43,2018,13.22662,4.3888497,0.04944,1003.0,0.173,5099.0,0.812,0.837,1,1,Transit,82.95363
HATS-44 b,HATS-44,2018,11.960003,2.7439004,0.03649,1161.0,0.279,5080.0,0.847,0.86,1,1,Transit,177.9848
HATS-46 b,HATS-46,2018,10.121727,4.7423729,0.05367,1054.0,0.559,5495.0,0.853,0.917,1,1,Transit,54.98459
HATS-47 b,HATS-47,2020,12.520453,3.9228038,0.04269,852.9,0.088,4512.0,0.6564,0.674,1,1,Transit,117.27927
HATS-5 b,HATS-5,2014,10.223,4.763387,0.0542,1025.0,0.019,5304.0,0.871,0.936,1,1,Transit,75.323
HATS-51 b,HATS-51,2017,15.80469,3.3488702,0.04639,1553.0,0.33,5758.0,1.44,1.187,1,1,Transit,244.09344
HATS-52 b,HATS-52,2017,15.490838,1.36665436,0.02498,1834.0,0.246,6010.0,1.046,1.111,1,1,Transit,711.9392
HATS-53 b,HATS-53,2017,15.02006,3.8537768,0.04753,1312.0,0.33,5644.0,1.101,0.964,1,1,Transit,189.10885
HATS-54 b,HATS-54,2019,11.37711541,2.5441765,0.037,1429.0,0.0,5621.0,1.23,1.05,1,1,Transit,239.32479047
HATS-55 b,HATS-55,2019,14.022459,4.2042001,0.05412,1367.0,0.092,6214.0,1.126,1.1955,1,1,Transit,292.72143
HATS-56 b,HATS-56,2019,18.920792,4.324799,0.06043,1902.0,0.019,6536.0,2.201,1.573,1,1,Transit,191.33366
HATS-57 b,HATS-57,2019,12.767051,2.350621,0.03493,1413.4,0.028,5587.0,0.96,1.026,1,1,Transit,1000.21101
HATS-58 A b,HATS-58 A,2019,12.273855,4.2180896,0.05798,1721.0,0.168,7175.0,1.433,1.461,2,1,Transit,327.3649
HATS-59 b,HATS-59,2018,12.621334,5.416081,0.06112,1128.0,0.129,5670.0,1.036,1.038,1,2,Transit,256.17098
HATS-6 b,HATS-6,2015,11.186582,3.3252725,0.03623,712.8,0.0,3724.0,0.57,0.574,1,1,Transit,101.38777
HATS-60 b,HATS-60,2018,12.923977,3.560829,0.04708,1528.0,0.191,5688.0,1.46,1.097,1,1,Transit,210.40346
HATS-61 b,HATS-61,2018,13.394755,7.817953,0.07908,1226.1,0.092,5542.0,1.664,1.076,1,1,Transit,1080.622
HATS-62 b,HATS-62,2018,11.825495,3.2768837,0.04163,1237.0,0.298,5416.0,0.933,0.896,1,1,Transit,56.89157
HATS-64 b,HATS-64,2018,18.819911,4.908897,0.06562,1793.0,0.151,6554.0,2.113,1.564,1,1,Transit,305.1168
HATS-65 b,HATS-65,2018,16.824709,3.105161,0.04497,1634.0,0.062,6277.0,1.31,1.257,2,1,Transit,260.93843
HATS-66 b,HATS-66,2018,15.815899,3.1414391,0.04714,1998.0,0.064,6626.0,1.841,1.411,1,1,Transit,1694.0339
HATS-67 b,HATS-67,2018,18.887165,1.6091788,0.03032,2193.0,0.057,6594.0,1.441,1.435,1,1,Transit,460.8535
HATS-68 b,HATS-68,2018,13.809488,3.5862202,0.05071,1741.0,0.036,6147.0,1.748,1.351,1,1,Transit,410.0007
HATS-69 b,HATS-69,2018,10.592505,2.2252577,0.03211,1295.7,0.519,5137.0,0.8785,0.892,1,1,Transit,183.38791
HATS-7 b,HATS-7,2015,6.310667,3.185315,0.04012,1084.0,0.17,4985.0,0.815,0.849,1,1,Transit,38.1396
HATS-71 b,HATS-71,2020,11.478016,3.7955202,0.03745,586.8,0.0,3405.0,0.4783,0.4861,1,1,Transit,117.5971
HATS-72 b,HATS-72,2020,8.0973816,7.3279474,0.066517,739.3,0.013,4656.1,0.7214,0.7311,1,1,Transit,39.855882
HATS-75 b,HATS-75,2021,9.90873894,2.7886556,0.032742,772.3,0.064,3790.4,0.5848,0.6017,1,1,Transit,156.05374784
HATS-76 b,HATS-76,2021,12.09449018,1.9416423,0.02658,939.8,0.062,4016.0,0.6259,0.662,1,1,Transit,835.570882
HATS-77 b,HATS-77,2021,13.05846252,3.0876262,0.03607,828.3,0.045,4071.0,0.6428,0.655,1,1,Transit,436.69623122
HATS-8 b,HATS-8,2015,9.785457,3.583893,0.04667,1324.0,0.376,5679.0,1.086,1.056,1,1,Transit,43.86054
HD 100508 b,HD 100508,2026,13.7,5681.0,6.11,106.66,0.42,5419.0,1.0179,0.94,1,1,Radial Velocity,381.3940884
HD 100655 b,HD 100655,2011,13.5,157.57001,0.68,907.14,0.09,4891.0,10.06,2.28,2,1,Radial Velocity,511.7063
HD 100777 b,HD 100777,2007,13.7,383.0,1.06,264.28,0.38,5533.0,1.04,1.08,1,1,Radial Velocity,390.92894061
HD 101581 b,HIP 56998,2025,0.956,4.46569,0.046,834.0,0.0,4675.0,0.63,0.653,1,2,Transit,0.827
HD 101581 c,HIP 56998,2025,0.99,6.20401,0.0573,747.0,0.0,4675.0,0.63,0.653,1,2,Transit,0.937
HD 10180 e,HD 10180,2010,5.39,49.748,0.2699,577.77,0.051,5911.0,1.109,1.06,1,6,Radial Velocity,25.1
HD 10180 f,HD 10180,2010,5.24,122.744,0.4929,427.54,0.119,5911.0,1.109,1.06,1,6,Radial Velocity,23.9
HD 10180 h,HD 10180,2010,9.4,2205.0,3.381,163.24,0.095,5911.0,1.109,1.06,1,6,Radial Velocity,64.4
HD 101930 b,HD 101930,2005,10.6,70.46,0.3,417.04,0.11,5108.0,0.86,0.57,2,1,Radial Velocity,79.4575
HD 102117 b,HD 102117,2005,8.47,20.8133,0.15,780.86,0.12,5655.0,1.23,1.06,1,1,Radial Velocity,54.0311
HD 102195 b,HD 102195,2006,14.2,4.11377,0.05,1035.17,0.0,5301.0,0.82,0.76,1,1,Radial Velocity,130.3103
HD 102272 b,HD 102272,2008,12.9,127.58,0.51,1038.01,0.05,4790.0,10.3,1.45,1,1,Radial Velocity,1570.0802
HD 102329 c,HD 102329,2016,13.5,1123.0,0.099815,751.0,0.209,4830.0,6.3,1.3,1,2,Radial Velocity,483.1016
HD 102843 b,HD 102843,2019,13.1,3090.942,4.074,127.34,0.11,5436.0,0.961488,0.95,1,1,Radial Velocity,113.9
HD 102888 b,HD 102888,2025,12.8,252.06,1.05,688.63,0.11,4990.0,8.6,2.42,1,1,Radial Velocity,1808.44363583
HD 102956 b,HD 102956,2010,13.8,6.4947,0.0807,1804.96,0.037,4985.0,4.55,1.66,2,1,Radial Velocity,305.1168
HD 103197 b,HD 103197,2011,5.83,47.84,0.25,474.97,0.0,5250.0,0.88,0.8,1,1,Radial Velocity,28.6047
HD 103774 b,HD 103774,2013,13.3,5.8881,0.07,1487.08,0.09,6489.0,1.581047,1.335,2,1,Radial Velocity,116.0
HD 103891 b,HD 103891,2022,13.2,1919.0,3.27,241.25,0.31,6072.0,2.22,1.28,1,1,Radial Velocity,918.52409623
HD 103949 b,HD 103949,2019,3.35,120.878,0.439,302.65,0.19,4792.0,0.753113,0.77,1,1,Radial Velocity,11.2
HD 104067 c,HD 104067,2024,3.69,13.8992,0.1058,648.36,0.29,4952.0,0.78,0.82,1,2,Radial Velocity,13.2
HD 10442 b,HD 10442,2014,13.6,1032.3,2.01,234.49,0.132,4912.0,1.97,1.01,1,1,Radial Velocity,472.61321
HD 104985 b,HD 104985,2003,12.8,199.68,0.715,901.01,0.047,4738.0,11.12,1.22,1,1,Radial Velocity,1766.80811451
HD 105618 b,HD 105618,2022,5.44,10.02245,0.091,1023.19,0.455,5671.0,1.27399,1.01,1,2,Radial Velocity,25.42627256
HD 105779 b,HD 105779,2022,14.1,2412.0,3.38,147.29,0.0,5792.0,0.94,0.89,1,1,Radial Velocity,203.41018048
HD 106270 b,HD 106270,2011,12.4,1888.0,3.34,237.07,0.185,5509.0,2.66,1.39,1,1,Radial Velocity,3623.2438398
HD 106315 b,HD 106315,2017,2.44,9.55237,0.0907,1153.0,0.093,6327.0,1.296,1.091,1,2,Transit,12.6
HD 106315 c,HD 106315,2017,4.35,21.05704,0.1536,886.0,0.22,6327.0,1.296,1.091,1,2,Transit,15.2
HD 10647 b,HD 10647,2006,13.8,989.2,2.015,221.54,0.15,6218.0,1.1,1.11,1,1,Radial Velocity,298.75
HD 106906 b,HD 106906,2013,12.4,10.559687499999999,650.0,1800.0,0.0,6516.0,2.12351,1.5,1,1,Imaging,3496.0
HD 10697 b,HD 10697,1999,12.8,1075.3799,2.051,259.25,0.104,5641.0,1.863076,0.99,1,1,Radial Velocity,1825.2885414
HD 107148 c,HD 107148,2021,4.7,18.3267,0.1407,799.68,0.34,5752.92,1.169193,1.105215,2,2,Radial Velocity,19.89605828
HD 108202 b,HD 108202,2023,13.1,2990.0,3.7,93.04,0.52,4556.03,0.66355,0.74,1,1,Radial Velocity,953.485221
HD 108236 c,HD 108236,2020,2.071,6.203449,0.062,932.0,0.034,5660.0,0.877,0.869,1,5,Transit,4.94
HD 108236 e,HD 108236,2020,3.083,19.590025,0.1367,636.0,0.058,5660.0,0.877,0.869,1,5,Transit,9.71
HD 108236 f,HD 108236,2021,2.017,29.54115,0.1758,609.59,0.051,5660.0,0.877,0.869,1,5,Transit,4.72
HD 108341 b,HD 108341,2014,13.3,1129.0,2.0,155.23,0.85,5122.0,0.79,0.843,2,1,Radial Velocity,715.11391575
HD 108863 b,HD 108863,2011,13.3,437.7,1.32,490.51,0.032,4878.0,5.74,1.59,1,1,Radial Velocity,767.24162
HD 108874 b,HD 108874,2002,13.6,394.48123,1.04,271.33,0.13,5600.0,1.05,1.1,1,2,Radial Velocity,451.3186
HD 109246 b,HD 109246,2010,13.9,68.27,0.33,507.43,0.12,5844.0,1.07,1.2,1,1,Radial Velocity,273.3338
HD 109271 b,HD 109271,2013,4.31,7.8543,0.079,1128.86,0.25,5783.0,1.294595,1.047,1,2,Radial Velocity,17.162
HD 109271 c,HD 109271,2013,5.27,30.93,0.196,716.68,0.15,5783.0,1.294595,1.047,1,2,Radial Velocity,24.154
HD 109286 b,HD 109286,2021,13.2,520.1,1.259,259.4,0.338,5694.0,1.089,0.98,1,1,Radial Velocity,950.30693693
HD 109749 b,HD 109749,2005,11.1,5.239891,0.0615,1250.83,0.0,5824.0,1.22,1.13,2,1,Radial Velocity,85.8141
HD 109833 b,HD 109833,2022,2.888,9.188526,0.099815,786.0,0.18,5881.0,1.0,1.08,1,2,Transit,8.69
HD 109833 c,HD 109833,2022,2.59,13.900148,0.099815,756.7,0.3,5881.0,1.0,1.08,1,2,Transit,7.22
HD 110014 b,HD 110014,2009,12.4,835.477,2.14,669.84,0.462,4445.0,20.9,2.17,1,1,Radial Velocity,3524.59
HD 110067 b,HD 110067,2023,2.2,9.113678,0.0793,800.0,0.0,5266.0,0.788,0.798,3,6,Transit,5.69
HD 110067 c,HD 110067,2023,2.388,13.673694,0.1039,699.0,0.0,5266.0,0.788,0.798,3,6,Transit,6.3
HD 110067 d,HD 110067,2023,2.852,20.519617,0.1362,602.0,0.0,5266.0,0.788,0.798,3,6,Transit,8.52
HD 110067 e,HD 110067,2023,1.94,30.793091,0.1785,533.0,0.0,5266.0,0.788,0.798,3,6,Transit,3.9
HD 110067 f,HD 110067,2023,2.601,41.05854,0.2163,489.0,0.0,5266.0,0.788,0.798,3,6,Transit,5.04
HD 110082 b,HD 110082,2021,3.2,10.18271,0.113,957.2,0.2,6200.0,1.19,1.21,2,1,Transit,10.3
HD 110113 b,HD 110113,2021,2.05,2.541,0.035,1371.0,0.093,5732.0,0.968,0.997,1,2,Transit,4.55
HD 110113 c,HD 110113,2021,2.11384817,6.744,0.068,990.0,0.045,5732.0,0.968,0.997,1,2,Radial Velocity,10.5
HD 11112 b,HD 11112,2022,12.6,17244.90764,13.38,94.51,0.285,5905.64,1.47368,1.07,1,1,Radial Velocity,2598.56505563
HD 111232 b,HD 111232,2003,12.6,1169.13202,2.148,172.05,0.214,5512.0,0.9,0.96,1,2,Radial Velocity,2531.50326176
HD 111998 b,HD 111998,2016,12.9,810.0,1.91,275.49,0.13,6557.0,1.45,1.4,1,1,Radial Velocity,1525.5763536
HD 112570 b,HD 112570,2023,13.1,2615.0,3.9,364.01,0.2,4750.0,9.85,1.15,1,1,Radial Velocity,1086.97315194
HD 112640 b,HD 112640,2020,12.9,613.2,1.7,959.65,0.24,4155.0,39.0,1.8,1,1,Radial Velocity,1589.15
HD 113337 b,HD 113337,2013,13.1,317.58639,1.022,395.73,0.28,6774.0,1.5,1.41,3,2,Radial Velocity,1035.80277841
HD 11343 c,HIP 8541,2022,13.9,228.53731,0.923,613.29,0.169,4672.0,6.84,2.009,2,2,Radial Velocity,255.53403923
HD 113538 b,HD 113538,2010,13.2,663.2,1.24,140.67,0.14,4462.0,0.53,0.585,1,2,Radial Velocity,114.41
HD 113996 b,HD 113996,2017,12.7,610.2,1.6,798.69,0.28,4181.0,25.11,1.49,2,1,Radial Velocity,2002.329
HD 114729 b,HD 114729,2002,13.9,1121.79,2.067,237.89,0.079,5844.0,1.473,0.936,2,1,Radial Velocity,262.20975
HD 114783 c,HD 114783,2016,13.4,4352.0,5.0,101.53,0.05,5135.0,0.840622,0.9,1,2,Radial Velocity,603.8739733
HD 11505 b,HD 11505,2022,12.6,32669.22247,20.247,67.46,0.144,5757.15,1.19568,1.03,1,1,Radial Velocity,2510.52658689
HD 11506 b,HD 11506,2007,12.9,1617.7,2.885,193.57,0.379,6123.0,1.24,1.22,1,3,Radial Velocity,1551.00262616
HD 11506 c,HD 11506,2008,14.0,223.92,0.771,374.44,0.228,6123.0,1.24,1.22,1,3,Radial Velocity,127.1313628
HD 11506 d,HD 11506,2022,12.3,26500.0,18.2,77.07,0.29,6123.0,1.24,1.22,1,3,Radial Velocity,4068.2036096
HD 115404 A b,HD 115404 A,2022,6.09,10.49488,0.088,695.65,0.232,5019.17,0.727007,0.83,1,2,Radial Velocity,30.82935548
HD 115404 A c,HD 115404 A,2022,12.5,15319.22517,11.364,61.22,0.211,5019.17,0.727007,0.83,1,2,Radial Velocity,3279.67133183
HD 116029 b,HD 116029,2011,13.6,670.0,1.65,400.04,0.0,4819.0,4.89,0.83,2,2,Radial Velocity,444.962
HD 116029 c,HD 116029,2016,13.7,907.0,0.099815,751.0,0.038,4951.0,4.6,1.33,2,2,Radial Velocity,403.6441
HD 117207 b,HD 117207,2004,13.4,2621.75,3.787,147.2,0.157,5732.0,1.074,1.053,1,1,Radial Velocity,669.34662514
HD 11755 b,HD 11755,2015,12.8,433.70001,1.09,903.49,0.19,4312.0,20.58,0.72,1,1,Radial Velocity,1789.3829
HD 117618 b,HD 117618,2004,8.59,25.8,0.18,745.79,0.15,5990.0,1.2,1.077,1,1,Radial Velocity,55.30242
HD 118203 b,HD 118203,2005,12.778238,6.1349779,0.0713,1361.0,0.3136,5742.0,2.04,1.27,1,2,Radial Velocity,680.15279098
HD 118203 c,HD 118203,2024,12.4,5103.0,6.28,146.0,0.26,5742.0,2.04,1.27,1,2,Radial Velocity,3747.19691853
HD 11964 b,HD 11964,2005,14.1,1945.0,3.16,203.93,0.041,5303.0,2.00971,0.91,2,2,Radial Velocity,198.0
HD 11964 c,HD 11964,2008,5.38,37.91,0.229,757.54,0.3,5303.0,2.00971,0.91,2,2,Radial Velocity,25.0
HD 11977 b,HD 11977,2005,12.7,711.0,1.93,547.97,0.4,4970.0,10.09,1.91,1,1,Radial Velocity,2080.0
HD 120084 b,HD 120084,2013,12.7,2142.0,4.21,369.24,0.483,4879.0,10.37,2.16,1,1,Radial Velocity,2034.1018048
HD 121504 b,HD 121504,2003,13.6,63.33,0.33,523.32,0.03,6027.0,1.07,1.62,1,1,Radial Velocity,479.9233
HD 12235 b,HD 12235,2022,3.23,4.36305,0.054,1667.37,0.376,5986.0,1.80185,1.1,1,2,Radial Velocity,10.48833743
HD 12235 c,HD 12235,2022,12.5,36336.70679,22.21,82.22,0.174,5986.0,1.80185,1.1,1,2,Radial Velocity,3135.69506346
HD 122562 c,HD 122562,2022,10.1,84.96276,0.406,552.02,0.228,4956.0,2.16627,1.241,1,1,Radial Velocity,73.10053361
HD 12484 b,HD 12484,2016,13.2,58.83,0.297,524.3,0.07,5920.0,1.001848,1.01,1,1,Radial Velocity,947.1334
HD 125271 b,HD 125271,2022,12.4,14901.99295,10.817,59.78,0.165,4703.93,0.751364,0.75,1,1,Radial Velocity,3465.60094993
HD 125612 b,HD 125612,2007,13.2,557.69994,1.349,253.38,0.446,5900.0,1.07,1.05,2,3,Radial Velocity,945.22168242
HD 125612 c,HD 125612,2009,4.07,4.15466,0.051,1303.14,0.149,5900.0,1.07,1.05,2,3,Radial Velocity,15.57359194
HD 125612 d,HD 125612,2009,12.7,2822.72698,3.982,147.48,0.115,5900.0,1.07,1.05,2,3,Radial Velocity,2281.37230545
HD 126105 b,HD 126105,2026,13.5,524.0,1.36,413.6,0.103,4875.0,4.21,1.2,1,1,Radial Velocity,530.77343969
HD 12648 b,HD 12648,2015,13.4,133.60001,0.54,1053.23,0.04,4835.0,11.02,0.67,1,1,Radial Velocity,622.9468
HD 126525 b,HD 126525,2018,10.3,960.41,1.837,198.47,0.035,5638.0,0.979,0.897,1,1,Radial Velocity,75.32571
HD 12661 b,HD 12661,2000,13.3,262.70862,0.84,325.35,0.38,5645.0,1.2,1.2,1,2,Radial Velocity,772.3269
HD 12661 c,HD 12661,2002,13.2,1708.0,2.8145,174.06,0.031,5748.0,1.11,1.02,1,2,Radial Velocity,899.45439181
HD 127195 b,HD 127195,2026,14.0,534.5,0.099815,751.0,0.04,4981.0,4.16,1.34,1,2,Radial Velocity,212.94503269
HD 127195 c,HD 127195,2026,14.1,836.99,0.099815,751.0,0.05,4981.0,4.16,1.34,1,2,Radial Velocity,206.58846455
HD 128311 b,HD 128311,2002,13.5,453.019,1.084,200.47,0.303,4965.0,0.76,0.828,1,2,Radial Velocity,562.24127
HD 128311 c,HD 128311,2005,13.0,921.538,1.74,158.23,0.159,4965.0,0.76,0.828,1,2,Radial Velocity,1204.25787
HD 128356 b,HD 128356,2016,13.9,298.2,0.87,232.36,0.57,4875.0,0.85,0.65,1,1,Radial Velocity,282.8687
HD 129445 b,HD 129445,2009,13.3,1840.0,2.9,173.36,0.7,5646.0,1.175816,0.99,1,1,Radial Velocity,797.74930157
HD 131496 b,HD 131496,2011,13.4,896.0,2.01,347.3,0.181,4846.0,4.44,1.34,1,1,Radial Velocity,572.094
HD 13189 b,HD 13189,2005,12.4,471.60001,1.25,1115.98,0.27,4175.0,38.41,2.24,1,1,Radial Velocity,3480.2385
HD 132406 b,HD 132406,2007,12.8,908.0,1.98,228.73,0.25,5766.0,1.34,0.973,1,1,Radial Velocity,1887.90073758
HD 133131 A b,HD 133131 A,2016,13.6,649.0,1.44,227.72,0.33,5799.0,0.955014,0.95,2,3,Radial Velocity,451.3186
HD 133131 A c,HD 133131 A,2016,14.3,3568.0,4.49,128.96,0.49,5799.0,0.955014,0.95,2,3,Radial Velocity,133.4886
HD 133131 B b,HD 133131 B,2016,13.3,5769.0,6.15,112.28,0.61,5805.0,0.989538,0.93,2,3,Radial Velocity,794.575
HD 134060 b,HD 134060,2019,3.16,3.2696,0.0444,1473.18,0.45,5966.0,1.164285,1.095,1,2,Radial Velocity,10.1
HD 134060 c,HD 134060,2019,5.91,1291.5646,2.3928,200.67,0.11,5966.0,1.164285,1.095,1,2,Radial Velocity,29.29
HD 134606 b,HD 134606,2024,2.97,12.089,0.1046,894.63,0.092,5576.0,1.158,1.046,1,5,Radial Velocity,9.09
HD 134606 c,HD 134606,2024,3.37,58.883,0.3007,527.65,0.055,5576.0,1.158,1.046,1,5,Radial Velocity,11.31
HD 134606 f,HD 134606,2024,2.24,26.915,0.1784,685.04,0.081,5576.0,1.158,1.046,1,5,Radial Velocity,5.63
HD 134987 b,HD 134987,1999,13.5,258.17999,0.81,339.45,0.23,5736.0,1.22,1.1,1,2,Radial Velocity,511.7063
HD 134987 c,HD 134987,2009,13.9,5000.0,5.8,125.03,0.12,5585.0,1.25,1.1,1,2,Radial Velocity,260.0
HD 135344 A b,HD 135344 A,2025,16.25302201,10.559687499999999,16.5,1585.0,0.5,9540.0,1.5,2.32,2,1,Imaging,3178.28407
HD 135625 b,HD 135625,2023,13.3,4055.0,5.4,146.04,0.16,6040.64,1.35743,1.28,1,1,Radial Velocity,731.0053361
HD 135694 b,HD 135694,2023,2.857,15.923475568,0.124695,750.83,0.0,5712.0,1.08,1.02,1,1,Transit,6.1
HD 135872 b,HD 135872,2022,12.8,2422.32597,4.172,233.64,0.164,4992.0,3.93038,1.646,1,1,Radial Velocity,1744.56012602
HD 136352 b,HD 136352,2019,1.664,11.57797,0.0964,905.0,0.0,5664.0,1.058,0.87,1,3,Radial Velocity,4.72
HD 136418 b,HD 136418,2009,13.3,464.29999,1.29,411.81,0.25,4989.0,3.78,1.48,1,1,Radial Velocity,680.1562
HD 136925 b,HD 136925,2021,13.9,4540.0,5.13,134.25,0.103,5773.19,1.193078,0.875104,1,1,Radial Velocity,266.97586188
HD 13724 c,HD 13724,2022,8.18,142.22895,0.534,393.06,0.651,5835.31,1.04198,1.004,1,1,Radial Velocity,50.85254512
HD 137388 b,HD 137388,2011,9.32,330.0,0.89,248.42,0.36,5181.0,0.88,0.68,1,1,Radial Velocity,63.566
HD 137496 b,HD 137496,2021,1.31,1.62116,0.02732,2130.0,0.0,5799.0,1.59,1.04,1,2,Transit,4.04
HD 137496 c,HD 137496,2021,12.6,479.9,1.2163,370.0,0.477,5799.0,1.59,1.04,1,2,Radial Velocity,2434.56559762
HD 13808 c,HD 13808,2021,3.13,53.753,0.2554,424.57,0.156,5035.0,0.781,0.771,1,2,Radial Velocity,9.96
HD 13908 b,HD 13908,2013,13.9,19.382,0.154,993.25,0.02,6255.0,1.67,1.29,1,2,Radial Velocity,274.91
HD 13908 c,HD 13908,2013,12.8,931.0,2.03,273.57,0.12,6255.0,1.67,1.29,1,2,Radial Velocity,1630.4
HD 13931 b,HD 13931,2009,13.2,4218.0,5.15,139.38,0.02,5867.0,1.25,1.3,1,1,Radial Velocity,889.9195396
HD 1397 b,HD 1397,2018,11.500434,11.53533,0.1097,1228.3,0.251,5521.0,2.336,1.324,1,1,Transit,131.89945
HD 140901 b,HD 140901,2022,4.07,9.02378,0.085,904.37,0.472,5610.0,0.95,0.99,1,2,Radial Velocity,15.57359194
HD 140901 c,HD 140901,2022,13.4,14386.0,11.8,76.76,0.77,5610.0,0.95,1.06,1,2,Radial Velocity,572.0911326
HD 141004 b,HD 141004,2021,3.77,15.5083,0.1238,950.73,0.16,5885.38,1.389372,1.051904,1,1,Radial Velocity,13.63483866
HD 141399 b,HD 141399,2014,14.3,94.44,0.415,493.71,0.04,5600.0,1.387236,1.07,1,4,Radial Velocity,143.34133
HD 141399 d,HD 141399,2014,13.7,1069.8,2.09,220.0,0.074,5600.0,1.387236,1.07,1,4,Radial Velocity,375.0394
HD 141399 e,HD 141399,2014,14.1,5000.0,5.0,142.24,0.26,5600.0,1.387236,1.07,1,4,Radial Velocity,209.7678
HD 141937 b,HD 141937,2002,12.4,662.37,1.54,231.49,0.46,5870.0,1.03,1.09,1,1,Radial Velocity,3591.4609991
HD 142 A d,HD 142,2022,10.9,108.45299,0.474,530.32,0.13,6245.0,1.47,1.21,2,3,Radial Velocity,82.63538582
HD 142 b,HD 142,2001,12.7,351.43394,1.039,358.19,0.158,6245.0,1.47,1.21,2,3,Radial Velocity,2256.5816897
HD 142 c,HD 142,2012,12.4,10159.64279,9.811,116.56,0.277,6245.0,1.47,1.21,2,3,Radial Velocity,3464.64746471
HD 142022 A b,HD 142022 A,2005,12.9,1928.0,2.93,155.74,0.53,5421.0,1.04,0.9,2,1,Radial Velocity,1433.40611557
HD 142245 b,HD 142245,2011,13.1,1299.0,2.78,306.3,0.0,4922.0,4.63,3.5,3,1,Radial Velocity,975.7381
HD 142415 b,HD 142415,2003,13.5,386.29999,1.06,283.72,0.5,5940.0,1.04,1.07,1,1,Radial Velocity,530.7761
HD 143105 b,HD 143105,2016,13.7,2.1974,0.0379,2028.25,0.07,6380.0,1.647304,1.51,1,1,Radial Velocity,384.5743
HD 143811 AB b,HD 143811 A,2025,15.69257298,117000.0,63.0,1042.0,0.19,6791.0,1.68398,1.32,2,1,Imaging,1938.7532827
HD 144899 b,HD 144899,2022,4.77,40.43914,0.242,770.87,0.821,6126.0,1.64802,1.16,1,1,Radial Velocity,20.34101805
HD 145377 b,HD 145377,2008,12.8,103.95,0.45,442.98,0.31,6014.0,1.05,1.2,1,1,Radial Velocity,1913.3366
HD 145457 b,HD 145457,2010,13.2,176.13,0.762,826.81,0.111,4757.0,9.9,1.9,1,1,Radial Velocity,888.01256916
HD 145675 c,14 Her,2021,12.6,15732.45889,20.0,55.51,0.52,5338.0,0.93,0.97,1,2,Radial Velocity,2510.8444153
HD 145934 b,HD 145934,2015,13.4,2751.53433,4.89,276.92,0.078,4823.75,6.930587,2.058,1,1,Radial Velocity,658.5404593
HD 1461 c,HD 1461,2015,2.23,13.5052,0.1117,892.87,0.305,5765.0,1.152288,1.02,1,2,Radial Velocity,5.59
HD 147018 b,HD 147018,2009,13.4,44.236,0.2388,519.98,0.4686,5441.0,0.937948,0.927,1,2,Radial Velocity,674.0
HD 147018 c,HD 147018,2009,12.7,1008.0,1.922,183.28,0.133,5441.0,0.937948,0.927,1,2,Radial Velocity,2080.0
HD 147513 b,HD 147513,2003,13.7,528.4,1.32,244.43,0.26,5883.0,0.98,1.11,2,1,Radial Velocity,385.0
HD 14787 b,HD 14787,2018,13.7,676.6,1.7,409.43,0.155,4946.0,5.01,1.43,1,1,Radial Velocity,356.28743
HD 147873 b,HD 147873,2016,12.8,116.596,0.522,603.16,0.207,5972.0,2.29,1.38,2,2,Radial Velocity,1633.6462
HD 147873 c,HD 147873,2016,13.3,491.54,1.36,373.68,0.23,5972.0,2.29,1.38,2,2,Radial Velocity,731.009
HD 148156 b,HD 148156,2009,13.9,1027.0,2.45,213.76,0.52,6308.0,1.21,1.22,1,1,Radial Velocity,270.144
HD 148164 b,HD 148164,2018,13.7,328.55,0.993,337.89,0.587,6032.0,1.34,1.21,1,2,Radial Velocity,390.9309
HD 148427 b,HD 148427,2009,13.7,331.9,1.11,451.86,0.12,5025.0,3.86,1.64,1,1,Radial Velocity,381.3940884
HD 149143 b,HD 149143,2005,13.6,4.07182,0.053,1471.9,0.0167,5856.0,1.44,1.2,1,1,Radial Velocity,422.7139
HD 1502 b,HD 1502,2011,13.2,428.5,1.262,458.89,0.031,4947.0,4.67,1.46,1,1,Radial Velocity,874.0325
HD 150706 b,HD 150706,2012,13.3,5894.0,6.7,108.81,0.38,5961.0,0.96,1.17,1,1,Radial Velocity,772.32302901
HD 151450 b,HD 151450,2022,6.94,21.89288,0.16,795.0,0.496,6091.98,1.17184,1.14,1,2,Radial Velocity,38.45723725
HD 151450 c,HD 151450,2022,12.8,18144.76236,14.131,84.59,0.138,6091.98,1.17184,1.14,1,2,Radial Velocity,1636.18063924
HD 152079 b,HD 152079,2009,13.2,2918.92,4.187,147.84,0.532,5907.0,1.128,1.147,1,1,Radial Velocity,845.74563
HD 152581 b,HD 152581,2011,13.4,686.5,1.66,426.55,0.04,5027.0,5.14,1.3,1,1,Radial Velocity,594.02427
HD 152843 b,HD 152843,2021,3.05,11.62071,0.1049,1003.11,0.046,6310.0,1.43,1.15,1,2,Transit,9.82
HD 152843 c,HD 152843,2021,5.94,19.502104,0.1482,253.08,0.074,6310.0,1.43,1.15,1,2,Transit,9.67
HD 15337 b,HD 15337,2019,1.77,4.7559804,0.05245,1001.0,0.058,5131.0,0.855,0.829,1,2,Transit,6.519
HD 153557 b,HD 153557,2022,4.77,7.29903,0.068,772.12,0.065,4837.0,0.745171,0.79,1,3,Radial Velocity,20.34101805
HD 153557 c,HD 153557,2022,4.36,15.27018,0.111,604.33,0.511,4837.0,0.745171,0.79,1,3,Radial Velocity,17.48056238
HD 154088 b,HD 154088,2021,2.46,18.56,0.134,689.99,0.344,5374.0,0.95,0.91,1,1,Radial Velocity,6.6
HD 154345 b,HD 154345,2006,13.7,3280.0,4.158,119.21,0.058,5468.0,0.85,0.89,1,1,Radial Velocity,376.9444907
HD 154391 b,HD 154391,2023,12.5,5163.0,7.46,253.57,0.2,4909.0,8.56,2.07,1,1,Radial Velocity,2892.2385037
HD 154672 b,HD 154672,2008,12.8,163.94,0.6,410.76,0.61,5743.0,1.32,1.18,1,1,Radial Velocity,1706.7471
HD 154857 b,HD 154857,2004,13.3,408.60001,1.29,359.86,0.46,5589.0,2.3,1.96,1,2,Radial Velocity,778.6835
HD 154857 c,HD 154857,2014,13.2,3452.0,5.36,154.88,0.06,5605.0,1.76,1.718,1,2,Radial Velocity,819.97
HD 155193 b,HD 155193,2021,14.0,352.65,1.04,391.86,0.21,6239.0,1.76439,1.221,1,1,Radial Velocity,238.37130525
HD 155358 b,HD 155358,2007,13.8,194.3,0.63,421.43,0.17,5905.0,1.38,1.15,1,2,Radial Velocity,314.6517
HD 155358 c,HD 155358,2007,13.9,391.9,1.02,330.92,0.16,5900.0,1.38,0.92,1,2,Radial Velocity,261.0
HD 155918 b,HD 155918,2022,2.67,1.87567,0.03,1622.13,0.194,5771.84,1.01906,1.03,1,2,Radial Velocity,7.62788177
HD 155918 c,HD 155918,2022,12.8,17202.19446,13.183,77.38,0.071,5771.84,1.01906,1.03,1,2,Radial Velocity,1878.04805696
HD 156098 b,HD 156098,2022,4.12,21.85849,0.167,1257.73,0.109,6419.19,2.75716,1.29,1,2,Radial Velocity,15.89142035
HD 156098 c,HD 156098,2022,12.8,7841.5839,8.415,177.18,0.391,6419.19,2.75716,1.29,1,2,Radial Velocity,1661.6069118
HD 156279 b,HD 156279,2011,12.5,133.40355,0.502,361.73,0.647,5453.0,0.95,0.94,1,2,Radial Velocity,2997.75753482
HD 156411 b,HD 156411,2009,14.0,842.2,1.88,304.95,0.22,5900.0,2.16,1.25,1,1,Radial Velocity,235.18
HD 156668 b,HD 156668,2010,1.87,4.6455,0.05,887.48,0.0,4850.0,0.72,0.772,1,2,Radial Velocity,4.15
HD 156668 c,HD 156668,2021,6.17,811.3,1.57,166.08,0.089,4903.69,0.774528,0.785167,1,2,Radial Velocity,31.49679513
HD 156846 b,HD 156846,2007,12.4,359.51001,1.12,382.49,0.85,6090.0,1.9,1.38,2,1,Radial Velocity,3391.2461
HD 158038 b,HD 158038,2011,13.5,521.0,1.5,405.91,0.29,4860.0,4.5,1.3,1,1,Radial Velocity,486.2799
HD 158259 b,HD 158259,2020,1.28228,2.178,0.099815,1462.0,0.0,5801.89,1.21,1.08,1,5,Radial Velocity,2.22
HD 158259 c,HD 158259,2020,2.23,3.432,0.099815,751.0,0.0,5801.89,1.21,1.08,1,5,Radial Velocity,5.6
HD 158259 d,HD 158259,2020,2.18,5.1980814,0.099815,751.0,0.0,5801.89,1.21,1.08,1,5,Radial Velocity,5.41
HD 158259 e,HD 158259,2020,2.34,7.951,0.099815,751.0,0.0,5801.89,1.21,1.08,1,5,Radial Velocity,6.08
HD 158259 f,HD 158259,2020,2.35,12.028,0.099815,751.0,0.0,5801.89,1.21,1.08,1,5,Radial Velocity,6.14
HD 15906 b,HD 15906,2023,2.24,10.924709,0.09,668.0,0.11,4757.0,0.762,0.79,1,2,Transit,5.65
HD 15906 c,HD 15906,2023,2.93,21.583298,0.141,532.0,0.04,4757.0,0.762,0.79,1,2,Transit,8.91
HD 159243 b,HD 159243,2013,13.7,12.62,0.11,942.13,0.02,6123.0,1.12,1.125,1,2,Radial Velocity,359.13
HD 159243 c,HD 159243,2013,13.4,248.4,0.8,349.35,0.075,6123.0,1.12,1.125,1,2,Radial Velocity,603.9
HD 159868 b,HD 159868,2006,13.3,1184.1,2.32,255.69,0.024,5534.0,2.13,1.19,1,2,Radial Velocity,704.94694
HD 159868 c,HD 159868,2012,14.0,351.0,1.032,383.37,0.184,5534.0,2.13,1.19,1,2,Radial Velocity,244.09344
HD 1605 b,HD 1605,2015,13.8,577.2,1.492,362.48,0.095,4915.0,3.49,1.33,1,2,Radial Velocity,296.85322
HD 1605 c,HD 1605,2015,13.0,2149.0,3.584,233.88,0.099,4915.0,3.49,1.33,1,2,Radial Velocity,1150.5446
HD 161178 b,HD 161178,2021,14.1,279.3,0.85,828.33,0.044,4786.0,10.95,1.06,1,1,Radial Velocity,181.16219199
HD 16141 b,HD 16141,2000,10.9,75.523,0.36,562.87,0.25,5757.0,1.48,1.11,2,1,Radial Velocity,82.6358
HD 16175 b,HD 16175,2009,12.8,990.0,2.12,259.78,0.6,5981.0,1.72,1.63,1,1,Radial Velocity,1875.1876013
HD 162020 b,HD 162020,2002,12.5,8.4282,0.08,650.0,0.28,4723.0,0.75,0.42,1,1,Radial Velocity,3127.4472
HD 163607 b,HD 163607,2012,13.9,75.2203,0.362,587.13,0.7441,5522.0,1.76,1.12,1,2,Radial Velocity,249.051588
HD 163607 c,HD 163607,2012,13.3,1272.0,2.39,228.5,0.08,5522.0,1.76,1.12,1,2,Radial Velocity,699.54383
HD 16417 b,HD 16417,2008,5.0,17.24,0.14,964.0,0.2,5841.0,1.639984,1.2,2,1,Radial Velocity,22.1
HD 164509 b,HD 164509,2012,14.3,280.17,0.87,319.12,0.238,5859.0,1.11,1.12,2,1,Radial Velocity,140.79869
HD 164595 b,HD 164595,2015,4.16,40.0,0.23,589.0,0.088,5790.0,1.023606,0.99,2,1,Radial Velocity,16.14
HD 164604 c,HD 164604,2026,12.5,5387.0,5.556,84.25,0.196,4663.0,0.78,0.77,1,2,Radial Velocity,3019.3698665
HD 164922 b,HD 164922,2005,13.3,1207.0,2.16,159.4,0.08,5390.0,0.946,0.926,1,4,Radial Velocity,116.0
HD 164922 c,HD 164922,2016,3.66,75.74,0.341,400.5,0.12,5390.0,0.946,0.926,1,4,Radial Velocity,13.0
HD 164922 d,HD 164922,2020,1.83,12.458,0.103,787.68,0.12,5390.0,0.946,0.926,1,4,Radial Velocity,4.0
HD 164922 e,HD 164922,2021,3.23,41.763,0.2292,543.73,0.086,5393.43,1.001813,0.921146,1,4,Radial Velocity,10.52012027
HD 165155 b,HD 165155,2016,13.2,434.5,1.13,239.9,0.2,5426.0,0.95,1.02,1,1,Radial Velocity,918.5287
HD 167042 b,HD 167042,2007,13.6,417.67,1.22,462.08,0.01,4919.0,4.63,1.39,1,1,Radial Velocity,444.00628458
HD 167677 b,HD 167677,2023,13.2,1820.0,2.877,151.9,0.182,5474.0,0.95271,0.96,1,1,Radial Velocity,905.81095995
HD 167768 b,HD 167768,2022,13.9,20.6532,0.1512,1873.59,0.149,4851.0,9.7,1.08,1,1,Radial Velocity,270.15414595
HD 168009 b,HD 168009,2021,3.05,15.1479,0.1192,887.57,0.12,5778.33,1.209505,0.986073,1,1,Radial Velocity,9.53485221
HD 168443 b,HD 168443,1998,12.6,58.11187,0.292,641.03,0.53,5491.0,1.711479,0.98,1,2,Radial Velocity,2424.3950886
HD 168746 b,HD 168746,2002,11.1,6.404,0.07,900.0,0.11,5570.0,1.09,1.07,1,1,Radial Velocity,85.8141
HD 168863 b,HD 168863,2022,12.7,14773.93272,10.961,63.01,0.187,4905.0,0.777826,0.8,1,1,Radial Velocity,2154.87659946
HD 1690 b,HD 1690,2010,12.5,533.0,1.36,841.73,0.64,4374.0,21.66,1.86,1,1,Radial Velocity,2793.7257
HD 169142 b,HD 169142,2023,13.1,10.559687499999999,37.2,71.02,0.0,7246.0,1.53702,1.85,1,1,Imaging,953.485221
HD 169830 b,HD 169830,2000,13.2,225.67372,0.765,345.0,0.294,6300.0,1.935709,1.17,1,2,Radial Velocity,804.42369812
HD 170469 b,HD 170469,2007,14.1,1145.0,2.24,209.6,0.11,5842.0,1.24,1.1,2,1,Radial Velocity,209.7678
HD 17092 b,HD 17092,2007,12.5,359.89999,1.31,671.64,0.17,4326.0,13.58,6.73,1,1,Radial Velocity,3219.6179
HD 171028 b,HD 171028,2007,13.2,550.0,1.32,374.07,0.59,5671.0,2.47,1.53,1,1,Radial Velocity,832.7146
HD 17156 b,HD 17156,2007,12.26262489,21.2164294,0.1632,888.0,0.6772,6046.0,1.517,1.285,1,1,Radial Velocity,1036.12060682
HD 173416 b,HD 173416,2008,13.4,322.03,1.158,771.03,0.208,4683.0,13.5,2.0,1,1,Radial Velocity,585.12209729
HD 174205 b,HD 174205,2022,13.0,582.0,1.7,821.72,0.4,4308.0,26.6,1.8,1,1,Radial Velocity,1334.8793094
HD 175541 b,HD 175541,2007,14.1,298.43,0.975,501.11,0.11,5013.0,4.19,1.39,1,1,Radial Velocity,190.06234
HD 17674 b,HD 17674,2017,13.9,623.8,1.42,259.52,0.13,5904.0,1.18,0.98,1,1,Radial Velocity,276.5121
HD 176986 d,HD 176986,2026,2.49,61.376,0.28149,363.0,0.0,4931.0,0.782,0.789,1,3,Radial Velocity,6.76
HD 177830 b,HD 177830,1999,13.5,410.10001,1.14,399.64,0.1,4901.0,3.26,1.7,2,2,Radial Velocity,537.1327
HD 177830 c,HD 177830,2010,7.87,110.9,0.5137,538.95,0.3,4949.0,2.62,1.47,2,2,Radial Velocity,47.6725
HD 178911 B b,HD 178911 B,2001,12.6,71.484,0.34,480.24,0.11,5588.0,1.08,1.24,3,1,Radial Velocity,2552.1749
HD 180617 b,HD 180617,2018,3.53,105.911,0.343,201.8,0.101,3534.0,0.481,0.484,2,1,Radial Velocity,12.214
HD 180902 b,HD 180902,2009,13.5,510.9,1.4,412.37,0.107,4961.0,4.16,1.41,2,1,Radial Velocity,535.54355
HD 181342 b,HD 181342,2009,13.2,564.1,1.592,410.15,0.022,4945.0,4.71,1.69,1,1,Radial Velocity,807.2882
HD 18143 b,HD 18143,2022,3.28,10.2851,0.088,769.92,0.224,5078.0,0.87,0.85,1,2,Radial Velocity,10.80616584
HD 181433 d,HD 181433,2008,13.2,6896.1,6.74,81.19,0.444,4918.0,0.79,0.86,1,3,Radial Velocity,858.1366989
HD 181720 b,HD 181720,2009,14.0,956.0,1.85,249.06,0.26,5736.0,1.5,1.03,1,1,Radial Velocity,127.132
HD 183263 b,HD 183263,2004,13.1,624.87404,1.46,263.26,0.383,5948.0,1.23,1.06,1,2,Radial Velocity,1103.1824007
HD 183263 c,HD 183263,2008,12.5,4667.97841,5.585,134.6,0.051,5948.0,1.23,1.06,1,2,Radial Velocity,2958.98246917
HD 183579 b,HD 183579,2021,3.49,17.471291,0.1322,752.0,0.061,5784.0,0.96,0.996,1,1,Transit,20.4
HD 184010 b,HD 184010,2022,12.1,286.6,0.94,545.04,0.0,4971.0,4.86,1.35,1,3,Radial Velocity,98.52680617
HD 184010 c,HD 184010,2022,11.8,484.3,1.334,457.53,0.0,4971.0,4.86,1.35,1,3,Radial Velocity,95.3485221
HD 184010 d,HD 184010,2022,14.3,836.4,1.92,381.37,0.0,4971.0,4.86,1.35,1,3,Radial Velocity,143.02278315
HD 185269 b,HD 185269,2006,13.8,6.83776,0.077,1455.61,0.229,5923.0,2.0,1.3,3,1,Radial Velocity,321.0083
HD 185283 b,HD 185283,2023,13.6,4060.0,4.6,93.97,0.07,4848.0,0.743303,0.8,1,1,Radial Velocity,413.1769291
HD 18599 b,HD 18599,2022,2.6,4.1374354,0.048,863.0,0.34,5145.0,0.767,0.863,2,1,Transit,24.1
HD 187123 b,HD 187123,1998,14.2,3.0965828,0.0426,1450.9,0.0103,5790.0,1.15043,1.04,1,2,Radial Velocity,166.218
HD 187123 c,HD 187123,2008,13.2,3810.0,4.89,135.42,0.252,5790.0,1.15043,1.04,1,2,Radial Velocity,912.16752809
HD 18742 b,HD 18742,2011,13.1,766.0,1.82,399.93,0.04,4940.0,5.13,1.36,1,1,Radial Velocity,1080.622
HD 188015 b,HD 188015,2004,13.6,461.2,1.203,267.98,0.137,5746.0,1.125296,1.09,2,1,Radial Velocity,476.72
HD 189567 b,HD 189567,2021,2.85,14.288,0.111,845.16,0.189,5726.0,1.04,0.83,1,2,Radial Velocity,8.5
HD 189567 c,HD 189567,2021,2.54,33.688,0.197,634.41,0.16,5726.0,1.04,0.83,1,2,Radial Velocity,7.0
HD 189733 b,HD 189733,2005,12.66617,2.21857567,0.03126,1209.0,0.0,5052.0,0.75,0.79,2,1,Radial Velocity,359.1479
HD 190228 b,HD 190228,2022,12.9,1143.59858,2.406,267.99,0.559,5360.0,2.58658,1.415,1,1,Radial Velocity,1598.67688721
HD 190360 b,HD 190360,2003,13.5,2887.5,3.965,150.0,0.3342,5560.0,1.14,0.996,2,3,Radial Velocity,537.0
HD 190360 d,HD 190360,2026,3.48,88.69,0.3886,459.21,0.058,5560.0,1.14,0.996,2,3,Radial Velocity,11.9
HD 190647 b,HD 190647,2007,13.4,1176.45,2.231,214.19,0.224,5656.0,1.376,1.069,1,1,Radial Velocity,630.89255
HD 190984 b,HD 190984,2009,13.0,4885.0,5.5,152.29,0.57,5988.0,1.53,0.91,1,1,Radial Velocity,1137.82569706
HD 191806 b,HD 191806,2016,12.5,1603.38923,2.749,206.98,0.213,6010.0,1.40223,1.07,1,1,Radial Velocity,2966.61035094
HD 191939 b,HD 191939,2020,3.41,8.8803256,0.0804,880.0,0.031,5348.0,0.94,0.81,1,6,Transit,10.0
HD 191939 c,HD 191939,2020,3.195,28.579743,0.1752,600.0,0.034,5348.0,0.94,0.81,1,6,Transit,8.0
HD 191939 d,HD 191939,2020,2.995,38.353037,0.2132,540.0,0.031,5348.0,0.94,0.81,1,6,Transit,2.8
HD 191939 e,HD 191939,2022,13.0,101.12,0.407,390.0,0.031,5348.0,0.94,0.81,1,6,Radial Velocity,112.2
HD 191939 f,HD 191939,2022,13.2,2898.0,3.71,125.0,0.0,5348.0,0.94,0.81,1,6,Radial Velocity,915.34581216
HD 191939 g,HD 191939,2022,3.74,284.0,0.812,278.0,0.03,5348.0,0.94,0.81,1,6,Radial Velocity,13.5
HD 192310 c,HD 192310,2011,5.25,525.8,1.18,185.0,0.32,5166.0,0.857922,0.8,1,2,Radial Velocity,24.0
HD 192699 b,HD 192699,2007,13.4,340.94,1.063,495.11,0.082,5041.0,4.41,1.38,1,1,Radial Velocity,666.17168
HD 195019 b,HD 195019,1998,13.0,18.20132,0.14,901.66,0.01,5751.0,1.48,1.21,2,1,Radial Velocity,1264.9634
HD 196050 b,HD 196050,2002,12.9,1392.0,2.65,207.52,0.2,5879.0,1.42,1.27,3,1,Radial Velocity,1493.7935129
HD 196067 c,HD 196067,2025,3.21,4.601088,0.099815,751.0,0.235,6072.0,1.71,1.16,2,2,Radial Velocity,10.4
HD 196885 A b,HD 196885 A,2007,13.2,1333.0,2.37,224.21,0.48,6254.0,1.31,1.28,2,1,Radial Velocity,819.97
HD 197037 b,HD 197037,2012,13.9,1035.7,2.07,216.67,0.22,6150.0,1.105,1.11,2,1,Radial Velocity,251.0
HD 199509 b,HD 199509,2022,7.43,99.62167,0.426,410.73,0.373,5796.02,0.92,1.04,1,1,Radial Velocity,43.22466335
HD 19994 b,HD 19994,2003,13.6,466.2,1.305,350.1,0.063,6188.0,1.79647,1.365,3,1,Radial Velocity,435.41
HD 200964 b,HD 200964,2010,13.5,606.3,1.565,425.95,0.087,4982.0,4.92,1.39,1,2,Radial Velocity,508.21017
HD 200964 c,HD 200964,2010,13.7,852.5,1.96,380.62,0.243,4982.0,4.92,1.39,1,2,Radial Velocity,385.84562
HD 202206 c,HD 202206,2004,13.1,1299.22,2.39,183.35,0.171,5764.23,1.04,1.06,1,2,Radial Velocity,982.08977763
HD 203030 b,HD 203030,2006,14.4595851,10.559687499999999,487.1,1040.0,0.0,5603.0,0.856458,0.94,1,1,Imaging,3496.112477
HD 20329 b,HD 20329,2022,1.72,0.926118,0.018,2141.0,0.0,5596.0,1.13,0.9,1,1,Transit,7.42
HD 203387 b,HD 203387,2022,13.1,512.5352,1.771,610.0,0.732,5174.32,10.5852,2.817,1,2,Radial Velocity,1106.04285636
HD 203387 c,HD 203387,2022,12.6,2481.07227,5.067,360.63,0.202,5174.32,10.5852,2.817,1,2,Radial Velocity,2378.9456264
HD 2039 b,HD 2039,2002,12.7,1120.0,2.2,210.84,0.71,5945.0,1.19,1.23,1,1,Radial Velocity,1999.1507
HD 204313 b,HD 204313,2010,12.9,2041.11539,3.185,163.43,0.1,5767.0,1.1,1.03,1,3,Radial Velocity,1466.7780983
HD 204941 b,HD 204941,2011,10.1,1733.0,2.55,134.04,0.37,5026.0,0.78,0.58,2,1,Radial Velocity,73.1009
HD 205158 b,HD 205158,2022,13.9,25.33798,0.177,963.25,0.145,6133.55,1.87741,1.16,1,1,Radial Velocity,124.58873554
HD 205739 b,HD 205739,2008,13.6,279.8,0.896,362.84,0.27,6176.0,1.33,1.22,1,1,Radial Velocity,435.41
HD 206255 b,HD 206255,2019,6.47,96.045,0.461,596.48,0.23,5635.0,2.221489,1.42,1,1,Radial Velocity,34.2
HD 206610 b,HD 206610,2009,13.4,673.2,1.74,437.88,0.1,4842.0,6.12,1.55,1,1,Radial Velocity,647.10188
HD 206893 c,HD 206893,2022,16.36511182,2290.0,3.74,1181.9,0.283,6500.0,1.31116,1.31,1,2,Imaging,3527.8953177
HD 207496 b,HD 207496,2023,2.25,6.441008,0.0629,743.0,0.231,4819.0,0.769,0.8,1,1,Transit,6.1
HD 20781 b,HD 20781,2019,1.21,5.3135,0.0529,1006.1,0.1,5256.0,0.833609,0.7,2,5,Radial Velocity,1.93
HD 20781 c,HD 20781,2019,2.17,13.8905,0.1004,730.3,0.09,5256.0,0.833609,0.7,2,5,Radial Velocity,5.33
HD 20781 d,HD 20781,2019,3.25,29.158,0.1647,570.19,0.11,5256.0,0.833609,0.7,2,5,Radial Velocity,10.61
HD 20781 e,HD 20781,2019,3.83,85.5073,0.3374,398.38,0.06,5256.0,0.833609,0.7,2,5,Radial Velocity,14.03
HD 20782 b,HD 20782,2006,13.6,597.0643,1.3649,253.34,0.95,5782.13,1.12681,1.04,2,5,Radial Velocity,472.83
HD 207832 b,HD 207832,2012,14.2,160.07,0.586,340.28,0.197,5726.0,0.89,1.05,3,2,Radial Velocity,177.9848
HD 207832 c,HD 207832,2012,14.0,1155.7,2.112,179.84,0.27,5710.0,0.901,0.94,3,2,Radial Velocity,232.0159
HD 207897 b,HD 207897,2021,2.34302132,16.20166,0.117,581.75,0.0,5106.0,0.7827,0.8208,1,1,Transit,14.8
HD 20794 b,HD 20794,2011,1.45,18.314,0.1257,660.0,0.064,5368.0,0.93,0.79,1,4,Radial Velocity,2.7
HD 20794 d,HD 20794,2011,2.04,89.68,0.3625,388.0,0.077,5368.0,0.93,0.79,1,4,Radial Velocity,4.8
HD 20794 e,HD 20794,2017,2.03,147.02,0.509,352.04,0.29,5401.0,0.93,0.813,1,4,Radial Velocity,4.77
HD 20794 f,HD 20794,2025,2.28,647.6,1.3541,214.52,0.45,5368.0,0.93,0.79,1,4,Radial Velocity,5.82
HD 208487 b,HD 208487,2004,14.3,129.36,0.53,437.59,0.37,6134.0,1.16,1.15,1,1,Radial Velocity,146.20106722
HD 20868 b,HD 20868,2008,13.7,380.85001,0.95,207.11,0.75,4802.0,0.76,0.39,1,1,Radial Velocity,397.2875
HD 210193 b,HD 210193,2019,14.3,649.918,1.487,235.69,0.24,5790.0,1.05971,1.04,1,1,Radial Velocity,153.1
HD 210277 b,HD 210277,1998,13.6,442.19,1.13,259.86,0.48,5538.0,1.07,1.01,1,1,Radial Velocity,410.0007
HD 210702 b,HD 210702,2007,13.6,355.5,1.079,485.86,0.071,4912.0,4.54,1.33,1,1,Radial Velocity,481.5100366
HD 211403 b,HD 211403,2021,12.8,223.8,0.768,380.0,0.084,6273.0,1.206,1.2,1,1,Radial Velocity,1760.76937478
HD 211810 b,HD 211810,2018,14.0,1558.0,2.656,177.77,0.68,5652.0,1.13,1.03,1,1,Radial Velocity,212.9461
HD 211970 b,HD 211970,2019,3.66,25.201,0.143,398.77,0.15,4127.0,0.574175,0.61,1,1,Radial Velocity,13.0
HD 212301 b,HD 212301,2005,14.2,2.24571,0.03,1870.75,0.0,6239.0,1.16,1.55,2,1,Radial Velocity,162.0933
HD 213240 b,HD 213240,2001,12.8,882.70001,1.89,257.7,0.42,5979.0,1.51,1.57,2,1,Radial Velocity,1655.88600047
HD 213472 b,HD 213472,2021,13.1,17000.0,13.0,91.76,0.53,5729.54,1.433902,1.048132,1,1,Radial Velocity,1112.3994245
HD 213519 b,HD 213519,2022,2.99,11.12214,0.099,931.36,0.413,5840.0,1.08287,1.05,1,1,Radial Velocity,9.2170238
HD 213885 b,HD 213885,2019,1.745,1.008035,0.02012,2128.0,0.0,5978.0,1.1011,1.068,1,2,Transit,8.83
HD 213885 c,HD 213885,2019,4.71,4.78503,0.056798,1265.4,0.0,5978.0,1.1011,1.068,1,2,Radial Velocity,19.95
HD 21411 b,HD 21411,2019,9.52,84.288,0.362,408.17,0.4,5605.0,0.825605,0.89,1,1,Radial Velocity,65.9
HD 215497 c,HD 215497,2009,13.0,566.0,1.31,198.6,0.47,5113.0,0.85,0.92,1,2,Radial Velocity,111.23994245
HD 216435 b,HD 216435,2002,13.7,1311.0,2.56,242.57,0.07,5999.0,1.800029,1.3,1,1,Radial Velocity,400.4
HD 216437 b,HD 216437,2002,13.0,1359.0,2.57,209.85,0.31,5909.0,1.394,1.22,1,1,Radial Velocity,1334.8793094
HD 216520 b,HD 216520,2020,3.18,35.45,0.198,482.1,0.09,5103.0,0.76,0.82,1,2,Radial Velocity,10.26
HD 216520 c,HD 216520,2020,3.03,154.43,0.528,295.22,0.12,5103.0,0.76,0.82,1,2,Radial Velocity,9.44
HD 216536 b,HD 216536,2015,13.8,148.60001,0.61,897.99,0.38,4639.0,9.83,0.81,1,1,Radial Velocity,333.7215
HD 216770 b,HD 216770,2003,14.1,118.45,0.46,370.18,0.37,5399.0,0.93,0.74,1,1,Radial Velocity,181.1631
HD 21693 b,HD 21693,2019,2.8,22.6786,0.1455,656.39,0.12,5430.0,0.914378,0.8,1,2,Radial Velocity,8.23
HD 21693 c,HD 21693,2019,4.34,53.7357,0.2586,492.36,0.07,5430.0,0.914378,0.8,1,2,Radial Velocity,17.37
HD 217107 b,HD 217107,1998,13.6,7.1270166,0.07359,1105.84,0.1284,5622.0,1.2245,1.045,1,2,Radial Velocity,459.57987652
HD 217107 c,HD 217107,2005,12.9,5138.7,5.922,123.27,0.3918,5622.0,1.2245,1.045,1,2,Radial Velocity,1388.91013859
HD 217786 c,HD 217786,2022,2.61,2.52221,0.038,1663.13,0.399,5966.0,1.27,1.14,2,2,Radial Velocity,7.31005336
HD 217958 b,HD 217958,2022,14.2,2560.19774,3.758,169.89,0.156,5930.64,1.32619,1.08,1,1,Radial Velocity,166.54208527
HD 218566 b,HD 218566,2010,9.32,225.7,0.69,253.15,0.3,4730.0,0.85,0.76,1,1,Radial Velocity,63.566
HD 219077 b,HD 219077,2012,12.5,5478.68861,5.935,146.68,0.768,5362.0,1.91,0.92,1,1,Radial Velocity,3057.50927534
HD 219134 b,HD 219134,2015,1.602,3.092926,0.03876,1015.0,0.0,4699.0,0.778,0.81,1,6,Radial Velocity,4.74
HD 219134 c,HD 219134,2015,1.511,6.76458,0.0653,782.0,0.062,4699.0,0.778,0.81,1,6,Radial Velocity,4.36
HD 219134 d,HD 219134,2015,1.61,46.859,0.237,410.5,0.138,4699.0,0.778,0.81,1,6,Radial Velocity,16.17
HD 219134 f,HD 219134,2015,1.31,22.717,0.1463,522.6,0.148,4699.0,0.778,0.81,1,6,Radial Velocity,7.3
HD 219134 g,HD 219134,2015,3.28,94.2,0.3753,339.34,0.0,4913.0,0.77,0.794,1,6,Radial Velocity,10.80622
HD 219134 h,HD 219134,2015,12.7,2247.0,3.11,117.88,0.06,4913.0,0.77,0.794,1,6,Radial Velocity,108.0622
HD 219139 b,HD 219139,2021,14.0,275.5,0.94,804.83,0.11,4831.0,11.22,1.46,1,1,Radial Velocity,247.90615746
HD 219415 b,HD 219415,2012,13.8,2093.3,3.2,221.26,0.4,4820.0,2.9,1.0,1,1,Radial Velocity,317.83
HD 219666 b,HD 219666,2018,4.898,6.034468,0.06356,1076.0,0.05,5540.0,1.059,1.02,1,1,Transit,17.6
HD 219828 b,HD 219828,2007,4.59,3.83483,0.049,1602.83,0.091,5891.0,1.56,1.04,1,2,Radial Velocity,19.06970442
HD 220689 b,HD 220689,2012,13.7,2266.4,3.396,160.11,0.054,5921.0,1.068,1.016,1,1,Radial Velocity,381.3940884
HD 220773 b,HD 220773,2011,13.6,3724.7,4.94,167.02,0.51,5940.0,1.679696,1.16,1,1,Radial Velocity,460.8
HD 220842 b,HD 220842,2016,13.1,218.47,0.74,397.62,0.404,5960.0,1.41647,1.13,2,1,Radial Velocity,1010.6994
HD 221287 b,HD 221287,2007,13.1,456.1,1.25,290.13,0.08,6304.0,1.13864,1.25,1,1,Radial Velocity,982.05
HD 221416 b,HD 221416,2019,9.17,14.2767,0.1228,1314.67,0.115,5080.0,2.943,1.212,1,1,Transit,60.5
HD 222076 b,HD 222076,2016,13.5,871.0,1.83,346.88,0.08,4806.0,4.1,1.07,1,1,Radial Velocity,495.8148
HD 222155 b,HD 222155,2011,13.4,3999.0,5.14,164.93,0.16,5701.0,1.85,1.21,1,1,Radial Velocity,581.62598481
HD 222237 b,HD 222237,2024,12.8,14892.0,10.8,58.74,0.56,4751.0,0.71,0.76,1,1,Radial Velocity,1649.52943233
HD 222582 b,HD 222582,1999,12.6,572.38,1.34,256.39,0.73,5790.0,1.13,1.12,2,1,Radial Velocity,2660.2371
HD 224018 b,HD 224018,2025,0.91,10.6413,0.0952,968.0,0.06,5784.0,1.147,1.013,1,3,Radial Velocity,4.1
HD 224018 c,HD 224018,2025,2.42,36.57669,0.217,641.0,0.02,5784.0,1.147,1.013,1,3,Transit,10.4
HD 224018 d,HD 224018,2025,2.4,138.0731,0.53,411.0,0.04,5784.0,1.147,1.013,1,3,Transit,4.2
HD 224538 b,HD 224538,2016,12.7,1202.05199,2.375,236.74,0.476,6097.0,1.54,1.23,1,1,Radial Velocity,2075.73732612
HD 224693 b,HD 224693,2006,14.0,26.6904,0.191,903.45,0.104,5894.0,1.93,1.31,1,1,Radial Velocity,222.481
HD 22496 b,HD 22496,2021,2.22,5.09071,0.051,573.0,0.0,4385.0,0.674,0.684,1,1,Radial Velocity,5.57
HD 22532 b,HD 22532,2022,13.4,872.6,1.9,420.41,0.03,5038.0,5.69,1.57,1,1,Radial Velocity,673.79622284
HD 22946 d,HD 22946,2023,2.607,47.42489,0.2958,546.0,0.0,6169.0,1.117,1.098,1,3,Transit,26.57
HD 23079 b,HD 23079,2001,13.2,735.74,1.6,237.47,0.07348,5994.0,1.08,1.16,1,2,Radial Velocity,845.42356262
HD 23079 c,HD 23079,2025,2.8,5.748913,0.099815,751.0,0.097,5994.0,1.08,1.16,1,2,Radial Velocity,8.26
HD 23127 b,HD 23127,2006,13.5,1211.17,2.37,223.4,0.406,5843.0,1.49,1.208,1,1,Radial Velocity,485.32641
HD 231701 b,HD 231701,2007,13.7,141.63,0.567,483.27,0.13,6101.0,1.53,1.21,1,1,Radial Velocity,359.1479
HD 233604 b,HD 233604,2013,12.7,192.0,0.747,882.5,0.05,4791.0,10.9,1.5,1,1,Radial Velocity,2089.644
HD 233832 b,HD 233832,2018,13.5,2058.0,2.827,117.8,0.359,4981.0,0.68,0.71,2,1,Radial Velocity,565.7374
HD 23472 e,HD 23472,2022,0.818,7.90754,0.068,723.0,0.07,4684.0,0.71,0.67,1,5,Transit,0.72
HD 23472 f,HD 23472,2022,1.137,12.1621839,0.0906,630.0,0.07,4684.0,0.71,0.67,1,5,Transit,0.77
HD 235088 b,HD 235088,2023,1.982,7.4341325,0.0706,805.0,0.0,5075.0,0.772,0.849,1,1,Transit,4.15
HD 23596 b,HD 23596,2003,12.4,1535.11912,2.694,219.49,0.282,6040.0,1.53,1.1,2,1,Radial Velocity,3786.607641
HD 238090 b,HD 238090,2020,2.52,13.671,0.0932,469.6,0.3,3933.0,0.57,0.578,1,1,Radial Velocity,6.89
HD 238914 b,HD 238914,2018,12.8,4100.0,5.7,343.67,0.56,4769.0,12.73,1.47,1,1,Radial Velocity,1906.98
HD 240210 b,HD 240210,2009,12.8,501.75,1.16,970.67,0.15,4297.0,25.456816,0.82,1,1,Radial Velocity,1655.82
HD 24040 b,HD 24040,2006,12.9,3668.0,4.92,143.81,0.04,5802.0,1.3,1.11,1,2,Radial Velocity,1589.142035
HD 24040 c,HD 24040,2021,9.35,515.4,1.3,287.75,0.11,5776.49,1.387296,1.10394,1,2,Radial Velocity,63.88350981
HD 24064 b,HD 24064,2015,12.3,535.59998,1.29,1088.02,0.35,4052.0,40.0,1.61,1,1,Radial Velocity,4096.8287
HD 24085 b,HD 24085,2019,3.46,2.0455,0.034,1875.43,0.22,6034.0,1.412551,1.22,1,1,Radial Velocity,11.8
HD 25015 b,HD 25015,2019,12.5,6134.427,6.248,90.69,0.341,5160.0,0.83,0.86,1,1,Radial Velocity,2884.92845034
HD 25171 b,HD 25171,2010,13.9,1802.29,2.971,190.04,0.042,6125.0,1.23,1.076,2,1,Radial Velocity,290.81445
HD 25463 b,HD 25463,2023,2.54535814,7.0491423,0.076,1198.46,0.0,6353.0,1.4182,1.251,1,2,Transit,8.7
HD 25463 c,HD 25463,2023,1.36354953,3.04405,0.0443,1585.57,0.0,6353.0,1.4182,1.251,1,2,Transit,4.3
HD 25723 b,HD 25723,2020,13.3,457.01,1.49,698.4,0.04,4766.0,13.76,2.12,1,1,Radial Velocity,794.5710175
HD 25912 b,HD 25912,2022,6.9,41.83156,0.242,579.16,0.05,5920.58,0.995896,1.08,1,2,Radial Velocity,38.13940884
HD 260655 b,HD 260655,2022,1.24,2.76953,0.02933,709.0,0.039,3803.0,0.439,0.439,1,2,Transit,2.14
HD 2685 b,HD 2685,2019,16.14096,4.12688,0.0568,2061.0,0.091,6801.0,1.56,1.43,1,1,Transit,371.8611
HD 27442 b,HD 27442,2000,13.5,428.1,1.271,369.62,0.06,4846.0,3.18,1.23,2,1,Radial Velocity,495.8
HD 27631 b,HD 27631,2012,13.5,2198.14,3.242,147.61,0.141,5737.0,0.923,0.944,1,1,Radial Velocity,495.81231492
HD 27894 b,HD 27894,2005,14.1,18.01939,0.125,627.88,0.047,4875.0,0.891767,0.81,1,3,Radial Velocity,196.73578393
HD 27894 c,HD 27894,2017,8.24,36.07,0.198,498.89,0.015,4875.0,0.891767,0.8,1,3,Radial Velocity,51.48846
HD 27894 d,HD 27894,2017,12.7,5019.54244,5.362,95.87,0.343,4875.0,0.891767,0.81,1,3,Radial Velocity,2063.65984665
HD 27969 b,HD 27969,2021,12.9,654.5,1.552,261.0,0.182,5966.0,1.27,1.16,1,1,Radial Velocity,1525.5763536
HD 28109 c,HD 28109,2022,4.13,55.99712,0.308,643.0,0.0039,6189.0,1.425,1.227,1,3,Transit,9.2
HD 28109 d,HD 28109,2022,3.11,84.2899,0.411,561.0,0.0054,6189.0,1.425,1.227,1,3,Transit,5.8
HD 28185 c,HD 28185,2022,12.8,9090.0,8.5,94.85,0.15,5602.0,1.048,0.974,1,2,Radial Velocity,1906.970442
HD 28192 b,HD 28192,2022,12.2,14.23283,0.118,859.98,0.104,5919.87,1.07094,1.08,1,1,Radial Velocity,99.7981198
HD 28254 b,HD 28254,2010,13.0,1333.0,2.45,212.28,0.95,5664.0,1.48,1.1,2,1,Radial Velocity,1207.7479466
HD 28471 b,HD 28471,2025,1.75,3.1649,0.042,1377.0,0.195,5766.0,1.08,0.98,1,3,Radial Velocity,3.72
HD 28471 c,HD 28471,2025,2.26,6.1245,0.065,1066.0,0.088,5766.0,1.08,0.98,1,3,Radial Velocity,5.72
HD 285507 b,HD 285507,2013,13.8,6.0881,0.06,736.35,0.09,4503.0,0.69,0.82,1,1,Radial Velocity,311.4734
HD 285968 b,HD 285968,2008,2.83,8.7836,0.066,450.0,0.0,3703.49,0.478214,0.5,1,1,Radial Velocity,8.4
HD 29021 b,HD 29021,2017,12.9,1365.0,2.294,163.2,0.453,5560.0,0.85,0.86,1,1,Radial Velocity,1420.69297929
HD 29399 b,HD 29399,2022,13.5,892.7,1.913,358.32,0.05,4845.0,4.5,1.17,1,1,Radial Velocity,498.99059899
HD 2952 b,HD 2952,2013,13.9,312.08,1.117,731.02,0.269,4853.0,10.9,1.91,1,1,Radial Velocity,284.77425267
HD 29985 b,HD 29985,2022,12.8,20608.14049,13.39,46.73,0.261,4678.0,0.574666,0.75,1,1,Radial Velocity,1739.47487151
HD 30177 c,HD 30177,2016,12.9,11320.0,9.9,87.87,0.21,5680.0,1.019,0.98,1,2,Radial Velocity,1484.25866069
HD 30562 b,HD 30562,2009,13.6,1157.0,2.34,235.27,0.76,5882.0,1.61,1.12,1,1,Radial Velocity,467.20775829
HD 30669 b,HD 30669,2014,14.3,1684.0,2.69,151.45,0.18,5400.0,0.91,0.92,1,1,Radial Velocity,149.37
HD 31527 b,HD 31527,2019,3.22,16.5535,0.1254,832.2,0.1,5898.0,1.073694,0.96,1,3,Radial Velocity,10.47
HD 31527 c,HD 31527,2019,3.85,51.2053,0.2663,571.07,0.04,5898.0,1.073694,0.96,1,3,Radial Velocity,14.16
HD 31527 d,HD 31527,2019,3.46,271.6737,0.8098,327.48,0.24,5898.0,1.073694,0.96,1,3,Radial Velocity,11.82
HD 3167 b,HD 3167,2016,1.601,0.95965451,0.01814,1781.0,0.0,5338.0,0.871,0.864,1,4,Transit,4.844
HD 3167 c,HD 3167,2016,2.983,29.846511,0.1794,567.0,0.04,5338.0,0.871,0.864,1,4,Transit,11.41
HD 3167 d,HD 3167,2017,2.61,8.3967,0.077,865.0,0.35,5338.0,0.871,0.864,1,4,Radial Velocity,7.3
HD 3167 e,HD 3167,2022,3.97,91.9,0.3797,389.0,0.128,5338.0,0.871,0.864,1,4,Radial Velocity,14.9
HD 330075 b,HD 330075,2004,14.3,3.38773,0.04,990.0,0.0,5000.0,0.84,0.47,1,1,Radial Velocity,152.5584
HD 331093 b,HD 331093,2021,13.6,621.62,1.44,234.84,0.59,5544.0,1.1112,1.03,1,1,Radial Velocity,476.7426105
HD 33142 b,HD 33142,2011,13.7,330.0,1.074,477.5,0.049,5025.4,4.17,1.52,1,3,Radial Velocity,400.46379282
HD 33142 c,HD 33142,2016,13.9,810.2,1.955,353.91,0.081,5025.4,4.17,1.52,1,3,Radial Velocity,282.86728223
HD 33142 d,HD 33142,2022,9.32,89.9,0.452,736.04,0.191,5025.4,4.17,1.52,1,3,Radial Velocity,63.5656814
HD 332231 b,HD 332231,2020,9.07303305,18.712024,0.145,798.3,0.0,6128.0,1.266,1.1642,1,1,Transit,74.1
HD 33564 b,HD 33564,2005,12.5,388.0,1.1,344.43,0.34,6250.0,1.4367,1.25,1,1,Radial Velocity,2892.1
HD 33844 b,HD 33844,2015,13.4,551.40002,1.6,430.22,0.15,4861.0,5.39,1.84,1,2,Radial Velocity,638.8383
HD 33844 c,HD 33844,2015,13.5,916.0,2.24,360.22,0.13,4861.0,5.29,1.78,1,2,Radial Velocity,556.2025
HD 34445 b,HD 34445,2009,13.9,1049.0,2.07,231.47,0.27,5879.0,1.38,1.14,1,6,Radial Velocity,260.6206
HD 34445 c,HD 34445,2017,8.42,214.67,0.7181,390.12,0.036,5836.0,1.38,1.07,1,6,Radial Velocity,53.5
HD 34445 d,HD 34445,2017,6.07,117.87,0.4817,476.32,0.027,5836.0,1.38,1.07,1,6,Radial Velocity,30.7
HD 34445 f,HD 34445,2017,6.88,676.8,1.543,266.14,0.031,5836.0,1.38,1.07,1,6,Radial Velocity,37.9
HD 34445 g,HD 34445,2017,13.6,5700.0,6.36,131.09,0.032,5836.0,1.38,1.07,1,6,Radial Velocity,120.6
HD 35843 b,HD 35843,2025,2.29,9.8991,0.088,872.3,0.0,5666.0,0.897,0.94,1,2,Radial Velocity,5.84
HD 35843 c,HD 35843,2025,2.54,46.9622,0.25,479.0,0.153,5666.0,0.897,0.94,1,2,Transit,11.32
HD 36384 b,HD 36384,2023,12.7,490.0,1.3,1032.58,0.2,3940.0,38.4,1.14,1,1,Radial Velocity,2097.6674862
HD 3651 b,HD 3651,2003,10.1,62.25,0.295,432.84,0.645,5221.0,0.871954,0.799,1,1,Radial Velocity,72.46524
HD 37124 c,HD 37124,2002,14.1,885.5,1.71,204.73,0.125,5698.64,0.949168,0.85,1,3,Radial Velocity,207.22516
HD 37124 d,HD 37124,2005,14.0,1862.0,2.807,159.79,0.16,5698.64,0.949168,0.85,1,3,Radial Velocity,221.20968
HD 37605 b,HD 37605,2004,13.2,55.01292,0.277,465.76,0.6745,5329.0,0.91,0.94,1,2,Radial Velocity,854.9627
HD 3765 b,HD 3765,2021,8.56,1211.0,2.108,152.85,0.298,5049.8,0.83061,0.851785,1,1,Radial Velocity,54.98431441
HD 38283 b,HD 38283,2010,14.0,363.20001,1.02,348.58,0.41,5981.0,1.49,1.37,1,1,Radial Velocity,127.132
HD 38529 b,HD 38529,2000,14.1,14.3099,0.115,1369.46,0.256,5697.0,2.857838,0.98,2,2,Radial Velocity,206.58846455
HD 38529 c,HD 38529,2000,12.5,2127.60566,3.226,258.56,0.357,5697.0,2.857838,0.98,2,2,Radial Velocity,3299.05886466
HD 38801 b,HD 38801,2009,12.5,685.25,1.623,287.8,0.017,5338.0,2.029,1.207,1,1,Radial Velocity,3082.31534
HD 39194 b,HD 39194,2021,1.99,5.63692,0.05895,915.16,0.101,5205.0,0.783742,0.86,1,3,Radial Velocity,4.62
HD 39194 c,HD 39194,2021,2.65,14.0309,0.1083,675.19,0.078,5205.0,0.783742,0.86,1,3,Radial Velocity,7.49
HD 39194 d,HD 39194,2021,2.12,33.874,0.1949,503.31,0.159,5205.0,0.783742,0.86,1,3,Radial Velocity,5.16
HD 39855 b,HD 39855,2019,2.85,3.2498,0.041,1145.89,0.14,5576.0,0.744665,0.87,1,1,Radial Velocity,8.5
HD 40307 f,HD 40307,2013,2.13,51.76,0.247,398.0,0.02,4956.0,0.716684,0.77,1,5,Radial Velocity,5.2
HD 40307 g,HD 40307,2013,2.56,197.8,0.6,255.0,0.29,4956.0,0.716684,0.77,1,5,Radial Velocity,7.1
HD 40956 b,HD 40956,2017,13.2,578.6,1.4,580.56,0.24,4869.0,8.56,2.0,1,1,Radial Velocity,858.141
HD 40979 b,HD 40979,2002,12.9,264.14999,0.85,354.69,0.25,6165.0,1.21,1.45,3,1,Radial Velocity,1484.2661
HD 4113 b,HD 4113,2007,13.5,526.5239,1.28,251.65,0.899,5688.0,1.077514,1.008,3,1,Radial Velocity,541.26177712
HD 42012 b,HD 42012,2017,13.5,857.5,1.67,182.63,0.2,5405.0,0.82,0.83,1,1,Radial Velocity,508.528
HD 4203 b,HD 4203,2001,13.3,431.88,1.17,297.28,0.52,5596.0,1.42,1.25,1,2,Radial Velocity,708.7609
HD 4203 c,HD 4203,2014,13.3,6700.0,6.95,124.96,0.24,5582.0,1.49795,0.99,1,2,Radial Velocity,689.66
HD 42618 b,HD 42618,2016,3.89,149.61,0.554,337.0,0.19,5727.0,0.999,1.015,1,1,Radial Velocity,14.4
HD 4308 b,HD 4308,2005,4.12,15.56,0.12,799.37,0.0,5686.0,1.02,0.93,1,1,Radial Velocity,15.8915
HD 4313 b,HD 4313,2009,13.4,356.21,1.157,502.39,0.147,4943.0,5.14,1.63,1,1,Radial Velocity,612.45841
HD 43197 b,HD 43197,2010,14.2,308.92072,0.882,282.81,0.742,5508.0,1.0,0.96,1,2,Radial Velocity,175.75910907
HD 43197 c,HD 43197,2022,12.6,9295.9735,8.54,90.89,0.149,5508.0,1.0,0.96,1,2,Radial Velocity,2500.67390628
HD 43691 b,HD 43691,2007,13.2,36.9987,0.238,761.79,0.0796,6093.0,1.6,1.32,3,1,Radial Velocity,810.4665
HD 44219 b,HD 44219,2010,14.1,472.0,1.26,283.89,0.41,5752.0,1.32,1.2,1,1,Radial Velocity,184.34047606
HD 45184 b,HD 45184,2019,3.52,5.8854,0.0644,1156.34,0.07,5869.0,1.075139,1.03,1,2,Radial Velocity,12.19
HD 45184 c,HD 45184,2019,2.91,13.1354,0.11,884.78,0.07,5869.0,1.075139,1.03,1,2,Radial Velocity,8.81
HD 45350 b,HD 45350,2004,13.5,963.6,1.92,217.81,0.778,5566.0,1.26442,0.98,1,1,Radial Velocity,568.89
HD 45364 b,HD 45364,2008,9.03,225.79,0.6793,301.69,0.067,5466.0,0.89,0.82,1,2,Radial Velocity,60.16491745
HD 45652 b,HD 45652,2008,14.3,44.073,0.237,508.4,0.607,5294.0,0.94,0.92,1,1,Radial Velocity,137.62039
HD 46375 b,HD 46375,2000,10.0,3.023573,0.0398,1221.4,0.063,5285.0,0.914196,0.92,2,1,Radial Velocity,71.8
HD 47186 b,HD 47186,2008,5.02,4.0845,0.05,1267.79,0.04,5657.0,1.08,0.96,1,2,Radial Velocity,22.2481
HD 47186 c,HD 47186,2008,13.0,1353.6,2.395,183.18,0.249,5657.0,1.08,0.96,1,2,Radial Velocity,111.42
HD 4732 b,HD 4732,2012,13.4,371.74,1.129,498.53,0.266,4898.0,5.03,1.39,2,2,Radial Velocity,631.2072163
HD 4732 c,HD 4732,2012,13.1,3184.2,4.725,243.69,0.187,4898.0,5.03,1.39,2,2,Radial Velocity,1069.49258955
HD 47536 b,HD 47536,2002,12.6,712.13,1.93,736.52,0.2,4380.0,23.47,2.1,1,1,Radial Velocity,2330.0
HD 48265 b,HD 48265,2008,12.6,778.51,1.814,283.0,0.211,5733.0,1.901,1.312,1,2,Radial Velocity,2351.9302118
HD 48265 c,HD 48265,2026,12.9,10418.0,10.4,124.28,0.41,5805.0,2.05,1.38,1,2,Radial Velocity,1414.33641115
HD 48948 b,HD 48948,2024,2.06,7.34013,0.0652,957.0,0.055,4593.0,0.679,0.686,1,3,Radial Velocity,4.88
HD 48948 c,HD 48948,2024,2.6,38.06,0.1951,553.0,0.55,4593.0,0.679,0.686,1,3,Radial Velocity,7.27
HD 48948 d,HD 48948,2024,3.24,151.92,0.4894,349.0,0.055,4593.0,0.679,0.686,1,3,Radial Velocity,10.59
HD 4917 b,HD 4917,2018,13.5,400.5,1.167,479.78,0.066,4802.0,5.01,1.32,1,1,Radial Velocity,513.29545
HD 49674 b,HD 49674,2002,6.2,4.94737,0.06,1113.78,0.09,5602.0,1.02,1.03,1,1,Radial Velocity,31.783
HD 50499 b,HD 50499,2005,13.5,2447.1,3.833,174.69,0.266,6102.0,1.351,1.253,1,2,Radial Velocity,519.96988
HD 50499 c,HD 50499,2019,13.2,8619.9,9.02,116.69,0.0,6099.0,1.42,1.31,1,2,Radial Velocity,931.2419
HD 50554 b,HD 50554,2002,12.8,1240.0,2.339,192.65,0.482,6050.0,1.02,1.1,1,3,Radial Velocity,1859.29618095
HD 50554 d,HD 50554,2026,1.41,28.0694,0.1831,651.11,0.0,5968.0,1.146,1.04,1,3,Transit,10.4
HD 51608 b,HD 51608,2019,3.62,14.0726,0.1059,759.92,0.09,5358.0,0.916136,0.8,1,2,Radial Velocity,12.77
HD 51608 c,HD 51608,2019,3.87,95.9446,0.3809,400.69,0.14,5358.0,0.916136,0.8,1,2,Radial Velocity,14.31
HD 52265 b,HD 52265,2000,13.7,119.27,0.52,405.0,0.27,6136.0,1.32,1.204,1,1,Radial Velocity,384.5743
HD 5319 b,HD 5319,2007,13.5,637.1,1.57,377.72,0.092,4871.0,4.06,1.27,1,2,Radial Velocity,494.54348
HD 5319 c,HD 5319,2014,13.8,872.2,1.93,340.67,0.183,4871.0,4.06,1.27,1,2,Radial Velocity,334.67499
HD 5388 b,HD 5388,2010,13.1,772.5,1.757,316.59,0.41,6297.0,1.91,1.21,1,1,Radial Velocity,1017.0509024
HD 55696 b,HD 55696,2018,12.9,1827.0,3.18,200.43,0.705,6012.0,1.52,1.29,1,1,Radial Velocity,1357.12729789
HD 5583 b,HD 5583,2016,12.8,139.35,0.53,964.55,0.076,4830.0,9.09,1.01,1,1,Radial Velocity,1837.0574
HD 5608 b,HD 5608,2012,13.7,768.7,1.79,403.72,0.11,4807.0,5.43,1.29,2,1,Radial Velocity,371.22357938
HD 564 b,HD 564,2014,12.5,492.3,1.2,261.1,0.096,5902.0,1.01,0.961,1,1,Radial Velocity,104.88
HD 56414 b,HD 56414,2022,3.71,29.04992,0.229,1133.0,0.68,8500.0,1.751,1.89,1,1,Transit,13.3
HD 56957 b,HD 56957,2022,12.8,5859.08992,6.426,145.67,0.273,5743.0,1.77793,1.03,1,1,Radial Velocity,1880.90851263
HD 59686 A b,HD 59686 A,2016,12.7,299.36,1.086,783.08,0.05,4658.0,13.2,1.9,2,1,Radial Velocity,2199.3836
HD 60292 b,HD 60292,2020,12.7,495.4,1.5,889.53,0.27,4348.0,27.0,1.7,1,1,Radial Velocity,2065.895
HD 60532 b,HD 60532,2008,13.8,201.9,0.77,550.16,0.26,6245.0,2.57,1.5,1,2,Radial Velocity,336.8998
HD 6061 b,HD 6061,2023,2.42763557,5.2549,0.06,1075.31,0.0,5934.0,1.0072,1.0269,2,1,Transit,10.0
HD 60779 b,HD 60779,2026,3.246,29.986175,0.1922,650.0,0.031,6081.0,1.129,1.05,1,2,Transit,14.19
HD 60779 c,HD 60779,2026,5.79,104.79,0.099815,751.0,0.041,6081.0,1.129,1.05,1,2,Radial Velocity,28.3
HD 63433 b,HD 63433,2020,2.14,7.1079475,0.072,967.11,0.24,5553.0,0.934,0.956,1,3,Transit,21.755
HD 63433 c,HD 63433,2020,2.692,20.5438281,0.146,678.92,0.21,5553.0,0.934,0.956,1,3,Transit,15.539
HD 63433 d,HD 63433,2023,1.073,4.209075,0.0503,1040.0,0.16,5688.0,0.912,0.99,1,3,Transit,1.25
HD 63454 b,HD 63454,2005,12.31,2.81805,0.04,1018.06,0.0,4812.0,0.77,0.42,1,1,Radial Velocity,79.4575
HD 63765 b,HD 63765,2011,14.2,358.0,0.94,246.9,0.24,5449.0,0.83,0.65,1,1,Radial Velocity,168.4499
HD 64114 b,HD 64114,2019,4.41,45.791,0.246,518.51,0.12,5676.0,0.882858,0.95,1,1,Radial Velocity,17.8
HD 64121 b,HD 64121,2022,13.2,623.0,1.51,464.77,0.11,5078.0,5.44,1.64,1,1,Radial Velocity,813.64072192
HD 6434 b,HD 6434,2003,14.2,21.998,0.14,786.83,0.17,5769.0,1.12,1.1,1,1,Radial Velocity,155.7367
HD 65216 c,HD 65216,2013,13.4,5370.0,5.75,105.87,0.17,5612.0,0.88,0.874,3,2,Radial Velocity,645.1949
HD 66141 b,HD 66141,2012,12.8,480.5,1.2,880.31,0.07,4323.0,21.4,1.1,1,1,Radial Velocity,1906.9
HD 66428 b,HD 66428,2005,12.4,2269.81726,3.395,159.02,0.471,5716.0,1.13,1.01,1,2,Radial Velocity,3478.94974302
HD 66428 c,HD 66428,2021,13.5,10478.84437,9.408,95.52,0.207,5716.0,1.13,1.01,1,2,Radial Velocity,560.64930995
HD 67087 c,HD 67087,2015,12.9,2374.0,3.86,193.42,0.76,6330.0,1.55,1.36,1,2,Radial Velocity,1540.0
HD 68402 b,HD 68402,2016,12.6,1103.0,2.18,196.26,0.03,5950.0,1.02,1.12,1,1,Radial Velocity,2510.8444153
HD 68475 b,HD 68475,2026,12.8,7832.0,7.27,79.88,0.62,5022.0,0.79099,0.83,1,1,Radial Velocity,1639.99458012
HD 68988 b,HD 68988,2001,13.4,6.27711,0.07,1179.39,0.12,5932.0,1.19,1.28,1,2,Radial Velocity,626.1251
HD 69830 b,HD 69830,2006,3.17,8.667,0.0785,872.84,0.1,5385.0,0.886947,0.86,1,3,Radial Velocity,10.2
HD 69830 c,HD 69830,2006,3.46,31.56,0.186,567.04,0.13,5385.0,0.886947,0.86,1,3,Radial Velocity,11.8
HD 69830 d,HD 69830,2006,4.45,197.0,0.63,308.1,0.07,5385.0,0.886947,0.86,1,3,Radial Velocity,18.1
HD 70573 b,HD 70573,2007,12.8,851.8,1.76,206.11,0.4,5737.0,0.976919,1.0,1,1,Radial Velocity,1900.0
HD 70642 b,HD 70642,2003,13.0,2124.54,3.318,150.52,0.175,5732.0,0.984,1.078,1,1,Radial Velocity,1239.5307873
HD 72490 b,HD 72490,2018,13.5,858.0,1.88,386.45,0.124,4934.0,4.96,1.21,1,1,Radial Velocity,561.92344
HD 72659 b,HD 72659,2002,13.2,3549.0,4.607,155.34,0.2393,5929.0,1.36,1.033,1,2,Radial Velocity,949.67128012
HD 72892 b,HD 72892,2016,12.8,39.44603,0.228,634.46,0.419,5688.0,1.22,1.01,1,1,Radial Velocity,1737.88572948
HD 73267 b,HD 73267,2008,13.0,1257.99159,2.229,165.89,0.261,5387.0,0.909,0.93,1,2,Radial Velocity,1321.53051631
HD 73267 c,HD 73267,2022,12.8,17071.78045,12.688,69.53,0.089,5387.0,0.909,0.93,1,2,Radial Velocity,1630.77755632
HD 73344 b,HD 73344,2024,2.884,15.611,0.131,911.0,0.03,6252.6,1.22,1.2,1,3,Transit,10.48
HD 73344 c,HD 73344,2025,13.5,65.94,0.3388,562.57,0.124,6148.0,1.22,1.19,1,3,Radial Velocity,118.54999581
HD 73526 b,HD 73526,2002,13.1,188.3,0.65,414.37,0.19,5601.0,1.53,1.14,1,2,Radial Velocity,978.9164
HD 73526 c,HD 73526,2005,13.3,379.1,1.03,329.17,0.28,5601.0,1.53,1.014,1,2,Radial Velocity,715.09
HD 73534 b,HD 73534,2008,13.7,1750.0,2.99,220.25,0.126,4917.0,2.58,1.16,1,1,Radial Velocity,353.42696
HD 73583 b,HD 73583,2022,2.79,6.398042,0.0604,714.0,0.09,4511.0,0.65,0.73,1,2,Transit,10.2
HD 73583 c,HD 73583,2022,2.39,18.87974,0.1242,498.0,0.08,4511.0,0.65,0.73,1,2,Transit,9.7
HD 74156 b,HD 74156,2003,13.5,51.63564,0.28,679.63,0.636,6068.0,1.510576,1.1,1,2,Radial Velocity,532.36258173
HD 74156 c,HD 74156,2003,12.5,2448.48726,3.678,187.52,0.377,6068.0,1.510576,1.1,1,2,Radial Velocity,2753.98314665
HD 7449 b,HD 7449,2011,12.6,1270.55195,2.438,183.23,0.752,6024.0,0.97,1.196,2,1,Radial Velocity,2597.92939882
HD 74698 b,HD 74698,2023,5.12,15.017,0.121,925.57,0.1,5783.0,1.333,1.039,1,2,Radial Velocity,23.0
HD 74698 c,HD 74698,2023,14.0,3449.0,4.5,151.77,0.2,5783.0,1.333,1.039,1,2,Radial Velocity,126.0
HD 75289 b,HD 75289,1999,14.2,3.50927,0.05,1260.0,0.03,6117.0,1.23,1.29,2,1,Radial Velocity,155.7367
HD 75302 b,HD 75302,2023,12.8,4356.0,5.3,115.76,0.39,5697.46,0.940904,1.06,1,1,Radial Velocity,1716.2733978
HD 75784 b,HD 75784,2014,13.8,341.2,1.032,425.98,0.097,4867.0,3.4,1.26,1,2,Radial Velocity,317.83
HD 75784 c,HD 75784,2018,12.8,7900.0,8.4,149.31,0.489,4867.0,3.4,1.26,1,2,Radial Velocity,1792.5612
HD 75898 b,HD 75898,2007,13.2,422.82,1.2025,335.16,0.105,6122.0,1.55,1.295,1,2,Radial Velocity,810.46243785
HD 76700 b,HD 76700,2002,9.6,3.97097,0.05,1424.61,0.09,5644.0,1.37,0.99,1,1,Radial Velocity,66.7443
HD 76920 b,HD 76920,2017,13.1,415.891,1.091,621.44,0.8782,4664.0,8.33,1.0,1,1,Radial Velocity,994.80291391
HD 77946 b,HD 77946,2024,2.89646124,6.527363,0.073,1128.86,0.211,6007.0,1.3174,1.1973,1,1,Transit,10.9
HD 79181 b,HD 79181,2021,14.1,273.1,0.9,821.87,0.259,4862.0,11.06,1.28,1,1,Radial Velocity,203.41018048
HD 79498 b,HD 79498,2011,13.6,1807.0,2.98,164.53,0.575,5748.0,1.05,1.08,2,1,Radial Velocity,425.8922
HD 80606 b,HD 80606,2001,11.56766808,111.436765,0.4603,405.0,0.93183,5565.0,1.05,1.05,2,1,Radial Velocity,1323.46926959
HD 80653 b,HD 80653,2020,1.621,0.71957926,0.01657,2438.0,0.0,5959.0,1.199,1.15,1,2,Transit,5.61
HD 80869 b,HD 80869,2021,12.8,1752.92067,2.905,203.2,0.924,5837.0,1.062,1.06,1,1,Radial Velocity,1609.80088146
HD 80883 b,HD 80883,2022,12.8,6383.78352,6.462,88.66,0.203,5177.91,0.814842,0.88,1,1,Radial Velocity,1748.0562385
HD 81688 b,HD 81688,2007,13.5,183.93,0.648,958.66,0.04,4797.0,11.13,1.07,1,1,Radial Velocity,525.68818518
HD 82886 b,HD 82886,2011,13.3,705.0,1.58,435.78,0.07,4953.0,5.26,2.53,1,1,Radial Velocity,740.5439
HD 82943 c,HD 82943,2003,13.4,220.078,0.74345,360.95,0.3663,5935.0,1.1826,1.08,1,2,Radial Velocity,622.603
HD 8326 b,HD 8326,2019,9.58,158.991,0.533,287.23,0.2,4914.0,0.783181,0.8,1,1,Radial Velocity,66.6
HD 83443 c,HD 83443,2022,13.6,8241.0,8.0,89.95,0.76,5442.0,0.94,1.0,1,2,Radial Velocity,476.7426105
HD 8535 b,HD 8535,2010,14.0,1313.0,2.45,206.21,0.15,6136.0,1.19,1.13,2,1,Radial Velocity,216.1244
HD 85426 c,TOI-1774,2026,3.19,35.73,0.099815,640.0,0.06,5746.0,1.1303,0.991,1,2,Radial Velocity,10.3
HD 8574 b,HD 8574,2002,13.4,227.0,0.76,394.03,0.3,6064.0,1.38,1.34,1,1,Radial Velocity,645.1949
HD 86065 b,HD 86065,2022,12.5,25775.78859,15.947,52.56,0.219,4927.56,0.780347,0.81,1,1,Radial Velocity,2877.30056857
HD 86226 b,HD 86226,2009,14.3,1628.0,2.73,176.0,0.059,5863.0,1.053,1.019,1,2,Radial Velocity,143.0235
HD 86226 c,HD 86226,2020,2.16,3.98442,0.049,1311.0,0.075,5863.0,1.053,1.019,1,2,Transit,7.25
HD 86264 b,HD 86264,2009,12.5,1488.79123,2.763,247.01,0.821,6210.0,1.88,1.26,1,1,Radial Velocity,3117.26101586
HD 86950 b,HD 86950,2016,13.0,1270.0,2.72,416.76,0.17,4805.0,8.8,1.66,1,1,Radial Velocity,1144.188
HD 87646 b,HD 87646,2016,12.4,13.481,0.117,1012.7,0.05,5770.0,1.55,1.12,3,1,Radial Velocity,3941.092
HD 87816 b,HD 87816,2025,12.7,484.17,1.618,567.39,0.78,4989.0,9.0,2.41,1,2,Radial Velocity,2142.16346318
HD 87883 b,HD 87883,2009,12.7,3006.0,3.77,110.52,0.72,4980.0,0.798557,0.8,1,1,Radial Velocity,2005.49724817
HD 88133 b,HD 88133,2004,13.8,3.414884,0.0479,1762.08,0.031,5392.0,2.2,1.26,1,1,Radial Velocity,324.1866
HD 88986 b,HD 88986,2023,2.49,146.05,0.58,460.0,0.24,5861.0,1.543,1.25,1,1,Radial Velocity,17.2
HD 89307 b,HD 89307,2009,13.4,2166.0,3.27,166.55,0.2,5955.0,1.1,1.27,1,1,Radial Velocity,642.01338214
HD 89345 b,HD 89345,2018,7.39794,11.8143,0.1066,1089.0,0.22,5576.0,1.747,1.157,1,1,Transit,34.9613
HD 89744 b,HD 89744,1999,12.6,256.78,0.917,462.62,0.677,6291.0,2.13257,1.86,2,1,Radial Velocity,2653.8805
HD 89839 b,HD 89839,2023,12.8,3391.2,4.713,159.03,0.185,6314.0,1.28588,1.21,1,1,Radial Velocity,1748.0562385
HD 90156 b,HD 90156,2011,4.43,49.77,0.25,518.01,0.31,5599.0,0.920286,0.84,1,1,Radial Velocity,17.98
HD 92788 c,HD 92788,2019,13.0,11611.2975,10.5,91.27,0.46,5744.0,1.14,1.15,1,2,Radial Velocity,1166.4361
HD 93083 b,HD 93083,2005,14.3,144.72,0.508,311.57,0.118,5033.8,0.837,0.836,1,2,Radial Velocity,143.34061156
HD 93351 b,HD 93351,2022,1.69,2.45946,0.035,1330.76,0.549,5408.0,0.911435,0.94,1,2,Radial Velocity,3.49611248
HD 93385 b,HD 93385,2021,1.88,7.3426,0.0756,1141.0,0.295,5977.0,1.18484,1.04,1,3,Radial Velocity,4.2
HD 93385 c,HD 93385,2021,2.56,13.18,0.112,937.43,0.2,5977.0,1.18484,1.04,1,3,Radial Velocity,7.1
HD 93385 d,HD 93385,2021,2.89,45.85,0.2565,619.44,0.09,5977.0,1.18484,1.04,1,3,Radial Velocity,8.7
HD 93963 A b,HD 93963 A,2022,1.46954368,1.0376109,0.02061,1842.23,0.0,5908.0,1.0311,1.0844,2,2,Transit,2.8
HD 93963 A c,HD 93963 A,2022,3.11976057,3.6451389,0.04726,1212.45,0.0,5908.0,1.0311,1.0844,2,2,Transit,18.4
HD 9446 b,HD 9446,2009,14.0,30.052,0.189,642.55,0.2,5793.0,1.0,1.0,1,2,Radial Velocity,222.472
HD 9446 c,HD 9446,2009,13.4,192.9,0.654,345.42,0.06,5793.0,1.0,1.0,1,2,Radial Velocity,578.426
HD 94834 b,HD 94834,2018,13.7,1576.0,2.74,286.45,0.14,4798.0,4.2,1.11,1,1,Radial Velocity,400.4658
HD 94890 b,HD 94890,2025,13.3,824.61,2.07,533.83,0.22,4867.0,10.71,1.74,1,2,Radial Velocity,676.97450691
HD 94890 c,HD 94890,2025,12.5,2492.19,4.33,369.1,0.05,4867.0,10.71,1.74,1,2,Radial Velocity,2831.85110637
HD 95086 b,HD 95086,2013,12.9,10.559687499999999,55.7,1000.0,0.0,7595.0,1.48667,1.6,1,1,Imaging,1589.0
HD 95089 b,HD 95089,2009,13.7,464.4,1.36,458.34,0.119,4918.0,5.08,1.54,1,2,Radial Velocity,400.4658
HD 95089 c,HD 95089,2016,13.1,1785.0,3.33,292.91,0.284,4918.0,5.08,1.54,1,2,Radial Velocity,1096.5135
HD 95127 b,HD 95127,2015,12.4,482.0,1.28,1151.28,0.11,4218.0,41.01,3.7,1,1,Radial Velocity,3378.5329
HD 95338 b,HD 95338,2020,4.27174254,55.082694,0.262,443.0,0.197,5097.0,0.868,0.848,1,1,Radial Velocity,42.9
HD 95544 b,HD 95544,2021,12.8,2041.54152,3.166,156.5,0.049,5722.0,1.088,1.01,1,1,Radial Velocity,1913.64483855
HD 95872 b,HD 95872,2015,13.0,4375.0,5.15,103.45,0.06,5312.0,0.84,0.7,1,1,Radial Velocity,1188.6842
HD 96063 b,HD 96063,2011,13.7,362.5,1.11,500.75,0.17,5020.0,4.75,1.37,1,1,Radial Velocity,403.6441
HD 96127 b,HD 96127,2011,13.0,638.9,1.41,947.29,0.3,3943.0,35.0,0.91,1,1,Radial Velocity,1207.7479466
HD 96167 b,HD 96167,2009,14.0,498.04,1.332,333.63,0.685,5733.0,1.94,1.27,2,1,Radial Velocity,227.88411
HD 96700 b,HD 96700,2021,2.93,8.1245,0.0777,1089.02,0.138,5845.0,1.16,0.89,1,3,Radial Velocity,8.9
HD 96700 c,HD 96700,2021,1.69,19.88,0.141,808.42,0.293,5845.0,1.16,0.89,1,3,Radial Velocity,3.5
HD 96700 d,HD 96700,2021,3.61,103.5,0.424,466.19,0.27,5845.0,1.16,0.89,1,3,Radial Velocity,12.7
HD 96992 b,HD 96992,2021,13.7,514.0,1.24,557.72,0.41,4725.0,7.43,0.96,1,1,Radial Velocity,362.3262
HD 97048 b,HD 97048,2019,13.3,10.559687499999999,130.0,63.44,0.0,10000.0,2.25,2.4,1,1,Disk Kinematics,794.575
HD 97658 b,HD 97658,2010,2.12,9.4897116,0.0805,751.0,0.05,5212.0,0.728,0.85,1,1,Radial Velocity,8.3
HD 98219 b,HD 98219,2011,13.4,433.8,1.26,453.77,0.079,4925.0,4.6,1.41,1,1,Radial Velocity,624.21812
HD 98649 b,HD 98649,2012,12.5,5384.0,5.97,114.22,0.852,5759.0,1.01,0.97,1,1,Radial Velocity,3082.9355479
HD 98736 b,HD 98736,2018,13.3,968.8,1.864,179.53,0.226,5271.0,0.93,0.92,2,1,Radial Velocity,740.5439
HD 99109 b,HD 99109,2005,14.3,439.29999,1.11,239.32,0.09,5282.0,0.98,0.76,1,1,Radial Velocity,139.8452
HD 99283 b,HD 99283,2021,13.8,310.4,1.08,759.06,0.2,4886.0,11.21,1.76,1,1,Radial Velocity,308.29355479
HD 99492 b,HD 99492,2004,5.44,17.0503,0.12,622.27,0.034,4929.0,0.822539,0.85,2,2,Radial Velocity,25.5
HD 99492 c,HD 99492,2023,4.42,95.233,0.099815,751.0,0.063,4929.0,0.822539,0.85,2,2,Radial Velocity,17.9
HD 99706 c,HD 99706,2016,12.8,1278.0,0.099815,751.0,0.411,4891.0,5.4,1.72,1,2,Radial Velocity,1808.4527
HIP 10090 c,HIP 10090,2026,13.9,321.82,0.9,338.35,0.188,5661.0,1.38268,0.94,1,2,Radial Velocity,270.15414595
HIP 105854 b,HIP 105854,2014,12.6,184.2,0.81,822.14,0.02,4780.0,10.305119,2.1,1,1,Radial Velocity,2606.1
HIP 107772 b,HIP 107772,2020,3.64,55.199,0.243,280.92,0.18,4006.0,0.513922,0.63,1,1,Radial Velocity,12.9
HIP 109384 b,HIP 109384,2016,13.5,499.48,1.134,213.83,0.549,5180.0,0.831075,0.78,1,1,Radial Velocity,495.8148
HIP 109600 b,HIP 109600,2016,13.2,232.08,0.706,312.88,0.163,5530.0,0.971958,0.87,2,1,Radial Velocity,851.7844
HIP 111909 b,HIP 111909,2025,13.7,487.08,1.32,436.91,0.0,4891.0,4.53,1.28,1,2,Radial Velocity,384.57237247
HIP 111909 c,HIP 111909,2025,13.9,893.63,1.97,357.64,0.0,4891.0,4.53,1.28,1,2,Radial Velocity,257.44100967
HIP 113103 b,HIP 113103,2023,1.829,7.610303,0.06899,721.0,0.17,4930.0,0.742,0.761,1,2,Transit,4.0
HIP 113103 c,HIP 113103,2023,2.4,14.245648,0.10479,585.0,0.17,4930.0,0.742,0.761,1,2,Transit,6.35
HIP 114933 b,HIP 114933,2021,13.4,1481.6,2.84,316.81,0.21,4823.0,5.27,1.39,1,1,Radial Velocity,616.58710958
HIP 116454 b,HIP 116454,2014,2.469,9.1004157,0.0792,753.2,0.215,5048.0,0.758,0.8,2,1,Transit,9.7
HIP 12961 b,HIP 12961,2010,13.2,57.435,0.25,303.32,0.17,3901.0,0.65,0.69,1,1,Radial Velocity,114.4188
HIP 14810 b,HIP 14810,2005,13.0,6.673892,0.0696,1048.2,0.14399,5544.0,1.07,1.01,1,3,Radial Velocity,1239.537
HIP 14810 c,HIP 14810,2006,13.6,147.747,0.549,373.22,0.1566,5544.0,1.07,1.01,1,3,Radial Velocity,416.3573
HIP 14810 d,HIP 14810,2009,14.1,981.8,1.94,198.54,0.185,5544.0,1.07,1.01,1,3,Radial Velocity,187.5197
HIP 29442 c,TOI-469,2023,1.551,3.5379559,0.04518,1123.0,0.0,5289.0,0.98,0.901,1,3,Radial Velocity,4.5
HIP 29442 d,TOI-469,2023,1.538,6.429575,0.0673,920.0,0.0,5289.0,0.98,0.901,1,3,Radial Velocity,5.14
HIP 34222 b,HIP 34222,2021,13.9,159.986,0.492,218.98,0.305,4050.0,0.6186,0.62,1,1,Radial Velocity,263.79757781
HIP 35173 b,HIP 35173,2019,3.61,41.516,0.217,444.34,0.16,4881.0,0.773404,0.79,1,1,Radial Velocity,12.7
HIP 38594 b,HIP 38594,2020,2.77,60.722,0.256,308.29,0.17,4086.3,0.626646,0.61,2,2,Radial Velocity,8.1
HIP 38594 c,HIP 38594,2020,7.94,3477.768,3.805,79.96,0.16,4086.3,0.626646,0.61,2,2,Radial Velocity,48.4
HIP 39330 b,HIP 39330,2026,13.5,4650.0,5.05,125.05,0.078,5748.0,1.02786,0.96,1,1,Radial Velocity,530.77343969
HIP 41378 b,HIP 41378,2016,2.64,15.57209,0.1303,959.0,0.05,6290.0,1.3,1.22,1,6,Transit,6.9
HIP 41378 e,HIP 41378,2016,5.19,393.0,0.68,335.0,0.065,6290.0,1.3,1.22,1,6,Transit,7.62
HIP 41378 f,HIP 41378,2016,9.47,542.0797,1.394,294.0,0.052,6290.0,1.3,1.22,1,6,Transit,25.0
HIP 4845 b,HIP 4845,2020,3.89,34.15,0.176,358.21,0.25,4010.0,0.603999,0.62,1,1,Radial Velocity,14.4
HIP 5158 b,HIP 5158,2009,13.6,345.72,0.89,219.65,0.52,4962.0,0.75,0.78,1,2,Radial Velocity,451.0
HIP 54373 b,HIP 54373,2019,2.87,7.76,0.063,580.66,0.2,4021.0,0.564998,0.57,1,2,Radial Velocity,8.62
HIP 54373 c,HIP 54373,2019,3.57,15.144,0.099,463.2,0.2,4021.0,0.564998,0.57,1,2,Radial Velocity,12.44
HIP 54597 b,HIP 54597,2023,13.3,3274.0,4.0,94.0,0.03,4799.0,0.66,0.8,1,1,Radial Velocity,762.7881768
HIP 56640 b,HIP 56640,2021,12.7,2675.57603,4.55,239.37,0.118,4769.0,4.93,1.75,1,1,Radial Velocity,2151.69831539
HIP 57274 c,HIP 57274,2011,14.2,32.03,0.178,437.32,0.05,4640.0,0.68,0.73,1,3,Radial Velocity,130.0
HIP 57274 d,HIP 57274,2011,14.2,431.7,1.01,183.59,0.27,4640.0,0.68,0.73,1,3,Radial Velocity,167.4
HIP 5763 b,HIP 5763,2021,14.2,30.014,0.17,440.9,0.054,4352.0,0.750378,0.72,1,1,Radial Velocity,162.09248757
HIP 63242 b,HIP 63242,2013,12.5,124.6,0.565,993.26,0.23,4830.0,10.275655,1.54,1,1,Radial Velocity,2917.56
HIP 65407 b,HIP 65407,2016,14.3,28.125,0.177,610.68,0.14,5460.0,0.952252,0.93,1,2,Radial Velocity,136.03124
HIP 65407 c,HIP 65407,2016,13.9,67.3,0.316,457.04,0.12,5460.0,0.952252,0.93,1,2,Radial Velocity,249.17872
HIP 65426 b,HIP 65426,2017,16.8135,10.559687499999999,92.0,1500.0,0.0,8840.0,1.77,1.96,1,1,Imaging,2860.47
HIP 65891 b,HIP 65891,2015,12.7,1089.6,2.82,429.05,0.09,5000.0,8.93,2.5,1,1,Radial Velocity,1938.7532827
HIP 66074 b,HIP 66074,2023,12.9,310.9,0.799,192.69,0.948,4300.0,0.69,0.705,1,1,Astrometry,1589.142035
HIP 67522 b,HIP 67522,2020,9.9872018,6.9594731,0.0748,1175.0,0.064,5675.0,1.38,1.22,1,2,Transit,71.4
HIP 67522 c,HIP 67522,2024,7.93595834,14.334892,0.1228,917.0,0.077,5675.0,1.38,1.22,1,2,Transit,48.3
HIP 67851 b,HIP 67851,2015,13.7,89.23,0.42,840.72,0.13,4840.0,5.45,1.28,1,2,Radial Velocity,365.50266805
HIP 67851 c,HIP 67851,2015,12.7,3128.41,4.55,255.43,0.3,4840.0,5.45,1.28,1,2,Radial Velocity,2204.77565936
HIP 70849 b,HIP 70849,2011,12.9,3649.0,3.99,78.85,0.65,4105.0,0.633112,0.65,2,1,Radial Velocity,1430.2278315
HIP 71135 b,HIP 71135,2019,4.55,87.19,0.335,285.11,0.21,4146.0,0.681296,0.66,1,1,Radial Velocity,18.8
HIP 74890 b,HIP 74890,2016,13.3,822.3,2.1,387.66,0.07,4850.0,5.77,1.74,1,1,Radial Velocity,762.792
HIP 75092 b,HIP 75092,2021,13.5,926.4,2.02,353.19,0.42,4891.0,4.53,1.28,1,1,Radial Velocity,568.91284853
HIP 79431 b,HIP 79431,2009,13.4,111.7,0.36,177.42,0.29,3191.0,0.478625,0.49,1,1,Radial Velocity,667.415
HIP 8152 b,HIP 8152,2023,2.53625843,10.751014,0.093,794.96,0.0,5618.0,0.9603,0.9373,1,2,Transit,8.9
HIP 8152 c,HIP 8152,2023,2.52442508,19.60562,0.139,650.68,0.2,5618.0,0.9603,0.9373,1,2,Transit,10.7
HIP 81991 b,HIP 81991,2026,12.5,5860.0,6.4,163.28,0.0,5100.0,2.82111,1.09,2,1,Radial Velocity,3019.3698665
HIP 8541 b,HIP 8541,2016,12.6,1852.14387,3.729,305.12,0.36,4672.0,6.84,2.009,2,2,Radial Velocity,2451.7283316
HIP 86221 b,HIP 86221,2021,14.0,2.224,0.031,751.0,0.086,5544.0,0.95,0.79,1,1,Radial Velocity,225.65816897
HIP 8923 b,HIP 8923,2026,12.5,5160.0,5.9,136.48,0.011,5980.0,1.32164,1.01,1,1,Radial Velocity,3171.92750186
HIP 90988 b,HIP 90988,2021,13.4,455.73816,1.36,400.77,0.081,4883.0,3.94,1.613,1,1,Radial Velocity,668.07531151
HIP 91258 b,HIP 91258,2013,13.7,5.0505,0.06,1024.97,0.02,5519.0,0.89,0.97,1,1,Radial Velocity,346.4347
HIP 9618 c,HIP 9618,2023,3.42855926,52.56363,0.269,470.31,0.0,5649.0,0.9593,0.942,1,2,Transit,7.0
HIP 97166 b,HIP 97166,2021,2.4801338,10.288914,0.091,701.66,0.29,5216.0,0.8418,0.9342,1,2,Transit,19.1
HIP 97166 c,HIP 97166,2021,2.75,16.432,0.124,642.0,0.0,5216.0,0.8418,0.9342,1,2,Radial Velocity,8.0
HIP 98599 b,HIP 98599,2026,12.7,2656.0,3.96,171.08,0.169,5978.0,1.39484,1.19,1,1,Radial Velocity,2177.12458795
HN Lib b,HN Lib,2023,2.2,36.116,0.1417,234.4,0.079,3347.0,0.299,0.291,1,1,Radial Velocity,5.46
HR 810 b,HR 810,1999,12.7,302.79999,0.92,329.57,0.14,6167.0,1.13,1.34,1,1,Radial Velocity,1970.5361234
HR 858 d,HR 858,2019,2.001,11.230511,0.1046,1061.0,0.0,6354.0,1.258,1.204,2,3,Transit,7.1
HR 8799 c,HR 8799,2008,13.0,69000.0,38.0,1200.0,0.5,7204.58,1.49338,1.5,1,4,Imaging,3000.0
HR 8799 d,HR 8799,2008,13.0,37000.0,24.0,1300.0,0.6,7204.58,1.49338,1.5,1,4,Imaging,3000.0
HR 8799 e,HR 8799,2010,13.11453,20815.6,16.4,1150.0,0.15,7400.0,1.49338,1.51,1,4,Imaging,3178.3
HS Psc b,HS Psc,2024,13.6,3.986,0.0435,783.44,0.27,4203.0,0.65,0.69,1,1,Radial Velocity,464.02947422
HU Aqr AB b,HU Aqr,2011,12.8,2390.0,3.6,751.0,0.0,5952.0,0.95,0.88,2,2,Eclipse Timing Variations,1875.197
IC 4651 9122 b,IC 4651 9122,2018,12.7,734.0,2.038,513.04,0.18,4740.1,10.267424,2.1,1,1,Radial Velocity,2002.329
IRAS 04125+2902 b,IRAS 04125+2902,2024,10.73820351,8.834978,0.077,854.0,0.0,4080.0,1.45,0.7,2,1,Transit,80.8
K2-10 b,K2-10,2015,3.773,19.30553,0.137,649.0,0.31,5533.0,0.956,0.88,1,1,Transit,25.2
K2-101 b,K2-101,2016,2.0,14.6762429,0.1124,618.0,0.1,4927.0,0.76,0.82,1,1,Transit,4.66
K2-102 b,K2-102,2016,1.3,9.915615,0.099815,751.0,0.1,4695.0,0.71,0.77,1,1,Transit,2.24
K2-104 b,K2-104,2016,1.79,1.9741954,0.0242,798.0,0.09,3712.0,0.48,0.51,1,1,Transit,3.86
K2-105 b,K2-105,2017,3.4,8.26726,0.0796,805.0,0.0,5373.0,0.905,0.94,1,1,Transit,15.4
K2-108 b,K2-108,2017,5.33,4.733999,0.0581,1360.0,0.18,5599.0,1.76,1.17,1,1,Transit,59.4
K2-11 b,K2-11,2015,7.55,39.93767,0.2257,734.0,0.0,5433.0,5.15,1.35,1,1,Transit,44.4
K2-110 b,K2-110,2017,2.592,13.86375,0.10207,638.0,0.13,5010.0,0.713,0.738,1,1,Transit,15.9
K2-113 b,K2-113,2017,12.14,5.817685,0.0642,1098.0,0.0,5660.0,1.24,1.04,1,1,Transit,410.0007
K2-115 b,K2-115,2017,11.80305668,20.2729914,0.1415,696.0,0.063,5870.0,0.855,0.918,1,1,Transit,321.00669107
K2-116 b,K2-116,2017,0.69,4.655411,0.048,783.03,0.06,4348.35,0.6694,0.694512,1,1,Transit,0.257
K2-117 c,K2-117,2017,2.06,5.444017,0.0492,537.0,0.15,3778.0,0.51,0.54,1,2,Transit,4.9
K2-118 b,K2-118,2017,2.54,50.92092,0.245,394.64,0.2,4726.29,0.734626,0.756446,1,1,Transit,6.99
K2-119 b,K2-119,2017,2.53,7.727283,0.0698,666.0,0.07,4740.0,0.71,0.76,1,1,Transit,6.94
K2-12 b,K2-12,2015,2.44,8.28246,0.0792,1026.0,0.5,5672.0,1.117,0.965,1,1,Transit,5.2
K2-121 b,K2-121,2017,7.16,5.185738,0.0525,716.0,0.22,4526.0,0.675,0.71,1,1,Transit,51.0
K2-122 b,K2-122,2017,1.16,2.2193023,0.0373,769.0,0.21,4009.0,0.59,0.63,2,1,Transit,1.65
K2-123 b,K2-123,2017,2.76,30.951524,0.1649,338.0,0.06,4035.0,0.59,0.62,1,1,Transit,8.05
K2-124 b,K2-124,2017,2.9,6.413651,0.049,442.0,0.08,3570.0,0.388,0.39,1,1,Transit,8.75
K2-125 b,K2-125,2017,2.18,21.750264,0.121,321.22,0.08,3654.47,0.402049,0.494727,1,1,Transit,5.39
K2-126 b,K2-126,2017,1.97,7.385655,0.0656,601.0,0.06,4339.0,0.65,0.69,1,1,Transit,4.54
K2-128 b,K2-128,2017,1.42,5.675819,0.056,803.1,0.23,4469.51,0.777569,0.711248,1,1,Transit,2.6
K2-13 b,K2-13,2015,1.89,39.91488,0.2114,511.0,0.0,5698.0,0.78,0.8,1,1,Transit,4.23
K2-130 b,K2-130,2017,1.25,2.49412,0.032,1013.11,0.17,4356.47,0.744261,0.69563,1,1,Transit,2.1
K2-131 b,K2-131,2017,1.69,0.3693038,0.00936,2223.0,0.0,5120.0,0.7595,0.803,1,1,Transit,7.9
K2-132 b,K2-132,2017,14.5717,9.1751,0.0916,1586.0,0.29,4840.0,3.85,1.08,1,1,Transit,155.7367
K2-133 b,K2-133,2017,1.34,3.07133,0.03194,665.21,0.0,3655.0,0.455,0.461,1,4,Transit,2.36
K2-133 d,K2-133,2017,2.003,11.02454,0.07487,734.0,0.0,3655.0,0.455,0.461,1,4,Transit,4.67
K2-133 e,K2-133,2019,1.73,26.5841,0.1346,296.0,0.0,3655.0,0.455,0.461,1,4,Transit,3.64
K2-136 c,K2-136,2017,3.0,17.30723,0.1185,470.0,0.047,4500.0,0.677,0.742,2,3,Transit,18.1
K2-136 d,K2-136,2017,1.565,25.575,0.1538,420.0,0.071,4500.0,0.677,0.742,2,3,Transit,3.0
K2-138 c,K2-138,2017,2.299,3.56004,0.04461,1012.0,0.045,5356.3,0.863,0.935,1,6,Transit,6.31
K2-138 e,K2-138,2017,3.39,8.26146,0.0782,757.0,0.077,5356.3,0.863,0.935,1,6,Transit,12.97
K2-14 b,K2-14,2015,4.81,8.36802,0.0627,488.0,0.14,3789.0,0.45,0.47,1,1,Transit,20.7
K2-140 b,K2-140,2017,13.56286665,6.569188,0.068,962.0,0.0,5585.0,1.06,0.96,1,1,Transit,295.58041851
K2-146 b,K2-146,2018,2.05,2.6446,0.0248,534.0,0.129,3385.0,0.33,0.331,1,2,Transit,5.77
K2-146 c,K2-146,2019,2.19,4.00498,0.0327,518.53,0.075,3385.0,0.33,0.331,1,2,Transit,7.49
K2-147 b,K2-147,2018,1.47286006,0.961939,0.01575,1077.0,0.38,3690.0,0.578,0.563,1,1,Transit,2.77
K2-148 b,K2-148,2018,1.33,4.38395,0.0454,733.87,0.0,4079.0,0.632,0.65,2,3,Transit,2.33
K2-148 c,K2-148,2018,1.73,6.9226,0.0616,630.02,0.0,4079.0,0.632,0.65,2,3,Transit,3.64
K2-149 b,K2-149,2018,1.64,11.332,0.083,472.41,0.0,3745.0,0.568,0.595,1,1,Transit,3.33
K2-15 b,K2-15,2015,2.48,11.8104,0.091,676.0,0.0,5131.0,0.68,0.72,1,1,Transit,6.71
K2-150 b,K2-150,2018,2.0,10.59357,0.0727,413.19,0.0,3499.0,0.436,0.457,1,1,Transit,4.66
K2-153 b,K2-153,2018,2.0,7.51574,0.0614,497.0,0.0,3845.0,0.53,0.55,1,1,Transit,4.66
K2-154 b,K2-154,2018,1.99,3.67626,0.0405,715.0,0.0,4097.0,0.63,0.65,1,2,Transit,4.62
K2-155 b,K2-155,2018,1.8,6.342,0.0562,708.0,0.0,4258.0,0.58,0.65,1,3,Transit,3.89
K2-155 d,K2-155,2018,1.9,40.718,0.1937,381.0,0.0,4258.0,0.58,0.65,1,3,Transit,4.27
K2-156 b,K2-156,2018,1.1,0.813143,0.0149,1347.0,0.0,4460.0,0.62,0.66,1,1,Transit,1.37
K2-157 d,K2-157,2025,5.16,66.5,0.309,429.1,0.5,5334.0,0.86,0.89,1,3,Radial Velocity,23.3
K2-158 c,K2-158,2018,1.28,5.90279,0.0622,948.0,0.0,5503.0,0.95,0.92,1,2,Transit,2.18
K2-159 b,K2-159,2018,2.26,12.42205,0.1013,684.0,0.0,5425.0,0.83,0.9,1,1,Transit,5.73
K2-16 b,K2-16,2015,2.02,7.6188,0.0667,658.0,0.0,4742.0,0.66,0.68,1,3,Transit,4.74
K2-16 c,K2-16,2015,2.54,19.07863,0.1229,485.0,0.0,4742.0,0.66,0.68,1,3,Transit,6.99
K2-160 b,K2-160,2018,3.17824034,3.705871,0.099815,751.0,0.0,5649.0,0.913754,0.982829,1,1,Transit,10.2
K2-161 b,K2-161,2018,6.11721229,9.283188,0.099815,751.0,0.0,4972.0,2.568173,0.986876,1,1,Transit,31.1
K2-162 b,K2-162,2018,1.44,9.45889,0.0795,631.0,0.0,4842.0,0.69,0.75,1,1,Transit,2.67
K2-163 b,K2-163,2018,2.46610713,6.673117,0.099815,751.0,0.0,4937.0,0.762201,0.826112,1,1,Transit,6.65
K2-164 b,K2-164,2018,3.24925008,17.355066,0.099815,751.0,0.0,5791.0,2.196069,1.180894,1,1,Transit,10.6
K2-165 b,K2-165,2018,1.27443657,2.354992,0.099815,751.0,0.0,5185.0,0.803827,0.834847,1,3,Transit,2.17
K2-165 c,K2-165,2018,1.55409035,4.382745,0.099815,751.0,0.0,5185.0,0.803827,0.834847,1,3,Transit,3.03
K2-167 b,K2-167,2018,2.36509493,9.978541,0.0932,1220.0,0.48,6310.0,1.499,1.084,1,1,Transit,6.5
K2-169 b,K2-169,2018,1.27328671,6.380803,0.099815,751.0,0.0,5548.0,0.919053,0.986144,1,1,Transit,2.16
K2-17 b,K2-17,2015,2.23,17.96753,0.119,487.0,0.18,4320.0,0.66,0.71,1,1,Transit,5.6
K2-170 b,K2-170,2018,1.41817537,7.576544,0.099815,751.0,0.0,5748.0,0.981614,0.963657,1,2,Transit,2.6
K2-171 b,K2-171,2018,2.68657205,5.628466,0.099815,751.0,0.0,5250.0,1.717458,0.891587,1,1,Transit,7.69
K2-172 b,K2-172,2018,1.66608079,14.316941,0.099815,751.0,0.0,5569.0,0.868889,0.934356,1,2,Transit,3.42
K2-172 c,K2-172,2018,3.20569097,29.62682,0.099815,751.0,0.0,5569.0,0.868889,0.934356,1,2,Transit,10.4
K2-173 b,K2-173,2018,1.60826194,5.868699,0.099815,751.0,0.0,5580.0,0.843154,0.881538,1,1,Transit,3.22
K2-174 b,K2-174,2018,2.6,19.562307,0.126,455.0,0.0,4455.0,0.676,0.7,1,1,Transit,7.27
K2-175 b,K2-175,2018,2.03803688,9.525988,0.099815,751.0,0.0,5909.0,1.420038,1.094693,1,1,Transit,4.81
K2-176 b,K2-176,2018,1.49090097,5.329439,0.099815,751.0,0.0,5428.0,0.86416,0.938545,1,1,Transit,2.83
K2-177 b,K2-177,2018,2.1162048,14.155185,0.099815,751.0,0.0,6063.0,1.213565,1.210525,1,1,Transit,5.13
K2-178 b,K2-178,2018,3.55790985,8.747818,0.099815,840.29,0.0,5525.0,0.887267,0.95109,1,1,Transit,12.4
K2-179 b,K2-179,2018,2.51267885,5.172191,0.099815,751.0,0.0,5015.0,0.768067,0.824345,1,1,Transit,6.86
K2-18 b,K2-18,2015,2.37,32.939623,0.1429,284.0,0.2,3457.0,0.411,0.359,1,2,Transit,8.92
K2-18 c,K2-18,2017,2.65,8.962,0.06,363.0,0.47,3457.0,0.411,0.359,1,2,Radial Velocity,7.51
K2-180 b,K2-180,2018,2.46597575,8.865663,0.0756,797.5,0.075,5365.0,0.719,0.735,1,1,Transit,11.41003981
K2-181 b,K2-181,2018,2.69,6.8941,0.0706,949.0,0.4,5528.0,1.06,0.96,1,1,Transit,7.7
K2-183 b,K2-183,2018,1.1,0.469285,0.099815,751.0,0.0,5482.0,0.87,0.942219,1,3,Transit,1.37
K2-183 c,K2-183,2018,2.3,10.787992,0.0932,787.0,0.0,5482.0,0.87,0.942219,1,3,Transit,5.9
K2-184 b,K2-184,2018,1.47,16.9780102,0.1685,533.0,0.0,5245.0,0.75,0.84,1,1,Transit,2.76
K2-185 b,K2-185,2018,1.15,10.616384,0.099815,809.0,0.0,5788.0,0.94,0.96,1,2,Transit,1.6
K2-185 c,K2-185,2018,2.39,52.713494,0.099815,477.0,0.0,5788.0,0.94,0.96,1,2,Transit,6.3
K2-186 b,K2-186,2018,3.17207779,41.474219,0.099815,751.0,0.0,5784.0,0.98083,1.018617,1,1,Transit,10.2
K2-187 d,K2-187,2018,2.4,7.149584,0.072,865.0,0.0,5438.0,0.83,0.966999,1,4,Transit,6.35
K2-187 e,K2-187,2018,1.9,13.606629,0.1106,698.0,0.0,5438.0,0.83,0.966999,1,4,Transit,4.27
K2-188 b,K2-188,2018,1.35,1.742169,0.0289,1692.0,0.0,5977.0,1.19,1.06,1,2,Transit,2.39
K2-188 c,K2-188,2018,2.83,7.810253,0.0785,1026.0,0.0,5977.0,1.19,1.06,1,2,Transit,8.4
K2-189 c,K2-189,2018,2.31,6.67932,0.068,877.0,0.0,5442.0,0.879,0.85,1,2,Transit,5.95
K2-19 c,K2-19,2015,4.1,11.906,0.0982,679.0,0.1,5322.0,0.82,0.88,1,3,Transit,11.0
K2-19 d,K2-19,2016,1.044,2.50827,0.03478,1258.0,0.44,5350.0,0.824,0.892,1,3,Transit,6.2
K2-190 c,K2-190,2018,1.09308317,21.574023,0.099815,751.0,0.0,5631.0,0.912206,0.904597,1,2,Transit,1.34
K2-191 b,K2-191,2018,1.57889322,2.858646,0.099815,751.0,0.0,5176.0,0.839696,0.900994,1,1,Transit,3.12
K2-192 b,K2-192,2018,1.52,4.162817,0.049,939.0,0.0,5222.0,0.81,0.9,1,1,Transit,2.92
K2-194 b,K2-194,2018,3.64229858,39.721386,0.099815,751.0,0.0,5979.0,1.281115,1.110086,1,1,Transit,12.9
K2-195 b,K2-195,2018,3.13,15.852975,0.1208,720.0,0.0,5713.0,0.99,0.94,1,2,Transit,9.96
K2-195 c,K2-195,2018,2.57581891,28.482786,0.099815,751.0,0.0,5712.0,0.906367,0.963364,1,2,Transit,7.16
K2-196 b,K2-196,2018,3.59970536,48.324222,0.099815,751.0,0.0,6045.0,1.538801,1.162095,1,1,Transit,12.6
K2-197 b,K2-197,2018,2.56,8.357881,0.0806,848.0,0.0,5667.0,0.93,1.0,1,1,Transit,7.08
K2-198 b,K2-198,2018,4.189,17.0428683,0.099815,715.8,0.0,5212.9,0.757,0.799,1,3,Transit,16.3
K2-198 d,K2-198,2019,2.438,7.4500177,0.099815,943.2,0.0,5212.9,0.757,0.799,1,3,Transit,6.52
K2-199 b,K2-199,2018,1.73,3.2253993,0.0382,913.0,0.02,4491.0,0.682,0.711,1,2,Transit,6.9
K2-200 b,K2-200,2018,1.3643987,2.849883,0.099815,751.0,0.0,5233.0,0.791736,0.860208,1,1,Transit,2.43
K2-201 b,K2-201,2018,1.40006712,1.05979,0.099815,751.0,0.0,5507.0,0.878161,0.956055,1,2,Transit,2.54
K2-201 c,K2-201,2018,3.28568401,22.779878,0.099815,751.0,0.0,5507.0,0.878161,0.956055,1,2,Transit,10.8
K2-2016-BLG-0005L b,K2-2016-BLG-0005L,2023,13.7,4700.0,4.16,751.0,0.0,5544.0,0.95,0.584,1,1,Microlensing,349.6112477
K2-202 b,K2-202,2018,2.30165603,3.405164,0.099815,751.0,0.0,5491.0,0.910685,0.971461,1,1,Transit,5.91
K2-203 b,K2-203,2018,1.26549392,9.6952,0.0824,738.4,0.23,5026.0,0.765,0.793,1,1,Transit,2.14
K2-204 b,K2-204,2018,3.17214154,7.055908,0.0738,1148.0,0.28,5783.0,1.253,1.076,1,1,Transit,10.2
K2-205 b,K2-205,2018,1.99552771,26.672263,0.099815,751.0,0.0,5890.0,1.077574,0.951027,1,1,Transit,4.64
K2-207 b,K2-207,2018,2.60585269,12.48749,0.099815,751.0,0.0,5522.0,0.928158,0.941851,1,1,Transit,7.3
K2-208 b,K2-208,2018,1.67462172,4.19097,0.04878,1122.0,0.37,5500.0,0.872,0.881,1,1,Transit,3.45
K2-209 b,K2-209,2018,0.86850263,2.080615,0.099815,751.0,0.0,4720.0,0.712365,0.74479,1,1,Transit,0.586
K2-21 b,K2-21,2015,1.84,9.325038,0.076,500.0,0.1,4222.06,0.646783,0.676023,1,2,Transit,4.04
K2-21 c,K2-21,2015,2.49,15.50192,0.107,420.0,0.21,4222.06,0.646783,0.676023,1,2,Transit,6.76
K2-210 b,K2-210,2018,0.86,0.57023,0.099815,751.0,0.0,5500.0,0.89,0.911717,1,1,Transit,0.566
K2-212 b,K2-212,2018,2.65,9.795647,0.0785,542.0,0.0,4349.0,0.678,0.622,1,1,Transit,7.51
K2-213 b,K2-213,2018,1.51398464,8.13087,0.099815,751.0,0.0,5794.0,1.20424,1.069596,1,1,Transit,2.9
K2-215 b,K2-215,2018,2.12381238,8.269648,0.099815,751.0,0.0,5704.0,0.974398,0.999987,1,1,Transit,5.16
K2-218 b,K2-218,2018,2.56948149,8.679885,0.099815,751.0,0.0,5757.0,1.008231,1.047488,1,1,Transit,7.13
K2-219 b,K2-219,2018,1.34762583,3.901287,0.099815,751.0,0.0,5753.0,1.189232,1.021545,1,3,Transit,2.38
K2-219 d,K2-219,2018,2.57634456,11.137278,0.099815,751.0,0.0,5753.0,1.189232,1.021545,1,3,Transit,7.16
K2-221 b,K2-221,2018,1.67890272,2.399094,0.099815,751.0,0.0,5716.0,0.947599,1.010842,1,1,Transit,3.46
K2-222 b,K2-222,2018,2.275,15.3889274,0.1186,803.0,0.021,5942.0,1.072,0.94,1,1,Transit,7.5
K2-223 b,K2-223,2018,0.89,0.50557,0.0127,2271.0,0.0,5859.0,1.0,1.06,1,2,Transit,0.64
K2-223 c,K2-223,2018,1.5,4.562546,0.0549,1091.0,0.0,5859.0,1.0,1.06,1,2,Transit,2.86
K2-224 b,K2-224,2018,1.56,4.47904,0.0516,1002.0,0.0,5620.0,0.84,0.91,1,2,Transit,3.05
K2-224 c,K2-224,2018,2.41,10.09489,0.0886,764.0,0.0,5620.0,0.84,0.91,1,2,Transit,6.39
K2-225 b,K2-225,2018,3.60929179,15.8723,0.1409,923.0,0.23,5520.0,1.7,1.482,1,1,Transit,12.7
K2-226 b,K2-226,2018,1.53899305,3.27109,0.04095,1187.0,0.22,5288.0,0.889,0.856,1,1,Transit,2.98
K2-227 b,K2-227,2018,1.66551298,13.621832,0.099815,751.0,0.0,5673.0,0.890666,0.950811,1,1,Transit,3.41
K2-228 b,K2-228,2018,1.21,2.69828,0.0338,914.0,0.0,4715.0,0.65,0.71,1,1,Transit,1.92
K2-229 b,K2-229,2018,1.0,0.584216,0.0131,1818.0,0.0,5315.0,0.79,0.87,1,2,Transit,2.55
K2-230 b,K2-230,2018,1.96,2.86041,0.0409,1529.0,0.0,5945.0,1.39,1.11,1,1,Transit,4.5
K2-231 b,K2-231,2018,2.5,13.841901,0.099815,751.0,0.0,5695.0,0.95,1.01,1,1,Transit,6.8
K2-232 b,K2-232,2018,11.209,11.168454,0.10356,1030.0,0.258,6154.0,1.161,1.188,1,1,Transit,126.49634
K2-233 b,K2-233,2018,1.315,2.467583,0.03293,1127.0,0.0,4796.0,0.71,0.79,1,3,Transit,2.4
K2-233 c,K2-233,2018,1.272,7.06024,0.0664,794.0,0.0,4796.0,0.71,0.79,1,3,Transit,4.6
K2-233 d,K2-233,2018,2.363,24.3681,0.1516,525.0,0.18,4796.0,0.71,0.79,1,3,Transit,10.3
K2-238 b,K2-238,2018,14.5717,3.20466,0.046,1587.0,0.0,5630.0,1.59,1.19,1,1,Transit,273.3338
K2-239 c,K2-239,2018,1.0,7.775,0.0576,427.0,0.0,3420.0,0.36,0.4,1,3,Transit,0.972
K2-239 d,K2-239,2018,1.1,10.115,0.0685,399.0,0.0,3420.0,0.36,0.4,1,3,Transit,1.37
K2-24 b,K2-24,2016,5.638,20.8895961,0.1673,732.0,0.0498,5726.0,1.185,1.091,1,2,Transit,20.6
K2-24 c,K2-24,2016,7.93,42.34732,0.262,591.0,0.0282,5726.0,1.185,1.091,1,2,Transit,16.4
K2-241 b,K2-241,2018,2.55,26.8199,0.1567,507.0,0.0,5262.0,0.75,0.71,1,1,Transit,7.04
K2-242 b,K2-242,2018,2.54,6.51389,0.0494,416.0,0.0,3459.0,0.37,0.38,1,1,Transit,6.99
K2-243 b,K2-243,2018,2.17,11.54182,0.1087,1035.0,0.0,6570.0,1.39,1.29,1,2,Transit,5.35
K2-243 c,K2-243,2018,2.01,24.94598,0.1817,801.0,0.0,6570.0,1.39,1.29,1,2,Transit,4.7
K2-244 b,K2-244,2018,1.75,21.06884,0.1418,638.0,0.0,5677.0,0.92,0.86,1,1,Transit,3.71
K2-245 b,K2-245,2018,4.34,11.89307,0.0959,923.0,0.0,5793.0,1.25,0.83,1,1,Transit,17.4
K2-247 b,K2-247,2018,2.12,2.25021,0.0304,979.0,0.0,4667.0,0.69,0.74,1,2,Transit,5.14
K2-247 c,K2-247,2018,2.19,6.49424,0.0615,688.0,0.0,4667.0,0.69,0.74,1,2,Transit,5.43
K2-248 b,K2-248,2018,2.57,7.17256,0.0699,886.0,0.0,5528.0,0.92,0.88,1,1,Transit,7.13
K2-250 b,K2-250,2018,2.71257333,4.01392,0.04606,1003.0,0.21,5003.0,0.797,0.809,1,1,Transit,7.81
K2-252 b,K2-252,2018,1.74,13.81513,0.1041,639.0,0.0,5152.0,0.82,0.79,1,1,Transit,3.68
K2-254 b,K2-254,2018,1.63,4.09639,0.0448,791.0,0.0,4629.0,0.67,0.71,1,2,Transit,3.29
K2-254 c,K2-254,2018,2.19,12.11839,0.0923,551.0,0.0,4629.0,0.67,0.71,1,2,Transit,5.43
K2-255 b,K2-255,2018,2.9,1.96417,0.0274,1034.0,0.0,4676.0,0.69,0.71,1,1,Transit,8.75
K2-257 b,K2-257,2018,0.83,1.60588,0.0216,789.0,0.0,3725.0,0.5,0.52,1,1,Transit,0.498
K2-258 b,K2-258,2018,3.0,19.0921,0.149,831.0,0.0,6351.0,1.31,1.21,1,1,Transit,9.27
K2-259 b,K2-259,2018,2.32,15.48043,0.1271,795.0,0.0,6059.0,1.13,1.14,1,1,Transit,5.99
K2-260 b,K2-260,2018,18.41635529,2.62669762,0.04392,2090.0,0.053,6860.0,1.755,1.637,1,1,Transit,546.66486004
K2-264 b,K2-264,2018,2.231,5.840002,0.05023,496.0,0.5,3660.0,0.473,0.496,1,2,Transit,5.61
K2-264 c,K2-264,2018,2.668,19.660302,0.11283,331.0,0.45,3660.0,0.473,0.496,1,2,Transit,7.6
K2-265 b,K2-265,2018,1.70824866,2.36902,0.03359,1366.0,0.16,5420.0,0.92,0.901,2,1,Transit,7.3418362
K2-266 b,K2-266,2018,3.3,0.658524,0.01306,1515.0,0.0,4285.0,0.703,0.686,2,4,Transit,11.26782377
K2-266 d,K2-266,2018,2.93,14.697,0.1035,538.3,0.047,4285.0,0.703,0.686,2,4,Transit,8.9
K2-266 e,K2-266,2018,2.73,19.482,0.1249,490.1,0.043,4285.0,0.703,0.686,2,4,Transit,14.3
K2-268 c,K2-268,2018,2.69,9.327527,0.0819,696.0,0.0,5106.0,0.78,0.84,1,5,Transit,7.7
K2-268 d,K2-268,2021,1.49,4.528598,0.099815,888.0,0.0,5106.0,0.78,0.84,1,5,Transit,2.83
K2-268 e,K2-268,2021,1.33,6.131243,0.099815,801.0,0.0,5106.0,0.78,0.84,1,5,Transit,2.33
K2-268 f,K2-268,2021,2.23,26.27057,0.099815,492.0,0.0,5106.0,0.78,0.84,1,5,Transit,5.6
K2-269 b,K2-269,2018,1.57,4.144965,0.0531,1429.0,0.0,6209.0,1.45,1.16,1,1,Transit,3.09
K2-27 b,K2-27,2016,4.74,6.771347,0.06702,836.0,0.251,5246.0,0.876,0.88,3,1,Transit,30.2
K2-270 b,K2-270,2018,1.38,1.543069,0.0247,1203.0,0.0,4877.0,0.77,0.85,1,2,Transit,2.48
K2-270 c,K2-270,2018,2.95,4.400028,0.0497,848.0,0.0,4877.0,0.77,0.85,1,2,Transit,9.01
K2-271 b,K2-271,2018,7.28,8.562421,0.077,893.0,0.0,5644.0,0.99,0.83,1,1,Transit,41.8
K2-272 b,K2-272,2018,3.13,14.4536756,0.1007,747.0,0.0,5397.0,0.83,0.86,1,1,Transit,9.96
K2-273 b,K2-273,2018,3.05,11.7195663,0.0729,849.0,0.0,5161.0,0.85,0.89,1,1,Transit,9.53
K2-274 b,K2-274,2018,2.08,14.1330314,0.0964,655.0,0.0,5044.0,0.7,0.79,1,1,Transit,4.98
K2-275 b,K2-275,2018,2.34,3.2809626,0.0277,1166.0,0.0,4841.0,0.69,0.77,1,2,Transit,6.08
K2-275 c,K2-275,2018,2.21,8.4388385,0.0881,653.0,0.0,4841.0,0.69,0.77,1,2,Transit,5.52
K2-276 b,K2-276,2018,3.77,18.718269,0.1291,583.0,0.0,5139.0,0.85,0.82,1,1,Transit,13.7
K2-277 b,K2-277,2018,2.18575124,6.326768,0.0664,1049.0,0.52,5680.0,0.973,0.974,1,1,Transit,7.4
K2-278 b,K2-278,2018,2.98,3.334966,0.0488,1711.0,0.0,6747.0,1.61,1.4,1,1,Transit,9.17
K2-28 b,K2-28,2016,2.32,2.260455,0.0214,568.0,0.0,3214.0,0.288,0.257,1,1,Transit,5.99
K2-280 b,K2-280,2018,7.5,19.89526,0.1461,787.0,0.35,5500.0,1.28,1.03,1,1,Transit,37.1
K2-281 b,K2-281,2018,8.18,8.687721,0.0773,665.0,0.0,4812.0,0.76,0.82,1,1,Transit,50.9
K2-283 b,K2-283,2018,3.52,1.921036,0.0291,1186.0,0.0,5060.0,0.82,0.89,1,1,Transit,12.2
K2-284 b,K2-284,2018,2.78,4.795069,0.04771,653.0,0.078,4140.0,0.607,0.63,1,1,Transit,8.15
K2-285 b,K2-285,2018,2.59,3.471745,0.03817,1088.9,0.0,4975.0,0.787,0.83,1,4,Transit,9.68
K2-285 c,K2-285,2018,3.53,7.138048,0.0824,741.4,0.0,4975.0,0.787,0.83,1,4,Transit,15.68
K2-285 d,K2-285,2018,2.48,10.45582,0.1178,619.9,0.0,4975.0,0.787,0.83,1,4,Transit,6.5
K2-285 e,K2-285,2018,1.95,14.76289,0.18041,500.9,0.0,4975.0,0.787,0.83,1,4,Transit,10.7
K2-286 b,K2-286,2018,2.1,27.359,0.1768,347.0,0.0,3926.0,0.62,0.64,1,1,Transit,5.06
K2-287 b,K2-287,2018,9.494023,14.893291,0.1206,804.0,0.478,5695.0,1.07,1.056,1,1,Transit,100.11645
K2-288 B b,K2-288 B,2018,1.9,31.393463,0.164,226.36,0.0,3341.0,0.32,0.33,2,1,Transit,4.27
K2-289 b,K2-289,2019,9.1,13.156969,0.107,753.0,0.0,5529.0,1.025,0.953,1,1,Transit,61.0
K2-29 b,K2-29,2016,13.33871,3.2588321,0.04217,1171.0,0.066,5358.0,0.86,0.94,2,1,Transit,232.0159
K2-290 c,K2-290,2019,11.276254,48.36685,0.305,676.0,0.0,6302.0,1.511,1.194,3,2,Transit,246.00042
K2-291 b,K2-291,2019,1.589,2.225177,0.03261,1278.0,0.0,5520.0,0.899,0.934,1,1,Transit,6.49
K2-292 b,K2-292,2019,2.63,16.9841,0.13,795.0,0.04,5725.0,1.09,1.0,1,1,Transit,24.5
K2-293 b,K2-293,2019,2.45,13.1225,0.099815,750.0,0.0,5532.0,0.947,0.958,1,1,Transit,6.57
K2-295 b,K2-295,2018,10.054473,4.024867,0.0451,852.0,0.0,4444.0,0.7,0.74,1,1,Transit,106.47305
K2-3 b,K2-3,2015,2.078,10.0546535,0.0747,501.3,0.107,3844.0,0.546,0.549,1,3,Transit,5.11
K2-3 c,K2-3,2015,1.582,24.646729,0.1357,371.8,0.048,3844.0,0.546,0.549,1,3,Transit,2.68
K2-3 d,K2-3,2015,1.458,44.55603,0.2014,305.2,0.091,3844.0,0.546,0.549,1,3,Transit,2.2
K2-30 b,K2-30,2016,11.646151,4.098503,0.04839,1092.0,0.0,5425.0,0.844,0.9,1,1,Transit,184.02357
K2-308 b,K2-308,2019,9.916,3.38628,0.099815,1213.76,0.0,6100.0,1.24,1.09,1,1,Transit,70.6
K2-31 b,K2-31,2016,11.88154,1.25785,0.022,1688.0,0.0,5280.0,0.78,0.91,2,1,Transit,563.83042
K2-312 c,HD 80653,2023,12.8,871.32,1.882,229.0,0.8435,5959.0,1.199,1.15,1,2,Radial Velocity,1681.31227303
K2-315 b,K2-315,2020,0.95,3.1443189,0.099815,460.0,0.0,3300.0,0.196,0.174,1,1,Transit,0.809
K2-316 b,K2-316,2020,1.33,1.133,0.0147,841.0,0.0,3436.0,0.379,0.408,1,2,Transit,2.33
K2-316 c,K2-316,2020,1.83,5.26,0.0582,423.0,0.0,3436.0,0.379,0.408,1,2,Transit,4.01
K2-317 b,K2-317,2020,2.93,6.22,0.0542,432.0,0.0,3387.0,0.379,0.403,1,1,Transit,8.91
K2-319 b,K2-319,2020,2.79,26.68,0.1516,641.0,0.0,5440.0,0.898,0.954,1,1,Transit,8.2
K2-32 b,K2-32,2016,5.299,8.992,0.0795,837.0,0.03,5271.0,0.86,0.83,2,4,Transit,15.0
K2-32 c,K2-32,2016,3.134,20.66093,0.13843,634.0,0.049,5271.0,0.86,0.83,2,4,Transit,8.1
K2-32 d,K2-32,2016,3.484,31.71701,0.18422,550.0,0.05,5271.0,0.86,0.83,2,4,Transit,6.7
K2-32 e,K2-32,2019,1.212,4.34934,0.04899,1066.0,0.043,5271.0,0.86,0.83,2,4,Transit,2.1
K2-321 b,K2-321,2020,2.05124347,2.2979749,0.02839,830.0,0.44,3750.0,0.595,0.578,1,1,Transit,4.86
K2-322 b,K2-322,2020,1.92,8.205,0.0594,635.0,0.0,4141.0,0.602,0.63,1,1,Transit,4.35
K2-323 b,K2-323,2020,2.1,24.93,0.1275,318.0,0.0,3710.0,0.549,0.478,1,1,Transit,5.06
K2-325 b,K2-325,2020,2.2,6.93,0.0419,423.0,0.0,3287.0,0.298,0.274,1,1,Transit,5.48
K2-326 b,K2-326,2020,2.28,1.256,0.0198,1114.0,0.0,3924.0,0.688,0.507,1,1,Transit,5.82
K2-329 b,K2-329,2020,8.675766,12.4551225,0.1016,650.0,0.0697,5282.0,0.822,0.901,1,1,Transit,82.6358
K2-33 b,K2-33,2016,5.04,5.424865,0.0409,850.0,0.0,3540.0,1.05,0.56,1,1,Transit,1175.971
K2-330 b,K2-330,2021,2.77,13.774798,0.099815,969.0,0.0,6232.0,1.5,1.23,1,1,Transit,8.1
K2-331 b,K2-331,2021,1.79,9.398977,0.099815,909.0,0.0,5994.0,1.06,1.1,1,2,Transit,3.86
K2-331 c,K2-331,2021,2.72,22.996591,0.099815,673.0,0.0,5994.0,1.06,1.1,1,2,Transit,7.85
K2-332 b,K2-332,2021,2.2,17.70632,0.099815,266.0,0.0,3315.0,0.28,0.27,1,1,Transit,5.48
K2-333 b,K2-333,2021,6.18,14.759287,0.099815,826.0,0.0,5880.0,1.22,1.06,1,1,Transit,31.6
K2-334 b,K2-334,2021,5.65,5.113981,0.099815,1380.0,0.0,6502.0,1.49,1.36,1,1,Transit,27.2
K2-336 b,K2-336,2021,1.22,21.194733,0.099815,569.0,0.0,5424.0,0.8,0.86,1,1,Transit,1.98
K2-337 b,K2-337,2021,2.62,16.273563,0.099815,850.0,0.0,5869.0,1.32,0.94,1,1,Transit,7.37
K2-338 b,K2-338,2021,1.03,3.850614,0.099815,783.0,0.0,4558.0,0.63,0.66,1,1,Transit,1.08
K2-339 b,K2-339,2021,1.92,19.507428,0.099815,508.0,0.0,4857.0,0.72,0.74,1,1,Transit,4.35
K2-34 b,K2-34,2016,13.75,2.9956348,0.0442,1687.0,0.0,6168.0,1.42,1.16,1,1,Transit,539.67534
K2-340 b,K2-340,2021,3.36,29.740451,0.099815,606.0,0.0,5532.0,1.13,0.93,1,1,Transit,11.2
K2-341 b,K2-341,2021,3.21,36.552551,0.099815,598.0,0.0,5817.0,1.16,0.98,1,1,Transit,10.4
K2-342 b,K2-342,2021,2.03,11.561052,0.099815,861.0,0.0,5920.0,1.09,1.01,1,1,Transit,4.78
K2-343 b,K2-343,2021,1.65,2.787174,0.099815,653.0,0.0,3804.0,0.46,0.49,1,2,Transit,3.36
K2-344 b,K2-344,2021,1.59,3.35585,0.099815,722.0,0.0,4374.0,0.49,0.51,1,1,Transit,3.15
K2-345 b,K2-345,2021,2.11,10.367437,0.099815,437.0,0.0,3779.0,0.52,0.56,1,1,Transit,5.1
K2-346 b,K2-346,2021,2.26,26.201446,0.099815,450.0,0.0,4801.0,0.7,0.71,1,1,Transit,5.73
K2-347 b,K2-347,2021,2.41,7.187257,0.099815,640.0,0.0,4599.0,0.63,0.66,1,1,Transit,6.39
K2-348 b,K2-348,2021,3.26,4.688418,0.099815,908.0,0.0,5077.0,0.85,0.83,1,2,Transit,10.7
K2-349 b,K2-349,2021,1.38,9.032178,0.099815,518.0,0.0,4385.0,0.49,0.54,1,1,Transit,2.48
K2-35 b,K2-35,2016,1.32,2.399964,0.031,979.0,0.13,4402.71,0.619575,0.701968,1,2,Transit,2.3
K2-35 c,K2-35,2016,1.93,5.608352,0.055,766.0,0.12,4402.71,0.619575,0.701968,1,2,Transit,4.38
K2-350 b,K2-350,2021,1.54,4.163873,0.099815,1158.0,0.0,5789.0,1.04,0.98,1,2,Transit,2.99
K2-350 c,K2-350,2016,2.74,19.991944,0.099815,687.0,0.0,5789.0,1.04,0.98,1,2,Transit,7.95
K2-351 b,K2-351,2021,2.54,7.806164,0.099815,934.0,0.0,5769.0,1.05,1.02,1,1,Transit,6.99
K2-352 c,K2-352,2021,1.92,8.234885,0.099815,885.0,0.0,5791.0,0.95,0.98,1,3,Transit,4.35
K2-352 d,K2-352,2021,2.23,14.871387,0.099815,727.0,0.0,5791.0,0.95,0.98,1,3,Transit,5.6
K2-353 b,K2-353,2021,5.55,15.466805,0.099815,735.0,0.0,5698.0,0.99,0.87,1,1,Transit,26.3
K2-354 b,K2-354,2021,1.56,3.793306,0.099815,543.0,0.0,3669.0,0.41,0.43,1,1,Transit,3.05
K2-355 b,K2-355,2021,2.25,5.7385647,0.0632,1066.0,0.0,5790.0,0.92,0.96,1,1,Transit,5.69
K2-358 b,K2-358,2021,2.68,11.2510285,0.0863,888.0,0.0,5650.0,0.91,0.93,1,1,Transit,7.65
K2-36 b,K2-36,2016,1.43,1.422614,0.02288,1328.0,0.093,4916.0,0.718,0.79,1,2,Transit,4.3
K2-360 c,EPIC 201595106,2024,4.02,9.79692,0.0883,912.0,0.11,5679.0,0.98,0.958,1,2,Radial Velocity,15.23
K2-365 b,K2-365,2022,2.906,23.448172,0.099815,751.0,0.0,5561.0,1.051,0.823,1,1,Transit,8.78
K2-366 b,K2-366,2022,2.359,15.937039,0.099815,751.0,0.0,5601.0,0.94,0.825,1,1,Transit,6.16
K2-367 b,K2-367,2022,2.413,20.645099,0.099815,751.0,0.0,4348.0,0.625,0.756,1,1,Transit,6.41
K2-368 c,K2-368,2022,1.361,9.660186,0.099815,751.0,0.0,4663.0,0.663,0.746,1,3,Transit,2.42
K2-368 d,K2-368,2022,1.948,20.201085,0.099815,751.0,0.0,4663.0,0.663,0.746,1,3,Transit,4.45
K2-369 b,K2-369,2022,1.313,5.761612,0.099815,751.0,0.0,5682.0,0.881,0.735,1,1,Transit,2.28
K2-37 b,K2-37,2016,1.39,4.4434,0.05105,949.0,0.0,5352.0,0.809,0.84,1,3,Transit,2.51
K2-37 d,K2-37,2016,2.31,14.09229,0.1102,646.0,0.0,5352.0,0.809,0.84,1,3,Transit,12.5
K2-370 b,K2-370,2022,2.67,2.1408093,0.0321,1267.0,0.0,5662.0,0.945,0.962,1,1,Transit,11.1
K2-372 b,K2-372,2022,2.945,9.844077,0.099815,751.0,0.0,5479.0,0.922,0.847,1,1,Transit,8.98
K2-373 b,K2-373,2022,2.061,11.02066,0.099815,751.0,0.0,6138.0,1.486,1.158,1,1,Transit,4.9
K2-374 b,K2-374,2022,1.593,4.521953,0.099815,751.0,0.0,5789.0,0.907,0.731,1,2,Transit,3.16
K2-374 c,K2-374,2022,2.213,16.43445,0.099815,751.0,0.0,5789.0,0.907,0.731,1,2,Transit,5.53
K2-375 b,K2-375,2022,2.243,14.453895,0.099815,751.0,0.0,5822.0,1.543,1.119,1,1,Transit,5.66
K2-376 b,K2-376,2022,1.736,5.776475,0.099815,751.0,0.0,5937.0,1.149,0.908,1,1,Transit,3.66
K2-377 b,K2-377,2022,1.693,12.832235,0.099815,751.0,0.0,4200.0,0.691,0.821,1,1,Transit,3.51
K2-378 b,K2-378,2022,2.88,2.060438,0.099815,751.0,0.0,4823.0,0.732,0.923,1,1,Transit,8.65
K2-379 b,K2-379,2022,2.181,8.777247,0.099815,751.0,0.0,4603.0,0.751,0.856,1,1,Transit,5.4
K2-38 b,K2-38,2016,1.54,4.01593,0.04994,1266.0,0.197,5731.0,1.06,1.03,1,2,Transit,7.3
K2-38 c,K2-38,2016,2.29,10.56103,0.09514,916.0,0.161,5731.0,1.06,1.03,1,2,Transit,8.3
K2-380 b,K2-380,2022,2.729,9.401312,0.099815,751.0,0.0,5911.0,1.32,0.993,1,1,Transit,7.89
K2-381 b,K2-381,2022,1.075,7.9389334,0.099815,751.0,0.0,4473.0,0.675,0.754,1,3,Transit,1.26
K2-381 c,K2-381,2022,2.0,16.034656,0.099815,751.0,0.0,4473.0,0.675,0.754,1,3,Transit,4.66
K2-381 d,K2-381,2022,1.689,26.803023,0.099815,751.0,0.0,4473.0,0.675,0.754,1,3,Transit,3.5
K2-382 b,K2-382,2022,2.072,21.700156,0.099815,751.0,0.0,5452.0,0.811,0.922,1,1,Transit,4.95
K2-383 b,K2-383,2022,1.564,1.865962,0.099815,751.0,0.0,5129.0,0.804,1.061,1,1,Transit,3.07
K2-384 b,K2-384,2022,1.076,2.231527,0.099815,751.0,0.0,3623.0,0.348,0.33,1,5,Transit,1.26
K2-384 d,K2-384,2022,1.392,6.679582,0.099815,751.0,0.0,3623.0,0.348,0.33,1,5,Transit,2.52
K2-384 e,K2-384,2022,1.345,9.715043,0.099815,751.0,0.0,3623.0,0.348,0.33,1,5,Transit,2.37
K2-384 f,K2-384,2022,2.222,13.62749,0.099815,751.0,0.0,3623.0,0.348,0.33,1,5,Transit,5.57
K2-385 b,K2-385,2022,1.539,2.380867,0.099815,751.0,0.0,4844.0,0.761,0.927,1,1,Transit,2.98
K2-386 b,K2-386,2022,2.32,7.473223,0.099815,751.0,0.0,5749.0,0.97,0.911,1,1,Transit,5.99
K2-387 b,K2-387,2022,7.322,28.735327,0.099815,751.0,0.0,3572.0,0.585,0.57,1,1,Transit,42.2
K2-388 b,K2-388,2022,3.9,6.33932,0.099815,874.0,0.0,5310.0,0.91,0.93,1,1,Transit,14.5
K2-389 b,K2-389,2022,2.33,8.58289,0.099815,932.0,0.0,5773.0,1.094,0.99,1,2,Transit,6.04
K2-389 c,K2-389,2022,2.04,20.851337,0.099815,751.0,0.0,5782.0,1.084,0.802,1,2,Transit,4.82
K2-39 b,K2-39,2016,6.27704,4.60543,0.05708,1670.0,0.0,4881.0,2.97,0.66,1,1,Transit,28.6047
K2-391 b,K2-391,2022,1.371,4.622654,0.099815,751.0,0.0,5543.0,0.566,0.757,1,1,Transit,2.45
K2-392 b,K2-392,2022,1.85,15.398723,0.099815,751.0,0.0,5726.0,1.058,0.841,1,1,Transit,4.08
K2-393 b,K2-393,2022,2.352,10.413181,0.099815,751.0,0.0,5678.0,1.071,0.881,1,1,Transit,6.13
K2-395 b,K2-395,2022,2.597,4.803352,0.099815,751.0,0.0,5007.0,0.783,0.952,1,2,Transit,7.26
K2-395 c,K2-395,2022,3.395,8.491282,0.099815,751.0,0.0,5007.0,0.783,0.952,1,2,Transit,11.4
K2-396 b,K2-396,2022,1.579,0.673862,0.099815,751.0,0.0,5236.0,0.92,0.954,1,2,Transit,3.12
K2-396 c,K2-396,2022,3.124,25.76051,0.099815,751.0,0.0,5236.0,0.92,0.954,1,2,Transit,9.93
K2-397 b,K2-397,2022,2.417,3.572326,0.099815,751.0,0.0,5387.0,0.966,0.937,1,1,Transit,6.42
K2-398 c,K2-398,2022,5.098,18.787839,0.099815,751.0,0.0,5946.0,1.239,0.945,1,2,Transit,22.8
K2-400 b,K2-400,2022,1.163,3.865053,0.099815,751.0,0.0,3578.0,0.382,0.374,1,1,Transit,1.67
K2-401 b,K2-401,2022,2.262,6.293099,0.099815,751.0,0.0,4213.0,0.675,0.87,1,1,Transit,5.74
K2-402 b,K2-402,2022,2.678,17.27474,0.099815,751.0,0.0,5716.0,1.28,0.944,1,1,Transit,7.65
K2-403 b,K2-403,2022,5.333,33.589979,0.099815,949.0,0.0,5511.0,0.886,0.784,1,1,Transit,24.6
K2-404 b,K2-404,2022,2.53,13.115365,0.099815,751.0,0.0,3748.0,0.552,0.552,1,1,Transit,6.94
K2-405 b,K2-405,2022,4.569,3.435471,0.099815,969.0,0.0,4927.0,0.765,1.034,1,1,Transit,18.9
K2-406 b,K2-406,2022,4.602,22.549406,0.099815,751.0,0.0,5784.0,0.961,0.798,1,1,Transit,19.2
K2-408 b,K2-408,2022,1.677,20.978959,0.099815,751.0,0.0,5335.0,0.784,0.813,1,1,Transit,3.45
K2-409 b,K2-409,2022,2.482,1.908084,0.099815,751.0,0.0,5742.0,1.228,0.886,1,1,Transit,6.72
K2-411 b,K2-411,2022,0.9898,3.2141,0.0511,1428.52,0.0,5711.0,1.375,1.018,1,1,Transit,0.937
K2-412 b,K2-412,2022,2.116,5.9382,0.0586,1100.64,0.0,5590.0,0.977,0.893,1,1,Transit,5.13
K2-413 b,K2-413,2022,0.7599,0.8094,0.0117,1535.2,0.0,4116.0,0.7,0.808,1,2,Transit,0.363
K2-415 b,K2-415,2023,1.015,4.0179694,0.027,412.4,0.0,3173.0,0.1965,0.1635,1,1,Transit,7.5
K2-416 b,K2-416,2023,2.66,13.102,0.088,447.0,0.0,3746.0,0.554,0.548,1,1,Transit,1652.7077164
K2-417 b,K2-417,2023,3.31,6.535,0.063,558.0,0.0,3861.0,0.5776,0.569,1,1,Transit,699.2224954
K2-419 A b,K2-419 A,2024,10.55,20.35847252,0.1208,377.0,0.042,3711.0,0.541,0.562,2,1,Transit,196.0
K2-42 b,K2-42,2016,2.15,6.68796,0.0617,718.09,0.0,4613.0,0.643,0.702,1,1,Transit,5.27
K2-43 b,K2-43,2016,4.51,3.471149,0.03784,939.3,0.07,3840.6,0.542,0.571,1,2,Transit,18.5
K2-43 c,K2-43,2019,2.42,2.198884,0.099815,1093.7,0.0,3840.6,0.542,0.571,1,2,Transit,6.44
K2-44 b,K2-44,2016,2.433,5.657,0.06,1211.0,0.0,5912.0,1.58,1.15,1,1,Transit,6.5
K2-45 b,K2-45,2016,6.71,1.7292684,0.0224,1073.56,0.1,4103.0,0.445,0.503,1,1,Transit,36.4
K2-46 b,K2-46,2016,2.05,19.1541,0.13821,889.0,0.0,6256.0,1.29,0.96,1,1,Transit,4.86
K2-47 b,K2-47,2016,1.89,31.6372,0.1779,503.72,0.0,5054.0,0.76,0.75,1,1,Transit,4.23
K2-48 b,K2-48,2016,2.24,20.5065,0.1344,550.56,0.0,4899.0,0.73,0.77,1,1,Transit,5.65
K2-5 b,K2-5,2015,1.91,5.73594,0.0532,565.0,0.0,3930.0,0.57,0.61,1,2,Transit,4.31
K2-5 c,K2-5,2015,2.26,10.93241,0.0818,456.0,0.0,3930.0,0.57,0.61,1,2,Transit,5.73
K2-50 b,K2-50,2016,1.59,8.7529,0.0705,580.53,0.0,4326.0,0.546,0.611,1,2,Transit,3.15
K2-53 b,K2-53,2016,2.6,12.20772,0.098,665.0,0.0,5263.0,0.807,0.851,1,1,Transit,7.27
K2-54 b,K2-54,2016,2.6116925,9.7833,0.0761,560.0,0.24,3990.0,0.643,0.615,1,1,Transit,7.33
K2-55 b,K2-55,2016,4.43,2.849271,0.03486,900.0,0.07,4300.0,0.715,0.688,1,1,Transit,44.0
K2-57 b,K2-57,2016,2.30905002,9.0073,0.0752,635.8,0.25,4413.0,0.671,0.699,1,1,Transit,5.94
K2-58 b,K2-58,2016,2.68,7.05254,0.0692,920.17,0.0,5413.0,0.86,0.89,1,3,Transit,7.65
K2-58 c,K2-58,2016,1.62,2.53726,0.035,1293.86,0.0,5413.0,0.86,0.89,1,3,Transit,3.26
K2-58 d,K2-58,2016,1.71,22.8827,0.1517,621.48,0.0,5413.0,0.86,0.89,1,3,Transit,3.57
K2-59 b,K2-59,2016,2.41,20.6921,0.1354,566.37,0.0,5055.0,0.731,0.774,1,2,Transit,6.39
K2-59 c,K2-59,2016,2.3,11.2954,0.0905,692.77,0.0,5055.0,0.731,0.774,1,2,Transit,5.9
K2-62 b,K2-62,2016,2.02,6.67199,0.0636,666.0,0.0,4455.0,0.696,0.67,1,2,Transit,4.74
K2-62 c,K2-62,2016,1.99,16.19697,0.1148,495.0,0.0,4455.0,0.696,0.67,1,2,Transit,4.62
K2-63 b,K2-63,2016,3.22,20.257,0.1627,1033.44,0.0,6771.0,1.63,1.4,1,2,Transit,10.5
K2-63 c,K2-63,2016,3.9,25.4556,0.189,958.85,0.0,6771.0,1.63,1.4,1,2,Transit,14.5
K2-65 b,K2-65,2016,1.58,12.6475,0.1014,723.51,0.0,5213.0,0.84,0.87,1,1,Transit,3.12
K2-66 b,K2-66,2016,2.49,5.06963,0.05983,1372.0,0.0,5887.0,1.67,1.11,1,1,Transit,21.3
K2-68 b,K2-68,2016,1.58,8.05428,0.0708,706.64,0.0,4746.0,0.675,0.73,1,1,Transit,3.12
K2-69 b,K2-69,2016,2.32,7.06599,0.0591,573.61,0.0,4127.0,0.491,0.551,1,1,Transit,5.99
K2-7 b,K2-7,2015,4.03523305,28.6781,0.1867,786.0,0.24,5700.0,1.533,1.056,1,1,Transit,15.3
K2-70 b,K2-70,2016,2.89,13.97896,0.1112,783.99,0.0,5622.0,0.93,0.94,1,1,Transit,8.7
K2-71 b,K2-71,2016,2.15,6.98541,0.0559,533.27,0.0,4006.0,0.426,0.477,1,1,Transit,5.27
K2-72 b,K2-72,2016,1.08,5.577212,0.04,466.13,0.11,3360.47,0.330989,0.271365,1,4,Transit,1.28
K2-72 c,K2-72,2016,1.16,15.189034,0.078,333.81,0.11,3360.47,0.330989,0.271365,1,4,Transit,1.65
K2-72 e,K2-72,2016,1.29,24.158868,0.106,286.34,0.11,3360.47,0.330989,0.271365,1,4,Transit,2.21
K2-73 b,K2-73,2016,2.58,7.49556,0.07619,968.0,0.0,5867.0,1.058,1.02,1,2,Transit,9.2
K2-73 c,K2-73,2025,13.0,1000.0,0.099815,186.1,0.0,5867.0,1.058,1.02,1,2,Radial Velocity,1142.0
K2-74 b,K2-74,2016,2.31,19.5666,0.1402,772.58,0.0,6060.0,0.98,0.96,1,1,Transit,5.95
K2-75 b,K2-75,2016,2.67,7.8142,0.081,1268.65,0.0,5995.0,1.56,1.16,1,2,Transit,7.61
K2-75 c,K2-75,2016,2.77,18.311,0.1429,955.14,0.0,5995.0,1.56,1.16,1,2,Transit,8.1
K2-77 b,K2-77,2016,2.4996027,8.2000844,0.0753,806.0,0.29,5160.0,0.792,0.847,1,1,Transit,603.877
K2-79 b,K2-79,2016,4.15,10.995039,0.0987,1033.0,0.032,5897.0,1.269,1.06,1,1,Transit,5.9
K2-8 b,K2-8,2015,3.58,10.35239,0.0856,631.0,0.0,4870.0,0.74,0.78,1,2,Transit,12.5
K2-80 b,K2-80,2016,2.01,19.0918,0.135,666.05,0.0,5441.0,0.87,0.9,1,3,Transit,4.7
K2-80 c,K2-80,2016,1.47,5.605,0.0596,1002.42,0.0,5441.0,0.87,0.9,1,3,Transit,2.76
K2-81 b,K2-81,2016,1.97,6.102325,0.059,739.23,0.06,4674.13,0.634663,0.745273,1,1,Transit,4.54
K2-83 b,K2-83,2016,1.244,2.74697,0.03014,707.17,0.07,3910.0,0.424,0.484,1,2,Transit,2.08
K2-83 c,K2-83,2016,1.483,9.99767,0.07131,459.75,0.06,3910.0,0.424,0.484,1,2,Transit,2.8
K2-84 b,K2-84,2016,2.41,6.4215,0.0665,1019.22,0.0,5652.0,0.93,0.95,1,2,Transit,6.39
K2-84 c,K2-84,2016,2.03,27.86,0.1768,625.08,0.0,5652.0,0.93,0.95,1,2,Transit,4.78
K2-86 b,K2-86,2016,1.96,8.77683,0.077,830.49,0.0,5482.0,0.76,0.79,1,1,Transit,4.5
K2-87 b,K2-87,2016,7.6,9.726618,0.094,979.0,0.0,5747.0,1.401,1.164,1,1,Transit,44.9
K2-89 b,K2-89,2016,0.615,1.096026,0.01462,830.07,0.15,3691.0,0.318,0.347,1,1,Transit,0.17
K2-9 b,K2-9,2015,2.25,18.4498,0.091,314.0,0.0,3390.0,0.31,0.3,1,1,Transit,5.69
K2-90 c,K2-90,2016,1.3,2.900706,0.035,908.07,0.19,4421.98,0.634754,0.704613,1,2,Transit,2.24
K2-91 b,K2-91,2016,1.1,1.419549,0.0164,726.81,0.09,3622.0,0.284,0.292,1,1,Transit,1.37
K2-97 b,K2-97,2016,13.45077684,8.407115,0.0854,1566.0,0.207,4673.0,4.14,1.17,1,1,Transit,174.48779544
K2-98 b,K2-98,2016,5.06645928,10.1367349,0.0986,1185.0,0.119,6260.0,1.518,1.246,1,1,Transit,34.00763955
K2-99 b,K2-99,2016,11.88151954,18.24783,0.153,1184.0,0.22,6069.0,2.55,1.44,1,2,Transit,276.51071409
K2-99 c,K2-99,2022,12.6,522.2,1.43,390.0,0.21,6069.0,2.55,1.44,1,2,Radial Velocity,2669.7586188
KELT-10 b,KELT-10,2016,15.681391,4.1662739,0.0525,1377.0,0.0,5948.0,1.209,1.112,1,1,Transit,215.80657
KELT-11 b,KELT-11,2017,15.13212395,4.73620865,0.0623,1712.0,0.0,5375.0,2.69,1.44,1,1,Transit,65.15482343
KELT-12 b,KELT-12,2017,19.95202,5.031623,0.06708,1800.0,0.0,6279.0,2.37,1.591,1,1,Transit,301.9385
KELT-14 b,KELT-14,2016,19.537287,1.7100566,0.03005,1970.0,0.0,5720.0,1.52,1.239,1,1,Transit,408.09372
KELT-15 b,KELT-15,2016,19.50366,3.32944,0.04613,1642.0,0.0,6003.0,1.78,2.06,2,1,Transit,416.3573
KELT-16 b,KELT-16,2017,15.860735,0.9689951,0.02044,2453.0,0.0,6236.0,1.36,1.211,2,1,Transit,874.0325
KELT-17 b,KELT-17,2016,17.093725,3.0801716,0.04881,2087.0,0.0,7454.0,1.645,1.635,1,1,Transit,416.3573
KELT-18 b,KELT-18,2017,17.59813,2.8717518,0.0455,2085.0,0.0,6670.0,1.908,1.524,2,1,Transit,375.0394
KELT-19 A b,KELT-19 A,2017,21.40919,4.6117093,0.0637,1935.0,0.0,7500.0,1.83,1.62,2,1,Transit,1293.5681
KELT-2 A b,KELT-2 A,2012,15.13215,4.11379,0.05497,2080.0,0.0,6327.0,1.93,1.54,2,1,Transit,540.311
KELT-20 b,KELT-20,2017,19.514869,3.4741085,0.0542,2262.0,0.0,8720.0,1.565,1.76,1,1,Transit,1074.90106
KELT-21 b,KELT-21,2018,17.777474,3.6127647,0.05224,2051.0,0.0,7598.0,1.638,1.458,1,1,Transit,1242.7153
KELT-23 A b,KELT-23 A,2019,14.829507,2.255251,0.03302,1561.0,0.0,5899.0,0.996,0.944,2,1,Transit,298.12454
KELT-24 b,KELT-24,2019,12.71098411,5.55149296,0.0665,1391.0,0.0319,6426.0,1.338,1.268,2,1,Transit,1458.83238813
KELT-3 b,KELT-3,2013,17.48604,2.70339,0.04123,1816.0,0.0,6304.0,1.7,1.96,2,1,Transit,616.5902
KELT-6 b,KELT-6,2014,14.5717,7.8457,0.07939,1313.0,0.22,6102.0,1.73,1.42,1,2,Transit,165.2716
KELT-7 b,KELT-7,2015,17.9344,2.73477,0.04415,2048.0,0.0,6768.0,1.81,1.76,1,1,Transit,441.7837
KELT-8 b,KELT-8,2015,18.15858,3.24406,0.0455,1675.0,0.04,5754.0,1.46,0.81,1,1,Transit,209.7678
KELT-9 b,KELT-9,2017,21.70058664,1.4811235,0.03368,3921.0,0.0,9270.0,2.418,2.32,2,1,Transit,915.34581216
KIC 10068024 b,KIC 10068024,2021,13.4,2.073549,0.099815,751.0,0.0,6118.4,1.574,1.22,1,1,Orbital Brightness Modulation,635.656814
KIC 10525077 b,KIC 10525077,2015,5.5,854.083,0.099815,751.0,0.0,6091.0,1.01,1.01,1,1,Transit,25.9
KIC 3558849 b,KIC 3558849,2015,6.9,1322.3,0.099815,751.0,0.0,6175.0,1.01,0.98,1,1,Transit,38.1
KIC 5437945 b,KIC 5437945,2015,6.4,440.7813,1.19671,308.0,0.0,6340.0,1.24,1.07,1,2,Transit,33.6
KIC 5479689 b,KIC 5479689,2021,14.2,1.701531,0.099815,751.0,0.0,5459.1,0.894,0.966,1,1,Orbital Brightness Modulation,158.9142035
KIC 7917485 b,KIC 7917485,2016,12.4,840.0,0.099815,751.0,0.15,7067.0,2.009938,1.63,1,1,Pulsation Timing Variations,3750.394
KIC 8121913 b,KIC 8121913,2021,13.4,3.294601,0.099815,751.0,0.0,5975.3,2.233,1.456,1,1,Orbital Brightness Modulation,667.4396547
KIC 9663113 b,KIC 9663113,2015,4.6,572.3847,1.55346,264.0,0.0,6065.0,1.03,0.98,1,2,Transit,19.2
KMT-2016-BLG-1105L b,KMT-2016-BLG-1105L,2023,1.33,10.559687499999999,2.44,751.0,0.0,5544.0,0.95,0.41,1,1,Microlensing,2.32
KMT-2016-BLG-1337L b,KMT-2016-BLG-1337L,2026,11.4,10.559687499999999,3.97,751.0,0.0,5544.0,0.95,0.54,2,1,Microlensing,88.99195396
KMT-2016-BLG-1836L b,KMT-2016-BLG-1836L,2019,13.3,10.559687499999999,3.5,751.0,0.0,5544.0,0.95,0.49,1,1,Microlensing,700.0
KMT-2016-BLG-2321L b,KMT-2016-BLG-2321L,2024,13.8,10.559687499999999,3.58,751.0,0.0,5544.0,0.95,0.73,1,1,Microlensing,301.93698665
KMT-2016-BLG-2364L b,KMT-2016-BLG-2364L,2020,13.0,10.559687499999999,2.63,751.0,0.0,5544.0,0.95,0.5,1,1,Microlensing,1250.0
KMT-2016-BLG-2397L b,KMT-2016-BLG-2397L,2020,13.2,10.559687499999999,3.64,751.0,0.0,5544.0,0.95,0.64,1,1,Microlensing,836.0
KMT-2016-BLG-2605L b,KMT-2016-BLG-2605L,2021,14.0,10.559687499999999,0.681,751.0,0.0,5544.0,0.95,0.064,1,1,Microlensing,245.0457018
KMT-2017-BLG-0165L b,KMT-2017-BLG-0165L,2018,6.45,10.559687499999999,3.45,751.0,0.0,5544.0,0.95,0.76,1,1,Microlensing,34.0
KMT-2017-BLG-0428L b,KMT-2017-BLG-0428L,2023,2.23,10.559687499999999,1.81,751.0,0.0,5544.0,0.95,0.34,1,1,Microlensing,5.59
KMT-2017-BLG-0849L b,KMT-2017-BLG-0849L,2024,2.41,10.559687499999999,2.73,751.0,0.0,5544.0,0.95,0.19,1,1,Microlensing,6.39
KMT-2017-BLG-1003L b,KMT-2017-BLG-1003L,2023,2.13,10.559687499999999,1.38,751.0,0.0,5544.0,0.95,0.32,1,1,Microlensing,5.19
KMT-2017-BLG-1038L b,KMT-2017-BLG-1038L,2019,13.4,10.559687499999999,1.8,751.0,0.0,5544.0,0.95,0.37,1,1,Microlensing,640.0
KMT-2017-BLG-1146L b,KMT-2017-BLG-1146L,2019,14.0,10.559687499999999,1.6,751.0,0.0,5544.0,0.95,0.33,1,1,Microlensing,230.0
KMT-2017-BLG-1194L b,KMT-2017-BLG-1194L,2023,1.7,10.559687499999999,1.78,751.0,0.0,5544.0,0.95,0.41,1,1,Microlensing,3.54
KMT-2017-BLG-2197L b,KMT-2017-BLG-2197L,2025,12.5,10.559687499999999,15.91,751.0,0.0,5544.0,0.95,0.36,1,1,Microlensing,2809.60311788
KMT-2017-BLG-2331L b,KMT-2017-BLG-2331L,2024,14.2,10.559687499999999,2.14,751.0,0.0,5544.0,0.95,0.4,1,1,Microlensing,171.0
KMT-2017-BLG-2509L b,KMT-2017-BLG-2509L,2021,13.4,10.559687499999999,2.14,751.0,0.0,5544.0,0.95,0.46,1,1,Microlensing,664.26137063
KMT-2018-BLG-0030L b,KMT-2018-BLG-0030L,2022,13.6,10.559687499999999,4.39,751.0,0.0,5544.0,0.95,0.51,1,1,Microlensing,460.85119015
KMT-2018-BLG-0087L b,KMT-2018-BLG-0087L,2022,10.1,10.559687499999999,0.87,751.0,0.0,5544.0,0.95,0.1,1,1,Microlensing,73.10053361
KMT-2018-BLG-0247L b,KMT-2018-BLG-0247L,2022,13.4,10.559687499999999,2.46,751.0,0.0,5544.0,0.95,0.29,1,1,Microlensing,670.61793877
KMT-2018-BLG-1025L b,KMT-2018-BLG-1025L,2021,2.34,10.559687499999999,1.305,751.0,0.0,5544.0,0.95,0.219,1,1,Microlensing,6.059
KMT-2018-BLG-1292L b,KMT-2018-BLG-1292L,2020,12.9,10.559687499999999,6.03,751.0,0.0,5544.0,0.95,1.09,1,1,Microlensing,1400.0
KMT-2018-BLG-1976L b,KMT-2018-BLG-1976L,2021,13.3,10.559687499999999,3.54,751.0,0.0,5544.0,0.95,0.65,1,1,Microlensing,705.57906354
KMT-2018-BLG-1988L b,KMT-2018-BLG-1988L,2022,2.22,10.559687499999999,3.09,751.0,0.0,5544.0,0.95,0.47,1,1,Microlensing,5.56
KMT-2018-BLG-1996L b,KMT-2018-BLG-1996L,2021,13.7,10.559687499999999,4.27,751.0,0.0,5544.0,0.95,0.69,1,1,Microlensing,346.43296363
KMT-2018-BLG-2602L b,KMT-2018-BLG-2602L,2022,13.7,10.559687499999999,3.81,751.0,0.0,5544.0,0.95,0.66,1,1,Microlensing,365.50266805
KMT-2019-BLG-0253L b,KMT-2019-BLG-0253L,2022,2.99,10.559687499999999,3.1,751.0,0.0,5544.0,0.95,0.7,1,1,Microlensing,9.2
KMT-2019-BLG-0298L b,KMT-2019-BLG-0298L,2023,13.4,10.559687499999999,5.67,751.0,0.0,5544.0,0.95,0.7,1,1,Microlensing,575.26941667
KMT-2019-BLG-0371L b,KMT-2019-BLG-0371L,2021,12.6,10.559687499999999,0.79,751.0,0.0,5544.0,0.95,0.09,1,1,Microlensing,2447.2787339
KMT-2019-BLG-0953L b,KMT-2019-BLG-0953L,2022,4.06,10.559687499999999,1.1,751.0,0.0,5544.0,0.95,0.28,1,1,Microlensing,15.5
KMT-2019-BLG-1042L b,KMT-2019-BLG-1042L,2022,9.05,10.559687499999999,1.7,751.0,0.0,5544.0,0.95,0.3,1,1,Microlensing,60.38739733
KMT-2019-BLG-1216L b,KMT-2019-BLG-1216L,2023,5.98,10.559687499999999,2.44,751.0,0.0,5544.0,0.95,0.39,1,1,Microlensing,29.87587026
KMT-2019-BLG-1367L b,KMT-2019-BLG-1367L,2023,1.85,10.559687499999999,1.7,751.0,0.0,5544.0,0.95,0.25,1,1,Microlensing,4.08
KMT-2019-BLG-1552L b,KMT-2019-BLG-1552L,2022,13.0,10.559687499999999,2.6,751.0,0.0,5544.0,0.95,0.79,1,1,Microlensing,1287.20504835
KMT-2019-BLG-1806L b,KMT-2019-BLG-1806L,2023,2.0,10.559687499999999,3.02,751.0,0.0,5544.0,0.95,0.74,1,1,Microlensing,4.67
KMT-2019-BLG-1953L b,KMT-2019-BLG-1953L,2020,14.1,10.559687499999999,0.099815,751.0,0.0,5544.0,0.95,0.31,1,1,Microlensing,200.0
KMT-2019-BLG-2783L b,KMT-2019-BLG-2783L,2023,13.7,10.559687499999999,1.85,751.0,0.0,5544.0,0.95,0.34,1,1,Microlensing,368.68095212
KMT-2019-BLG-2974L b,KMT-2019-BLG-2974L,2022,11.4,10.559687499999999,2.0,751.0,0.0,5544.0,0.95,0.47,1,1,Microlensing,88.99195396
KMT-2020-BLG-0202L b,KMT-2020-BLG-0202L,2026,12.4,10.559687499999999,4.17,751.0,0.0,5544.0,0.95,0.81,1,1,Microlensing,3902.93283796
KMT-2020-BLG-0414L b,KMT-2020-BLG-0414L,2021,1.2,10.559687499999999,2.07,751.0,0.0,5544.0,0.95,0.49,1,2,Microlensing,1.87
KMT-2021-BLG-0119L b,KMT-2021-BLG-0119L,2022,12.8,10.559687499999999,2.92,751.0,0.0,5544.0,0.95,0.56,1,1,Microlensing,1754.41280664
KMT-2021-BLG-0171L b,KMT-2021-BLG-0171L,2022,3.35,10.559687499999999,3.5,751.0,0.0,5200.0,0.95,0.78,1,1,Microlensing,11.2
KMT-2021-BLG-0192L b,KMT-2021-BLG-0192L,2022,6.56,10.559687499999999,1.62,751.0,0.0,5544.0,0.95,0.27,1,1,Microlensing,34.96112477
KMT-2021-BLG-0240L b,KMT-2021-BLG-0240L,2022,9.6,10.559687499999999,2.8,751.0,0.0,5544.0,0.95,0.56,1,1,Microlensing,66.74396547
KMT-2021-BLG-0320L b,KMT-2021-BLG-0320L,2022,6.2,10.559687499999999,1.54,751.0,0.0,5544.0,0.95,0.32,1,1,Microlensing,31.7828407
KMT-2021-BLG-0322L b,KMT-2021-BLG-0322L,2021,12.7,10.559687499999999,0.099815,751.0,0.0,5544.0,0.95,0.62,2,1,Microlensing,2034.1018048
KMT-2021-BLG-0712L b,KMT-2021-BLG-0712L,2023,6.91,10.559687499999999,2.22,751.0,0.0,5544.0,0.95,0.22,1,1,Microlensing,38.19
KMT-2021-BLG-0736L b,KMT-2021-BLG-0736L,2025,4.86,10.559687499999999,4.0,751.0,0.0,5544.0,0.95,0.6,1,1,Microlensing,21.0
KMT-2021-BLG-0748L b,KMT-2021-BLG-0748L,2022,14.3,10.559687499999999,2.43,751.0,0.0,5544.0,0.95,0.36,1,1,Microlensing,143.02278315
KMT-2021-BLG-0912L b,KMT-2021-BLG-0912L,2022,1.49,10.559687499999999,3.14,751.0,0.0,5544.0,0.95,0.8,1,1,Microlensing,2.81
KMT-2021-BLG-1077L b,KMT-2021-BLG-1077L,2022,9.86,10.559687499999999,1.26,751.0,0.0,5544.0,0.95,0.14,1,2,Microlensing,69.92224954
KMT-2021-BLG-1077L c,KMT-2021-BLG-1077L,2022,10.6,10.559687499999999,0.93,751.0,0.0,5544.0,0.95,0.14,1,2,Microlensing,79.45710175
KMT-2021-BLG-1105L b,KMT-2021-BLG-1105L,2023,13.6,10.559687499999999,3.54,751.0,0.0,5544.0,0.95,0.63,1,1,Microlensing,413.1769291
KMT-2021-BLG-1150L b,KMT-2021-BLG-1150L,2023,13.9,10.559687499999999,4.5,751.0,0.0,5544.0,0.95,0.73,1,1,Microlensing,279.68899816
KMT-2021-BLG-1253L b,KMT-2021-BLG-1253L,2022,4.59,10.559687499999999,1.52,751.0,0.0,5544.0,0.95,0.24,1,1,Microlensing,19.05
KMT-2021-BLG-1303L b,KMT-2021-BLG-1303L,2022,13.6,10.559687499999999,2.89,751.0,0.0,5544.0,0.95,0.57,1,1,Microlensing,120.77479466
KMT-2021-BLG-1372L b,KMT-2021-BLG-1372L,2022,9.12,10.559687499999999,2.37,751.0,0.0,5544.0,0.95,0.42,1,1,Microlensing,61.27
KMT-2021-BLG-1391L b,KMT-2021-BLG-1391L,2022,1.97,10.559687499999999,2.29,751.0,0.0,5544.0,0.95,0.37,1,1,Microlensing,4.55
KMT-2021-BLG-1547L b,KMT-2021-BLG-1547L,2023,13.6,10.559687499999999,4.5,751.0,0.0,5544.0,0.95,0.72,1,1,Microlensing,467.20775829
KMT-2021-BLG-1554L b,KMT-2021-BLG-1554L,2022,6.9,10.559687499999999,0.72,751.0,0.0,5544.0,0.95,0.08,1,1,Microlensing,38.13940884
KMT-2021-BLG-1689L b,KMT-2021-BLG-1689L,2022,7.71,10.559687499999999,2.5,751.0,0.0,4570.0,0.95,0.58,1,1,Microlensing,46.0
KMT-2021-BLG-1898L b,KMT-2021-BLG-1898L,2022,14.0,10.559687499999999,1.9,751.0,0.0,5544.0,0.95,0.48,1,1,Microlensing,232.01473711
KMT-2021-BLG-2294L b,KMT-2021-BLG-2294L,2022,5.02,10.559687499999999,1.15,751.0,0.0,5544.0,0.95,0.14,1,1,Microlensing,22.24798849
KMT-2021-BLG-2609L b,KMT-2021-BLG-2609L,2024,3.17,10.559687499999999,2.3,751.0,0.0,5544.0,0.95,0.2,1,1,Microlensing,10.17050902
KMT-2022-BLG-0303L b,KMT-2022-BLG-0303L,2024,14.2,10.559687499999999,4.81,751.0,0.0,5544.0,0.95,0.368,1,1,Microlensing,163.04597279
KMT-2022-BLG-0371L b,KMT-2022-BLG-0371L,2023,10.9,10.559687499999999,3.02,751.0,0.0,5544.0,0.95,0.63,1,1,Microlensing,82.63538582
KMT-2022-BLG-1013L b,KMT-2022-BLG-1013L,2023,12.1,10.559687499999999,1.38,751.0,0.0,5544.0,0.95,0.18,1,1,Microlensing,98.52680617
KMT-2022-BLG-1551L b,KMT-2022-BLG-1551L,2026,13.2,10.559687499999999,2.29,751.0,0.0,5544.0,0.95,0.54,1,1,Microlensing,940.77208472
KMT-2022-BLG-1790L b,KMT-2022-BLG-1790L,2025,13.5,10.559687499999999,5.25,751.0,0.0,5544.0,0.95,0.58,1,1,Microlensing,549.84314411
KMT-2022-BLG-1818L c,KMT-2022-BLG-1818L,2026,13.2,10.559687499999999,12.6,751.0,0.0,5544.0,0.95,0.79,1,2,Microlensing,114.41822652
KMT-2022-BLG-2076L b,KMT-2022-BLG-2076L,2025,13.9,10.559687499999999,5.67,751.0,0.0,5544.0,0.95,0.67,1,1,Microlensing,279.68899816
KMT-2023-BLG-0119L b,KMT-2023-BLG-0119L,2025,11.0,10.559687499999999,3.14,751.0,0.0,5544.0,0.95,0.71,1,1,Microlensing,83.7
KMT-2023-BLG-0416L b,KMT-2023-BLG-0416L,2024,3.67,10.559687499999999,2.96,751.0,0.0,5544.0,0.95,0.63,1,1,Microlensing,13.03096469
KMT-2023-BLG-0466L b,KMT-2023-BLG-0466L,2026,13.1,10.559687499999999,2.68,751.0,0.0,5544.0,0.95,0.44,1,1,Microlensing,1032.94232275
KMT-2023-BLG-0469L b,KMT-2023-BLG-0469L,2024,7.04,10.559687499999999,2.31,751.0,0.0,5544.0,0.95,0.47,1,1,Microlensing,39.41072247
KMT-2023-BLG-0548L b,KMT-2023-BLG-0548L,2025,13.1,10.559687499999999,6.85,751.0,0.0,5544.0,0.95,0.72,1,1,Microlensing,1086.97315194
KMT-2023-BLG-0830L b,KMT-2023-BLG-0830L,2025,4.41,10.559687499999999,1.7,751.0,0.0,5544.0,0.95,0.22,1,1,Microlensing,17.79839079
KMT-2023-BLG-1431L b,KMT-2023-BLG-1431L,2024,3.76,10.559687499999999,3.2,751.0,0.0,5544.0,0.95,0.57,1,1,Microlensing,13.6
KMT-2023-BLG-1454L b,KMT-2023-BLG-1454L,2024,14.1,10.559687499999999,1.18,751.0,0.0,5544.0,0.95,0.17,1,1,Microlensing,200.23189641
KMT-2023-BLG-1642L b,KMT-2023-BLG-1642L,2024,13.8,10.559687499999999,1.41,751.0,0.0,5544.0,0.95,0.17,1,1,Microlensing,343.25467956
KMT-2023-BLG-1896L b,KMT-2023-BLG-1896L,2025,4.19,10.559687499999999,2.86,751.0,0.0,5544.0,0.95,0.72,1,1,Microlensing,16.35
KMT-2023-BLG-2209L b,KMT-2023-BLG-2209L,2025,13.9,10.559687499999999,3.51,751.0,0.0,5544.0,0.95,0.73,1,1,Microlensing,254.2627256
KMT-2024-BLG-0176L b,KMT-2024-BLG-0176L,2026,14.0,10.559687499999999,1.32,751.0,0.0,5544.0,0.95,0.103,1,1,Microlensing,241.54958932
KMT-2024-BLG-0404L c,KMT-2024-BLG-0404L,2025,4.33,10.559687499999999,0.099815,751.0,0.0,5544.0,0.95,0.09,1,2,Microlensing,17.3
KMT-2024-BLG-1209L b,KMT-2024-BLG-1209L,2025,13.2,10.559687499999999,2.51,751.0,0.0,5544.0,0.95,0.77,1,1,Microlensing,839.06699448
KMT-2024-BLG-1281L b,KMT-2024-BLG-1281L,2025,4.59,10.559687499999999,1.96,751.0,0.0,5544.0,0.95,0.32,1,1,Microlensing,19.06970442
KMT-2024-BLG-1870L b,KMT-2024-BLG-1870L,2026,13.8,10.559687499999999,3.15,751.0,0.0,5544.0,0.95,0.67,1,1,Microlensing,336.89811142
KMT-2024-BLG-2005L b,KMT-2024-BLG-2005L,2026,8.18,10.559687499999999,1.12,751.0,0.0,5544.0,0.95,0.12,1,1,Microlensing,50.85254512
KMT-2024-BLG-2059L b,KMT-2024-BLG-2059L,2025,2.54,10.559687499999999,2.55,751.0,0.0,5544.0,0.95,0.51,1,1,Microlensing,6.99222495
KMT-2024-BLG-2087L b,KMT-2024-BLG-2087L,2026,12.9,10.559687499999999,3.03,751.0,0.0,5544.0,0.95,0.48,1,1,Microlensing,1395.26670673
KMT-2024-BLG-2242L b,KMT-2024-BLG-2242L,2025,3.82,10.559687499999999,0.89,751.0,0.0,5544.0,0.95,0.069,1,1,Microlensing,13.98444991
KMT-2025-BLG-0030L b,KMT-2025-BLG-0030L,2026,13.7,10.559687499999999,2.35,751.0,0.0,5544.0,0.95,0.6,1,1,Microlensing,365.50266805
KMT-2025-BLG-0121L b,KMT-2025-BLG-0121L,2026,12.6,10.559687499999999,3.05,751.0,0.0,5544.0,0.95,0.61,1,1,Microlensing,2469.52672239
KMT-2025-BLG-0975L b,KMT-2025-BLG-0975L,2026,5.97,10.559687499999999,0.81,751.0,0.0,5544.0,0.95,0.1,1,1,Microlensing,29.8
KMT-2025-BLG-1160L b,KMT-2025-BLG-1160L,2026,5.43,10.559687499999999,2.56,751.0,0.0,5544.0,0.95,0.58,1,1,Microlensing,25.36
KMT-2025-BLG-1616L b,KMT-2025-BLG-1616L,2026,7.34,10.559687499999999,1.6,751.0,0.0,5544.0,0.95,0.26,1,1,Microlensing,42.32
KMT-2025-BLG-2272L b,KMT-2025-BLG-2272L,2026,13.3,10.559687499999999,3.89,751.0,0.0,5544.0,0.95,0.63,1,1,Microlensing,785.03616529
KOBE-1 b,KOBE-1,2025,2.91,8.5399,0.07006,594.4,0.0,4135.0,0.619,0.629,1,2,Radial Velocity,8.8
KOI-12 b,KOI-12,2015,13.78707,17.855182,0.154,911.0,0.34,6635.0,1.4,1.5,1,2,Transit,349.613
KOI-1257 b,KOI-1257,2014,10.54,86.647661,0.382,511.0,0.772,5520.0,1.13,0.99,2,1,Transit,460.83
KOI-13 b,KOI-13,2011,16.948008,1.763588,0.03641,2550.0,0.00064,7650.0,1.74,1.72,3,1,Transit,2949.4624
KOI-134 b,KOI-134,2025,12.03844527,67.1277,0.363,659.0,0.16,6160.0,1.667,1.407,1,2,Transit,346.43296363
KOI-142 c,KOI-142,2013,14.0,22.26492,0.154121003,635.87,0.05724,5466.0,0.897,0.99,1,3,Transit Timing Variations,214.1
KOI-1599.01,KOI-1599,2019,1.9,20.4415,0.14728,660.0,0.014,5833.0,0.972,1.02,1,2,Transit,4.6
KOI-1599.02,KOI-1599,2019,1.9,13.6088,0.112293,755.0,0.0114,5833.0,0.972,1.02,1,2,Transit,9.0
KOI-1783.01,KOI-1783,2020,8.86,134.4628,0.52661,412.0,0.0,5922.0,1.143,1.076,1,2,Transit,71.0
KOI-1783.02,KOI-1783,2020,5.44,284.215,0.86695,321.0,0.0,5922.0,1.143,1.076,1,2,Transit,15.0
KOI-1831 d,Kepler-324,2018,1.13,34.169,0.19924,475.0,0.0,5233.0,0.835,0.901,1,4,Transit,2.23
KOI-1833 d,Kepler-968,2021,2.58,7.685,0.0634,613.0,0.0,4413.0,0.667,0.681,1,3,Transit,11.02
KOI-1843.03,Kepler-974,2013,0.61,0.1768913,0.005,1654.0,0.0,3584.0,0.45,0.46,1,2,Transit,8.0
KOI-319 b,KOI-319,2014,10.67,46.14827,0.2668,703.0,0.034,5880.0,2.064,1.325,1,2,Transit,3178.28407
KOI-3503 b,KOI-3503,2021,1.19,21.185,0.14247,785.0,0.0,6001.0,1.255,0.858,1,2,Transit,9.2
KOI-3503 c,KOI-3503,2021,1.21,31.828,0.18688,686.0,0.0,6001.0,1.255,0.858,1,2,Transit,10.36
KOI-351 b,KOI-351,2013,1.31,7.008151,0.074,1062.0,0.0,6080.0,1.2,1.2,1,8,Transit,2.27
KOI-351 c,KOI-351,2013,1.19,8.719375,0.089,987.0,0.0,6080.0,1.2,1.2,1,8,Transit,1.81
KOI-351 d,KOI-351,2013,2.87,59.73667,0.32,520.0,0.0,6080.0,1.2,1.2,1,8,Transit,8.6
KOI-351 e,KOI-351,2013,2.66,91.93913,0.42,450.0,0.0,6080.0,1.2,1.2,1,8,Transit,7.56
KOI-351 f,KOI-351,2013,2.88,124.9144,0.48,407.0,0.0,6080.0,1.2,1.2,1,8,Transit,8.65
KOI-351 g,KOI-351,2013,7.718,210.73514,0.71704,342.0,0.0292,6031.13,1.185,1.242,1,8,Transit,15.0
KOI-351 h,KOI-351,2013,11.252,331.60296,0.97062,294.0,0.0276,6031.13,1.185,1.242,1,8,Transit,203.0
KOI-3680 b,KOI-3680,2018,11.09691,141.241671,0.534,347.0,0.496,5830.0,0.96,1.01,1,1,Transit,613.4119
KOI-4777.01,KOI-4777,2022,0.51,0.412,0.008,1180.0,0.0,3515.0,0.4,0.41,1,1,Transit,99.2
KOI-4978 b,KOI-4978,2024,0.7,0.941967,0.099815,751.0,0.0,5050.28,0.966,0.859,1,1,Transit,0.271
KOI-55 b,KOI-55,2011,0.759,0.240104,0.006,7777.78,0.0,27730.0,0.203,0.496,1,2,Orbital Brightness Modulation,0.44
KOI-55 c,KOI-55,2011,0.867,0.342887,0.0076,6910.74,0.0,27730.0,0.203,0.496,1,2,Orbital Brightness Modulation,0.655
KOI-7368 b,KOI-7368,2022,2.22,6.8430344,0.0678,805.0,0.0,5241.0,0.874,0.879,1,1,Transit,5.56
KOI-7913 b,KOI-7913 A,2022,2.34,24.278553,0.1456,432.0,0.0,4324.0,0.788,0.76,2,1,Transit,6.08
KOI-884 e,Kepler-247,2014,9.54,31.101659,0.099815,751.0,0.0415,5060.0,0.788,0.887,1,4,Transit Timing Variations,66.05405
KOI-94 b,KOI-94,2013,1.71,3.743208,0.05119,1486.0,0.25,6182.0,1.52,1.277,2,4,Transit,10.5
KOI-94 c,KOI-94,2013,4.32,10.423648,0.1013,1012.0,0.43,6182.0,1.52,1.277,2,4,Transit,15.6
KOI-94 d,KOI-94,2013,11.27,22.342989,0.1684,806.0,0.022,6182.0,1.52,1.277,2,4,Transit,106.0
KOI-94 e,KOI-94,2013,6.56,54.32031,0.3046,584.0,0.019,6182.0,1.52,1.277,2,4,Transit,35.0
KOI-984 b,KOI-984,2022,4.3,4.2881785,0.0504,1022.0,0.12,5295.0,0.818,0.928,1,2,Transit,17.1
KOI-984 c,KOI-984,2022,14.1,21.512,0.1467,597.0,0.38,5295.0,0.818,0.928,1,2,Transit Timing Variations,209.8
KOINTREAU-3 b,ISO-Oph 96,2026,13.1,10.559687499999999,342.0,8.74,0.0,3920.0,0.730795,0.41,1,1,Imaging,1080.6165838
KPS-1 b,KPS-1,2018,11.54527,1.706291,0.0269,1459.0,0.0,5165.0,0.907,0.892,1,1,Transit,346.4347
Kapteyn c,Kapteyn,2014,2.54,121.54,0.311,165.59,0.23,3550.0,0.291,0.281,1,1,Radial Velocity,7.0
Kepler-10 c,Kepler-10,2011,2.355,45.294301,0.241,579.0,0.136,5708.0,1.065,0.91,1,3,Transit,11.29
Kepler-10 d,Kepler-10,2023,3.49,151.06,0.5379,387.0,0.19,5708.0,1.065,0.91,1,3,Radial Velocity,12.0
Kepler-100 b,Kepler-100,2014,1.34,6.88734,0.07309,1155.0,0.13,5837.0,1.51,1.13,1,4,Transit,4.01
Kepler-100 d,Kepler-100,2014,1.61,35.3331,0.21747,670.0,0.38,5825.0,1.49,1.08,1,4,Transit,3.0
Kepler-100 e,Kepler-100,2023,5.27,60.888588,0.312391586,621.73,0.026437,5884.0,1.5,1.097,1,4,Radial Velocity,24.14271827
Kepler-1000 b,Kepler-1000,2016,4.76,120.0181272,0.5326,473.0,0.0,6453.0,1.51,1.4,1,1,Transit,20.3
Kepler-1001 c,Kepler-1001,2020,1.57799279,9.18186,0.08296,804.0,0.0,5376.0,0.836475,0.93,1,2,Transit,3.11
Kepler-1003 b,Kepler-1003,2016,1.78,3.554856915,0.04333,1157.0,0.0,6109.0,1.17,1.11,1,1,Transit,3.82
Kepler-1004 b,Kepler-1004,2016,6.28,5.28789787,0.06791,1661.0,0.0,4972.0,3.39,1.11,1,1,Transit,32.5
Kepler-1005 b,Kepler-1005,2016,1.5,6.49801525,0.06717,1026.0,0.0,5782.0,1.06,1.0,1,1,Transit,2.86
Kepler-1006 b,Kepler-1006,2016,1.54,19.76172042,0.1464,791.0,0.0,5328.0,0.74,0.78,1,1,Transit,2.99
Kepler-1007 b,Kepler-1007,2016,1.44,5.185002073,0.048,652.0,0.0,4587.0,0.7,0.73,1,1,Transit,2.67
Kepler-1008 b,Kepler-1008,2016,1.28,12.43931193,0.09755,627.0,0.0,5066.0,0.78,0.81,2,1,Transit,2.18
Kepler-1009 b,Kepler-1009,2016,2.17,11.35011917,0.0796,403.0,0.0,4027.0,0.57,0.59,1,1,Transit,5.35
Kepler-101 b,Kepler-101,2014,5.77,3.4876812,0.0474,1513.0,0.086,5667.0,1.56,1.17,1,2,Transit,51.1
Kepler-101 c,Kepler-101,2014,1.25,6.02976,0.0684,1413.0,0.0,5667.0,1.56,1.17,1,2,Transit,3.78
Kepler-1011 b,Kepler-1011,2016,2.87,5.753221974,0.0633,920.0,0.0,5416.0,0.88,0.91,1,1,Transit,8.6
Kepler-1012 b,Kepler-1012,2016,1.29,5.50860439,0.06066,934.0,0.0,5556.0,0.91,0.95,1,1,Transit,2.21
Kepler-1014 b,Kepler-1014,2016,2.39,16.57110363,0.121,614.0,0.0,5388.0,0.84,0.88,1,1,Transit,6.3
Kepler-1015 b,Kepler-1015,2016,3.55,16.00494214,0.1345,1040.0,0.0,6769.0,1.81,1.49,1,1,Transit,12.3
Kepler-1018 b,Kepler-1018,2016,2.58,49.1013514,0.253,498.0,0.0,5518.0,0.88,0.91,1,1,Transit,7.18
Kepler-102 b,Kepler-102,2014,0.46,5.286965,0.05521,857.0,0.1,4909.0,0.724,0.803,1,5,Transit,1.1
Kepler-102 c,Kepler-102,2014,0.567,7.071392,0.06702,777.0,0.094,4909.0,0.724,0.803,1,5,Transit,1.7
Kepler-102 d,Kepler-102,2014,1.154,10.311767,0.08618,686.0,0.092,4909.0,0.724,0.803,1,5,Transit,3.0
Kepler-102 e,Kepler-102,2013,2.17,16.1456994,0.1162,590.0,0.089,4909.0,0.724,0.803,1,5,Transit,4.7
Kepler-102 f,Kepler-102,2014,0.861,27.453592,0.1656,495.0,0.1,4909.0,0.724,0.803,1,5,Transit,4.3
Kepler-1020 b,Kepler-1020,2016,2.28,96.9151496,0.37594,325.0,0.0,5227.0,0.8,0.87,1,1,Transit,5.82
Kepler-1021 b,Kepler-1021,2016,2.33,13.47469571,0.1034,634.0,0.0,5431.0,0.86,0.89,1,1,Transit,6.04
Kepler-1022 b,Kepler-1022,2016,2.36,10.99469878,0.0805,512.0,0.0,4445.0,0.68,0.71,1,1,Transit,6.17
Kepler-1024 b,Kepler-1024,2016,3.91,66.4162133,0.3033,376.0,0.0,5143.0,0.78,0.81,1,1,Transit,14.5
Kepler-1025 b,Kepler-1025,2016,1.98,37.3229493,0.21607,1654.0,0.0,6089.0,1.13,1.09,1,1,Transit,4.58
Kepler-1026 b,Kepler-1026,2016,2.21,36.5156053,0.1977,425.0,0.0,4948.0,0.75,0.79,1,1,Transit,5.52
Kepler-1027 b,Kepler-1027,2016,0.89,1.907805199,0.02911,1268.0,0.0,5436.0,0.82,0.91,2,1,Transit,0.64
Kepler-1028 b,Kepler-1028,2016,1.33,2.51462432,0.0354,1217.0,0.0,5522.0,0.87,0.9,1,1,Transit,2.33
Kepler-103 b,Kepler-103,2014,3.4857,15.9653287,0.133,973.0,0.171,6047.0,1.492,1.212,1,2,Transit,11.67
Kepler-1030 b,Kepler-1030,2016,2.48,19.32952416,0.1338,529.0,0.0,4983.0,0.76,0.8,1,1,Transit,6.71
Kepler-1031 b,Kepler-1031,2016,0.87,1.22621732,0.0218,2024.0,0.0,6011.0,1.12,1.09,1,1,Transit,0.59
Kepler-1032 b,Kepler-1032,2016,1.87,3.290117953,0.0361,802.0,0.0,4647.0,0.71,0.77,1,1,Transit,4.16
Kepler-1033 b,Kepler-1033,2016,2.51,7.56052806,0.0761,914.0,0.0,5547.0,0.92,0.94,1,1,Transit,6.85
Kepler-1034 b,Kepler-1034,2016,2.26,12.12400943,0.0965,675.0,0.0,5198.0,0.8,0.83,1,1,Transit,5.73
Kepler-1035 b,Kepler-1035,2016,1.17,2.714077555,0.03883,1301.0,0.0,5763.0,0.97,0.98,1,1,Transit,1.71
Kepler-1036 b,Kepler-1036,2016,3.01,122.8808058,0.47726,326.0,0.0,5533.0,0.89,0.95,1,1,Transit,9.32
Kepler-1037 b,Kepler-1037,2016,1.28,1.063788673,0.0198,1650.0,0.0,5105.0,0.78,0.82,1,1,Transit,2.18
Kepler-1038 b,Kepler-1038,2016,3.53,148.4603382,0.5238,285.0,0.0,5335.0,0.83,0.87,1,2,Transit,12.2
Kepler-104 b,Kepler-104,2014,3.1,11.427548,0.094,852.0,0.0,5711.0,1.349,0.818,2,3,Transit,19.6
Kepler-104 c,Kepler-104,2014,3.13,23.668205,0.153,668.0,0.0,5711.0,1.349,0.818,2,3,Transit,7.14430805
Kepler-104 d,Kepler-104,2014,3.58,51.755394,0.257,515.0,0.0,5711.0,1.349,0.818,2,3,Transit,5.54022107
Kepler-1040 b,Kepler-1040,2016,2.08,201.1214,0.67249,300.0,0.0,5694.0,0.96,0.98,1,1,Transit,4.98
Kepler-1041 b,Kepler-1041,2016,2.94,24.7576421,0.1688,644.0,0.0,5957.0,1.08,1.06,1,1,Transit,8.96
Kepler-1042 b,Kepler-1042,2016,2.19,10.13202575,0.0756,574.0,0.0,4815.0,0.72,0.75,1,1,Transit,5.43
Kepler-1043 b,Kepler-1043,2016,2.55,38.5053398,0.2159,532.0,0.0,5629.0,0.9,0.92,1,1,Transit,7.04
Kepler-1044 b,Kepler-1044,2016,2.67,6.77408868,0.0741,1058.0,0.0,5985.0,1.11,1.08,1,1,Transit,7.61
Kepler-1045 b,Kepler-1045,2016,2.69,26.41045478,0.1616,512.0,0.0,5301.0,0.82,0.86,1,1,Transit,7.7
Kepler-1046 b,Kepler-1046,2016,1.71,14.37508035,0.11858,786.0,0.0,5913.0,1.04,1.04,1,1,Transit,3.57
Kepler-1047 b,Kepler-1047,2016,2.09,56.1886887,0.29871,503.0,0.0,5754.0,1.13,1.08,1,2,Transit,5.02
Kepler-1047 c,Kepler-1047,2016,0.99,3.18897601,0.04413,1309.0,0.0,5754.0,1.13,1.08,1,2,Transit,0.937
Kepler-1048 b,Kepler-1048,2016,1.61,6.92101021,0.059,619.0,0.0,4651.0,0.7,0.75,1,1,Transit,3.22
Kepler-1049 b,Kepler-1049,2016,0.95,3.273460736,0.0349,625.0,0.0,3864.0,0.49,0.51,1,1,Transit,0.809
Kepler-105 b,Kepler-105,2013,2.53,5.4122034,0.06016,1418.0,0.02,5933.0,1.026,0.991,1,2,Transit,10.8
Kepler-105 c,Kepler-105,2014,1.44,7.12592,0.07229,997.0,0.02,5933.0,1.026,0.991,1,2,Transit,5.6
Kepler-1050 b,Kepler-1050,2016,1.6,15.3787546,0.12353,1039.0,0.0,6010.0,1.13,1.09,1,2,Transit,3.19
Kepler-1052 b,Kepler-1052,2016,2.93,34.8538276,0.20988,522.0,0.0,5888.0,1.03,1.03,1,2,Transit,8.91
Kepler-1053 b,Kepler-1053,2016,0.98,2.414351654,0.0315,953.0,0.0,4529.0,0.69,0.74,1,1,Transit,0.904
Kepler-1054 b,Kepler-1054,2016,2.63,4.30655689,0.05542,1177.0,0.0,6209.0,1.34,1.22,1,1,Transit,7.41
Kepler-1055 b,Kepler-1055,2016,1.23,2.295036233,0.0335,1304.0,0.0,5723.0,0.94,0.98,1,1,Transit,2.04
Kepler-1056 b,Kepler-1056,2016,3.01,27.495606,0.1629,590.0,0.0,6127.0,1.2,1.12,1,1,Transit,9.32
Kepler-1057 b,Kepler-1057,2016,3.36,14.08827448,0.1138,724.0,0.0,5987.0,1.1,1.07,1,1,Transit,11.2
Kepler-106 b,Kepler-106,2014,0.82,6.16486,0.06491,1021.0,0.0,5858.0,1.04,1.0,1,4,Transit,5.3
Kepler-106 c,Kepler-106,2014,2.5,13.5708,0.10987,785.0,0.0,5858.0,1.04,1.0,1,4,Transit,10.44
Kepler-106 d,Kepler-106,2014,0.95,23.9802,0.16063,649.0,0.0,5858.0,1.04,1.0,1,4,Transit,8.1
Kepler-1060 b,Kepler-1060,2016,2.38,46.8779367,0.2495,484.0,0.0,5797.0,0.99,0.99,1,1,Transit,6.26
Kepler-1061 b,Kepler-1061,2016,1.98,2.757982666,0.0388,1332.0,0.0,6067.0,1.07,1.09,1,1,Transit,4.58
Kepler-1062 b,Kepler-1062,2016,1.76,9.30412078,0.0748,583.0,0.0,4597.0,0.7,0.75,1,1,Transit,3.75
Kepler-1063 b,Kepler-1063,2016,1.49,14.07971466,0.1176,931.0,0.0,5945.0,1.14,1.09,2,1,Transit,2.83
Kepler-1064 b,Kepler-1064,2016,1.55,16.54080322,0.1183,570.0,0.0,5153.0,0.79,0.85,1,1,Transit,3.02
Kepler-1065 b,Kepler-1065,2016,3.73,3.609308907,0.0455,1092.0,0.0,5635.0,0.93,0.94,1,2,Transit,13.4
Kepler-1065 c,Kepler-1065,2016,1.6,2.37030743,0.0344,1256.0,0.0,5635.0,0.93,0.94,1,2,Transit,3.19
Kepler-1067 b,Kepler-1067,2016,0.8,0.762129261,0.0164,1872.0,0.0,5592.0,0.93,0.95,1,2,Transit,0.437
Kepler-1067 c,Kepler-1067,2021,1.74682428,5.425839901,0.06069,973.0,0.0,5594.0,0.934,0.981,1,2,Transit,3.7
Kepler-1068 b,Kepler-1068,2016,3.63,16.92344113,0.13038,702.0,0.0,5806.0,1.01,1.01,1,1,Transit,12.8
Kepler-1069 b,Kepler-1069,2016,1.6,23.8990296,0.16587,823.0,0.0,5722.0,0.98,0.99,1,1,Transit,3.19
Kepler-107 c,Kepler-107,2014,1.597,4.901452,0.06064,1378.0,0.08,5854.0,1.447,1.238,1,4,Transit,10.0
Kepler-107 d,Kepler-107,2014,0.86,7.95839,0.08377,1173.0,0.11,5854.0,1.447,1.238,1,4,Transit,7.7
Kepler-107 e,Kepler-107,2014,2.903,14.749143,0.12638,955.0,0.1,5854.0,1.447,1.238,1,4,Transit,14.1
Kepler-1070 b,Kepler-1070,2016,1.73,6.2216147,0.06753,1101.0,0.0,6261.0,1.32,1.21,1,1,Transit,3.64
Kepler-1071 b,Kepler-1071,2016,2.38,6.1799844,0.0629,814.0,0.0,5215.0,0.81,0.86,1,1,Transit,6.26
Kepler-1072 b,Kepler-1072,2016,1.58,1.569066502,0.02742,1849.0,0.0,6199.0,1.32,1.2,1,1,Transit,3.12
Kepler-1073 b,Kepler-1073,2016,2.3,8.67888593,0.0805,905.0,0.0,5792.0,1.0,1.0,1,3,Transit,5.9
Kepler-1073 c,Kepler-1073,2016,1.64,4.02582254,0.0483,1169.0,0.0,5792.0,1.0,1.0,1,3,Transit,3.33
Kepler-1074 b,Kepler-1074,2016,1.25,5.94566534,0.0536,568.0,0.0,4002.0,0.57,0.6,1,1,Transit,2.1
Kepler-1075 b,Kepler-1075,2016,1.42,1.52372816,0.0208,818.0,0.0,3959.0,0.54,0.56,1,1,Transit,2.6
Kepler-1076 b,Kepler-1076,2016,0.8,6.14727918,0.0611,770.0,0.0,4868.0,0.74,0.79,1,1,Transit,0.437
Kepler-1077 b,Kepler-1077,2016,2.77,34.3511874,0.2101,576.0,0.0,5816.0,1.02,1.02,1,1,Transit,8.1
Kepler-1078 b,Kepler-1078,2016,1.9,3.00725242,0.0388,1122.0,0.0,5612.0,0.92,0.94,1,1,Transit,4.27
Kepler-1079 b,Kepler-1079,2016,1.63,13.24503188,0.1092,887.0,0.0,5758.0,1.36,1.08,1,1,Transit,3.29
Kepler-108 b,Kepler-108,2014,8.65,49.183921,0.292,669.0,0.22,5854.0,2.192,1.247,2,2,Transit,56.0
Kepler-108 c,Kepler-108,2014,8.18,190.323494,0.721,426.0,0.04,5854.0,2.192,1.247,2,2,Transit,50.9
Kepler-1080 b,Kepler-1080,2016,3.28,77.2548396,0.3781,548.0,0.0,5956.0,1.16,1.1,1,1,Transit,10.8
Kepler-1082 b,Kepler-1082,2016,1.12,1.543206604,0.02571,1827.0,0.0,5923.0,1.14,1.03,1,1,Transit,1.46
Kepler-1083 b,Kepler-1083,2016,3.36,33.4177993,0.1899,448.0,0.0,5049.0,0.77,0.81,1,1,Transit,11.2
Kepler-1084 b,Kepler-1084,2016,1.11,2.05333679,0.0324,1737.0,0.0,6113.0,1.28,1.12,1,1,Transit,1.41
Kepler-1085 b,Kepler-1085,2016,7.22,219.3217528,0.73361,313.0,0.0,6000.0,1.14,1.11,1,2,Transit,41.2
Kepler-1085 c,Kepler-1085,2020,3.26817741,56.7771,0.29798,491.0,0.0,5816.0,1.0783,1.05,1,2,Transit,10.7
Kepler-1087 b,Kepler-1087,2016,0.61,0.693842855,0.01554,2161.0,0.0,5589.0,0.94,0.96,1,1,Transit,0.165
Kepler-1088 b,Kepler-1088,2016,1.42,23.12748644,0.16163,667.0,0.0,5975.0,1.08,1.08,1,1,Transit,2.6
Kepler-1089 b,Kepler-1089,2016,1.83,5.132485618,0.0497,584.0,0.0,3753.0,0.49,0.52,1,1,Transit,4.01
Kepler-109 b,Kepler-109,2014,2.49,6.4816307,0.0701,1276.0,0.11,5950.0,1.387,1.094,1,2,Transit,4.9
Kepler-109 c,Kepler-109,2014,2.65,21.22265,0.1546,859.0,0.098,5950.0,1.387,1.094,1,2,Transit,8.2
Kepler-1090 b,Kepler-1090,2016,2.25,198.680179,0.63323,297.0,0.0,5321.0,0.82,0.86,1,2,Transit,5.69
Kepler-1091 b,Kepler-1091,2016,1.46,1.434741564,0.0252,1664.0,0.0,5851.0,1.03,1.01,1,1,Transit,2.73
Kepler-1092 b,Kepler-1092,2016,2.07,58.6017925,0.2996,508.0,0.0,5862.0,1.0,0.99,1,1,Transit,4.94
Kepler-1093 b,Kepler-1093,2016,1.95,25.0824626,0.17543,776.0,0.0,6166.0,1.2,1.13,1,2,Transit,4.46
Kepler-1093 c,Kepler-1093,2016,1.96,89.722292,0.41037,508.0,0.0,6166.0,1.2,1.13,1,2,Transit,4.5
Kepler-1094 b,Kepler-1094,2016,3.18,78.1000231,0.3625,480.0,0.0,6112.0,1.21,1.14,1,1,Transit,10.2
Kepler-1095 b,Kepler-1095,2016,1.21,4.27103091,0.0514,1108.0,0.0,5658.0,0.92,0.94,1,1,Transit,1.92
Kepler-1096 b,Kepler-1096,2016,1.24,2.892217506,0.034,794.0,0.0,4306.0,0.63,0.66,1,1,Transit,2.07
Kepler-1097 b,Kepler-1097,2016,3.26,187.747029,0.5791,267.0,0.0,5211.0,0.79,0.82,1,1,Transit,10.7
Kepler-1098 b,Kepler-1098,2016,1.3,2.543072855,0.0358,1319.0,0.0,5794.0,0.99,0.99,1,1,Transit,2.24
Kepler-1099 b,Kepler-1099,2016,2.83,2.168452593,0.0337,1558.0,0.0,5837.0,1.0,1.01,1,1,Transit,8.4
Kepler-11 b,Kepler-11,2010,1.8,10.3039,0.091,849.0,0.045,5663.0,1.065,0.961,1,6,Transit,1.9
Kepler-11 c,Kepler-11,2010,2.87,13.0241,0.107,786.0,0.026,5663.0,1.065,0.961,1,6,Transit,2.9
Kepler-11 d,Kepler-11,2010,3.12,22.6845,0.155,653.0,0.004,5663.0,1.065,0.961,1,6,Transit,7.3
Kepler-11 f,Kepler-11,2010,2.49,46.6888,0.25,513.0,0.013,5663.0,1.065,0.961,1,6,Transit,2.0
Kepler-11 g,Kepler-11,2010,3.33,118.3807,0.466,376.0,0.15,5663.0,1.065,0.961,1,6,Transit,25.0
Kepler-110 c,Kepler-110,2014,2.21,31.719775,0.198,743.0,0.0,5960.0,1.149,0.989,1,2,Transit,5.52
Kepler-1100 b,Kepler-1100,2016,1.75,6.42200058,0.06745,1000.0,0.0,6247.0,1.34,1.21,1,1,Transit,3.71
Kepler-1101 b,Kepler-1101,2016,2.47,81.3151059,0.3483,393.0,0.0,5614.0,0.91,0.94,1,1,Transit,6.66
Kepler-1102 b,Kepler-1102,2016,2.66,51.3285623,0.2731,546.0,0.0,5724.0,0.94,0.96,1,1,Transit,7.56
Kepler-1103 b,Kepler-1103,2016,2.27,19.79191978,0.15336,736.0,0.0,6092.0,1.15,1.11,1,1,Transit,5.77
Kepler-1104 b,Kepler-1104,2016,1.23,5.03728015,0.06321,1321.0,0.0,6417.0,1.41,1.3,1,1,Transit,2.04
Kepler-1105 b,Kepler-1105,2016,2.01,4.421572182,0.0471,729.0,0.0,4299.0,0.68,0.71,1,1,Transit,4.7
Kepler-1106 b,Kepler-1106,2016,1.65,1.252752174,0.0239,2199.0,0.0,6104.0,1.17,1.11,1,1,Transit,3.36
Kepler-1107 b,Kepler-1107,2016,1.34,0.571038518,0.01285,1897.0,0.0,5268.0,0.82,0.86,1,1,Transit,2.36
Kepler-1108 b,Kepler-1108,2016,1.46,4.51005748,0.0511,1063.0,0.0,5406.0,0.84,0.88,1,1,Transit,2.73
Kepler-1109 b,Kepler-1109,2016,2.19,37.6467384,0.2466,787.0,0.0,5893.0,1.06,1.05,1,1,Transit,5.43
Kepler-111 b,Kepler-111,2014,1.58,3.341815,0.046,1356.0,0.0,5952.0,1.157,1.171,1,2,Transit,3.12
Kepler-1110 b,Kepler-1110,2016,2.66,9.69312032,0.0754,609.0,0.0,4781.0,0.7,0.73,1,1,Transit,7.56
Kepler-1111 b,Kepler-1111,2016,2.0,8.79617863,0.0872,938.0,0.0,6077.0,1.15,1.1,1,1,Transit,4.66
Kepler-1112 b,Kepler-1112,2016,3.02,14.36267939,0.1239,918.0,0.0,6496.0,1.54,1.34,1,1,Transit,9.38
Kepler-1113 b,Kepler-1113,2016,2.81,42.3004954,0.2415,558.0,0.0,5931.0,1.17,1.12,1,1,Transit,8.3
Kepler-1114 b,Kepler-1114,2016,1.35,14.97435694,0.11056,631.0,0.0,5374.0,0.83,0.87,1,1,Transit,2.39
Kepler-1119 b,Kepler-1119,2016,1.92,8.3265153,0.0812,938.0,0.0,6083.0,1.17,1.11,1,1,Transit,4.35
Kepler-1120 b,Kepler-1120,2016,1.38,2.949029052,0.0369,1027.0,0.0,4904.0,0.74,0.78,1,1,Transit,2.48
Kepler-1121 b,Kepler-1121,2016,1.91,13.15141081,0.11818,1008.0,0.0,6231.0,1.59,1.29,1,1,Transit,4.31
Kepler-1123 b,Kepler-1123,2016,1.67,4.33946454,0.0497,1061.0,0.0,5500.0,0.9,0.93,1,1,Transit,3.43
Kepler-1124 b,Kepler-1124,2016,1.28,2.852348975,0.0305,621.0,0.0,3658.0,0.34,0.35,1,1,Transit,2.18
Kepler-1126 b,Kepler-1126,2016,1.73,108.593329,0.41251,374.0,0.0,5798.0,0.93,0.92,1,2,Transit,3.64
Kepler-1128 b,Kepler-1128,2016,3.65,61.6178167,0.302,424.0,0.0,5543.0,0.91,0.94,1,1,Transit,12.9
Kepler-1129 b,Kepler-1129,2016,2.96,24.3397804,0.16481,737.0,0.0,5831.0,1.0,1.0,1,2,Transit,9.06
Kepler-1129 c,Kepler-1129,2016,2.73,76.5369586,0.35367,503.0,0.0,5831.0,1.0,1.0,1,2,Transit,7.9
Kepler-113 b,Kepler-113,2014,1.82,4.754,0.05123,775.0,0.0,4725.0,0.69,0.75,1,2,Transit,11.7
Kepler-113 c,Kepler-113,2014,2.18,8.92507,0.07796,628.0,0.0,4725.0,0.69,0.75,1,2,Transit,8.7
Kepler-1130 b,Kepler-1130,2016,0.8,5.45298175,0.05963,904.0,0.0,5403.0,0.81,0.9,2,3,Transit,0.437
Kepler-1130 d,Kepler-1130,2021,0.64472273,4.272250175,0.05068,981.0,0.0,5450.0,0.842,0.944,2,3,Transit,0.202
Kepler-1131 b,Kepler-1131,2016,1.59,3.53232449,0.0459,1159.0,0.0,5851.0,1.04,1.03,1,1,Transit,3.15
Kepler-1132 b,Kepler-1132,2016,2.35,62.8916228,0.2881,384.0,0.0,5298.0,0.83,0.87,1,1,Transit,6.12
Kepler-1133 b,Kepler-1133,2016,1.97,11.55562343,0.0983,703.0,0.0,5569.0,0.9,0.93,1,1,Transit,4.54
Kepler-1134 b,Kepler-1134,2016,2.64,17.13263989,0.1242,611.0,0.0,5281.0,0.81,0.84,1,1,Transit,7.46
Kepler-1135 b,Kepler-1135,2016,1.85,76.957857,0.3436,451.0,0.0,5656.0,0.94,0.96,1,1,Transit,4.08
Kepler-1136 b,Kepler-1136,2016,1.64,2.361724329,0.0299,922.0,0.0,4512.0,0.68,0.72,1,1,Transit,3.33
Kepler-1139 b,Kepler-1139,2016,1.19,0.813166719,0.01664,1693.0,0.0,5550.0,0.91,0.94,1,1,Transit,1.81
Kepler-114 b,Kepler-114,2014,1.26,5.188549,0.053,586.0,0.0,4605.0,0.667,0.77,1,3,Transit,1.09
Kepler-114 c,Kepler-114,2013,1.6,8.041,0.06482,507.0,0.0,4660.0,0.54,0.56,1,3,Transit,2.8
Kepler-114 d,Kepler-114,2013,2.53,11.776,0.08358,446.0,0.0,4660.0,0.54,0.56,1,3,Transit,3.9
Kepler-1140 b,Kepler-1140,2016,2.77,24.0862707,0.1478,500.0,0.0,4850.0,0.73,0.76,1,1,Transit,8.1
Kepler-1141 b,Kepler-1141,2016,0.82,2.344511944,0.03496,1471.0,0.0,5791.0,1.07,1.01,1,1,Transit,0.477
Kepler-1142 b,Kepler-1142,2016,1.47,18.3027248,0.1343,902.0,0.0,5685.0,0.96,0.97,1,1,Transit,2.76
Kepler-1143 b,Kepler-1143,2016,1.67,2.888904849,0.0371,976.0,0.0,5053.0,0.77,0.81,1,2,Transit,3.43
Kepler-1143 c,Kepler-1143,2016,3.6,210.630591,0.6477,234.0,0.0,5053.0,0.77,0.81,1,2,Transit,12.6
Kepler-1144 b,Kepler-1144,2016,1.99,17.14647302,0.1291,811.0,0.0,5753.0,0.96,0.98,1,1,Transit,4.62
Kepler-1145 b,Kepler-1145,2016,1.4,3.97076766,0.0443,958.0,0.0,5064.0,0.75,0.79,1,1,Transit,2.54
Kepler-1147 b,Kepler-1147,2016,2.61,10.62784997,0.0961,872.0,0.0,5941.0,1.14,1.09,1,1,Transit,7.32
Kepler-1148 b,Kepler-1148,2016,1.69,1.104463509,0.0188,1397.0,0.0,5054.0,0.77,0.81,1,1,Transit,3.5
Kepler-115 b,Kepler-115,2014,1.09,2.403679,0.036,1489.0,0.0,5979.0,1.205,1.042,1,2,Transit,1.32
Kepler-115 c,Kepler-115,2014,2.6,8.990889,0.087,960.0,0.0,5979.0,1.205,1.042,1,2,Transit,7.27
Kepler-1150 b,Kepler-1150,2016,1.02,2.787868386,0.0382,1432.0,0.0,4754.0,0.72,0.76,2,1,Transit,1.04
Kepler-1152 b,Kepler-1152,2016,0.87,1.646801908,0.0223,806.0,0.0,3964.0,0.53,0.55,1,1,Transit,0.59
Kepler-1153 b,Kepler-1153,2016,1.73,1.755835327,0.0277,1343.0,0.0,5470.0,0.88,0.91,1,1,Transit,3.64
Kepler-1154 b,Kepler-1154,2016,2.34,5.1856142,0.0631,1314.0,0.0,6327.0,1.43,1.26,1,2,Transit,6.08
Kepler-1156 b,Kepler-1156,2016,1.32,11.89520511,0.09704,787.0,0.0,5778.0,1.0,1.0,1,1,Transit,2.3
Kepler-1157 b,Kepler-1157,2016,1.09,4.45743164,0.0448,732.0,0.0,4679.0,0.71,0.76,1,1,Transit,1.32
Kepler-1159 b,Kepler-1159,2016,2.37,22.70816791,0.1603,677.0,0.0,6217.0,1.28,1.19,1,1,Transit,6.21
Kepler-116 b,Kepler-116,2014,3.42,5.968734,0.069,1251.0,0.0,6142.0,1.454,1.198,1,2,Transit,11.6
Kepler-116 c,Kepler-116,2014,2.3,13.07163,0.116,964.0,0.0,6142.0,1.454,1.198,1,2,Transit,5.9
Kepler-1160 b,Kepler-1160,2016,2.14,7.97034958,0.0755,839.0,0.0,5519.0,0.89,0.92,1,1,Transit,5.22
Kepler-1161 b,Kepler-1161,2016,2.13,10.71252541,0.0784,485.0,0.0,4253.0,0.57,0.59,1,1,Transit,5.18
Kepler-1162 b,Kepler-1162,2016,2.21,32.5637069,0.19,490.0,0.0,5390.0,0.84,0.89,1,2,Transit,5.52
Kepler-1163 b,Kepler-1163,2016,1.03,6.11786898,0.06868,1211.0,0.0,6302.0,1.35,1.22,1,1,Transit,1.08
Kepler-1164 b,Kepler-1164,2016,1.12,3.97599768,0.04635,936.0,0.0,5183.0,0.79,0.85,1,1,Transit,1.46
Kepler-1165 b,Kepler-1165,2016,1.55,9.478522,0.0914,946.0,0.0,6080.0,1.18,1.13,1,2,Transit,3.02
Kepler-1165 c,Kepler-1165,2021,3.36093385,29.96870041,0.1969,644.0,0.0,6249.0,1.076,1.13,1,2,Transit,11.2
Kepler-1166 b,Kepler-1166,2016,1.69,33.2406882,0.1975,486.0,0.0,5446.0,0.86,0.9,1,1,Transit,3.5
Kepler-1167 b,Kepler-1167,2016,1.71,1.003933739,0.0175,1419.0,0.0,4971.0,0.75,0.79,1,1,Transit,3.57
Kepler-1168 b,Kepler-1168,2016,2.5,55.8226539,0.2663,379.0,0.0,5157.0,0.82,0.87,1,1,Transit,6.8
Kepler-1169 b,Kepler-1169,2016,0.94,6.11009134,0.06931,1125.0,0.0,6191.0,1.23,1.24,1,1,Transit,0.779
Kepler-117 b,Kepler-117,2014,8.059,18.7959228,0.1445,984.0,0.0493,6150.0,1.606,1.129,1,2,Transit,29.875
Kepler-117 c,Kepler-117,2014,12.341,50.790391,0.2804,704.0,0.0323,6150.0,1.606,1.129,1,2,Transit,584.78
Kepler-1170 b,Kepler-1170,2016,2.41,9.98969327,0.088,705.0,0.0,5069.0,0.76,0.8,1,1,Transit,6.39
Kepler-1171 b,Kepler-1171,2016,2.56,1.44259224,0.0284,2700.0,0.0,7044.0,1.95,1.58,1,1,Transit,7.08
Kepler-1172 b,Kepler-1172,2016,3.2,26.0204423,0.168,675.0,0.0,5558.0,0.89,0.92,1,1,Transit,10.3
Kepler-1173 b,Kepler-1173,2016,0.89,0.7698536,0.0156,1650.0,0.0,5252.0,0.82,0.86,1,1,Transit,0.64
Kepler-1174 b,Kepler-1174,2016,1.59,6.89225223,0.0732,1156.0,0.0,5936.0,1.04,1.04,1,1,Transit,3.15
Kepler-1175 b,Kepler-1175,2016,2.99,37.94563,0.2181,515.0,0.0,5453.0,0.86,0.9,1,1,Transit,9.22
Kepler-1177 b,Kepler-1177,2016,1.9,106.247547,0.4301,377.0,0.0,5712.0,0.97,0.98,1,1,Transit,4.27
Kepler-1178 b,Kepler-1178,2016,1.07,31.80634,0.1596,378.0,0.0,4990.0,0.75,0.8,1,1,Transit,1.24
Kepler-1179 b,Kepler-1179,2016,1.32,2.685057492,0.03497,1137.0,0.0,5212.0,0.81,0.84,1,1,Transit,2.3
Kepler-118 b,Kepler-118,2014,1.96,7.518496,0.073,784.0,0.0,5274.0,1.094,0.811,1,2,Transit,4.5
Kepler-118 c,Kepler-118,2014,7.68,20.17202,0.141,564.0,0.0,5274.0,1.094,0.811,1,2,Transit,45.7
Kepler-1180 b,Kepler-1180,2016,1.99,16.8601286,0.1246,765.0,0.0,6077.0,1.14,1.09,1,1,Transit,4.62
Kepler-1181 b,Kepler-1181,2016,1.57,4.89337519,0.0621,1374.0,0.0,6176.0,1.3,1.17,1,2,Transit,3.09
Kepler-1181 c,Kepler-1181,2023,1.83,8.93484887,0.0928,1124.0,0.0,6688.0,1.347,1.336,1,2,Transit,4.01
Kepler-1182 b,Kepler-1182,2016,2.41,11.17394617,0.0981,796.0,0.0,5924.0,1.05,1.04,1,1,Transit,6.39
Kepler-1183 b,Kepler-1183,2016,2.82,28.5057189,0.1793,555.0,0.0,5765.0,0.99,1.0,1,1,Transit,8.35
Kepler-1184 b,Kepler-1184,2016,2.68,53.5991044,0.2863,529.0,0.0,5983.0,1.07,1.05,1,1,Transit,7.65
Kepler-1186 b,Kepler-1186,2016,2.23,16.07677615,0.1281,724.0,0.0,5635.0,0.93,0.95,1,1,Transit,5.6
Kepler-1187 b,Kepler-1187,2016,2.61,18.87064068,0.1401,701.0,0.0,5975.0,1.09,1.06,1,1,Transit,7.32
Kepler-1188 b,Kepler-1188,2016,2.08,17.1369543,0.135,775.0,0.0,5913.0,1.06,1.04,1,1,Transit,4.98
Kepler-1189 b,Kepler-1189,2016,1.77,3.78858982,0.0467,1158.0,0.0,6012.0,1.16,1.11,1,1,Transit,3.78
Kepler-119 b,Kepler-119,2014,3.6,2.422082,0.035,1213.0,0.0,5595.0,0.839,0.918,1,2,Transit,12.6
Kepler-119 c,Kepler-119,2014,0.92,4.125103,0.049,1016.0,0.0,5595.0,0.839,0.918,1,2,Transit,0.721
Kepler-1190 b,Kepler-1190,2016,1.33,10.45843441,0.0845,609.0,0.0,4730.0,0.72,0.76,1,1,Transit,2.33
Kepler-1191 b,Kepler-1191,2016,1.51,5.60014851,0.0587,952.0,0.0,5308.0,0.81,0.85,1,1,Transit,2.89
Kepler-1193 b,Kepler-1193,2016,1.32,2.832652134,0.04004,1453.0,0.0,5908.0,1.21,1.08,1,1,Transit,2.3
Kepler-1196 b,Kepler-1196,2016,2.23,66.1849031,0.3179,436.0,0.0,5756.0,0.97,0.98,1,1,Transit,5.6
Kepler-1199 b,Kepler-1199,2016,1.15,15.0447198,0.11309,931.0,0.0,5889.0,1.17,0.94,1,1,Transit,1.6
Kepler-12 b,Kepler-12,2011,19.660586,4.4379629,0.0553,1480.0,0.0,5947.0,1.483,1.166,1,1,Transit,137.30256
Kepler-120 b,Kepler-120,2014,2.15,6.312501,0.055,575.0,0.0,4096.0,0.534,0.654,1,2,Transit,8.5
Kepler-120 c,Kepler-120,2014,1.53,12.794585,0.088,455.0,0.0,4096.0,0.534,0.654,1,2,Transit,2.96
Kepler-1200 b,Kepler-1200,2016,1.06,1.118549717,0.0188,1174.0,0.0,4612.0,0.7,0.74,1,1,Transit,1.2
Kepler-1201 b,Kepler-1201,2016,2.29,15.18725932,0.1183,789.0,0.0,6177.0,1.24,1.15,1,1,Transit,5.86
Kepler-1202 b,Kepler-1202,2016,2.94,28.6851324,0.179,547.0,0.0,5834.0,1.04,1.03,1,1,Transit,8.96
Kepler-1203 b,Kepler-1203,2016,1.06,0.588000765,0.0114,1188.0,0.0,4105.0,0.61,0.64,1,1,Transit,1.2
Kepler-1204 b,Kepler-1204,2016,3.05,85.7350285,0.3877,448.0,0.0,5825.0,1.03,1.03,1,1,Transit,9.53
Kepler-1205 b,Kepler-1205,2016,1.41,1.078390352,0.0196,1667.0,0.0,5226.0,0.81,0.84,1,1,Transit,2.57
Kepler-1206 b,Kepler-1206,2016,1.64,1.216997663,0.0201,1314.0,0.0,4877.0,0.75,0.8,1,1,Transit,3.33
Kepler-1207 b,Kepler-1207,2016,1.62,13.68237119,0.1156,802.0,0.0,5909.0,1.06,1.06,1,1,Transit,3.26
Kepler-1208 b,Kepler-1208,2016,2.32,11.08507637,0.0901,665.0,0.0,5001.0,0.76,0.8,1,1,Transit,5.99
Kepler-1209 b,Kepler-1209,2016,1.51,25.369116,0.17515,755.0,0.0,6210.0,1.38,1.23,1,1,Transit,2.89
Kepler-121 b,Kepler-121,2014,2.34,3.177422,0.039,997.0,0.0,5311.0,0.701,0.859,1,2,Transit,6.08
Kepler-121 c,Kepler-121,2014,2.27,41.008011,0.216,425.0,0.0,5311.0,0.701,0.859,1,2,Transit,5.77
Kepler-1210 b,Kepler-1210,2016,1.7,8.07124073,0.0753,856.0,0.0,5568.0,0.92,0.94,1,1,Transit,3.53
Kepler-1211 b,Kepler-1211,2016,2.55,11.01816836,0.09763,840.0,0.0,5705.0,0.94,0.96,1,1,Transit,7.04
Kepler-1212 b,Kepler-1212,2016,2.14,12.94130146,0.1082,795.0,0.0,6051.0,1.15,1.1,1,1,Transit,5.22
Kepler-1213 b,Kepler-1213,2016,1.19,5.34982412,0.06026,1156.0,0.0,6050.0,1.21,1.14,1,1,Transit,1.81
Kepler-1214 b,Kepler-1214,2016,2.36,18.82634264,0.128,591.0,0.0,5130.0,0.8,0.85,1,1,Transit,6.17
Kepler-1215 b,Kepler-1215,2016,1.22,4.76703963,0.0528,1046.0,0.0,5616.0,0.93,0.95,1,1,Transit,1.98
Kepler-1216 b,Kepler-1216,2016,1.39,4.37034536,0.0519,1191.0,0.0,5743.0,0.98,0.99,1,1,Transit,2.51
Kepler-1218 b,Kepler-1218,2016,1.44,22.9221266,0.15698,684.0,0.0,5986.0,1.1,1.06,1,1,Transit,2.67
Kepler-1219 b,Kepler-1219,2016,2.12,16.10467749,0.14146,1159.0,0.0,5944.0,1.94,1.25,1,1,Transit,5.14
Kepler-122 b,Kepler-122,2014,2.34,5.766193,0.064,1159.0,0.0,6050.0,1.216,0.982,1,5,Transit,6.08
Kepler-122 c,Kepler-122,2014,5.87,12.465988,0.108,897.0,0.0,6050.0,1.216,0.982,1,5,Transit,29.0
Kepler-122 d,Kepler-122,2014,2.2,21.587475,0.155,747.0,0.0,6050.0,1.216,0.982,1,5,Transit,5.48
Kepler-122 e,Kepler-122,2014,2.6,37.993273,0.227,618.0,0.0,6050.0,1.216,0.982,1,5,Transit,27.7
Kepler-122 f,Kepler-122,2014,1.75,56.268,0.28575,543.0,0.0,5917.0,0.949,1.03,1,5,Transit,36.0
Kepler-1220 b,Kepler-1220,2016,1.52,7.42693741,0.0734,899.0,0.0,5842.0,0.99,1.0,1,1,Transit,2.92
Kepler-1221 b,Kepler-1221,2016,1.88,12.00096042,0.0906,632.0,0.0,5194.0,0.82,0.87,1,1,Transit,4.19
Kepler-1222 b,Kepler-1222,2016,0.79,1.916944254,0.02801,1246.0,0.0,5239.0,0.8,0.84,1,1,Transit,0.418
Kepler-1223 b,Kepler-1223,2016,1.22,16.301259,0.1186,557.0,0.0,4870.0,0.75,0.8,1,1,Transit,1.98
Kepler-1224 b,Kepler-1224,2016,1.33,13.32351601,0.11625,872.0,0.0,6155.0,1.22,1.18,1,1,Transit,2.33
Kepler-1225 b,Kepler-1225,2016,1.82,7.01075434,0.0771,1453.0,0.0,6140.0,1.19,1.13,1,1,Transit,3.97
Kepler-1226 b,Kepler-1226,2016,1.45,17.2923453,0.13945,809.0,0.0,5923.0,1.02,1.02,1,1,Transit,2.7
Kepler-123 b,Kepler-123,2014,2.94,17.232366,0.135,817.0,0.0,6089.0,1.264,1.079,1,2,Transit,55.3
Kepler-123 c,Kepler-123,2014,1.48,26.695074,0.181,706.0,0.0,6089.0,1.264,1.079,1,2,Transit,2.79
Kepler-1230 b,Kepler-1230,2016,2.71,9.95661537,0.0921,946.0,0.0,5961.0,1.08,1.06,1,1,Transit,7.8
Kepler-1231 b,Kepler-1231,2016,1.42,10.41725184,0.0914,870.0,0.0,5778.0,1.0,1.01,1,1,Transit,2.6
Kepler-1232 b,Kepler-1232,2016,1.93,26.7839183,0.16545,523.0,0.0,5471.0,0.89,0.92,1,1,Transit,4.38
Kepler-1233 b,Kepler-1233,2016,2.6,45.1263042,0.263,604.0,0.0,6198.0,1.25,1.16,1,1,Transit,7.27
Kepler-1234 b,Kepler-1234,2016,2.81,11.94014029,0.096,625.0,0.0,4967.0,0.76,0.8,1,1,Transit,8.3
Kepler-1235 b,Kepler-1235,2016,0.79,4.16055856,0.04836,985.0,0.0,5541.0,0.9,0.93,1,1,Transit,0.418
Kepler-1236 b,Kepler-1236,2016,2.14,31.0571618,0.1803,480.0,0.0,5337.0,0.82,0.86,1,1,Transit,5.22
Kepler-1237 b,Kepler-1237,2016,2.86,84.5733226,0.3778,366.0,0.0,5472.0,0.9,0.94,1,1,Transit,8.55
Kepler-1238 b,Kepler-1238,2016,1.93,4.14787559,0.0541,1389.0,0.0,6386.0,1.48,1.3,1,1,Transit,4.38
Kepler-1239 b,Kepler-1239,2016,2.9,5.19104016,0.0625,1183.0,0.0,6564.0,1.57,1.4,1,1,Transit,8.75
Kepler-124 b,Kepler-124,2014,0.73,3.410493,0.039,892.0,0.0,4984.0,0.636,0.706,1,3,Transit,0.315
Kepler-124 c,Kepler-124,2014,1.75,13.821375,0.1,560.0,0.0,4984.0,0.636,0.706,1,3,Transit,3.71
Kepler-1240 b,Kepler-1240,2016,1.15,4.8663815,0.05791,1121.0,0.0,5682.0,0.96,0.98,1,1,Transit,1.6
Kepler-1243 b,Kepler-1243,2016,1.75,16.8320729,0.1256,690.0,0.0,5667.0,0.94,0.96,1,1,Transit,3.71
Kepler-1244 b,Kepler-1244,2016,1.35,3.70428172,0.0502,1839.0,0.0,6680.0,1.77,1.46,1,1,Transit,2.39
Kepler-1245 b,Kepler-1245,2016,1.44,4.35409304,0.0484,1043.0,0.0,5306.0,0.83,0.86,1,2,Transit,2.67
Kepler-1245 c,Kepler-1245,2016,1.44,2.936584681,0.0372,1190.0,0.0,5306.0,0.83,0.86,1,2,Transit,2.67
Kepler-1246 b,Kepler-1246,2016,1.36,11.32271513,0.0848,554.0,0.0,4611.0,0.69,0.73,1,1,Transit,2.42
Kepler-1247 b,Kepler-1247,2016,2.33,13.71220213,0.1091,676.0,0.0,5303.0,0.82,0.86,1,1,Transit,6.04
Kepler-1248 b,Kepler-1248,2016,1.18,7.46725407,0.0806,1035.0,0.0,6149.0,1.21,1.21,1,1,Transit,1.76
Kepler-1249 b,Kepler-1249,2016,2.38,24.3347127,0.167,647.0,0.0,6202.0,1.28,1.19,1,1,Transit,6.26
Kepler-125 b,Kepler-125,2014,2.37,4.164389,0.041,590.0,0.0,3810.0,0.512,0.542101,1,2,Transit,6.21
Kepler-125 c,Kepler-125,2014,0.74,5.774464,0.051,529.0,0.0,3810.0,0.512,0.542101,1,2,Transit,0.33
Kepler-1250 b,Kepler-1250,2016,1.92,2.607543834,0.0393,1431.0,0.0,5717.0,0.98,0.99,1,1,Transit,4.35
Kepler-1251 b,Kepler-1251,2016,1.84,45.0904643,0.2478,487.0,0.0,5545.0,0.89,0.92,1,1,Transit,4.04
Kepler-1252 b,Kepler-1252,2016,1.67,15.0540329,0.1078,665.0,0.0,5949.0,1.09,1.06,1,1,Transit,3.43
Kepler-1253 b,Kepler-1253,2016,1.33,68.8861915,0.31444,501.0,0.0,5850.0,1.1,0.97,1,1,Transit,2.33
Kepler-1254 b,Kepler-1254,2016,1.55,9.99113313,0.0833,660.0,0.0,4985.0,0.75,0.78,1,3,Transit,3.02
Kepler-1254 c,Kepler-1254,2016,1.3,3.60084276,0.0422,927.0,0.0,4985.0,0.75,0.78,1,3,Transit,2.24
Kepler-1255 b,Kepler-1255,2016,2.32,36.2919336,0.2226,694.0,0.0,6018.0,1.12,1.08,1,1,Transit,5.99
Kepler-1256 b,Kepler-1256,2016,1.49,12.4127754,0.10733,933.0,0.0,6129.0,1.36,1.17,1,1,Transit,2.83
Kepler-1257 b,Kepler-1257,2016,1.52,2.668313762,0.0376,1252.0,0.0,5502.0,0.87,0.9,1,1,Transit,2.92
Kepler-1259 b,Kepler-1259,2016,1.43,0.663085258,0.0141,1681.0,0.0,5053.0,0.77,0.8,1,1,Transit,2.63
Kepler-126 c,Kepler-126,2014,1.58,21.869741,0.162,790.0,0.19,6239.0,1.358,1.108,1,3,Transit,1.27942148
Kepler-1263 b,Kepler-1263,2016,1.14,4.55139967,0.0499,907.0,0.0,5213.0,0.8,0.84,1,1,Transit,1.55
Kepler-1264 b,Kepler-1264,2016,1.18,0.968526023,0.01839,1677.0,0.0,5791.0,0.98,0.99,1,1,Transit,1.76
Kepler-1265 b,Kepler-1265,2016,1.35,6.49441289,0.0612,732.0,0.0,4630.0,0.69,0.71,1,1,Transit,2.39
Kepler-1266 b,Kepler-1266,2016,2.58,28.474748,0.16431,489.0,0.0,5044.0,0.76,0.8,1,2,Transit,7.18
Kepler-1266 c,Kepler-1266,2021,1.68023962,4.86631012,0.0506,881.0,0.0,4996.0,0.831,0.791,1,2,Transit,3.46
Kepler-1267 b,Kepler-1267,2016,3.01,13.0313945,0.1057,774.0,0.0,6096.0,1.2,1.15,1,1,Transit,9.32
Kepler-1268 b,Kepler-1268,2016,2.03,40.9903986,0.2383,627.0,0.0,5904.0,1.09,1.06,1,1,Transit,4.78
Kepler-1269 b,Kepler-1269,2016,1.63,37.3331536,0.23611,657.0,0.0,5998.0,1.15,1.1,1,1,Transit,3.29
Kepler-127 b,Kepler-127,2014,1.4,14.435889,0.125,884.0,0.47,6106.0,1.359,1.248,1,3,Transit,2.54
Kepler-127 c,Kepler-127,2014,2.66,29.393195,0.2,698.0,0.03,6106.0,1.359,1.248,1,3,Transit,7.56
Kepler-1271 b,Kepler-1271,2016,1.48,3.0255955,0.04233,1484.0,0.0,6143.0,1.23,1.13,1,1,Transit,2.79
Kepler-1272 b,Kepler-1272,2016,2.37,51.1309704,0.2705,542.0,0.0,5926.0,1.09,1.06,1,1,Transit,6.21
Kepler-1273 b,Kepler-1273,2016,2.49,28.625653,0.1857,573.0,0.0,5566.0,0.91,0.94,1,1,Transit,6.76
Kepler-1274 b,Kepler-1274,2016,1.42,6.98152703,0.08161,1384.0,0.0,6179.0,2.17,1.45,1,1,Transit,2.6
Kepler-1277 b,Kepler-1277,2016,1.6,40.8365012,0.21857,496.0,0.0,5578.0,0.92,0.94,1,1,Transit,3.19
Kepler-1278 b,Kepler-1278,2016,1.01,3.23941344,0.04417,1213.0,0.0,6074.0,1.16,1.11,1,1,Transit,1.01
Kepler-1279 b,Kepler-1279,2016,1.75,23.4774101,0.1785,738.0,0.0,6221.0,1.33,1.21,1,1,Transit,3.71
Kepler-128 c,Kepler-128,2013,1.521,22.8,0.16517,843.0,0.037,6072.0,1.659,1.184,1,2,Transit,3.38
Kepler-1280 b,Kepler-1280,2016,1.87,66.5579057,0.33982,757.0,0.0,6227.0,1.32,1.2,1,1,Transit,4.16
Kepler-1282 b,Kepler-1282,2016,1.55,2.131946513,0.0335,1418.0,0.0,5504.0,0.89,0.92,1,1,Transit,3.02
Kepler-1283 b,Kepler-1283,2016,1.91,12.9460978,0.1062,764.0,0.0,6175.0,1.25,1.16,1,1,Transit,4.31
Kepler-1284 b,Kepler-1284,2016,1.21,0.664073806,0.0143,1703.0,0.0,5123.0,0.79,0.84,1,1,Transit,1.92
Kepler-1285 b,Kepler-1285,2016,0.97,14.7967458,0.12758,874.0,0.0,6170.0,1.28,1.2,1,1,Transit,0.871
Kepler-1286 b,Kepler-1286,2016,2.15,11.25402929,0.0991,888.0,0.0,5753.0,0.98,1.0,1,1,Transit,5.27
Kepler-1287 b,Kepler-1287,2016,1.54,11.47685909,0.0976,796.0,0.0,5715.0,0.94,0.96,1,1,Transit,2.99
Kepler-1289 b,Kepler-1289,2016,1.52,7.99019627,0.0785,1113.0,0.0,6080.0,1.17,1.1,1,1,Transit,2.92
Kepler-129 b,Kepler-129,2014,2.4,15.79,0.13,910.0,0.01,5770.0,1.653,1.178,1,3,Transit,20.0
Kepler-129 c,Kepler-129,2014,2.52,82.2,0.39,525.0,0.2,5770.0,1.653,1.178,1,3,Transit,43.0
Kepler-129 d,Kepler-129,2021,12.6,2646.0,4.0,178.86,0.15,5770.0,1.653,1.178,1,3,Radial Velocity,2637.9757781
Kepler-1291 b,Kepler-1291,2016,1.66,8.63043276,0.0779,739.0,0.0,5216.0,0.8,0.84,1,1,Transit,3.39
Kepler-1292 b,Kepler-1292,2016,1.82,3.27646405,0.0443,1195.0,0.0,5556.0,0.93,0.95,1,1,Transit,3.97
Kepler-1293 b,Kepler-1293,2016,0.97,5.57654784,0.06763,1183.0,0.0,6241.0,1.28,1.18,1,1,Transit,0.871
Kepler-1294 b,Kepler-1294,2016,3.19,115.6862258,0.4684,401.0,0.0,5776.0,0.97,0.99,1,1,Transit,10.3
Kepler-1295 b,Kepler-1295,2016,1.55,3.81371974,0.0464,1029.0,0.0,5486.0,0.89,0.92,1,1,Transit,3.02
Kepler-1297 b,Kepler-1297,2016,0.97,1.68189002,0.0283,1790.0,0.0,5818.0,0.99,0.99,1,1,Transit,0.871
Kepler-1298 b,Kepler-1298,2016,1.31,7.12811928,0.0814,1373.0,0.0,6339.0,2.0,1.45,1,1,Transit,2.27
Kepler-1299 b,Kepler-1299,2016,2.98,19.9400874,0.1357,588.0,0.0,5609.0,0.91,0.94,1,1,Transit,9.17
Kepler-130 c,Kepler-130,2014,2.9,27.50868,0.178,683.0,0.0,5879.0,1.17,1.0,2,3,Transit,8.75
Kepler-130 d,Kepler-130,2014,1.64,87.517905,0.377,451.0,0.8,5884.0,1.127,0.927,2,3,Transit,3.33
Kepler-1300 b,Kepler-1300,2016,1.37,22.2419092,0.16005,954.0,0.0,6130.0,1.79,1.29,1,1,Transit,2.45
Kepler-1301 b,Kepler-1301,2016,1.4,9.08237046,0.0815,734.0,0.0,5188.0,0.81,0.85,1,1,Transit,2.54
Kepler-1303 b,Kepler-1303,2016,1.42,7.56127224,0.0751,891.0,0.0,5771.0,1.0,1.01,1,1,Transit,2.6
Kepler-1304 b,Kepler-1304,2016,2.29,16.1288853,0.1202,715.0,0.0,5259.0,0.81,0.85,1,1,Transit,5.86
Kepler-1307 b,Kepler-1307,2016,2.47,18.01621096,0.1369,768.0,0.0,5884.0,1.08,1.06,1,1,Transit,6.66
Kepler-1308 b,Kepler-1308,2016,0.52,2.104338119,0.025,662.0,0.0,3468.0,0.34,0.35,1,1,Transit,0.0933
Kepler-1309 b,Kepler-1309,2016,2.37,28.8432647,0.1679,491.0,0.0,5235.0,0.8,0.85,1,1,Transit,6.21
Kepler-131 b,Kepler-131,2014,2.41,16.092,0.12789,718.0,0.0,5685.0,1.03,1.02,1,2,Transit,16.13
Kepler-131 c,Kepler-131,2014,0.84,25.5169,0.17391,615.0,0.0,5685.0,1.03,1.02,1,2,Transit,8.25
Kepler-1310 b,Kepler-1310,2016,1.44,0.679336272,0.01452,1883.0,0.0,5549.0,0.88,0.91,1,1,Transit,2.67
Kepler-1311 c,Kepler-1311,2016,1.22,2.53573424,0.03753,1671.0,0.0,5748.0,1.4,1.05,1,3,Transit,1.98
Kepler-1312 b,Kepler-1312,2016,2.1,5.448325286,0.06053,978.0,0.0,5719.0,0.92,0.99,1,2,Transit,5.06
Kepler-1312 c,Kepler-1312,2021,1.02732734,1.116119981,0.02103,1659.0,0.0,5721.0,0.905,0.983,1,2,Transit,1.07
Kepler-1313 b,Kepler-1313,2016,1.76,3.833091178,0.04619,1012.0,0.0,5453.0,0.85,0.92,1,1,Transit,3.75
Kepler-1314 b,Kepler-1314,2016,5.11,5.424749281,0.0504,625.0,0.0,4188.0,0.59,0.6,1,1,Transit,22.9
Kepler-1316 b,Kepler-1316,2016,3.54,87.9732136,0.39765,446.0,0.0,5884.0,1.12,1.04,1,1,Transit,12.3
Kepler-1317 b,Kepler-1317,2016,1.56,0.568874427,0.0128,1796.0,0.0,5144.0,0.79,0.83,1,1,Transit,3.05
Kepler-132 d,Kepler-132,2014,1.55,18.010199,0.136,758.0,0.0,6003.0,1.178,0.929,2,4,Transit,3.02
Kepler-132 e,Kepler-132,2016,1.18,110.2869374,0.43927,414.0,0.0,6023.0,1.1,1.03,2,4,Transit,1.76
Kepler-1320 b,Kepler-1320,2016,1.7,0.868386528,0.0163,1389.0,0.0,4817.0,0.74,0.8,1,1,Transit,3.53
Kepler-1321 b,Kepler-1321,2016,4.92,11.12830484,0.0781,408.0,0.0,4094.0,0.53,0.54,1,3,Transit,21.5
Kepler-1321 c,Kepler-1321,2016,2.4,2.226491086,0.0267,697.0,0.0,4094.0,0.53,0.54,1,3,Transit,6.35
Kepler-1321 d,Kepler-1321,2021,2.62843782,5.720920086,0.0501,509.0,0.0,3640.0,0.503,0.513,1,3,Transit,7.41
Kepler-1322 b,Kepler-1322,2016,1.61,0.962867382,0.0183,1666.0,0.0,5488.0,0.87,0.9,1,2,Transit,3.22
Kepler-1323 b,Kepler-1323,2016,1.52,0.929906678,0.01911,2291.0,0.0,6169.0,1.4,1.18,1,1,Transit,2.92
Kepler-1324 b,Kepler-1324,2016,1.51,4.115844679,0.0466,895.0,0.0,4776.0,0.73,0.78,1,1,Transit,2.89
Kepler-1325 b,Kepler-1325,2016,2.86,33.8786838,0.2004,564.0,0.0,5550.0,0.91,0.93,1,1,Transit,8.55
Kepler-1326 b,Kepler-1326,2016,4.18,42.3514267,0.2743,938.0,0.0,6725.0,1.74,1.45,1,1,Transit,16.3
Kepler-1327 b,Kepler-1327,2016,1.8,14.88801098,0.11151,831.0,0.0,5885.0,1.03,1.02,1,1,Transit,3.89
Kepler-1328 b,Kepler-1328,2016,0.98,4.52158888,0.052,1214.0,0.0,5780.0,0.99,1.0,1,1,Transit,0.904
Kepler-1329 b,Kepler-1329,2016,2.17,9.33646594,0.0747,577.0,0.0,4500.0,0.69,0.72,1,1,Transit,5.35
Kepler-133 c,Kepler-133,2014,2.84,31.517586,0.204,663.0,0.0,5736.0,1.425,1.02,1,2,Transit,8.45
Kepler-1330 b,Kepler-1330,2016,1.65,10.10769068,0.0889,879.0,0.0,5608.0,0.94,0.97,1,1,Transit,3.36
Kepler-1331 b,Kepler-1331,2016,1.05,0.789161653,0.0142,1244.0,0.0,4508.0,0.69,0.72,1,1,Transit,1.16
Kepler-1332 b,Kepler-1332,2016,1.37,11.87456832,0.09915,728.0,0.0,5581.0,0.9,0.95,1,1,Transit,2.45
Kepler-1333 b,Kepler-1333,2016,2.81,109.6471842,0.4382,428.0,0.0,5628.0,0.92,0.94,1,1,Transit,8.3
Kepler-1334 b,Kepler-1334,2016,2.29,15.64591713,0.1229,710.0,0.0,5614.0,0.91,0.94,1,1,Transit,5.86
Kepler-1335 b,Kepler-1335,2016,1.45,6.26406846,0.0615,809.0,0.0,4903.0,0.74,0.77,1,1,Transit,2.7
Kepler-1336 b,Kepler-1336,2016,1.98,23.198681,0.15845,793.0,0.0,5512.0,1.3,0.94,1,2,Transit,4.58
Kepler-1337 b,Kepler-1337,2016,2.41,24.4002549,0.1441,437.0,0.0,4523.0,0.67,0.7,1,1,Transit,6.39
Kepler-1338 b,Kepler-1338,2016,0.92,0.935118057,0.01937,2124.0,0.0,5909.0,1.05,1.04,1,1,Transit,0.721
Kepler-1339 b,Kepler-1339,2016,0.71,1.341555127,0.02356,1642.0,0.0,5586.0,0.93,0.94,1,1,Transit,0.285
Kepler-134 b,Kepler-134,2014,2.0,5.317429,0.06,1105.0,0.0,5983.0,1.176,0.956,1,2,Transit,4.66
Kepler-134 c,Kepler-134,2014,1.26,10.105785,0.092,892.0,0.0,5983.0,1.176,0.956,1,2,Transit,2.13
Kepler-1340 b,Kepler-1340,2016,1.55,0.665026916,0.01523,2174.0,0.0,6331.0,1.42,1.27,1,1,Transit,3.02
Kepler-1342 b,Kepler-1342,2016,1.66,2.215710358,0.0313,1283.0,0.0,5527.0,0.9,0.93,1,1,Transit,3.39
Kepler-1343 b,Kepler-1343,2016,1.93,3.35183158,0.0449,1294.0,0.0,5759.0,0.93,0.95,1,1,Transit,4.38
Kepler-1345 b,Kepler-1345,2016,2.36,44.6169557,0.26412,693.0,0.0,6449.0,1.55,1.32,1,1,Transit,6.17
Kepler-1346 b,Kepler-1346,2016,1.58,3.40165668,0.044,1236.0,0.0,6133.0,1.21,1.14,1,1,Transit,3.12
Kepler-1347 b,Kepler-1347,2016,1.03,14.00947528,0.104,617.0,0.0,5193.0,0.79,0.82,1,1,Transit,1.08
Kepler-1348 b,Kepler-1348,2016,1.94,27.5722742,0.1834,636.0,0.0,5911.0,1.04,1.04,1,1,Transit,4.42
Kepler-1349 b,Kepler-1349,2016,0.7,2.12823928,0.03421,1668.0,0.0,6086.0,1.28,1.16,1,1,Transit,0.271
Kepler-135 b,Kepler-135,2014,1.81,6.00253,0.067,1209.0,0.0,6090.0,1.275,1.047,1,2,Transit,3.93
Kepler-135 c,Kepler-135,2014,1.16,11.448708,0.103,975.0,0.0,6090.0,1.275,1.047,1,2,Transit,1.65
Kepler-1350 b,Kepler-1350,2016,2.52,4.4968604,0.0413,535.0,0.0,3827.0,0.53,0.55,1,2,Transit,6.9
Kepler-1350 c,Kepler-1350,2016,1.73,1.766789062,0.0222,730.0,0.0,3827.0,0.53,0.55,1,2,Transit,3.64
Kepler-1351 b,Kepler-1351,2016,0.65,0.916140768,0.0156,1212.0,0.0,4439.0,0.67,0.7,1,1,Transit,0.208
Kepler-1352 b,Kepler-1352,2016,0.89,1.877882748,0.02883,1701.0,0.0,6118.0,1.16,1.11,1,1,Transit,0.64
Kepler-1353 b,Kepler-1353,2016,1.8,24.7543966,0.153,491.0,0.0,4776.0,0.72,0.76,1,1,Transit,3.89
Kepler-1355 b,Kepler-1355,2016,1.46,1.289588112,0.0224,1448.0,0.0,5352.0,0.83,0.88,1,1,Transit,2.73
Kepler-1356 b,Kepler-1356,2016,1.53,0.634002937,0.0136,1714.0,0.0,5106.0,0.78,0.82,1,1,Transit,2.96
Kepler-1357 b,Kepler-1357,2016,1.28,3.0091324,0.041,1177.0,0.0,5597.0,0.9,0.93,1,1,Transit,2.18
Kepler-1358 b,Kepler-1358,2016,1.12,7.06317341,0.0656,827.0,0.0,5181.0,0.79,0.82,1,1,Transit,1.46
Kepler-1359 b,Kepler-1359,2016,2.83,59.4970952,0.26657,369.0,0.0,4709.0,0.72,0.78,1,1,Transit,8.4
Kepler-1360 b,Kepler-1360,2016,3.4,40.5286413,0.2866,933.0,0.0,6778.0,1.83,1.51,1,1,Transit,11.5
Kepler-1361 b,Kepler-1361,2016,0.86,3.57554956,0.04304,1061.0,0.0,5131.0,0.79,0.83,1,1,Transit,0.566
Kepler-1362 b,Kepler-1362,2016,2.6,136.205626,0.4626,248.0,0.0,4857.0,0.74,0.8,1,1,Transit,7.27
Kepler-1363 b,Kepler-1363,2016,1.25,2.94194094,0.0363,988.0,0.0,4839.0,0.72,0.76,1,1,Transit,2.1
Kepler-1364 b,Kepler-1364,2016,2.15,13.32196237,0.1284,1299.0,0.0,6805.0,1.79,1.49,1,1,Transit,5.27
Kepler-1365 b,Kepler-1365,2016,0.92,7.69993485,0.07839,969.0,0.0,5770.0,1.05,1.0,1,2,Transit,0.721
Kepler-1365 c,Kepler-1365,2016,0.8,4.77468005,0.05701,1137.0,0.0,5770.0,1.05,1.0,1,2,Transit,0.437
Kepler-1366 b,Kepler-1366,2016,1.43,2.164570968,0.0273,783.0,0.0,4070.0,0.6,0.62,1,1,Transit,2.63
Kepler-1368 b,Kepler-1368,2016,1.65,0.675649486,0.0153,2085.0,0.0,5906.0,1.08,1.07,1,1,Transit,3.36
Kepler-1369 b,Kepler-1369,2016,2.69,25.873148,0.1741,667.0,0.0,5761.0,0.99,0.99,1,1,Transit,7.7
Kepler-137 b,Kepler-137,2014,1.47,8.436387,0.077,742.0,0.0,5187.0,0.802,0.85,1,2,Transit,2.76
Kepler-137 c,Kepler-137,2014,1.88,18.735753,0.13,568.0,0.0,5187.0,0.802,0.85,1,2,Transit,4.19
Kepler-1370 c,Kepler-1370,2016,1.27,7.44142113,0.08084,1075.0,0.0,6202.0,1.29,1.19,1,2,Transit,2.15
Kepler-1371 b,Kepler-1371,2016,0.73,3.4462039,0.04214,1015.0,0.0,5361.0,0.83,0.87,1,2,Transit,0.315
Kepler-1373 b,Kepler-1373,2016,1.16,1.29123275,0.02598,1887.0,0.0,6299.0,1.33,1.22,1,1,Transit,1.65
Kepler-1374 b,Kepler-1374,2016,2.29,10.65276707,0.0918,737.0,0.0,5323.0,0.81,0.85,1,1,Transit,5.86
Kepler-1375 b,Kepler-1375,2016,1.74,3.3004192,0.0471,1543.0,0.0,6704.0,1.78,1.47,1,1,Transit,3.68
Kepler-1376 b,Kepler-1376,2016,1.05,5.30880656,0.0598,1042.0,0.0,5659.0,0.97,0.98,1,1,Transit,1.16
Kepler-1378 b,Kepler-1378,2016,2.2,11.95398936,0.0885,525.0,0.0,4407.0,0.67,0.7,1,1,Transit,5.48
Kepler-138 b,Kepler-138,2014,0.64,10.3134,0.0753,452.0,0.02,3841.0,0.535,0.535,1,4,Transit,0.07
Kepler-138 c,Kepler-138,2014,1.51,13.7815,0.0913,410.0,0.017,3841.0,0.535,0.535,1,4,Transit,2.3
Kepler-138 d,Kepler-138,2014,1.51,23.0923,0.1288,345.0,0.01,3841.0,0.535,0.535,1,4,Transit,2.1
Kepler-138 e,Kepler-138,2022,0.797,38.23,0.1803,292.0,0.112,3841.0,0.535,0.535,1,4,Transit Timing Variations,0.43
Kepler-1381 b,Kepler-1381,2016,2.25,25.3842686,0.1728,649.0,0.0,5747.0,0.94,0.96,1,1,Transit,5.69
Kepler-1382 b,Kepler-1382,2016,1.88,16.3583055,0.14023,959.0,0.0,6161.0,1.72,1.36,1,1,Transit,4.19
Kepler-1383 b,Kepler-1383,2016,1.41,13.9093583,0.11397,928.0,0.0,6370.0,1.44,1.26,1,1,Transit,2.57
Kepler-1384 b,Kepler-1384,2016,1.94,15.36262753,0.1126,608.0,0.0,4919.0,0.74,0.78,1,1,Transit,4.42
Kepler-1386 b,Kepler-1386,2016,1.24,6.73972381,0.068,1011.0,0.0,5733.0,1.03,1.02,1,1,Transit,2.07
Kepler-1388 b,Kepler-1388,2016,2.59,12.2854603,0.0882,434.0,0.0,4098.0,0.61,0.63,1,4,Transit,7.22
Kepler-1388 c,Kepler-1388,2016,2.26,5.53608151,0.0519,566.0,0.0,4098.0,0.61,0.63,1,4,Transit,5.73
Kepler-1388 d,Kepler-1388,2016,2.86,20.9568158,0.126,363.0,0.0,4098.0,0.61,0.63,1,4,Transit,8.55
Kepler-1388 e,Kepler-1388,2016,2.46,37.6327084,0.1861,299.0,0.0,4098.0,0.61,0.63,1,4,Transit,6.62
Kepler-1389 b,Kepler-1389,2016,1.77,99.2530951,0.38249,300.0,0.0,5078.0,0.74,0.81,1,1,Transit,3.78
Kepler-139 c,Kepler-139,2014,3.38,157.072878,0.586,350.0,0.0,5594.0,1.3,1.078,1,5,Transit,13.0
Kepler-139 d,Kepler-139,2023,1.695,7.305699922,0.0755533961,972.0,0.0,5622.0,1.045,1.078,1,5,Transit,2.0
Kepler-139 e,Kepler-139,2023,13.7,2047.635373,3.23579639,154.06,0.013121,5622.0,1.045,1.078,1,5,Radial Velocity,378.0
Kepler-1390 b,Kepler-1390,2016,1.18,6.48021673,0.0662,934.0,0.0,5753.0,0.98,0.98,1,1,Transit,1.76
Kepler-1391 b,Kepler-1391,2016,1.68,54.4092333,0.30045,513.0,0.0,5840.0,1.1,1.03,1,1,Transit,3.46
Kepler-1393 b,Kepler-1393,2016,0.8,2.44357812,0.0337,1249.0,0.0,5697.0,0.92,0.95,1,1,Transit,0.437
Kepler-1394 b,Kepler-1394,2016,1.39,3.93766373,0.05474,1947.0,0.0,6481.0,2.55,1.64,1,1,Transit,2.51
Kepler-1395 b,Kepler-1395,2016,0.8,3.78470649,0.04974,1311.0,0.0,6138.0,1.23,1.17,1,1,Transit,0.437
Kepler-1396 b,Kepler-1396,2016,2.07,18.2206421,0.1406,786.0,0.0,6195.0,1.27,1.18,1,1,Transit,4.94
Kepler-1397 b,Kepler-1397,2016,1.72,47.449955,0.25861,551.0,0.0,6026.0,1.12,1.09,1,1,Transit,3.61
Kepler-1398 b,Kepler-1398,2016,0.9,2.78815679,0.03909,1510.0,0.0,6126.0,1.18,1.13,1,2,Transit,0.666
Kepler-1398 c,Kepler-1398,2016,1.03,4.13827595,0.05087,1324.0,0.0,6126.0,1.18,1.13,1,2,Transit,1.08
Kepler-1399 b,Kepler-1399,2016,1.25,1.638653058,0.0276,1610.0,0.0,5735.0,0.96,0.97,1,1,Transit,2.1
Kepler-14 b,Kepler-14,2011,12.733,6.790123,0.0771,1605.0,0.035,6395.0,2.048,1.512,2,1,Transit,2669.66
Kepler-140 b,Kepler-140,2014,1.61,3.25427,0.045,1301.0,0.0,6077.0,1.288,1.044,1,2,Transit,3.22
Kepler-140 c,Kepler-140,2014,1.8,91.353282,0.414,428.0,0.0,6077.0,1.288,1.044,1,2,Transit,3.89
Kepler-1400 b,Kepler-1400,2016,1.62,9.06689421,0.0771,725.0,0.0,5044.0,0.78,0.83,1,1,Transit,3.26
Kepler-1401 b,Kepler-1401,2016,1.68,11.20066445,0.0975,808.0,0.0,5964.0,1.1,1.07,1,1,Transit,3.46
Kepler-1402 b,Kepler-1402,2016,0.76,2.03387914,0.0322,1789.0,0.0,5416.0,0.87,0.9,1,1,Transit,0.363
Kepler-1403 b,Kepler-1403,2016,2.14,5.19492202,0.064,1238.0,0.0,6060.0,1.15,1.11,1,1,Transit,5.22
Kepler-1404 b,Kepler-1404,2016,2.01,15.9314739,0.1143,596.0,0.0,5261.0,0.8,0.84,1,1,Transit,4.7
Kepler-1405 b,Kepler-1405,2016,3.96,28.2274184,0.1778,565.0,0.0,5925.0,1.07,1.05,1,1,Transit,14.9
Kepler-1406 b,Kepler-1406,2016,1.1,11.62905828,0.0987,854.0,0.0,5892.0,1.12,1.05,1,1,Transit,1.37
Kepler-1407 b,Kepler-1407,2016,2.25,20.0711504,0.1502,826.0,0.0,6010.0,1.15,1.1,1,1,Transit,5.69
Kepler-1408 b,Kepler-1408,2016,0.89,2.99793191,0.04218,1616.0,0.0,6170.0,1.35,1.21,1,1,Transit,0.64
Kepler-141 b,Kepler-141,2014,0.69,3.107675,0.039,968.0,0.0,4910.0,0.787,0.878,1,2,Transit,0.257
Kepler-1410 b,Kepler-1410,2016,1.78,60.866168,0.2543,290.0,0.0,4092.0,0.6,0.63,1,1,Transit,3.82
Kepler-1411 b,Kepler-1411,2016,2.82,86.1150888,0.4001,441.0,0.0,5664.0,0.92,0.95,1,1,Transit,8.35
Kepler-1412 b,Kepler-1412,2016,0.83,3.6146051,0.04608,1397.0,0.0,5880.0,1.27,1.06,1,1,Transit,0.498
Kepler-1413 b,Kepler-1413,2016,1.82,13.1829642,0.1066,661.0,0.0,5196.0,0.8,0.84,1,1,Transit,3.97
Kepler-1414 b,Kepler-1414,2016,1.23,3.51576315,0.0426,1033.0,0.0,4951.0,0.75,0.8,1,1,Transit,2.04
Kepler-1415 b,Kepler-1415,2016,1.29,0.63642408,0.01416,1846.0,0.0,5267.0,0.84,0.89,1,1,Transit,2.21
Kepler-1417 b,Kepler-1417,2016,1.0,20.3505213,0.14062,695.0,0.0,5839.0,1.02,1.02,1,1,Transit,0.972
Kepler-1418 b,Kepler-1418,2016,1.66,22.4764425,0.131,419.0,0.0,4770.0,0.72,0.77,1,1,Transit,3.39
Kepler-1419 b,Kepler-1419,2016,2.86,42.5215895,0.2391,510.0,0.0,5796.0,1.01,1.01,1,1,Transit,8.55
Kepler-142 b,Kepler-142,2014,1.99,2.024152,0.032,1597.0,0.0,5790.0,1.269,0.978,1,3,Transit,4.62
Kepler-142 c,Kepler-142,2014,2.86,4.761702,0.057,1201.0,0.0,5790.0,1.269,0.978,1,3,Transit,8.55
Kepler-142 d,Kepler-142,2014,2.16,41.809118,0.242,582.0,0.0,5790.0,1.269,0.978,1,3,Transit,5.31
Kepler-1421 b,Kepler-1421,2016,0.93,6.9131112,0.07576,1209.0,0.0,6335.0,1.42,1.25,1,1,Transit,0.749
Kepler-1422 b,Kepler-1422,2016,2.02,18.6051942,0.1499,833.0,0.0,6194.0,1.23,1.15,1,1,Transit,4.74
Kepler-1423 b,Kepler-1423,2016,1.06,23.955378,0.1586,741.0,0.0,4939.0,0.75,0.79,1,1,Transit,1.2
Kepler-1424 b,Kepler-1424,2016,1.16,29.6091744,0.19068,629.0,0.0,5838.0,1.07,1.02,1,1,Transit,1.65
Kepler-1425 b,Kepler-1425,2016,0.94,14.4541302,0.11435,676.0,0.0,5718.0,0.95,0.97,1,1,Transit,0.779
Kepler-1426 b,Kepler-1426,2016,1.56,14.2563227,0.1187,797.0,0.0,5831.0,1.02,1.02,1,1,Transit,3.05
Kepler-1427 b,Kepler-1427,2016,1.1,0.968972376,0.0197,1844.0,0.0,5793.0,1.01,1.01,1,1,Transit,1.37
Kepler-1429 b,Kepler-1429,2016,1.29,4.48487493,0.055,1199.0,0.0,5902.0,1.07,1.05,1,1,Transit,2.21
Kepler-143 b,Kepler-143,2014,2.41,16.007583,0.127,838.0,0.0,5848.0,1.359,0.982,1,2,Transit,6.39
Kepler-143 c,Kepler-143,2014,3.37,27.082511,0.181,703.0,0.0,5848.0,1.359,0.982,1,2,Transit,11.3
Kepler-1431 b,Kepler-1431,2016,1.47,5.86601526,0.0648,1064.0,0.0,5806.0,1.03,1.03,1,1,Transit,2.76
Kepler-1432 b,Kepler-1432,2016,2.22,23.9109011,0.1696,709.0,0.0,6031.0,1.13,1.09,1,1,Transit,5.56
Kepler-1433 b,Kepler-1433,2016,1.56,4.13592271,0.0516,1226.0,0.0,6097.0,1.19,1.14,1,1,Transit,3.05
Kepler-1434 b,Kepler-1434,2016,1.11,8.05333618,0.0917,1320.0,0.0,6291.0,2.04,1.47,1,1,Transit,1.41
Kepler-1435 b,Kepler-1435,2016,0.86,4.45343281,0.05456,1331.0,0.0,6356.0,1.32,1.21,1,1,Transit,0.566
Kepler-1436 b,Kepler-1436,2016,1.31,9.705716,0.0907,1001.0,0.0,5972.0,1.09,1.06,1,1,Transit,2.27
Kepler-1437 b,Kepler-1437,2016,1.37,10.9295461,0.0951,770.0,0.0,5557.0,0.9,0.93,1,1,Transit,2.45
Kepler-1438 b,Kepler-1438,2016,0.94,2.31942009,0.0346,1490.0,0.0,5530.0,0.96,0.97,1,1,Transit,0.779
Kepler-1439 b,Kepler-1439,2016,1.46,8.07392849,0.0594,420.0,0.0,3578.0,0.43,0.46,1,1,Transit,2.73
Kepler-144 b,Kepler-144,2014,1.33,5.885273,0.066,1253.0,0.0,6075.0,1.235,1.154,1,2,Transit,2.33
Kepler-144 c,Kepler-144,2014,1.35,10.104665,0.094,1046.0,0.0,6075.0,1.235,1.154,1,2,Transit,2.39
Kepler-1442 b,Kepler-1442,2016,3.93,81.4162941,0.40814,522.0,0.0,6394.0,1.44,1.34,1,1,Transit,14.7
Kepler-1443 b,Kepler-1443,2016,0.97,2.41811321,0.03783,1602.0,0.0,6289.0,1.27,1.19,1,1,Transit,0.871
Kepler-1444 b,Kepler-1444,2016,2.18,33.42035034,0.20906,581.0,0.0,5810.0,1.05,1.03,1,1,Transit,5.39
Kepler-1445 b,Kepler-1445,2016,0.96,10.60052251,0.09587,987.0,0.0,6150.0,1.26,1.13,1,1,Transit,0.84
Kepler-1446 b,Kepler-1446,2016,0.82,0.689967832,0.01405,1539.0,0.0,4865.0,0.75,0.81,1,1,Transit,0.477
Kepler-1447 b,Kepler-1447,2016,2.9,56.6747285,0.2836,522.0,0.0,5722.0,0.95,0.97,1,1,Transit,8.75
Kepler-1448 b,Kepler-1448,2016,1.61,12.27065865,0.1058,811.0,0.0,5774.0,0.93,0.95,1,1,Transit,3.22
Kepler-1449 b,Kepler-1449,2016,1.68,13.2274528,0.1176,867.0,0.0,5979.0,1.1,1.08,1,1,Transit,3.46
Kepler-145 b,Kepler-145,2013,2.65,22.951,0.17308,873.0,0.43,6022.0,1.85,1.32,1,2,Transit,37.1
Kepler-145 c,Kepler-145,2013,4.32,42.882,0.26244,709.0,0.11,6022.0,1.85,1.32,1,2,Transit,79.4
Kepler-1450 b,Kepler-1450,2016,1.71,54.5094166,0.2401,308.0,0.0,4524.0,0.68,0.71,1,1,Transit,3.57
Kepler-1451 b,Kepler-1451,2016,3.35,35.622233,0.2101,523.0,0.0,5782.0,0.99,1.0,1,1,Transit,11.2
Kepler-1452 b,Kepler-1452,2016,2.7,42.913751,0.25764,810.0,0.0,6101.0,2.06,1.41,1,1,Transit,7.75
Kepler-1453 b,Kepler-1453,2016,2.67,47.1611696,0.262,503.0,0.0,5665.0,0.94,0.97,1,1,Transit,7.61
Kepler-1454 b,Kepler-1454,2016,1.88,47.0319479,0.2447,492.0,0.0,5448.0,0.86,0.9,1,1,Transit,4.19
Kepler-1455 b,Kepler-1455,2016,2.16,49.276764,0.2149,298.0,0.0,4075.0,0.6,0.62,1,1,Transit,5.31
Kepler-1456 b,Kepler-1456,2016,1.14,18.1373829,0.1132,433.0,0.0,4231.0,0.62,0.64,1,1,Transit,1.55
Kepler-1457 b,Kepler-1457,2016,1.99,51.1110243,0.26391,478.0,0.0,5866.0,1.01,1.01,1,1,Transit,4.62
Kepler-1458 b,Kepler-1458,2016,2.76,47.9872764,0.24869,493.0,0.0,5653.0,0.94,0.96,1,1,Transit,8.05
Kepler-1459 b,Kepler-1459,2016,1.36,62.8691611,0.2829,349.0,0.0,4828.0,0.74,0.78,1,1,Transit,2.42
Kepler-146 b,Kepler-146,2014,3.71,31.158799,0.2,639.0,0.0,5948.0,1.208,1.079,1,2,Transit,13.3
Kepler-146 c,Kepler-146,2014,3.13,76.732171,0.364,473.0,0.0,5948.0,1.208,1.079,1,2,Transit,9.96
Kepler-1460 b,Kepler-1460,2016,1.96,29.9633247,0.1614,391.0,0.0,4422.0,0.67,0.7,1,1,Transit,4.5
Kepler-1461 b,Kepler-1461,2016,2.03,29.3494775,0.1715,451.0,0.0,4919.0,0.74,0.79,1,1,Transit,4.78
Kepler-1462 b,Kepler-1462,2016,3.82,65.6488341,0.3094,390.0,0.0,5756.0,1.0,1.0,1,1,Transit,14.0
Kepler-1463 b,Kepler-1463,2016,1.86,25.15864,0.1694,619.0,0.0,5679.0,0.95,0.96,1,1,Transit,4.12
Kepler-1464 b,Kepler-1464,2016,1.66,31.7785901,0.20066,564.0,0.0,5828.0,1.01,1.02,1,2,Transit,3.39
Kepler-1464 c,Kepler-1464,2016,1.0,5.32786292,0.06101,1023.0,0.0,5828.0,1.01,1.02,1,2,Transit,0.972
Kepler-1465 b,Kepler-1465,2016,1.77,31.8277111,0.1939,668.0,0.0,4726.0,0.71,0.75,1,1,Transit,3.78
Kepler-1467 b,Kepler-1467,2016,3.3,47.0569043,0.2388,411.0,0.0,5332.0,0.82,0.86,1,1,Transit,10.9
Kepler-1468 b,Kepler-1468,2016,1.73,8.23984869,0.0817,1093.0,0.0,5893.0,1.05,1.04,1,3,Transit,3.64
Kepler-1468 c,Kepler-1468,2016,1.15,3.54553021,0.0466,1448.0,0.0,5893.0,1.05,1.04,1,3,Transit,1.6
Kepler-1468 d,Kepler-1468,2021,3.33187146,19.59059906,0.1456,819.0,0.0,5794.0,1.496,1.072,1,3,Transit,11.1
Kepler-1469 b,Kepler-1469,2016,2.8,21.8635301,0.1466,551.0,0.0,5507.0,0.89,0.92,1,1,Transit,8.25
Kepler-147 b,Kepler-147,2014,1.53,12.610584,0.113,953.0,0.0,6012.0,1.468,1.145,1,2,Transit,2.96
Kepler-1470 b,Kepler-1470,2016,1.07,16.2950903,0.116,574.0,0.0,4961.0,0.76,0.8,1,1,Transit,1.24
Kepler-1471 b,Kepler-1471,2016,1.41,3.63899398,0.0453,1238.0,0.0,5660.0,0.93,0.95,1,2,Transit,2.57
Kepler-1471 c,Kepler-1471,2023,1.88,11.6044881,0.0981,841.0,0.0,5533.0,1.166,0.934,1,2,Transit,4.19
Kepler-1472 b,Kepler-1472,2016,1.9,38.1312831,0.2322,613.0,0.0,6159.0,1.25,1.16,1,1,Transit,4.27
Kepler-1476 b,Kepler-1476,2016,1.67,10.35863224,0.0932,860.0,0.0,5663.0,0.96,0.98,1,1,Transit,3.43
Kepler-1477 b,Kepler-1477,2016,1.18,11.55530021,0.0911,674.0,0.0,5100.0,0.78,0.81,1,1,Transit,1.76
Kepler-1478 b,Kepler-1478,2016,1.73,26.0840594,0.1681,598.0,0.0,5904.0,1.06,1.04,1,1,Transit,3.64
Kepler-1479 b,Kepler-1479,2016,1.83,14.53261362,0.11341,746.0,0.0,5796.0,0.98,0.99,1,1,Transit,4.01
Kepler-148 b,Kepler-148,2014,1.8,1.729366,0.028,1284.0,0.0,5272.0,0.851,0.86,1,3,Transit,3.89
Kepler-148 c,Kepler-148,2014,3.6,4.180043,0.05,957.0,0.0,5272.0,0.851,0.86,1,3,Transit,12.6
Kepler-148 d,Kepler-148,2016,8.68,51.84688575,0.2607,413.0,0.0,5172.0,0.81,0.86,1,3,Transit,56.3
Kepler-1480 b,Kepler-1480,2016,1.67,22.12679948,0.1525,721.0,0.0,5156.0,0.81,0.85,2,1,Transit,3.43
Kepler-1482 b,Kepler-1482,2016,1.01,12.25383217,0.09968,678.0,0.0,5381.0,0.84,0.88,1,1,Transit,1.01
Kepler-1483 b,Kepler-1483,2016,1.52,9.5085156,0.0958,1131.0,0.0,6337.0,1.4,1.25,1,1,Transit,2.92
Kepler-1484 b,Kepler-1484,2016,2.11,30.4549136,0.1939,624.0,0.0,5730.0,0.92,0.94,1,1,Transit,5.1
Kepler-1485 b,Kepler-1485,2016,1.47,19.9157725,0.14732,728.0,0.0,6087.0,1.12,1.11,1,1,Transit,2.76
Kepler-1486 b,Kepler-1486,2016,2.32,54.6495759,0.2846,538.0,0.0,5965.0,1.12,1.08,1,1,Transit,5.99
Kepler-1487 b,Kepler-1487,2016,2.13,7.31946363,0.0898,1682.0,0.0,6541.0,1.63,1.38,1,2,Transit,5.18
Kepler-1487 c,Kepler-1487,2023,7.97,35.8007112,0.2588,991.0,0.0,5745.0,3.955,1.801,1,2,Transit,48.7
Kepler-1488 c,Kepler-1488,2021,1.65156749,6.158269882,0.06959,1212.0,0.0,5710.0,1.524,1.003,1,2,Transit,3.37
Kepler-1489 b,Kepler-1489,2016,1.77,82.294751,0.3679,400.0,0.0,5655.0,0.9,0.93,1,2,Transit,3.78
Kepler-1489 c,Kepler-1489,2024,0.51,0.680741,0.099815,751.0,0.0,5565.53,0.957,0.977,1,2,Transit,0.087
Kepler-149 b,Kepler-149,2014,4.21,29.198943,0.184,540.0,0.0,5381.0,0.953,1.013,1,3,Transit,16.5
Kepler-149 c,Kepler-149,2014,1.61,55.328328,0.281,436.0,0.0,5381.0,0.953,1.013,1,3,Transit,3.22
Kepler-149 d,Kepler-149,2014,3.96,160.018032,0.571,306.0,0.0,5381.0,0.953,1.013,1,3,Transit,14.9
Kepler-1491 b,Kepler-1491,2016,1.51,16.5861762,0.127,821.0,0.0,5728.0,0.99,1.0,1,2,Transit,2.89
Kepler-1491 c,Kepler-1491,2023,2.44,61.569765,0.3045,530.0,0.0,5626.0,1.389,0.991,1,2,Transit,6.53
Kepler-1492 b,Kepler-1492,2016,1.49,16.75255007,0.1262,801.0,0.0,4712.0,0.72,0.77,1,1,Transit,2.83
Kepler-1494 b,Kepler-1494,2016,3.07,91.080482,0.3982,415.0,0.0,5659.0,0.94,0.96,1,1,Transit,9.64
Kepler-1495 b,Kepler-1495,2016,2.94,85.273256,0.3677,443.0,0.0,5831.0,1.04,1.03,1,1,Transit,8.96
Kepler-1496 b,Kepler-1496,2016,2.22,64.6588017,0.3211,535.0,0.0,6182.0,1.27,1.18,1,1,Transit,5.56
Kepler-1499 b,Kepler-1499,2016,1.19,44.2008,0.23225,409.0,0.0,5097.0,0.78,0.82,1,1,Transit,1.81
Kepler-15 b,Kepler-15,2011,10.76,4.942782,0.05714,1251.0,0.06,5515.0,0.992,1.018,1,1,Transit,209.76
Kepler-150 b,Kepler-150,2014,1.25,3.428054,0.044,1131.0,0.0,5560.0,0.939,0.956,1,5,Transit,2.1
Kepler-150 c,Kepler-150,2014,3.69,7.381998,0.073,876.0,0.0,5560.0,0.939,0.956,1,5,Transit,13.2
Kepler-150 d,Kepler-150,2014,2.79,12.56093,0.104,734.0,0.0,5560.0,0.939,0.956,1,5,Transit,8.2
Kepler-150 e,Kepler-150,2014,3.12,30.826557,0.189,544.0,0.0,5560.0,0.939,0.956,1,5,Transit,9.91
Kepler-150 f,Kepler-150,2017,3.64,637.2093,1.24,227.77,0.0,5528.0,0.905339,0.97,1,5,Transit,12.9
Kepler-1500 b,Kepler-1500,2016,1.2,15.0330105,0.1236,928.0,0.0,5845.0,1.0,1.0,1,1,Transit,1.87
Kepler-1501 b,Kepler-1501,2016,1.56,14.5564533,0.11592,787.0,0.0,6229.0,1.3,1.2,1,1,Transit,3.05
Kepler-1502 b,Kepler-1502,2016,3.18,41.7083629,0.2482,608.0,0.0,6666.0,1.72,1.44,1,1,Transit,10.2
Kepler-1503 b,Kepler-1503,2016,2.27,96.16987,0.3771,321.0,0.0,5069.0,0.74,0.77,1,1,Transit,5.77
Kepler-1504 b,Kepler-1504,2016,2.13,82.304003,0.3704,485.0,0.0,5393.0,0.81,0.85,1,1,Transit,5.18
Kepler-1505 b,Kepler-1505,2016,0.93,30.8609366,0.18298,525.0,0.0,5686.0,0.86,0.93,1,1,Transit,0.749
Kepler-1506 b,Kepler-1506,2016,1.32,14.0329154,0.1168,783.0,0.0,5676.0,0.93,0.95,1,1,Transit,2.3
Kepler-1507 b,Kepler-1507,2016,0.84,16.0506213,0.11946,630.0,0.0,5410.0,0.85,0.89,1,1,Transit,0.52
Kepler-1508 b,Kepler-1508,2016,1.33,20.7056504,0.1629,967.0,0.0,6158.0,1.22,1.14,1,1,Transit,2.33
Kepler-151 b,Kepler-151,2014,3.06,15.228958,0.116,639.0,0.0,5460.0,0.83,0.87,1,2,Transit,9.59
Kepler-151 c,Kepler-151,2014,2.09,24.674612,0.16,544.0,0.0,5460.0,0.83,0.87,1,2,Transit,5.02
Kepler-1512 b,Kepler-1512,2016,1.18,20.35972599,0.13693,322.0,0.0,4372.0,0.67,0.73,1,1,Transit,1.76
Kepler-1513 b,Kepler-1513,2016,8.594,160.8842,0.56971,346.0,0.306,5491.0,0.95,0.943,1,2,Transit,48.30991786
Kepler-1513 c,Kepler-1513,2023,11.0,841.4,0.099815,751.0,0.125,5491.0,0.95,0.943,1,2,Transit Timing Variations,84.54235626
Kepler-1514 b,Kepler-1514,2016,12.419572,217.83184,0.753,387.9,0.401,6145.0,1.289,1.196,1,2,Transit,1678.1424
Kepler-1514 c,Kepler-1514,2020,1.1758241,10.514181,0.0997,1066.0,0.32,6145.0,1.289,1.196,1,2,Transit,1.74
Kepler-1518 b,Kepler-1518,2016,3.05,5.11177904,0.0593,1351.0,0.0,6846.0,1.88,1.54,1,2,Transit,9.53
Kepler-1518 c,Kepler-1518,2023,2.9,9.6310258,0.0905,1094.0,0.0,6432.0,1.345,1.06,1,2,Transit,8.75
Kepler-1519 b,Kepler-1519,2016,7.06,240.7989397,0.7655,342.0,0.0,5644.0,0.91,0.94,1,1,Transit,39.6
Kepler-152 b,Kepler-152,2014,2.79,18.207973,0.124,551.0,0.0,5088.0,0.724,0.779,1,2,Transit,8.2
Kepler-152 c,Kepler-152,2014,2.39,88.255055,0.356,326.0,0.0,5088.0,0.724,0.779,1,2,Transit,6.3
Kepler-1521 b,Kepler-1521,2016,2.5,47.14840805,0.23476,391.0,0.0,5042.0,0.76,0.81,1,1,Transit,6.8
Kepler-1522 b,Kepler-1522,2016,1.73,1.847889171,0.0288,1374.0,0.0,5706.0,0.93,0.96,1,1,Transit,3.64
Kepler-1523 b,Kepler-1523,2016,1.58,0.93875077,0.01867,1676.0,0.0,5708.0,0.96,0.97,1,1,Transit,3.12
Kepler-1524 b,Kepler-1524,2016,3.54,70.9674603,0.3392,438.0,0.0,6179.0,1.25,1.17,1,1,Transit,12.3
Kepler-1525 b,Kepler-1525,2016,0.91,2.416601183,0.03557,1343.0,0.0,5748.0,1.04,1.07,1,1,Transit,0.693
Kepler-1526 b,Kepler-1526,2016,2.43,3.908632005,0.0418,787.0,0.0,4601.0,0.69,0.73,1,1,Transit,6.48
Kepler-1527 b,Kepler-1527,2016,4.77,160.129918,0.6276,450.0,0.0,6224.0,1.32,1.21,1,1,Transit,20.4
Kepler-1528 b,Kepler-1528,2016,1.46,1.791110205,0.0296,1549.0,0.0,5857.0,1.03,1.03,1,1,Transit,2.73
Kepler-1529 b,Kepler-1529,2016,2.1,5.33905686,0.0525,817.0,0.0,5048.0,0.77,0.81,1,1,Transit,5.06
Kepler-153 b,Kepler-153,2014,2.92,18.870227,0.129,621.0,0.0,5404.0,0.892,0.756,1,2,Transit,8.85
Kepler-153 c,Kepler-153,2014,2.53,46.90232,0.237,458.0,0.0,5404.0,0.892,0.756,1,2,Transit,6.94
Kepler-1530 c,Kepler-1530,2016,1.65,5.3227406,0.05744,1167.0,0.0,5477.0,0.88,0.92,1,3,Transit,3.36
Kepler-1530 d,Kepler-1530,2021,3.27870115,9.20761013,0.08276,972.0,0.0,5678.0,1.303,1.015,1,3,Transit,10.8
Kepler-1531 b,Kepler-1531,2016,1.11,1.138543376,0.02204,2537.0,0.0,6260.0,1.27,1.16,1,1,Transit,1.41
Kepler-1534 b,Kepler-1534,2016,1.89,5.71668872,0.0599,955.0,0.0,5442.0,0.86,0.9,1,1,Transit,4.23
Kepler-1536 b,Kepler-1536,2016,3.14,364.758031,0.8507,166.0,0.0,4434.0,0.67,0.71,1,1,Transit,10.0
Kepler-1537 b,Kepler-1537,2016,1.18,1.444453798,0.0245,1800.0,0.0,5079.0,0.77,0.81,1,1,Transit,1.76
Kepler-154 b,Kepler-154,2014,2.26,33.040532,0.198,561.0,0.0,5690.0,1.001,0.933,1,5,Transit,5.73
Kepler-154 d,Kepler-154,2016,3.84,20.54981883,0.14354,657.0,0.0,5769.0,0.98,0.98,1,5,Transit,14.1
Kepler-154 e,Kepler-154,2016,1.5,3.93276465,0.04766,1140.0,0.0,5769.0,0.98,0.98,1,5,Transit,2.86
Kepler-154 f,Kepler-154,2016,1.5,9.91935684,0.08832,838.0,0.0,5769.0,0.98,0.98,1,5,Transit,2.86
Kepler-1540 b,Kepler-1540,2016,2.49,125.4131177,0.4426,266.0,0.0,4540.0,0.69,0.74,2,1,Transit,6.76
Kepler-1542 b,Kepler-1542,2016,0.76,3.95116882,0.04765,1160.0,0.0,5564.0,0.99,0.94,1,4,Transit,0.363
Kepler-1542 c,Kepler-1542,2016,0.65,2.89223021,0.0387,1287.0,0.0,5564.0,0.99,0.94,1,4,Transit,0.208
Kepler-1542 d,Kepler-1542,2016,0.87,5.99273738,0.0629,1010.0,0.0,5564.0,0.99,0.94,1,4,Transit,0.59
Kepler-1543 b,Kepler-1543,2016,2.71,6.96710269,0.0867,1774.0,0.0,6561.0,1.65,1.39,1,1,Transit,7.8
Kepler-1544 b,Kepler-1544,2016,1.78,168.811174,0.54465,269.0,0.0,4886.0,0.74,0.81,1,1,Transit,3.82
Kepler-1545 b,Kepler-1545,2016,2.7,163.692349,0.5442,274.0,0.0,5201.0,0.8,0.84,1,1,Transit,7.75
Kepler-1546 b,Kepler-1546,2016,3.13,19.5974971,0.1366,671.0,0.0,5623.0,0.93,0.95,1,1,Transit,9.96
Kepler-1547 b,Kepler-1547,2016,0.9,0.692979676,0.01556,3186.0,0.0,6078.0,1.18,1.12,1,1,Transit,0.666
Kepler-1548 b,Kepler-1548,2016,2.64,124.828679,0.4679,350.0,0.0,5706.0,0.97,0.99,1,1,Transit,7.46
Kepler-1549 b,Kepler-1549,2016,2.57,214.886545,0.6687,286.0,0.0,5324.0,0.84,0.88,1,1,Transit,7.13
Kepler-155 b,Kepler-155,2014,2.09,5.931194,0.056,614.0,0.0,4508.0,0.62,0.635,1,2,Transit,5.02
Kepler-155 c,Kepler-155,2014,2.24,52.661793,0.242,286.0,0.0,4508.0,0.62,0.635,1,2,Transit,5.65
Kepler-1550 b,Kepler-1550,2016,3.02,225.582809,0.7681,348.0,0.0,5991.0,1.11,1.07,1,1,Transit,9.38
Kepler-1551 b,Kepler-1551,2016,2.66,24.4973698,0.1772,722.0,0.0,6136.0,1.22,1.14,1,1,Transit,7.56
Kepler-1552 b,Kepler-1552,2016,2.47,184.771853,0.6011,268.0,0.0,5202.0,0.78,0.85,1,1,Transit,6.66
Kepler-1553 b,Kepler-1553,2016,1.15,4.24261881,0.0481,926.0,0.0,5288.0,0.81,0.85,1,1,Transit,1.6
Kepler-1554 b,Kepler-1554,2016,2.9,198.088774,0.59527,288.0,0.0,5297.0,0.81,0.84,1,1,Transit,8.75
Kepler-1556 b,Kepler-1556,2016,1.96,8.82713457,0.0829,797.0,0.0,5608.0,0.95,0.97,1,1,Transit,4.5
Kepler-1557 b,Kepler-1557,2016,1.53,3.74032496,0.049,1287.0,0.0,6099.0,1.17,1.11,1,1,Transit,2.96
Kepler-1558 b,Kepler-1558,2016,0.68,3.50470358,0.04278,1019.0,0.0,5101.0,0.79,0.83,1,1,Transit,0.244
Kepler-1559 b,Kepler-1559,2016,0.72,0.971915428,0.01835,1609.0,0.0,5316.0,0.82,0.86,1,1,Transit,0.299
Kepler-156 b,Kepler-156,2014,2.3,4.973456,0.054,867.0,0.0,5094.0,0.807,0.864,1,2,Transit,5.9
Kepler-156 c,Kepler-156,2014,2.55,15.906801,0.117,588.0,0.0,5094.0,0.807,0.864,1,2,Transit,7.04
Kepler-1562 b,Kepler-1562,2016,3.55,64.2737752,0.3308,554.0,0.0,5760.0,1.05,1.02,1,1,Transit,12.3
Kepler-1563 b,Kepler-1563,2016,0.75,3.43276598,0.0442,1134.0,0.0,5765.0,0.99,1.0,1,1,Transit,0.347
Kepler-1565 b,Kepler-1565,2016,1.19,1.538188437,0.0241,1234.0,0.0,4940.0,0.73,0.76,1,1,Transit,1.81
Kepler-1566 b,Kepler-1566,2016,0.79,0.539915238,0.01198,1871.0,0.0,5254.0,0.81,0.84,1,1,Transit,0.418
Kepler-1567 b,Kepler-1567,2016,2.73,153.979578,0.552,330.0,0.0,5655.0,0.93,0.95,1,1,Transit,7.9
Kepler-1568 b,Kepler-1568,2016,1.3,20.925392,0.15157,729.0,0.0,5956.0,1.19,1.09,1,1,Transit,2.24
Kepler-1569 b,Kepler-1569,2016,1.68,5.79180156,0.06669,1222.0,0.0,6319.0,1.4,1.25,1,1,Transit,3.46
Kepler-157 c,Kepler-157,2014,2.24,13.5405,0.11,779.0,0.0,5774.0,1.044,0.95,1,3,Transit,5.65
Kepler-157 d,Kepler-157,2016,1.46,7.02573474,0.0706,969.0,0.0,5866.0,1.03,1.02,1,3,Transit,2.73
Kepler-1570 b,Kepler-1570,2016,1.07,26.548955,0.16699,836.0,0.0,5550.0,0.89,0.92,1,1,Transit,1.24
Kepler-1571 b,Kepler-1571,2016,1.52,3.38555488,0.04287,1476.0,0.0,6297.0,1.39,1.23,1,1,Transit,2.92
Kepler-1572 b,Kepler-1572,2016,0.94,5.49548621,0.05838,1293.0,0.0,5618.0,0.95,0.97,1,1,Transit,0.779
Kepler-1573 b,Kepler-1573,2016,1.2,2.6157554,0.0364,1379.0,0.0,5808.0,1.0,1.01,1,1,Transit,1.87
Kepler-1574 b,Kepler-1574,2016,1.29,6.9424334,0.0743,1003.0,0.0,5892.0,1.08,1.06,1,1,Transit,2.21
Kepler-1575 b,Kepler-1575,2016,1.31,2.55314213,0.0366,1312.0,0.0,5667.0,0.92,0.95,1,1,Transit,2.27
Kepler-1578 b,Kepler-1578,2016,1.04,1.450886907,0.0252,1700.0,0.0,5545.0,0.86,0.9,1,1,Transit,1.12
Kepler-1579 b,Kepler-1579,2016,0.84,0.849907889,0.014,1139.0,0.0,4584.0,0.7,0.75,1,1,Transit,0.52
Kepler-158 b,Kepler-158,2014,2.12,16.709184,0.111,500.0,0.0,4623.0,0.624,0.655,1,3,Transit,5.14
Kepler-158 c,Kepler-158,2014,1.9,28.551383,0.158,418.0,0.0,4623.0,0.624,0.655,1,3,Transit,4.27
Kepler-158 d,Kepler-158,2024,0.43,0.645088,0.099815,751.0,0.0,4895.97,0.668,0.656,1,3,Transit,0.0472
Kepler-1580 b,Kepler-1580,2016,2.11,56.6449279,0.33571,733.0,0.0,6228.0,2.15,1.47,1,1,Transit,5.1
Kepler-1581 b,Kepler-1581,2016,0.8,6.28385491,0.06865,1108.0,0.0,6022.0,1.23,1.12,1,1,Transit,0.437
Kepler-1582 b,Kepler-1582,2016,1.49,4.83817712,0.0316,354.0,0.0,3208.0,0.3,0.28,1,1,Transit,2.83
Kepler-1583 b,Kepler-1583,2016,0.6,9.32807355,0.08307,788.0,0.0,5645.0,0.91,0.94,1,1,Transit,0.156
Kepler-1584 b,Kepler-1584,2016,1.61,13.3997099,0.1168,886.0,0.0,6069.0,1.13,1.1,1,1,Transit,3.22
Kepler-1585 b,Kepler-1585,2016,1.79,3.5827463,0.0445,1064.0,0.0,5538.0,0.91,0.94,1,1,Transit,3.86
Kepler-1586 b,Kepler-1586,2016,1.52,15.6049212,0.12208,1013.0,0.0,6681.0,1.75,1.45,1,1,Transit,2.92
Kepler-1587 b,Kepler-1587,2016,1.33,9.4060467,0.08747,981.0,0.0,5933.0,1.22,1.08,1,1,Transit,2.33
Kepler-1588 b,Kepler-1588,2016,0.76,7.84931739,0.07419,925.0,0.0,5817.0,0.99,0.96,1,1,Transit,0.363
Kepler-159 b,Kepler-159,2014,2.38,10.139623,0.082,447.0,0.0,4625.0,0.663,0.628,1,2,Transit,6.26
Kepler-1590 b,Kepler-1590,2016,1.14,7.61760804,0.07116,1020.0,0.0,6053.0,1.16,1.11,1,1,Transit,1.55
Kepler-1591 b,Kepler-1591,2016,1.27,8.18504949,0.0794,892.0,0.0,6082.0,1.16,1.1,1,1,Transit,2.15
Kepler-1593 b,Kepler-1593,2016,3.17,174.509835,0.55494,260.0,0.0,4995.0,0.77,0.81,1,1,Transit,10.2
Kepler-1594 b,Kepler-1594,2016,1.06,2.71603809,0.0396,1360.0,0.0,5946.0,1.08,1.06,1,1,Transit,1.2
Kepler-1595 b,Kepler-1595,2016,1.23,4.56380468,0.051,980.0,0.0,5203.0,0.8,0.84,1,1,Transit,2.04
Kepler-1596 b,Kepler-1596,2016,1.9,66.373379,0.3237,471.0,0.0,5706.0,0.92,0.95,1,1,Transit,4.27
Kepler-1597 b,Kepler-1597,2016,1.06,2.94654179,0.04136,1497.0,0.0,6377.0,1.39,1.25,1,1,Transit,1.2
Kepler-1598 b,Kepler-1598,2016,0.95,4.34195123,0.05207,1236.0,0.0,5940.0,1.09,1.07,1,1,Transit,0.809
Kepler-16 b,Kepler-16,2011,8.4493,228.776,0.7048,205.9,0.0069,4450.0,0.6489,0.6897,2,1,Transit,105.833
Kepler-160 b,Kepler-160,2014,1.715,4.309397,0.05511,1134.0,0.0,5471.0,1.118,1.003,1,3,Transit,3.59
Kepler-160 c,Kepler-160,2014,3.76,13.699429,0.1192,771.0,0.0,5471.0,1.118,1.003,1,3,Transit,13.6
Kepler-1600 b,Kepler-1600,2016,3.13,386.370548,0.98141,209.0,0.0,5214.0,0.82,0.86,1,2,Transit,9.96
Kepler-1600 c,Kepler-1600,2021,1.94206512,7.298049927,0.06961,786.0,0.0,5119.0,0.834,0.818,1,2,Transit,4.43
Kepler-1601 b,Kepler-1601,2016,0.82,2.20921951,0.03281,1507.0,0.0,5869.0,1.07,1.04,1,1,Transit,0.477
Kepler-1602 b,Kepler-1602,2016,1.34,11.17931605,0.09744,1159.0,0.0,6296.0,1.36,1.22,1,1,Transit,2.36
Kepler-1603 b,Kepler-1603,2016,1.29,2.27163926,0.0351,1522.0,0.0,6241.0,1.31,1.21,1,1,Transit,2.21
Kepler-1604 b,Kepler-1604,2016,1.41,0.683684256,0.01406,2023.0,0.0,4976.0,0.76,0.81,1,1,Transit,2.57
Kepler-1605 b,Kepler-1605,2016,1.08,85.7565495,0.36567,528.0,0.0,5280.0,0.82,0.86,1,1,Transit,1.28
Kepler-1607 b,Kepler-1607,2016,0.92,13.6473676,0.11978,913.0,0.0,6116.0,1.21,1.14,1,1,Transit,0.721
Kepler-1608 b,Kepler-1608,2016,1.73,16.4735686,0.1126,612.0,0.0,4992.0,0.72,0.75,1,1,Transit,3.64
Kepler-1609 b,Kepler-1609,2016,2.22,114.34219,0.4679,429.0,0.0,6132.0,1.27,1.18,1,1,Transit,5.56
Kepler-161 b,Kepler-161,2014,2.12,4.921355,0.054,868.0,0.0,5078.0,0.806,0.853,1,2,Transit,2.63
Kepler-1610 c,Kepler-1610,2023,2.09,44.9851885,0.2323,433.0,0.0,5295.0,0.8,0.825,1,2,Transit,5.02
Kepler-1611 b,Kepler-1611,2016,0.81,5.1762429,0.0586,1243.0,0.0,5605.0,0.93,0.94,1,1,Transit,0.457
Kepler-1612 b,Kepler-1612,2016,1.03,3.91795101,0.0482,1030.0,0.0,5643.0,0.94,0.96,1,1,Transit,1.08
Kepler-1613 b,Kepler-1613,2016,2.08,1.5184299,0.02755,1926.0,0.0,6005.0,1.12,1.08,1,1,Transit,4.98
Kepler-1614 b,Kepler-1614,2016,1.49,3.9466141,0.0471,981.0,0.0,5121.0,0.76,0.79,1,1,Transit,2.83
Kepler-1615 b,Kepler-1615,2016,2.06,47.3126192,0.2788,658.0,0.0,5865.0,1.05,1.04,1,1,Transit,4.9
Kepler-1617 b,Kepler-1617,2016,1.2,27.4785572,0.17707,736.0,0.0,6167.0,1.22,1.15,1,1,Transit,1.87
Kepler-1619 b,Kepler-1619,2016,0.76,23.6225913,0.15413,797.0,0.0,5852.0,1.0,1.0,1,1,Transit,0.363
Kepler-162 b,Kepler-162,2014,1.26,6.919798,0.069,961.0,0.0,5816.0,0.958,1.053,1,2,Transit,2.13
Kepler-162 c,Kepler-162,2014,3.03,19.446355,0.137,681.0,0.0,5816.0,0.958,1.053,1,2,Transit,9.43
Kepler-1621 b,Kepler-1621,2016,2.16,92.263714,0.4204,469.0,0.0,6158.0,1.24,1.15,1,1,Transit,5.31
Kepler-1623 b,Kepler-1623,2016,1.31,4.36128348,0.0518,1000.0,0.0,5772.0,1.0,1.0,1,1,Transit,2.27
Kepler-1625 b,Kepler-1625,2016,6.06,287.378949,0.87762,350.0,0.0,5677.0,0.94,0.96,1,1,Transit,30.6
Kepler-1627 b,Kepler-1627,2016,3.69,7.20283653,0.0643,794.0,0.0,5445.0,0.84,0.87,1,1,Transit,13.2
Kepler-1629 b,Kepler-1629,2016,0.77,3.87595807,0.0485,1081.0,0.0,5776.0,1.01,1.01,1,1,Transit,0.381
Kepler-163 b,Kepler-163,2014,1.05,7.810937,0.078,906.0,0.0,5776.0,0.917,0.882,1,2,Transit,1.16
Kepler-163 c,Kepler-163,2014,2.26,21.347262,0.152,648.0,0.0,5776.0,0.917,0.882,1,2,Transit,5.73
Kepler-1630 b,Kepler-1630,2016,2.19,509.997402,1.1218,182.0,0.0,4736.0,0.63,0.66,1,1,Transit,5.43
Kepler-1631 b,Kepler-1631,2016,1.35,4.09513932,0.0511,1122.0,0.0,5679.0,0.95,0.97,1,1,Transit,2.39
Kepler-1632 b,Kepler-1632,2016,2.47,448.303558,0.6762,369.0,0.0,6137.0,1.19,1.12,1,1,Transit,6.66
Kepler-1634 b,Kepler-1634,2016,3.19,374.876239,1.0525,282.0,0.0,5474.0,0.89,0.92,1,1,Transit,10.3
Kepler-1635 b,Kepler-1635,2016,3.64,469.63111,1.12664,200.0,0.0,5347.0,0.85,0.89,1,1,Transit,12.9
Kepler-1636 b,Kepler-1636,2016,3.23,425.47785,1.12191,248.0,0.0,5797.0,1.02,1.01,1,1,Transit,10.5
Kepler-1637 b,Kepler-1637,2016,0.89,6.10960324,0.0596,1093.0,0.0,5789.0,1.02,1.02,1,1,Transit,0.64
Kepler-1638 b,Kepler-1638,2016,1.87,259.33683,0.745,304.0,0.0,5710.0,0.95,0.97,1,1,Transit,4.16
Kepler-1639 b,Kepler-1639,2016,2.58,9.878482,0.0932,1003.0,0.0,6150.0,1.18,1.12,1,1,Transit,7.18
Kepler-164 b,Kepler-164,2014,1.41,5.03503,0.058,1141.0,0.0,5888.0,1.148,1.036,1,4,Transit,2.57
Kepler-164 c,Kepler-164,2014,2.73,10.945723,0.097,881.0,0.0,5888.0,1.148,1.036,1,4,Transit,7.9
Kepler-164 d,Kepler-164,2014,2.45,28.986769,0.187,637.0,0.0,5888.0,1.148,1.036,1,4,Transit,6.57
Kepler-164 e,Kepler-164,2023,4.24,94.886902,0.4025,429.0,0.0,5888.0,1.097,0.966,1,4,Transit,16.7
Kepler-1640 b,Kepler-1640,2016,4.82,7.5844126,0.0836,1228.0,0.0,6324.0,1.43,1.27,1,1,Transit,20.7
Kepler-1641 b,Kepler-1641,2016,3.11,19.672266,0.1473,908.0,0.0,6152.0,1.19,1.12,1,2,Transit,9.85
Kepler-1641 c,Kepler-1641,2016,2.95,32.657212,0.2065,767.0,0.0,6152.0,1.19,1.12,1,2,Transit,9.01
Kepler-1642 b,Kepler-1642,2016,3.2,12.2057513,0.1016,895.0,0.0,5355.0,0.84,0.88,1,2,Transit,10.3
Kepler-1642 c,Kepler-1642,2016,2.66,6.6513802,0.0678,1095.0,0.0,5355.0,0.84,0.88,1,2,Transit,7.56
Kepler-1644 b,Kepler-1644,2016,1.88,21.0907758,0.142,606.0,0.0,5499.0,0.86,0.89,1,1,Transit,4.19
Kepler-1645 b,Kepler-1645,2016,1.78,16.1779561,0.1285,754.0,0.0,5812.0,1.02,1.02,1,1,Transit,3.82
Kepler-1646 b,Kepler-1646,2016,1.23,4.48558383,0.0295,365.0,0.0,3299.0,0.26,0.24,1,1,Transit,2.04
Kepler-1647 b,Kepler-1647,2016,11.8739,1107.5923,2.7205,242.92,0.0581,6210.0,1.7903,1.2207,2,1,Transit,483.0
Kepler-1649 b,Kepler-1649,2017,1.017,8.689099,0.0514,307.0,0.0,3240.0,0.2317,0.1977,1,2,Transit,1.03
Kepler-1649 c,Kepler-1649,2020,1.06,19.53527,0.0649,234.0,0.0,3240.0,0.2317,0.1977,1,2,Transit,1.2
Kepler-165 b,Kepler-165,2014,2.32,8.180848,0.072,716.0,0.0,5211.0,0.77,0.746,1,2,Transit,5.99
Kepler-165 c,Kepler-165,2014,2.23,15.31299,0.11,581.0,0.0,5211.0,0.77,0.746,1,2,Transit,5.6
Kepler-1650 b,Kepler-1650,2017,0.96,1.53818001,0.0167,602.0,0.01,3410.0,0.334,0.326,1,1,Transit,0.84
Kepler-1651 b,Kepler-1651,2017,1.84,9.87863917,0.0692,393.0,0.13,3713.0,0.503,0.522,2,1,Transit,4.04
Kepler-1652 b,Kepler-1652,2017,1.6,38.09722,0.1654,268.0,0.0,3638.0,0.382,0.404,1,1,Transit,3.19
Kepler-1653 b,Kepler-1653,2017,2.17,140.2524,0.4706,284.0,0.0,4807.0,0.693,0.719,1,1,Transit,5.35
Kepler-1654 b,Kepler-1654,2018,9.180171,1047.8356,2.026,206.0,0.26,5597.0,1.179,1.011,1,1,Transit,158.915
Kepler-1655 b,Kepler-1655,2018,2.213,11.8728787,0.1029,938.0,0.19,6148.0,1.03,1.03,1,1,Transit,5.4
Kepler-1656 b,Kepler-1656,2018,4.574,31.562,0.1974,651.0,0.838,5569.0,1.1,1.03,1,2,Transit,47.8
Kepler-1656 c,Kepler-1656,2022,14.0,1919.0,3.053,161.19,0.527,5569.0,1.1,1.03,1,2,Radial Velocity,126.4
Kepler-166 b,Kepler-166,2014,2.27,7.650254,0.072,772.0,0.0,5413.0,0.742,0.811,1,3,Transit,5.77
Kepler-166 c,Kepler-166,2014,2.38,34.260281,0.195,468.0,0.0,5413.0,0.742,0.811,1,3,Transit,6.26
Kepler-166 d,Kepler-166,2016,1.73,1.554003928,0.02449,1313.0,0.0,5350.0,0.83,0.88,1,3,Transit,3.64
Kepler-1661 b,Kepler-1661,2020,3.87,175.06,0.633,243.0,0.057,5100.0,0.762,0.841,2,1,Transit,17.0
Kepler-1663 b,Kepler-1663,2020,3.30395896,17.6046,0.1072,362.0,0.0,3844.0,0.62859,0.610816,1,1,Transit,10.9
Kepler-1664 b,Kepler-1664,2020,3.03320653,14.3868,0.1137,776.0,0.0,5735.81,1.072,0.944,1,1,Transit,9.45
Kepler-1666 b,Kepler-1666,2020,2.88273782,25.8476,0.1761,672.0,0.0,6293.0,1.14586,1.23,1,2,Transit,8.66
Kepler-1666 c,Kepler-1666,2020,3.23564749,40.7157,0.2383,578.0,0.0,6293.0,1.14586,1.23,1,2,Transit,10.5
Kepler-1667 b,Kepler-1667,2020,2.98385261,83.5781,0.35905,655.0,0.0,5941.54,1.08751,1.09,1,1,Transit,9.19
Kepler-1668 b,Kepler-1668,2020,4.34764405,15.434,0.124,721.0,0.0,5542.0,1.01738,0.98,1,1,Transit,17.4
Kepler-1669 b,Kepler-1669,2020,2.78043818,9.51216,0.0745,530.0,0.0,4303.0,0.714145,0.67,1,3,Transit,8.15
Kepler-1669 c,Kepler-1669,2021,1.90120972,1.609320045,0.0228,958.0,0.0,4224.0,0.603,0.609,1,3,Transit,4.27
Kepler-1669 d,Kepler-1669,2023,1.22,4.72941177,0.0468,669.0,0.0,4224.0,0.603,0.609,1,3,Transit,1.98
Kepler-167 b,Kepler-167,2014,1.718,4.3931539,0.04825,918.0,0.0,4884.0,0.749,0.777,2,4,Transit,3.6
Kepler-167 e,Kepler-167,2016,10.16,1071.23205,1.883,134.4,0.29,4884.0,0.749,0.777,2,4,Transit,321.00669107
Kepler-1670 b,Kepler-1670,2020,3.3564801,20.4998,0.1528,731.0,0.0,5838.0,1.51889,1.05,1,1,Transit,11.2
Kepler-1671 b,Kepler-1671,2020,1.32557381,4.16787,0.04946,962.0,0.0,5135.55,0.929771,0.866,1,1,Transit,2.32
Kepler-1672 b,Kepler-1672,2020,2.97022762,150.878,0.55374,423.0,0.0,6131.95,1.08841,1.16,1,1,Transit,9.11
Kepler-1673 b,Kepler-1673,2020,2.9355194,33.7888,0.21363,611.0,0.0,6014.95,1.13166,1.11,1,1,Transit,8.93
Kepler-1674 b,Kepler-1674,2020,3.2057749,62.5611,0.3017,417.0,0.0,5473.91,0.877273,0.96,1,1,Transit,10.4
Kepler-1675 b,Kepler-1675,2020,3.12483349,63.0382,0.32185,465.0,0.0,5853.19,1.12865,1.06,1,1,Transit,9.93
Kepler-1676 b,Kepler-1676,2020,3.3769596,29.9221,0.1954,782.0,0.0,5878.3,1.06066,1.07,1,1,Transit,11.3
Kepler-1678 b,Kepler-1678,2020,3.30422249,147.974,0.5302,329.0,0.0,5754.0,0.834976,1.03,1,1,Transit,10.9
Kepler-168 b,Kepler-168,2014,1.46,4.425391,0.056,1240.0,0.0,6282.0,1.107,1.113,1,2,Transit,2.73
Kepler-168 c,Kepler-168,2014,2.69,13.193242,0.116,862.0,0.0,6282.0,1.107,1.113,1,2,Transit,7.7
Kepler-1680 b,Kepler-1680,2020,1.35954736,8.77424,0.07642,771.0,0.0,5021.0,0.723259,0.834,1,1,Transit,2.42
Kepler-1681 b,Kepler-1681,2020,2.55321772,69.8956,0.32,442.0,0.0,5756.4,0.759,0.893,1,1,Transit,7.05
Kepler-1682 b,Kepler-1682,2020,2.88940836,14.8334,0.1134,694.0,0.0,5619.12,0.842301,0.99,1,1,Transit,8.7
Kepler-1683 b,Kepler-1683,2020,1.87477762,15.0337,0.1182,669.0,0.0,5429.0,0.900327,0.95,1,1,Transit,4.17
Kepler-1684 b,Kepler-1684,2020,2.87084792,47.7055,0.2253,347.0,0.0,4706.54,0.666755,0.75,1,1,Transit,8.6
Kepler-1685 b,Kepler-1685,2020,2.57673985,20.4905,0.1485,625.0,0.0,5484.0,0.835451,0.96,1,1,Transit,7.16
Kepler-1688 b,Kepler-1688,2020,1.26174569,5.62012,0.0577,772.0,0.0,4632.11,0.746,0.814,1,1,Transit,2.13
Kepler-1689 b,Kepler-1689,2020,0.94678642,8.483,0.0784,879.0,0.0,5731.43,0.996208,1.023,1,1,Transit,0.799
Kepler-169 b,Kepler-169,2014,1.13,3.250619,0.04,962.0,0.0,4997.0,0.763,0.825,1,5,Transit,1.51
Kepler-169 c,Kepler-169,2014,1.21,6.195469,0.062,776.0,0.0,4997.0,0.763,0.825,1,5,Transit,1.92
Kepler-169 e,Kepler-169,2014,2.2,13.767102,0.105,595.0,0.0,4997.0,0.763,0.825,1,5,Transit,5.48
Kepler-169 f,Kepler-169,2014,2.58,87.090195,0.359,321.0,0.0,4997.0,0.763,0.825,1,5,Transit,7.18
Kepler-1690 b,Kepler-1690,2020,2.81109223,234.636,0.7097,267.0,0.0,5404.0,0.862346,0.94,1,1,Transit,8.3
Kepler-1691 b,Kepler-1691,2020,1.83470985,3.8482,0.0495,1283.0,0.0,6000.0,1.13152,1.11,1,1,Transit,4.02
Kepler-1692 b,Kepler-1692,2020,1.11177184,5.95966,0.0646,897.0,0.0,5146.0,0.866139,0.87,1,1,Transit,1.42
Kepler-1693 b,Kepler-1693,2020,1.28938413,12.0999,0.1011,807.0,0.0,5432.34,0.878295,0.95,1,2,Transit,2.21
Kepler-1693 c,Kepler-1693,2021,0.97698289,5.363709927,0.0588,1059.0,0.0,5553.0,1.098,0.941,1,2,Transit,0.894
Kepler-1694 b,Kepler-1694,2020,1.17986031,3.89526,0.0449,956.0,0.0,4954.0,0.756284,0.82,1,1,Transit,1.76
Kepler-1695 b,Kepler-1695,2020,1.11948901,4.7329,0.0529,957.0,0.0,5473.19,0.987155,0.96,1,1,Transit,1.46
Kepler-1696 b,Kepler-1696,2020,2.80982017,65.9409,0.3244,454.0,0.0,5712.0,1.19811,1.02,1,1,Transit,8.29
Kepler-1697 b,Kepler-1697,2020,1.25954761,33.4969,0.2008,630.0,0.0,4681.53,0.772344,0.747,1,1,Transit,2.12
Kepler-1699 b,Kepler-1699,2020,1.56671124,3.49082,0.0418,1010.0,0.0,5575.53,0.725,0.81,1,1,Transit,3.08
Kepler-17 b,Kepler-17,2011,14.68,1.4857108,0.02591,1570.0,0.011,5781.0,1.01034,1.04,1,1,Transit,778.65
Kepler-170 b,Kepler-170,2014,3.2,7.930592,0.08,899.0,0.0,5679.0,1.035,1.066,1,2,Transit,82.6
Kepler-1700 b,Kepler-1700,2020,2.90129941,234.239,0.76094,329.0,0.0,6031.0,1.0937,1.12,1,1,Transit,8.76
Kepler-1701 b,Kepler-1701,2020,2.22186207,169.134,0.5738,273.0,0.0,5146.0,0.840217,0.87,1,1,Transit,5.57
Kepler-1702 b,Kepler-1702,2020,1.60190793,18.5012,0.1275,555.0,0.0,5093.0,0.725742,0.85,1,1,Transit,3.2
Kepler-1705 b,Kepler-1705,2021,2.03,9.03502,0.08,789.0,0.033,6312.0,1.259,1.139,1,2,Transit,4.47
Kepler-1705 c,Kepler-1705,2021,2.05,11.28,0.099815,751.0,0.028,6312.0,1.259,1.139,1,2,Transit,5.42
Kepler-1708 b,Kepler-1708,2021,9.96,737.1131,1.64,245.02,0.4,6157.0,1.117,1.088,1,1,Transit,1462.0106722
Kepler-1709 b,Kepler-1709,2021,3.12424875,65.70459747,0.32704,472.0,0.0,5918.0,1.043,1.003,1,1,Transit,9.93
Kepler-171 b,Kepler-171,2014,2.34,4.166972,0.05,1053.0,0.0,5642.0,0.839,0.978,1,3,Transit,6.08
Kepler-1710 b,Kepler-1710,2021,3.19744103,14.91110039,0.11583,694.0,0.0,5650.0,0.899,0.932,1,1,Transit,3.49494179
Kepler-1711 b,Kepler-1711,2021,1.923,21.06080055,0.1463,669.0,0.0,5706.0,1.034,0.94,1,1,Transit,4.36
Kepler-1712 b,Kepler-1712,2021,2.28372556,13.81499958,0.0903,391.0,0.0,3732.0,0.509,0.515,1,1,Transit,5.83
Kepler-1713 b,Kepler-1713,2021,1.71673535,18.01160049,0.14185,900.0,0.0,6477.0,1.459,1.3,1,1,Transit,3.59
Kepler-1715 b,Kepler-1715,2021,4.14042267,35.59730148,0.22429,646.0,0.0,6212.0,1.209,1.082,1,1,Transit,16.0
Kepler-1718 b,Kepler-1718,2021,2.5685207,135.1880035,0.48418,345.0,0.0,5731.0,0.906,0.846,1,1,Transit,7.12
Kepler-1719 b,Kepler-1719,2021,3.95000623,6.149559975,0.06868,1287.0,0.0,5687.0,1.775,1.08,1,1,Transit,14.8
Kepler-172 c,Kepler-172,2014,2.86,6.388996,0.068,970.0,0.0,5526.0,1.085,1.081,1,4,Transit,8.55
Kepler-172 d,Kepler-172,2014,2.25,14.627119,0.118,736.0,0.0,5526.0,1.085,1.081,1,4,Transit,5.69
Kepler-1720 b,Kepler-1720,2021,3.21585295,12.70639992,0.1043,697.0,0.0,5573.0,0.839,0.939,1,1,Transit,10.4
Kepler-1721 b,Kepler-1721,2021,3.11856756,4.592380047,0.0519,924.0,0.0,5351.0,0.796,0.89,1,1,Transit,9.9
Kepler-1723 b,Kepler-1723,2021,2.88046569,39.75289917,0.2249,568.0,0.0,6072.0,1.01,0.96,1,1,Transit,8.65
Kepler-1724 b,Kepler-1724,2021,2.83677238,6.45442009,0.0683,999.0,0.0,6092.0,0.943,1.016,1,1,Transit,8.43
Kepler-1725 b,Kepler-1725,2021,2.8125177,16.71990013,0.13263,767.0,0.0,6020.0,1.085,1.049,1,1,Transit,8.31
Kepler-1727 b,Kepler-1727,2021,3.17321625,9.029299736,0.0796,757.0,0.0,5349.0,0.82,0.824,1,1,Transit,10.2
Kepler-1728 b,Kepler-1728,2021,2.95501875,4.782999992,0.0535,886.0,0.0,5170.0,0.807,0.891,1,1,Transit,9.04
Kepler-1729 b,Kepler-1729,2021,3.89404186,4.220970154,0.0418,595.0,0.0,3837.0,0.517,0.544,1,1,Transit,14.4
Kepler-173 b,Kepler-173,2014,1.29,4.263742,0.048,1179.0,0.0,6031.0,0.949,1.067,1,2,Transit,2.21
Kepler-173 c,Kepler-173,2014,2.43,8.005777,0.074,956.0,0.0,6031.0,0.949,1.067,1,2,Transit,6.48
Kepler-1730 b,Kepler-1730,2021,4.48524519,13.81019974,0.1131,833.0,0.0,5942.0,1.142,1.009,1,1,Transit,18.4
Kepler-1731 b,Kepler-1731,2021,2.93295657,21.76129913,0.1399,486.0,0.0,4859.0,0.72,0.781,1,1,Transit,8.92
Kepler-1733 b,Kepler-1733,2021,3.63582354,9.229579926,0.0933,1021.0,0.0,6320.0,1.252,1.273,1,1,Transit,12.8
Kepler-1734 b,Kepler-1734,2021,3.08851092,6.796850204,0.0714,985.0,0.0,6061.0,0.97,1.05,1,1,Transit,9.74
Kepler-1735 b,Kepler-1735,2021,1.19429134,7.71792984,0.0621,502.0,0.0,3975.0,0.509,0.535,1,1,Transit,1.84
Kepler-1736 b,Kepler-1736,2021,3.8765856,37.81029892,0.2188,566.0,0.0,6085.0,0.973,0.976,1,1,Transit,14.3
Kepler-1737 b,Kepler-1737,2021,5.395,64.61750031,0.297,383.0,0.0,5043.0,0.881,0.834,1,1,Transit,25.1
Kepler-1738 b,Kepler-1738,2021,2.82472883,7.674630165,0.0781,957.0,0.0,6063.0,1.001,1.079,1,1,Transit,8.37
Kepler-1739 b,Kepler-1739,2021,2.43056832,7.343709946,0.0697,839.0,0.0,5757.0,0.762,0.865,1,1,Transit,6.48
Kepler-174 b,Kepler-174,2014,1.96,13.98179,0.1,553.0,0.0,4880.0,0.622,0.602,1,3,Transit,4.5
Kepler-174 c,Kepler-174,2014,1.49,44.000529,0.214,377.0,0.0,4880.0,0.622,0.602,1,3,Transit,2.83
Kepler-174 d,Kepler-174,2014,2.19,247.35373,0.677,212.0,0.0,4880.0,0.622,0.602,1,3,Transit,5.43
Kepler-1740 b,Kepler-1740,2021,3.32321414,8.172400475,0.0779,858.0,0.0,5705.0,0.905,0.943,1,1,Transit,11.0
Kepler-1741 b,Kepler-1741,2021,1.273,2.757590055,0.0296,615.0,0.0,3683.0,0.424,0.454,1,1,Transit,2.16
Kepler-1742 b,Kepler-1742,2021,2.1782413,49.47819901,0.2587,462.0,0.0,5776.0,0.849,0.939,1,1,Transit,5.38
Kepler-1743 b,Kepler-1743,2021,1.59887007,7.649710178,0.084,1144.0,0.0,5855.0,1.613,1.266,1,1,Transit,3.18
Kepler-1744 b,Kepler-1744,2021,3.76754004,37.10110092,0.20945,532.0,0.0,5986.0,0.85,0.886,1,1,Transit,13.6
Kepler-1745 b,Kepler-1745,2021,1.92872921,3.016190052,0.0408,1449.0,0.0,5611.0,1.4,0.995,1,1,Transit,4.38
Kepler-1747 b,Kepler-1747,2021,4.26508,6.230319977,0.066,875.0,0.0,5477.0,0.865,0.983,1,1,Transit,16.8
Kepler-1748 b,Kepler-1748,2021,2.71275017,5.823520184,0.0615,955.0,0.0,5774.0,0.864,0.916,1,1,Transit,7.81
Kepler-1749 b,Kepler-1749,2021,1.61301783,14.53409958,0.0956,420.0,0.0,3957.0,0.553,0.551,1,1,Transit,3.23
Kepler-175 b,Kepler-175,2014,2.56,11.903515,0.105,827.0,0.0,6064.0,1.01,0.969,1,2,Transit,7.08
Kepler-175 c,Kepler-175,2014,3.1,34.035257,0.213,583.0,0.0,6064.0,1.01,0.969,1,2,Transit,9.8
Kepler-1752 b,Kepler-1752,2021,4.54060463,56.35850143,0.2698,419.0,0.0,5446.0,0.821,0.824,1,1,Transit,18.7
Kepler-1754 b,Kepler-1754,2021,2.43996509,8.195949554,0.0718,672.0,0.0,4723.0,0.747,0.734,1,1,Transit,6.53
Kepler-1755 b,Kepler-1755,2021,5.91688317,24.81209946,0.1668,631.0,0.0,6086.0,0.921,1.003,1,1,Transit,29.4
Kepler-1756 b,Kepler-1756,2021,1.47199944,2.355750084,0.0319,1093.0,0.0,4915.0,0.812,0.781,1,1,Transit,2.77
Kepler-1758 b,Kepler-1758,2021,2.57059831,9.977210045,0.0919,1028.0,0.0,5557.0,1.616,1.035,1,1,Transit,7.13
Kepler-1759 b,Kepler-1759,2021,0.9037791,3.720230103,0.0429,954.0,0.0,5017.0,0.797,0.76,1,1,Transit,0.676
Kepler-176 b,Kepler-176,2014,1.43,5.433074,0.058,841.0,0.0,5232.0,0.891,0.86,1,4,Transit,290.537
Kepler-176 d,Kepler-176,2014,2.51,25.751974,0.163,501.0,0.0,5232.0,0.891,0.86,1,4,Transit,1.72
Kepler-176 e,Kepler-176,2016,1.45,51.16579,0.25654,398.0,0.0,5295.0,0.83,0.87,1,4,Transit,0.52075
Kepler-1760 b,Kepler-1760,2021,2.28995546,38.3260994,0.2084,480.0,0.0,5229.0,0.903,0.821,1,1,Transit,5.86
Kepler-1761 b,Kepler-1761,2021,1.39109603,4.043540001,0.0413,613.0,0.0,3871.0,0.532,0.573,1,1,Transit,2.51
Kepler-1762 b,Kepler-1762,2021,2.76022913,29.53910065,0.204,714.0,0.0,6572.0,1.238,1.298,1,1,Transit,8.05
Kepler-1763 b,Kepler-1763,2021,1.14651332,1.480280042,0.0257,1822.0,0.0,5897.0,1.259,1.026,1,1,Transit,1.59
Kepler-1765 b,Kepler-1765,2021,2.49508857,10.41889954,0.0917,855.0,0.0,5692.0,1.064,0.946,1,1,Transit,6.78
Kepler-1766 b,Kepler-1766,2021,2.27904508,105.0149994,0.4161,406.0,0.0,5868.0,1.042,0.915,1,1,Transit,5.81
Kepler-1768 b,Kepler-1768,2021,2.23346338,15.13589954,0.1286,933.0,0.0,6050.0,1.572,1.24,1,1,Transit,5.62
Kepler-1769 b,Kepler-1769,2021,4.465,89.1934967,0.40598,483.0,0.0,6071.0,1.295,1.061,1,1,Transit,18.2
Kepler-177 b,Kepler-177,2013,3.5,36.8601,0.21101,549.0,0.0,5732.0,1.324,0.921,1,2,Transit,5.84
Kepler-177 c,Kepler-177,2013,8.73,49.40926,0.25655,497.0,0.0,5732.0,1.324,0.921,1,2,Transit,14.7
Kepler-1771 b,Kepler-1771,2021,4.05537256,88.64399719,0.3815,391.0,0.0,5661.0,0.934,0.941,1,1,Transit,15.5
Kepler-1775 b,Kepler-1775,2021,3.64762153,85.65399933,0.39565,522.0,0.0,5818.0,1.647,1.149,1,1,Transit,12.9
Kepler-1776 b,Kepler-1776,2021,2.61157023,35.01190186,0.2093,603.0,0.0,5872.0,1.153,1.041,1,1,Transit,7.33
Kepler-1777 b,Kepler-1777,2021,2.13189678,12.18420029,0.10301,819.0,0.0,5771.0,1.068,0.984,1,1,Transit,5.19
Kepler-1778 b,Kepler-1778,2021,3.01665969,10.08740044,0.0956,942.0,0.0,6310.0,1.095,1.143,1,1,Transit,9.36
Kepler-1779 b,Kepler-1779,2021,3.03295685,16.34359932,0.1264,730.0,0.0,5730.0,1.056,1.008,1,1,Transit,9.44
Kepler-178 b,Kepler-178,2014,2.9,9.576694,0.085,846.0,0.0,5676.0,1.066,0.852,1,3,Transit,8.75
Kepler-178 c,Kepler-178,2014,2.88,20.552802,0.142,656.0,0.0,5676.0,1.066,0.852,1,3,Transit,8.65
Kepler-178 d,Kepler-178,2014,3.95,96.678988,0.397,392.0,0.0,5676.0,1.066,0.852,1,3,Transit,14.8
Kepler-1783 b,Kepler-1783,2021,1.31946731,8.277440071,0.07595,1088.0,0.0,5129.0,1.781,0.887,1,1,Transit,2.3
Kepler-1784 b,Kepler-1784,2021,2.79936489,13.59049988,0.1072,724.0,0.0,5442.0,0.974,0.887,1,1,Transit,8.24
Kepler-1785 b,Kepler-1785,2021,2.70422447,19.58550072,0.13917,666.0,0.0,5618.0,0.996,0.911,1,1,Transit,7.77
Kepler-1786 b,Kepler-1786,2021,3.16305828,78.5460968,0.35722,501.0,0.0,5808.0,1.397,1.058,1,1,Transit,10.1
Kepler-1787 b,Kepler-1787,2021,2.31898181,39.31370163,0.227,540.0,0.0,6060.0,0.925,1.008,1,1,Transit,5.99
Kepler-1788 b,Kepler-1788,2021,2.37850461,2.800120115,0.0343,956.0,0.0,4786.0,0.704,0.686,1,1,Transit,6.25
Kepler-1789 b,Kepler-1789,2021,2.83137505,80.23190308,0.3543,380.0,0.0,5436.0,0.888,0.92,1,1,Transit,8.4
Kepler-179 b,Kepler-179,2014,1.64,2.735926,0.036,1075.0,0.0,5302.0,0.759,0.893,1,2,Transit,3.33
Kepler-179 c,Kepler-179,2014,2.0,6.40013,0.064,810.0,0.0,5302.0,0.759,0.893,1,2,Transit,4.66
Kepler-1790 b,Kepler-1790,2021,3.1446145,31.58889961,0.20989,682.0,0.0,5866.0,1.367,1.02,1,1,Transit,10.0
Kepler-1791 b,Kepler-1791,2021,3.12103321,7.720860004,0.0761,1021.0,0.0,5887.0,1.177,0.985,1,1,Transit,9.91
Kepler-1792 b,Kepler-1792,2021,2.51990972,4.1957798,0.0488,1047.0,0.0,5229.0,1.005,0.878,1,1,Transit,6.89
Kepler-1794 b,Kepler-1794,2021,1.79426276,9.762980461,0.0821,703.0,0.0,5052.0,0.816,0.773,1,1,Transit,3.87
Kepler-1798 b,Kepler-1798,2021,2.30911251,16.85589981,0.1082,408.0,0.0,3967.0,0.587,0.593,1,1,Transit,5.94
Kepler-18 b,Kepler-18,2011,2.0,3.504725,0.0447,1165.0,0.0,5345.0,1.108,0.972,1,3,Transit,6.9
Kepler-18 c,Kepler-18,2011,5.49,7.64159,0.0752,899.0,0.0,5345.0,1.108,0.972,1,3,Transit,17.3
Kepler-18 d,Kepler-18,2011,6.98,14.85888,0.1172,720.0,0.0,5345.0,1.108,0.972,1,3,Transit,16.4
Kepler-180 b,Kepler-180,2014,1.5,13.817124,0.109,781.0,0.0,5731.0,1.063,0.95,1,2,Transit,2.86
Kepler-1800 b,Kepler-1800,2021,0.99679734,4.562029839,0.05098,1533.0,0.0,5343.0,2.506,1.33,1,1,Transit,0.961
Kepler-1801 b,Kepler-1801,2021,2.70926154,10.44089985,0.0915,829.0,0.0,5738.0,0.981,0.936,1,2,Transit,7.8
Kepler-1802 b,Kepler-1802,2021,1.671,15.45020008,0.0662,581.0,0.0,4245.0,0.637,0.649,1,2,Transit,3.43
Kepler-1802 c,Kepler-1802,2021,2.322,33.13610077,0.1748,357.0,0.0,4245.0,0.637,0.649,1,2,Transit,6.0
Kepler-1804 b,Kepler-1804,2021,1.59615726,12.28849983,0.1017,913.0,0.0,5109.0,1.671,0.929,1,1,Transit,3.18
Kepler-1805 b,Kepler-1805,2021,1.54502915,8.847940445,0.0699,479.0,0.0,3867.0,0.552,0.581,1,1,Transit,3.0
Kepler-1806 b,Kepler-1806,2021,2.35560189,9.033320427,0.0813,729.0,0.0,5311.0,0.788,0.884,1,1,Transit,6.15
Kepler-1807 b,Kepler-1807,2021,2.70393215,10.86060047,0.0988,1108.0,0.0,6455.0,1.496,1.087,1,1,Transit,7.77
Kepler-1808 b,Kepler-1808,2021,3.02511302,23.3404007,0.1467,601.0,0.0,5530.0,0.892,0.773,1,1,Transit,9.4
Kepler-1809 b,Kepler-1809,2021,1.513,3.7572999,0.04444,877.0,0.0,4901.0,0.716,0.807,1,1,Transit,2.9
Kepler-181 b,Kepler-181,2014,1.27,3.137873,0.04,1041.0,0.0,5333.0,0.749,0.81,1,2,Transit,2.15
Kepler-181 c,Kepler-181,2014,1.99,4.302149,0.049,937.0,0.0,5333.0,0.749,0.81,1,2,Transit,4.62
Kepler-1810 b,Kepler-1810,2021,3.91815325,101.1330032,0.4137,380.0,0.0,5492.0,1.016,0.921,1,1,Transit,14.6
Kepler-1811 b,Kepler-1811,2021,3.84829873,76.42230225,0.3462,455.0,0.0,5561.0,1.19,0.946,1,1,Transit,14.1
Kepler-1812 b,Kepler-1812,2021,2.3249424,7.165219784,0.0765,1034.0,0.0,6174.0,1.103,1.162,1,1,Transit,6.01
Kepler-1814 b,Kepler-1814,2021,2.36961357,2.935359955,0.03765,1022.0,0.0,4922.0,0.823,0.79,1,2,Transit,6.21
Kepler-1814 c,Kepler-1814,2023,1.76,0.626281766,0.0133,1711.0,0.0,4922.0,0.823,0.79,1,2,Transit,3.75
Kepler-1815 b,Kepler-1815,2021,2.7489262,12.19139957,0.0984,763.0,0.0,5516.0,0.967,0.856,1,1,Transit,7.99
Kepler-1816 b,Kepler-1816,2021,1.9679397,91.50099945,0.35647,310.0,0.0,5051.0,0.706,0.786,1,1,Transit,4.53
Kepler-1817 b,Kepler-1817,2021,2.27349126,44.29919815,0.2348,463.0,0.0,5316.0,0.915,0.878,1,1,Transit,5.79
Kepler-1818 b,Kepler-1818,2021,1.71360684,4.644909859,0.055,1209.0,0.0,6047.0,1.129,1.021,1,1,Transit,3.58
Kepler-182 c,Kepler-182,2014,3.43,20.684342,0.157,729.0,0.0,6250.0,1.146,1.114,1,2,Transit,11.6
Kepler-1820 b,Kepler-1820,2021,3.11883067,31.03249931,0.1964,561.0,0.0,5841.0,0.931,1.047,1,1,Transit,9.9
Kepler-1821 b,Kepler-1821,2021,2.59248115,16.45809937,0.1244,644.0,0.0,5475.0,0.884,0.946,1,1,Transit,7.24
Kepler-1822 b,Kepler-1822,2021,2.64755943,22.13339996,0.1416,507.0,0.0,5165.0,0.702,0.782,1,1,Transit,7.5
Kepler-1823 b,Kepler-1823,2021,2.0861268,21.10339928,0.15332,718.0,0.0,6000.0,1.126,1.068,1,1,Transit,5.0
Kepler-1824 b,Kepler-1824,2021,2.38127597,95.61100006,0.4267,421.0,0.0,6002.0,1.081,1.135,1,1,Transit,6.26
Kepler-1825 b,Kepler-1825,2021,1.42200732,1.025869966,0.0187,1520.0,0.0,5123.0,0.847,0.828,1,1,Transit,2.61
Kepler-1827 b,Kepler-1827,2021,1.85644292,3.700619936,0.04647,1329.0,0.0,5423.0,1.404,0.915,1,1,Transit,4.1
Kepler-1828 b,Kepler-1828,2021,2.11598626,10.2737999,0.0924,799.0,0.0,5806.0,0.899,0.996,1,1,Transit,5.13
Kepler-183 b,Kepler-183,2014,2.06,5.687945,0.064,1088.0,0.0,5888.0,0.958,0.99,1,2,Transit,4.9
Kepler-183 c,Kepler-183,2014,2.27,11.637071,0.103,857.0,0.0,5888.0,0.958,0.99,1,2,Transit,35.7
Kepler-1830 b,Kepler-1830,2021,3.32992941,56.49330139,0.31769,681.0,0.0,6160.0,2.046,1.443,1,1,Transit,11.1
Kepler-1831 b,Kepler-1831,2021,1.97019818,5.78387022,0.0655,1051.0,0.0,6063.0,1.012,1.117,1,1,Transit,4.54
Kepler-1832 b,Kepler-1832,2021,1.22719556,3.138789892,0.037,1022.0,0.0,5242.0,0.722,0.684,1,1,Transit,2.02
Kepler-1833 b,Kepler-1833,2021,1.30027362,6.892129898,0.07545,1177.0,0.0,6164.0,1.446,1.286,1,1,Transit,2.24
Kepler-1835 b,Kepler-1835,2021,3.53387773,11.96409988,0.0997,808.0,0.0,5903.0,0.961,0.922,1,1,Transit,12.2
Kepler-1836 b,Kepler-1836,2021,2.55303229,5.254169941,0.0602,1093.0,0.0,6123.0,0.987,1.053,1,1,Transit,7.05
Kepler-1838 b,Kepler-1838,2021,1.66049425,12.14680004,0.11082,1097.0,0.0,5877.0,1.963,1.187,1,1,Transit,3.4
Kepler-1839 b,Kepler-1839,2021,1.9493759,5.056759834,0.0583,1049.0,0.0,5926.0,0.939,1.03,1,1,Transit,4.46
Kepler-184 d,Kepler-184,2014,2.49,29.022358,0.179,559.0,0.0,5788.0,0.873,0.872,1,3,Transit,6.76
Kepler-1840 b,Kepler-1840,2021,2.77771129,131.1900024,0.46206,284.0,0.0,4898.0,0.803,0.774,1,1,Transit,8.13
Kepler-1841 b,Kepler-1841,2021,1.48912557,25.88599968,0.1606,542.0,0.0,5190.0,0.899,0.823,1,1,Transit,2.82
Kepler-1842 b,Kepler-1842,2021,2.35388681,14.02639961,0.116,822.0,0.0,5970.0,1.131,1.057,1,1,Transit,6.14
Kepler-1843 b,Kepler-1843,2021,2.70909809,25.54339981,0.17871,772.0,0.0,5422.0,1.782,1.02,1,1,Transit,7.8
Kepler-1844 b,Kepler-1844,2021,3.03648191,3.924510002,0.0478,1074.0,0.0,5776.0,0.849,0.939,1,1,Transit,9.46
Kepler-1845 b,Kepler-1845,2021,2.43836702,11.60649967,0.0885,584.0,0.0,4703.0,0.701,0.686,1,1,Transit,6.52
Kepler-1846 b,Kepler-1846,2021,1.76378826,14.82009983,0.11054,552.0,0.0,4825.0,0.732,0.785,1,1,Transit,3.76
Kepler-1848 b,Kepler-1848,2021,1.4088539,5.604020119,0.05835,774.0,0.0,4847.0,0.737,0.756,1,1,Transit,2.57
Kepler-1849 b,Kepler-1849,2021,2.38685349,57.29290009,0.2597,355.0,0.0,4806.0,0.729,0.709,1,1,Transit,6.29
Kepler-185 b,Kepler-185,2014,1.17,1.6329,0.026,1237.0,0.0,5208.0,0.806,0.763,1,2,Transit,1.71
Kepler-185 c,Kepler-185,2014,2.02,20.729042,0.139,530.0,0.0,5208.0,0.806,0.763,1,2,Transit,4.74
Kepler-1850 b,Kepler-1850,2021,0.72909663,1.385800004,0.0206,1008.0,0.0,4239.0,0.6,0.611,1,1,Transit,0.313
Kepler-1851 b,Kepler-1851,2021,3.90012032,12.02289963,0.1016,776.0,0.0,5982.0,0.879,0.967,1,1,Transit,14.5
Kepler-1852 b,Kepler-1852,2021,1.88610592,7.970940113,0.0762,760.0,0.0,5237.0,0.826,0.927,1,1,Transit,4.22
Kepler-1853 b,Kepler-1853,2021,1.51862272,48.88819885,0.2395,386.0,0.0,4821.0,0.788,0.765,1,1,Transit,2.92
Kepler-1854 b,Kepler-1854,2021,2.58746104,39.83110046,0.20894,420.0,0.0,5026.0,0.759,0.8,1,1,Transit,7.21
Kepler-1855 b,Kepler-1855,2021,1.216205,0.727330983,0.0115,849.0,0.0,3460.0,0.356,0.385,1,1,Transit,1.96
Kepler-1857 b,Kepler-1857,2021,1.96065412,8.94340992,0.08308,946.0,0.0,6074.0,1.005,0.873,1,1,Transit,4.5
Kepler-1859 b,Kepler-1859,2021,1.58313575,2.729599953,0.0394,1455.0,0.0,5887.0,1.235,1.09,1,2,Transit,3.13
Kepler-1859 c,Kepler-1859,2023,1.66,3.59645081,0.0473,1327.0,0.0,5887.0,1.235,1.09,1,2,Transit,3.39
Kepler-186 b,Kepler-186,2014,1.07,3.8867907,0.0343,571.0,0.0,3788.0,0.472,0.478,1,5,Transit,1.24
Kepler-186 c,Kepler-186,2014,1.25,7.267302,0.0451,464.0,0.0,3788.0,0.472,0.478,1,5,Transit,2.1
Kepler-186 e,Kepler-186,2014,1.27,22.407704,0.11,319.0,0.0,3788.0,0.472,0.478,1,5,Transit,2.15
Kepler-186 f,Kepler-186,2014,1.17,129.9441,0.432,177.0,0.04,3755.0,0.523,0.544,1,5,Transit,1.71
Kepler-1860 b,Kepler-1860,2021,1.13863767,12.73719978,0.10625,697.0,0.0,5420.0,0.868,0.874,1,1,Transit,1.55
Kepler-1861 b,Kepler-1861,2021,2.20677414,40.0306015,0.24082,617.0,0.0,5855.0,1.373,1.161,1,1,Transit,5.5
Kepler-1862 b,Kepler-1862,2021,2.203,16.05730057,0.1199,645.0,0.0,5644.0,0.806,0.9,1,1,Transit,5.49
Kepler-1864 b,Kepler-1864,2021,0.75408365,3.881510019,0.049,1156.0,0.0,5854.0,0.979,1.03,1,1,Transit,0.353
Kepler-1865 b,Kepler-1865,2021,1.57686072,2.524009943,0.0344,1203.0,0.0,5420.0,0.871,0.849,1,1,Transit,3.11
Kepler-1866 b,Kepler-1866,2021,2.08215108,11.66009998,0.1016,834.0,0.0,5791.0,1.083,1.03,1,1,Transit,4.99
Kepler-1867 b,Kepler-1867,2021,1.15985997,9.887359619,0.0872,768.0,0.0,5693.0,0.816,0.911,1,1,Transit,1.65
Kepler-1868 b,Kepler-1868,2021,3.14950109,211.0339966,0.62348,215.0,0.0,4658.0,0.686,0.743,1,1,Transit,10.1
Kepler-1869 b,Kepler-1869,2021,1.11955354,8.167360306,0.07976,865.0,0.0,5808.0,0.902,0.987,1,2,Transit,1.46
Kepler-187 b,Kepler-187,2014,1.41,4.938864,0.059,1244.0,0.0,6105.0,1.287,1.081,1,2,Transit,2.57
Kepler-187 c,Kepler-187,2014,2.67,10.640263,0.099,963.0,0.0,6105.0,1.287,1.081,1,2,Transit,7.61
Kepler-1870 b,Kepler-1870,2021,2.10143764,3.606940031,0.0452,1046.0,0.0,5508.0,0.84,0.955,1,1,Transit,5.07
Kepler-1871 b,Kepler-1871,2021,2.42172881,1.952700019,0.0308,1403.0,0.0,5741.0,0.946,1.02,1,1,Transit,6.44
Kepler-1872 b,Kepler-1872,2021,2.38421141,3.825910091,0.0465,1005.0,0.0,5223.0,0.885,0.913,1,1,Transit,6.28
Kepler-1873 b,Kepler-1873,2021,1.62573811,0.558842003,0.0128,1787.0,0.0,5151.0,0.792,0.903,1,1,Transit,3.28
Kepler-1874 b,Kepler-1874,2021,2.21110724,56.57320023,0.2633,356.0,0.0,4701.0,0.775,0.758,1,1,Transit,5.52
Kepler-1876 b,Kepler-1876,2021,0.853,6.99205,0.0758,1299.0,0.098,6104.0,1.477,1.187,1,1,Transit,2.4
Kepler-1877 b,Kepler-1877,2021,0.624086,2.377569914,0.03472,1278.0,0.0,5615.0,0.936,1.022,1,1,Transit,0.179
Kepler-1878 b,Kepler-1878,2021,2.92019781,4.445879936,0.0521,1063.0,0.0,5918.0,0.865,0.956,1,1,Transit,8.86
Kepler-1879 b,Kepler-1879,2021,2.06512018,10.61340046,0.0957,987.0,0.0,5865.0,1.388,1.023,1,1,Transit,4.92
Kepler-188 b,Kepler-188,2014,1.68,2.061897,0.032,1463.0,0.0,6021.0,1.141,1.021,1,2,Transit,3.46
Kepler-188 c,Kepler-188,2014,3.19,5.996553,0.066,1025.0,0.0,6021.0,1.141,1.021,1,2,Transit,10.3
Kepler-1880 b,Kepler-1880,2021,2.11686218,6.309219837,0.054,606.0,0.0,4380.0,0.53,0.524,1,1,Transit,5.13
Kepler-1883 b,Kepler-1883,2021,3.25107395,103.427002,0.4438,416.0,0.0,6208.0,1.024,1.086,1,1,Transit,10.6
Kepler-1884 b,Kepler-1884,2021,1.81406781,8.988320351,0.0845,864.0,0.0,5984.0,0.906,0.993,1,1,Transit,3.95
Kepler-1886 b,Kepler-1886,2021,2.58158428,24.2758007,0.16,580.0,0.0,5745.0,0.837,0.928,1,1,Transit,7.18
Kepler-1887 b,Kepler-1887,2021,2.92454357,19.94750023,0.1421,625.0,0.0,5749.0,0.864,0.961,1,1,Transit,8.88
Kepler-1888 b,Kepler-1888,2021,1.32578716,11.39169979,0.0956,886.0,0.0,5557.0,1.249,0.897,1,1,Transit,2.32
Kepler-1889 b,Kepler-1889,2021,2.94360686,37.30369949,0.2082,493.0,0.0,5646.0,0.817,0.864,1,1,Transit,8.98
Kepler-189 b,Kepler-189,2014,1.21,10.399931,0.088,678.0,0.0,5235.0,0.75,0.803,1,2,Transit,1.92
Kepler-189 c,Kepler-189,2014,2.38,20.134866,0.137,544.0,0.0,5235.0,0.75,0.803,1,2,Transit,22.7
Kepler-1890 b,Kepler-1890,2021,0.86867375,4.820590019,0.05712,1328.0,0.0,6046.0,1.396,1.024,1,1,Transit,0.587
Kepler-1892 b,Kepler-1892,2021,1.83707938,6.331230164,0.0633,822.0,0.0,5383.0,0.759,0.851,1,1,Transit,4.03
Kepler-1894 b,Kepler-1894,2021,1.20117759,2.762660027,0.0385,1231.0,0.0,5772.0,0.901,0.999,1,2,Transit,1.87
Kepler-1896 b,Kepler-1896,2021,3.09935997,44.87020111,0.2529,536.0,0.0,6122.0,0.996,1.07,1,1,Transit,9.8
Kepler-1897 b,Kepler-1897,2021,2.81407954,24.22030067,0.1546,505.0,0.0,5165.0,0.761,0.859,1,1,Transit,8.32
Kepler-1898 b,Kepler-1898,2021,0.93353523,4.765620232,0.05063,1167.0,0.0,5702.0,1.125,0.837,1,1,Transit,0.76
Kepler-1899 b,Kepler-1899,2021,1.55098292,4.095779896,0.0457,851.0,0.0,4791.0,0.742,0.759,1,1,Transit,3.02
Kepler-19 b,Kepler-19,2011,2.209,9.28699,0.0846,851.0,0.41,5541.0,0.859,0.936,1,3,Transit,6.1
Kepler-19 c,Kepler-19,2011,3.68,28.731,0.1765736996,589.64,0.21,5544.0,0.859,0.936,1,3,Transit Timing Variations,13.1
Kepler-19 d,Kepler-19,2017,5.06,62.95,0.099815,751.0,0.05,5544.0,0.859,0.936,1,3,Radial Velocity,22.5
Kepler-190 b,Kepler-190,2014,1.56,2.019999,0.03,1166.0,0.0,5106.0,0.795,0.834,1,2,Transit,3.05
Kepler-190 c,Kepler-190,2014,1.46,3.763024,0.045,948.0,0.0,5106.0,0.795,0.834,1,2,Transit,2.73
Kepler-1900 b,Kepler-1900,2021,1.62314676,2.986229897,0.042,1356.0,0.0,6173.0,1.041,1.104,1,1,Transit,3.27
Kepler-1901 b,Kepler-1901,2021,1.47418907,3.484129906,0.0453,1132.0,0.0,5696.0,0.921,1.022,1,1,Transit,2.77
Kepler-1902 b,Kepler-1902,2021,1.17563613,3.822220087,0.0385,601.0,0.0,3729.0,0.514,0.52,1,1,Transit,1.74
Kepler-1903 b,Kepler-1903,2021,2.28642395,17.0678997,0.1321,769.0,0.0,6347.0,0.996,1.053,1,1,Transit,5.85
Kepler-1904 b,Kepler-1904,2021,1.3904994,4.577020168,0.0436,567.0,0.0,3805.0,0.497,0.526,1,1,Transit,2.51
Kepler-1905 b,Kepler-1905,2021,1.4460734,3.42392993,0.0451,1212.0,0.0,5788.0,1.015,1.038,1,1,Transit,2.69
Kepler-1906 b,Kepler-1906,2021,2.77615754,7.362689972,0.0738,901.0,0.0,5868.0,0.894,0.987,1,1,Transit,8.13
Kepler-1907 c,Kepler-1907,2021,1.15547044,14.86390018,0.10371,620.0,0.0,5159.0,0.8,0.752,1,2,Transit,1.63
Kepler-191 b,Kepler-191,2014,1.34,9.939632,0.087,722.0,0.0,5282.0,0.789,0.857,1,3,Transit,2.36
Kepler-191 c,Kepler-191,2014,1.86,17.738506,0.128,596.0,0.0,5282.0,0.789,0.857,1,3,Transit,4.12
Kepler-191 d,Kepler-191,2016,2.28,5.945041017,0.06104,857.0,0.0,5215.0,0.8,0.84,1,3,Transit,5.82
Kepler-1911 b,Kepler-1911,2021,1.011,5.990799904,0.0636,987.0,0.0,5721.0,0.972,0.954,1,1,Transit,1.01
Kepler-1912 b,Kepler-1912,2021,1.35670508,6.059219837,0.06489,976.0,0.0,5734.0,0.962,0.977,1,1,Transit,2.41
Kepler-1913 b,Kepler-1913,2021,1.51852059,14.1960001,0.1209,818.0,0.0,6214.0,1.076,1.169,1,1,Transit,2.92
Kepler-1914 b,Kepler-1914,2021,2.9429803,30.82789993,0.1954,585.0,0.0,5982.0,0.96,1.047,1,1,Transit,8.97
Kepler-1915 b,Kepler-1915,2021,3.21798413,13.83539963,0.114,809.0,0.0,6020.0,1.057,1.03,1,1,Transit,10.4
Kepler-1916 b,Kepler-1916,2021,2.61757235,31.25429916,0.2053,635.0,0.0,6246.0,1.092,1.18,1,1,Transit,7.35
Kepler-1917 b,Kepler-1917,2021,1.88971288,12.90240002,0.103,675.0,0.0,5530.0,0.788,0.882,1,1,Transit,4.23
Kepler-1918 b,Kepler-1918,2021,2.29763023,47.0564003,0.2524,497.0,0.0,5889.0,0.924,0.967,1,1,Transit,5.89
Kepler-1919 b,Kepler-1919,2021,2.62390658,37.88660049,0.2107,479.0,0.0,5513.0,0.818,0.868,1,1,Transit,7.38
Kepler-192 b,Kepler-192,2014,2.74,9.926746,0.09,803.0,0.0,5479.0,1.007,1.028,1,3,Transit,7.95
Kepler-192 d,Kepler-192,2016,1.02,6.47027579,0.0686,926.0,0.0,5487.0,0.94,0.94,1,3,Transit,1.04
Kepler-1920 b,Kepler-1920,2021,2.95415848,30.2541008,0.2043,660.0,0.0,6277.0,1.161,1.239,1,1,Transit,9.03
Kepler-1921 c,Kepler-1921,2023,1.41,3.15722086,0.0454,1791.0,0.0,6120.0,2.0,1.251,1,2,Transit,2.57
Kepler-1922 b,Kepler-1922,2021,2.29064904,13.22259998,0.1077,740.0,0.0,5931.0,0.863,0.953,1,1,Transit,5.86
Kepler-1923 b,Kepler-1923,2021,1.95958179,52.60969925,0.2846,553.0,0.0,5881.0,1.294,1.109,1,1,Transit,4.5
Kepler-1925 b,Kepler-1925,2021,3.00177922,46.71640015,0.2588,531.0,0.0,5856.0,1.092,1.057,1,1,Transit,9.28
Kepler-1927 b,Kepler-1927,2021,3.40627075,73.75039673,0.38733,677.0,0.0,6056.0,2.481,1.408,1,1,Transit,11.5
Kepler-1928 b,Kepler-1928,2021,1.992,19.57783,0.194,621.0,0.43,5720.0,0.92,1.01,1,1,Transit,4.63
Kepler-1929 b,Kepler-1929,2021,3.07250761,59.36249924,0.30883,566.0,0.0,5786.0,1.471,1.006,1,1,Transit,9.65
Kepler-193 c,Kepler-193,2014,2.75,50.697494,0.286,595.0,0.0,6335.0,1.147,1.051,1,2,Transit,8.0
Kepler-1930 b,Kepler-1930,2021,1.52955541,13.02680016,0.10233,643.0,0.0,5083.0,0.844,0.844,1,1,Transit,2.95
Kepler-1931 b,Kepler-1931,2021,2.65323514,38.5760994,0.23329,619.0,0.0,6167.0,1.221,1.174,1,1,Transit,7.53
Kepler-1932 b,Kepler-1932,2021,1.51482218,0.524177015,0.0123,1891.0,0.0,5278.0,0.815,0.911,1,1,Transit,2.91
Kepler-1934 b,Kepler-1934,2021,0.91307734,1.419759989,0.02466,1700.0,0.0,5925.0,1.035,0.968,1,1,Transit,0.702
Kepler-1935 b,Kepler-1935,2021,2.50271696,3.951400042,0.0463,1083.0,0.0,5570.0,0.899,0.845,1,1,Transit,6.82
Kepler-1936 b,Kepler-1936,2021,3.16615594,126.5569992,0.52662,524.0,0.0,6501.0,1.854,1.419,1,1,Transit,10.2
Kepler-1938 b,Kepler-1938,2021,1.82828927,13.06260014,0.0938,527.0,0.0,4522.0,0.655,0.646,1,1,Transit,4.0
Kepler-1939 b,Kepler-1939,2021,1.16480773,2.790659904,0.0334,816.0,0.0,4353.0,0.603,0.648,1,1,Transit,1.68
Kepler-194 b,Kepler-194,2014,1.51,2.092281,0.032,1648.0,0.0,6089.0,1.025,0.94,1,3,Transit,2.89
Kepler-194 c,Kepler-194,2014,2.59,17.308032,0.131,815.0,0.0,6089.0,1.025,0.94,1,3,Transit,7.22
Kepler-194 d,Kepler-194,2014,2.4,52.814973,0.275,562.0,0.0,6089.0,1.025,0.94,1,3,Transit,6.35
Kepler-1940 b,Kepler-1940,2021,1.54732469,4.950610161,0.0525,885.0,0.0,5431.0,0.717,0.802,1,1,Transit,3.01
Kepler-1941 b,Kepler-1941,2021,2.64976949,31.33510017,0.2054,666.0,0.0,6404.0,1.142,1.175,1,1,Transit,7.51
Kepler-1942 b,Kepler-1942,2021,2.1170287,4.626049995,0.0516,1012.0,0.0,5834.0,0.797,0.852,1,1,Transit,5.13
Kepler-1943 b,Kepler-1943,2021,1.54869189,4.850180149,0.05975,1098.0,0.0,6032.0,0.973,1.055,1,1,Transit,3.02
Kepler-1944 b,Kepler-1944,2021,2.75971163,9.842579842,0.0918,801.0,0.0,5585.0,0.972,1.064,1,1,Transit,8.05
Kepler-1945 b,Kepler-1945,2021,1.289,6.080039978,0.0597,808.0,0.0,4991.0,0.804,0.767,1,1,Transit,2.21
Kepler-1946 b,Kepler-1946,2021,2.48812698,3.035190105,0.0394,1143.0,0.0,5505.0,0.873,0.887,1,1,Transit,6.75
Kepler-1947 b,Kepler-1947,2021,1.0101666,6.963630199,0.07375,1298.0,0.0,6040.0,1.686,0.984,1,1,Transit,1.01
Kepler-1948 b,Kepler-1948,2021,1.03283226,15.57129955,0.1022,399.0,0.0,3872.0,0.557,0.585,1,1,Transit,1.09
Kepler-1949 b,Kepler-1949,2021,2.21964541,2.208280087,0.0352,1709.0,0.0,6028.0,1.454,1.194,1,1,Transit,5.56
Kepler-195 b,Kepler-195,2014,2.03,8.307872,0.077,751.0,0.0,5329.0,0.775,0.867,1,2,Transit,4.78
Kepler-195 c,Kepler-195,2014,1.55,34.096863,0.197,469.0,0.0,5329.0,0.775,0.867,1,2,Transit,3.02
Kepler-1950 b,Kepler-1950,2021,1.52696349,10.77690029,0.0871,752.0,0.0,5455.0,0.852,0.759,1,1,Transit,2.95
Kepler-1951 b,Kepler-1951,2021,2.32107188,20.65780067,0.1435,728.0,0.0,5468.0,1.306,0.923,1,1,Transit,6.0
Kepler-1952 b,Kepler-1952,2021,1.23923346,27.21080017,0.1724,725.0,0.0,5973.0,1.305,0.922,1,1,Transit,2.07
Kepler-1953 b,Kepler-1953,2021,1.28574667,6.245659828,0.0607,731.0,0.0,4858.0,0.707,0.786,1,1,Transit,2.2
Kepler-1954 b,Kepler-1954,2021,1.80235934,5.883430004,0.0625,949.0,0.0,5840.0,0.849,0.942,1,1,Transit,3.9
Kepler-1956 b,Kepler-1956,2021,1.08940238,5.943719864,0.0563,674.0,0.0,4391.0,0.682,0.671,1,1,Transit,1.32
Kepler-1957 b,Kepler-1957,2021,0.94374867,2.186619997,0.0299,1099.0,0.0,4904.0,0.772,0.745,1,1,Transit,0.79
Kepler-1958 b,Kepler-1958,2021,2.05124311,9.328619957,0.0856,806.0,0.0,5749.0,0.864,0.961,1,1,Transit,4.86
Kepler-1959 b,Kepler-1959,2021,1.14315727,6.38669014,0.0617,811.0,0.0,5071.0,0.811,0.768,1,1,Transit,1.57
Kepler-196 c,Kepler-196,2014,2.24,47.427737,0.24,407.0,0.0,5128.0,0.782,0.839,1,3,Transit,5.65
Kepler-196 d,Kepler-196,2021,2.66065673,122.0800018,0.4545,297.0,0.0,5132.0,0.77,0.805,1,3,Transit,7.56
Kepler-1960 b,Kepler-1960,2021,1.30749704,2.297940016,0.0354,1547.0,0.0,6371.0,1.072,1.117,1,1,Transit,2.26
Kepler-1961 b,Kepler-1961,2021,1.6187808,5.604710102,0.0588,866.0,0.0,5401.0,0.777,0.871,1,1,Transit,3.25
Kepler-1962 b,Kepler-1962,2021,1.21463929,7.991459846,0.0783,901.0,0.0,5700.0,1.006,1.003,1,1,Transit,1.95
Kepler-1964 b,Kepler-1964,2021,1.7810587,2.440829992,0.0322,986.0,0.0,4803.0,0.698,0.752,1,1,Transit,3.83
Kepler-1966 b,Kepler-1966,2021,1.10479327,8.617429733,0.0763,733.0,0.0,5009.0,0.84,0.797,1,1,Transit,1.39
Kepler-1967 b,Kepler-1967,2021,0.73022577,7.281690121,0.06686,1086.0,0.0,4970.0,1.806,0.996,1,1,Transit,0.315
Kepler-1968 b,Kepler-1968,2021,1.50004034,7.281099796,0.0696,744.0,0.0,5008.0,0.788,0.844,1,1,Transit,2.86
Kepler-1969 b,Kepler-1969,2021,1.68161001,6.647520065,0.0717,999.0,0.0,6046.0,1.007,1.111,1,1,Transit,3.47
Kepler-197 b,Kepler-197,2014,1.02,5.599308,0.06,1142.0,0.02,6004.0,1.12,0.857,2,4,Transit,1.04
Kepler-197 c,Kepler-197,2014,1.23,10.349695,0.09,930.0,0.08,6004.0,1.12,0.857,2,4,Transit,5.3
Kepler-197 d,Kepler-197,2014,1.22,15.677563,0.119,810.0,0.03,6004.0,1.12,0.857,2,4,Transit,1.98
Kepler-197 e,Kepler-197,2014,0.91,25.209715,0.164,691.0,0.38,6004.0,1.12,0.857,2,4,Transit,0.693
Kepler-1972 c,Kepler-1972,2022,0.868,11.3295,0.10493,1215.0,0.043,5818.0,1.384,1.12,1,2,Transit,2.11
Kepler-1977 b,Kepler-1977,2023,1.66,4.53702121,0.0486,798.0,0.0,4805.0,0.688,0.769,1,1,Transit,3.39
Kepler-1978 b,Kepler-1978,2023,2.67,10.84969477,0.0914,676.0,0.0,5251.0,0.778,0.869,1,1,Transit,7.61
Kepler-198 b,Kepler-198,2014,2.82,17.790037,0.131,655.0,0.0,5574.0,0.94,0.995,1,3,Transit,8.35
Kepler-198 c,Kepler-198,2014,2.47,49.567416,0.259,465.0,0.0,5574.0,0.94,0.995,1,3,Transit,6.66
Kepler-198 d,Kepler-198,2016,1.53,1.31184443,0.02342,1562.0,0.0,5636.0,0.93,0.97,1,3,Transit,2.96
Kepler-1980 b,Kepler-1980,2023,2.21,33.0257179,0.2049,564.0,0.0,5819.0,0.99,1.049,1,1,Transit,5.52
Kepler-1982 b,Kepler-1982,2023,0.77,3.82315697,0.0511,1282.0,0.0,6202.0,1.122,1.213,1,1,Transit,0.381
Kepler-1983 b,Kepler-1983,2023,2.33,7.32851947,0.0689,807.0,0.0,5135.0,0.874,0.812,1,1,Transit,6.04
Kepler-1985 b,Kepler-1985,2023,2.27,3.42064689,0.0426,1129.0,0.0,5370.0,0.966,0.877,1,1,Transit,5.77
Kepler-1987 b,Kepler-1987,2023,1.23,2.345863002,0.0318,997.0,0.0,4769.0,0.714,0.799,1,4,Transit,2.04
Kepler-1987 d,Kepler-1987,2023,2.66,5.644914154,0.0571,744.0,0.0,4769.0,0.714,0.799,1,4,Transit,7.56
Kepler-1987 e,Kepler-1987,2023,1.92,8.74292005,0.0765,643.0,0.0,4769.0,0.714,0.799,1,4,Transit,4.35
Kepler-1988 b,Kepler-1988,2023,1.53,11.49500229,0.1038,1105.0,0.0,6033.0,1.788,1.127,1,1,Transit,2.96
Kepler-1989 b,Kepler-1989,2023,4.62,10.161023528,0.0918,904.0,0.0,6032.0,1.06,0.999,1,1,Transit,19.3
Kepler-199 b,Kepler-199,2014,3.11,23.637604,0.158,595.0,0.0,5644.0,0.967,0.96,1,2,Transit,9.85
Kepler-199 c,Kepler-199,2014,3.25,67.093408,0.316,420.0,0.0,5644.0,0.967,0.96,1,2,Transit,10.6
Kepler-1990 b,Kepler-1990,2023,3.27,1.73513619,0.0286,1554.0,0.0,5751.0,1.071,1.028,1,2,Transit,10.7
Kepler-1990 c,Kepler-1990,2023,0.98,4.06844957,0.0504,1170.0,0.0,5751.0,1.071,1.028,1,2,Transit,0.904
Kepler-1991 c,Kepler-1991,2023,2.57,22.79020351,0.1528,634.0,0.0,5478.0,1.053,0.914,1,2,Transit,7.13
Kepler-1992 b,Kepler-1992,2023,0.91,15.6112238,0.1169,637.0,0.0,5383.0,0.842,0.874,1,1,Transit,0.693
Kepler-1994 b,Kepler-1994,2023,0.51,4.61225043,0.053,1032.0,0.0,5495.0,0.961,0.932,1,1,Transit,0.087
Kepler-1995 b,Kepler-1995,2023,4.28,73.7578875,0.3259,375.0,0.0,5029.0,0.93,0.847,1,1,Transit,16.9
Kepler-1996 b,Kepler-1996,2023,2.26,32.376183,0.1789,392.0,0.0,4580.0,0.675,0.748,1,2,Transit,5.73
Kepler-1996 c,Kepler-1996,2023,2.81,92.7297248,0.3608,276.0,0.0,4580.0,0.675,0.748,1,2,Transit,8.3
Kepler-1997 b,Kepler-1997,2023,2.28,26.7575866,0.1815,660.0,0.0,6215.0,1.052,1.111,1,1,Transit,5.82
Kepler-1998 b,Kepler-1998,2023,0.6,3.03267135,0.0405,1187.0,0.0,5640.0,0.921,0.962,1,1,Transit,0.156
Kepler-1999 b,Kepler-1999,2023,3.29,8.7396758,0.0713,577.0,0.0,4406.0,0.628,0.632,1,1,Transit,10.8
Kepler-20 b,Kepler-20,2011,1.773,3.6961049,0.04565,1187.0,0.083,5495.0,0.9164,0.929,2,6,Transit,9.7
Kepler-20 d,Kepler-20,2011,2.606,77.611455,0.3474,430.0,0.082,5495.0,0.9164,0.929,2,6,Transit,13.4
Kepler-20 e,Kepler-20,2011,0.821,6.0984882,0.0637,1004.0,0.092,5495.0,0.9164,0.929,2,6,Transit,0.76
Kepler-20 f,Kepler-20,2011,0.952,19.578328,0.1387,681.0,0.094,5495.0,0.9164,0.929,2,6,Transit,1.4
Kepler-20 g,Kepler-20,2016,4.71,34.94,0.2055,524.0,0.15,5495.0,0.9639,0.948,2,6,Radial Velocity,19.96
Kepler-200 b,Kepler-200,2014,2.13,8.594805,0.08,854.0,0.0,5678.0,0.944,0.972,1,2,Transit,5.18
Kepler-2000 c,Kepler-2000,2023,1.57,20.6180348,0.1228,359.0,0.0,3757.0,0.576,0.581,1,2,Transit,3.09
Kepler-2001 c,Kepler-2001,2023,1.82,14.092583189,0.1084,597.0,0.0,5081.0,0.77,0.864,1,2,Transit,3.97
Kepler-201 b,Kepler-201,2014,2.46,25.672083,0.175,683.0,0.0,6065.0,1.229,1.098,1,2,Transit,6.62
Kepler-202 b,Kepler-202,2014,1.63,4.069427,0.045,802.0,0.0,4668.0,0.667,0.683,1,2,Transit,3.29
Kepler-203 b,Kepler-203,2014,2.57,3.162697,0.043,1308.0,0.0,5821.0,1.114,1.06,1,3,Transit,7.13
Kepler-203 c,Kepler-203,2014,2.47,5.370647,0.061,1096.0,0.0,5821.0,1.114,1.06,1,3,Transit,749.9
Kepler-203 d,Kepler-203,2014,1.44,11.32972,0.1,855.0,0.0,5821.0,1.114,1.06,1,3,Transit,33.9
Kepler-204 b,Kepler-204,2014,2.53,14.400974,0.117,828.0,0.0,5812.0,1.238,1.038,1,2,Transit,6.94
Kepler-204 c,Kepler-204,2014,1.79,25.660593,0.173,683.0,0.0,5812.0,1.238,1.038,1,2,Transit,3.86
Kepler-205 b,Kepler-205,2014,1.51,2.75564,0.032,757.0,0.0,4321.0,0.546,0.592,1,2,Transit,2.89
Kepler-205 c,Kepler-205,2014,1.64,20.306546,0.122,389.0,0.0,4321.0,0.546,0.592,1,2,Transit,3.33
Kepler-206 b,Kepler-206,2014,1.2,7.781987,0.078,983.0,0.0,5764.0,1.185,0.957,1,3,Transit,1.87
Kepler-206 c,Kepler-206,2014,1.77,13.137471,0.111,825.0,0.0,5764.0,1.185,0.957,1,3,Transit,3.78
Kepler-206 d,Kepler-206,2014,1.19,23.44281,0.163,681.0,0.0,5764.0,1.185,0.957,1,3,Transit,1.81
Kepler-207 b,Kepler-207,2014,1.57,1.611865,0.029,1930.0,0.0,5920.0,1.588,1.313,1,3,Transit,3.09
Kepler-207 c,Kepler-207,2014,1.5,3.071571,0.044,1556.0,0.0,5920.0,1.588,1.313,1,3,Transit,2.86
Kepler-208 b,Kepler-208,2014,1.63,4.22864,0.054,1379.0,0.0,6092.0,1.314,1.082,1,4,Transit,3.29
Kepler-208 c,Kepler-208,2014,1.39,7.466623,0.079,1141.0,0.0,6092.0,1.314,1.082,1,4,Transit,2.51
Kepler-208 d,Kepler-208,2014,1.2,11.131786,0.103,999.0,0.0,6092.0,1.314,1.082,1,4,Transit,1.87
Kepler-208 e,Kepler-208,2014,1.48,16.259458,0.132,880.0,0.0,6092.0,1.314,1.082,1,4,Transit,2.79
Kepler-209 b,Kepler-209,2014,2.26,16.087845,0.122,668.0,0.0,5513.0,0.935,0.971,1,2,Transit,5.73
Kepler-209 c,Kepler-209,2014,3.1,41.749882,0.231,486.0,0.0,5513.0,0.935,0.971,1,2,Transit,9.8
Kepler-21 b,Kepler-21,2012,1.639,2.7858212,0.0434,2015.0,0.0,6305.0,1.902,1.408,2,1,Transit,7.5
Kepler-210 b,Kepler-210,2014,2.94,2.453234,0.032,737.0,0.0,4559.0,0.65,0.77,1,2,Transit,8.96
Kepler-210 c,Kepler-210,2014,3.62,7.972513,0.07,497.0,0.0,4559.0,0.65,0.77,1,2,Transit,12.8
Kepler-211 b,Kepler-211,2014,1.26,4.138575,0.048,954.0,0.0,5123.0,0.816,0.867,1,2,Transit,2.13
Kepler-211 c,Kepler-211,2014,1.29,6.04045,0.062,841.0,0.0,5123.0,0.816,0.867,1,2,Transit,18.3
Kepler-213 b,Kepler-213,2014,1.62,2.46236,0.036,1326.0,0.0,5696.0,1.195,1.07,1,2,Transit,3.26
Kepler-213 c,Kepler-213,2014,2.34,4.822962,0.057,1060.0,0.0,5696.0,1.195,1.07,1,2,Transit,6.08
Kepler-214 b,Kepler-214,2014,2.61,15.660544,0.13,758.0,0.0,6169.0,1.352,1.11,1,2,Transit,7.32
Kepler-214 c,Kepler-214,2014,2.13,28.7798,0.194,619.0,0.0,6169.0,1.352,1.11,1,2,Transit,5.18
Kepler-215 b,Kepler-215,2014,1.62,9.360672,0.084,784.0,0.0,5739.0,1.027,0.788,1,4,Transit,3.26
Kepler-215 c,Kepler-215,2014,1.77,14.667108,0.113,675.0,0.0,5739.0,1.027,0.788,1,4,Transit,3.78
Kepler-215 d,Kepler-215,2014,2.39,30.864423,0.185,527.0,0.0,5739.0,1.027,0.788,1,4,Transit,23.6
Kepler-216 c,Kepler-216,2014,3.04,17.406669,0.136,814.0,0.0,6091.0,1.26,1.126,1,2,Transit,9.48
Kepler-217 c,Kepler-217,2014,1.85,8.586004,0.089,1208.0,0.0,6171.0,1.799,1.342,1,3,Transit,4.08
Kepler-217 d,Kepler-217,2016,1.32,3.88689525,0.0534,1574.0,0.0,6341.0,1.76,1.37,1,3,Transit,2.3
Kepler-218 b,Kepler-218,2014,1.48,3.619337,0.046,1156.0,0.0,5502.0,1.063,1.019,1,3,Transit,2.79
Kepler-218 c,Kepler-218,2014,3.14,44.699576,0.248,500.0,0.0,5502.0,1.063,1.019,1,3,Transit,10.0
Kepler-218 d,Kepler-218,2016,2.66,124.5244647,0.49884,356.0,0.0,5542.0,1.02,1.01,1,3,Transit,7.56
Kepler-219 c,Kepler-219,2014,3.58,22.714613,0.165,766.0,0.0,5786.0,1.491,1.164,1,3,Transit,12.5
Kepler-219 d,Kepler-219,2014,2.81,47.903645,0.272,598.0,0.0,5786.0,1.491,1.164,1,3,Transit,19.1
Kepler-22 b,Kepler-22,2011,2.1,289.863876,0.812,279.0,0.72,5596.0,0.869,0.857,1,1,Transit,9.1
Kepler-220 b,Kepler-220,2014,0.81,4.159807,0.046,759.0,0.0,4632.0,0.666,0.729,1,4,Transit,0.457
Kepler-220 c,Kepler-220,2014,1.57,9.034199,0.076,586.0,0.0,4632.0,0.666,0.729,1,4,Transit,3.09
Kepler-220 d,Kepler-220,2014,0.98,28.122397,0.163,401.0,0.0,4632.0,0.666,0.729,1,4,Transit,0.904
Kepler-220 e,Kepler-220,2014,1.33,45.902733,0.226,341.0,0.0,4632.0,0.666,0.729,1,4,Transit,2.33
Kepler-221 b,Kepler-221,2014,1.71,2.795906,0.037,1090.0,0.0,5243.0,0.821,0.854,1,4,Transit,5.95575
Kepler-221 c,Kepler-221,2014,2.93,5.690586,0.059,860.0,0.0,5243.0,0.821,0.854,1,4,Transit,9.3
Kepler-221 d,Kepler-221,2014,2.73,10.04156,0.087,712.0,0.0,5243.0,0.821,0.854,1,4,Transit,3.61
Kepler-221 e,Kepler-221,2014,2.63,18.369917,0.13,582.0,0.0,5243.0,0.821,0.854,1,4,Transit,7.86706
Kepler-222 c,Kepler-222,2014,4.64,10.08881,0.091,734.0,0.0,5433.0,0.869,0.933,1,3,Transit,19.4
Kepler-222 d,Kepler-222,2014,3.69,28.081912,0.18,522.0,0.0,5433.0,0.869,0.933,1,3,Transit,13.2
Kepler-223 b,Kepler-223,2014,2.99,7.38449,0.07525,1042.0,0.078,5803.0,1.72,1.125,1,4,Transit,7.4
Kepler-223 c,Kepler-223,2014,3.44,9.84564,0.09117,947.0,0.15,5803.0,1.72,1.125,1,4,Transit,5.1
Kepler-223 e,Kepler-223,2014,4.6,19.72567,0.14481,751.0,0.051,5803.0,1.72,1.125,1,4,Transit,4.8
Kepler-224 c,Kepler-224,2014,3.12,5.925003,0.058,758.0,0.0,5018.0,0.676,0.777,1,4,Transit,9.91
Kepler-224 e,Kepler-224,2014,1.97,18.643577,0.124,517.0,0.0,5018.0,0.676,0.777,1,4,Transit,4.54
Kepler-225 b,Kepler-225,2014,1.2,6.738975,0.056,579.0,0.0,3682.0,0.48,0.593,1,2,Transit,1.87
Kepler-226 b,Kepler-226,2014,1.55,3.940997,0.047,1018.0,0.0,5571.0,0.802,0.904,1,3,Transit,24.0
Kepler-226 c,Kepler-226,2014,2.27,5.349555,0.058,919.0,0.0,5571.0,0.802,0.904,1,3,Transit,45.2
Kepler-226 d,Kepler-226,2014,1.22,8.109044,0.076,800.0,0.0,5571.0,0.802,0.904,1,3,Transit,1.98
Kepler-227 b,Kepler-227,2014,3.11,9.488015,0.09,793.0,0.0,5854.0,1.091,0.954,1,2,Transit,9.85
Kepler-227 c,Kepler-227,2014,3.04,54.418694,0.29,443.0,0.0,5854.0,1.091,0.954,1,2,Transit,9.48
Kepler-228 b,Kepler-228,2014,1.53,2.566546,0.038,1360.0,0.0,6043.0,1.014,1.006,1,3,Transit,2.96
Kepler-228 c,Kepler-228,2014,2.7,4.134444,0.052,1160.0,0.0,6043.0,1.014,1.006,1,3,Transit,7.75
Kepler-228 d,Kepler-228,2014,4.04,11.094286,0.101,835.0,0.0,6043.0,1.014,1.006,1,3,Transit,15.4
Kepler-229 d,Kepler-229,2014,3.85,41.194912,0.22,439.0,0.0,5120.0,0.728,0.808,1,3,Transit,14.2
Kepler-23 b,Kepler-23,2011,1.638,7.1,0.07212,1157.0,0.017,5828.0,1.548,1.078,1,3,Transit,2.56
Kepler-23 c,Kepler-23,2011,3.005,10.74,0.09501,1008.0,0.021,5828.0,1.548,1.078,1,3,Transit,7.81
Kepler-23 d,Kepler-23,2014,2.206,15.27,0.12012,896.0,0.01,5828.0,1.548,1.078,1,3,Transit,4.44
Kepler-230 b,Kepler-230,2014,4.26,32.625555,0.191,506.0,0.0,5588.0,0.817,0.784,1,2,Transit,16.8
Kepler-230 c,Kepler-230,2014,2.04,91.773242,0.38,359.0,0.0,5588.0,0.817,0.784,1,2,Transit,4.82
Kepler-231 b,Kepler-231,2014,1.73,10.065275,0.074,488.0,0.0,3767.0,0.49,0.58,1,2,Transit,35.4
Kepler-231 c,Kepler-231,2014,1.93,19.271566,0.114,393.0,0.0,3767.0,0.49,0.58,1,2,Transit,24.1
Kepler-232 b,Kepler-232,2014,3.08,4.431222,0.054,1104.0,0.0,5847.0,0.968,0.97,1,2,Transit,9.69
Kepler-232 c,Kepler-232,2014,3.83,11.379349,0.101,806.0,0.0,5847.0,0.968,0.97,1,2,Transit,14.0
Kepler-233 b,Kepler-233,2014,2.43,8.472382,0.077,751.0,0.0,5360.0,0.758,0.855,1,2,Transit,6.48
Kepler-233 c,Kepler-233,2014,2.71,60.418955,0.287,390.0,0.0,5360.0,0.758,0.855,1,2,Transit,7.8
Kepler-234 b,Kepler-234,2014,3.7,2.711506,0.04,1420.0,0.0,6224.0,1.113,1.129,1,2,Transit,13.2
Kepler-235 b,Kepler-235,2014,2.23,3.340222,0.037,731.0,0.0,4255.0,0.554,0.581,1,4,Transit,5.6
Kepler-235 c,Kepler-235,2014,1.28,7.824904,0.065,555.0,0.0,4255.0,0.554,0.581,1,4,Transit,2.18
Kepler-235 d,Kepler-235,2014,2.05,20.060548,0.122,401.0,0.0,4255.0,0.554,0.581,1,4,Transit,4.86
Kepler-236 b,Kepler-236,2014,1.57,8.295611,0.065,469.0,0.0,3750.0,0.51,0.596005,1,2,Transit,3.09
Kepler-236 c,Kepler-236,2014,2.0,23.968127,0.132,329.0,0.0,3750.0,0.51,0.596005,1,2,Transit,4.66
Kepler-237 c,Kepler-237,2014,2.08,8.103636,0.071,687.0,0.0,4861.0,0.725,0.696,1,2,Transit,4.98
Kepler-238 b,Kepler-238,2014,1.73,2.090876,0.034,1642.0,0.0,5751.0,1.43,1.229,1,5,Transit,3305.02
Kepler-238 e,Kepler-238,2013,5.6,23.654,0.17286,731.0,0.0,5800.0,0.96,1.06,1,5,Transit,169.7
Kepler-239 b,Kepler-239,2014,2.33,11.763051,0.095,616.0,0.0,4914.0,0.763,0.757,1,2,Transit,6.04
Kepler-24 b,Kepler-24,2011,2.348,8.14,0.08045,1050.0,0.023,6028.0,1.099,1.06,1,4,Transit,11.14
Kepler-24 c,Kepler-24,2011,2.514,12.33,0.10612,915.0,0.014,6028.0,1.099,1.06,1,4,Transit,9.99
Kepler-240 b,Kepler-240,2014,1.37,4.144495,0.048,864.0,0.0,4985.0,0.739,0.868,1,2,Transit,2.45
Kepler-240 c,Kepler-240,2014,2.2,7.953528,0.074,696.0,0.0,4985.0,0.739,0.868,1,2,Transit,102.3
Kepler-241 b,Kepler-241,2014,2.33,12.718092,0.094,562.0,0.0,4699.0,0.668,0.671,1,2,Transit,6.04
Kepler-241 c,Kepler-241,2014,2.57,36.065978,0.189,397.0,0.0,4699.0,0.668,0.671,1,2,Transit,7.13
Kepler-242 b,Kepler-242,2014,2.61,8.20395,0.075,742.0,0.0,5020.0,0.85,0.748,1,2,Transit,7.32
Kepler-242 c,Kepler-242,2014,2.0,14.496481,0.109,613.0,0.0,5020.0,0.85,0.748,1,2,Transit,4.66
Kepler-243 b,Kepler-243,2014,2.45,5.715442,0.062,850.0,0.0,5228.0,0.842,0.904,1,2,Transit,6.57
Kepler-243 c,Kepler-243,2014,1.99,20.026218,0.142,559.0,0.0,5228.0,0.842,0.904,1,2,Transit,4.62
Kepler-244 b,Kepler-244,2014,2.76,4.311792,0.05,1038.0,0.0,5554.0,0.803,0.933,1,3,Transit,8.05
Kepler-244 c,Kepler-244,2014,2.05,9.767292,0.087,791.0,0.0,5554.0,0.803,0.933,1,3,Transit,4.86
Kepler-245 b,Kepler-245,2014,2.57,7.49019,0.071,753.0,0.0,5100.0,0.795,0.856,1,4,Transit,146.78
Kepler-245 c,Kepler-245,2014,2.18,17.460812,0.124,568.0,0.0,5100.0,0.795,0.856,1,4,Transit,26.7
Kepler-245 d,Kepler-245,2014,3.03,36.277108,0.202,445.0,0.0,5100.0,0.795,0.856,1,4,Transit,21.6
Kepler-245 e,Kepler-245,2016,1.75,3.219821056,0.04053,998.0,0.0,5174.0,0.8,0.86,1,4,Transit,1806.36
Kepler-246 b,Kepler-246,2014,2.34,4.60182,0.052,896.0,0.0,5206.0,0.831,0.853,1,2,Transit,6.08
Kepler-246 c,Kepler-246,2014,1.5,11.187161,0.095,667.0,0.0,5206.0,0.831,0.853,1,2,Transit,2.86
Kepler-247 b,Kepler-247,2014,1.64,3.33616,0.042,970.0,0.0,5100.0,0.768,0.887,1,4,Transit,3.33
Kepler-247 c,Kepler-247,2014,4.09,9.439452,0.084,686.0,0.0,5100.0,0.768,0.887,1,4,Transit,15.7
Kepler-247 d,Kepler-247,2014,4.5,20.4737,0.14081,530.0,0.102,5094.0,0.791,0.884,1,4,Transit,50.0
Kepler-248 b,Kepler-248,2014,3.02,6.308205,0.066,819.0,0.0,5190.0,0.831,0.838,1,2,Transit,9.38
Kepler-248 c,Kepler-248,2014,4.07,16.239494,0.123,598.0,0.0,5190.0,0.831,0.838,1,2,Transit,15.6
Kepler-249 b,Kepler-249,2014,1.09,3.306539,0.035,554.0,0.0,3568.0,0.482,0.510238,1,3,Transit,1.32
Kepler-249 d,Kepler-249,2014,1.57,15.368459,0.097,332.0,0.0,3568.0,0.482,0.510238,1,3,Transit,3.09
Kepler-25 b,Kepler-25,2011,2.748,6.238297,0.0695,1185.0,0.0029,6354.0,1.316,1.165,2,3,Transit,8.7
Kepler-25 c,Kepler-25,2011,5.217,12.7207,0.1117,934.0,0.0061,6354.0,1.316,1.165,2,3,Transit,15.2
Kepler-25 d,Kepler-25,2014,10.0,122.4,0.4164221832,544.68,0.13,6354.0,1.316,1.165,2,3,Radial Velocity,71.9
Kepler-250 b,Kepler-250,2014,1.13,4.148141,0.048,938.0,0.0,5160.0,0.805,0.806,1,3,Transit,1.51
Kepler-250 c,Kepler-250,2014,2.28,7.156804,0.069,782.0,0.0,5160.0,0.805,0.806,1,3,Transit,5.82
Kepler-250 d,Kepler-250,2014,2.18,17.648312,0.127,579.0,0.0,5160.0,0.805,0.806,1,3,Transit,5.39
Kepler-251 c,Kepler-251,2014,2.77,16.514043,0.122,655.0,0.0,5526.0,0.89,0.891,1,4,Transit,8.1
Kepler-251 d,Kepler-251,2014,2.77,30.133001,0.182,536.0,0.0,5526.0,0.89,0.891,1,4,Transit,8.1
Kepler-252 b,Kepler-252,2014,1.23,6.668391,0.058,587.0,0.0,4208.0,0.549,0.61,1,2,Transit,2.04
Kepler-252 c,Kepler-252,2014,2.15,10.848463,0.08,499.0,0.0,4208.0,0.549,0.61,1,2,Transit,5.27
Kepler-253 b,Kepler-253,2014,1.63,3.783986,0.046,949.0,0.0,5208.0,0.786,0.86,1,3,Transit,3.29
Kepler-253 c,Kepler-253,2014,2.65,10.281951,0.089,680.0,0.0,5208.0,0.786,0.86,1,3,Transit,7.51
Kepler-253 d,Kepler-253,2014,3.17,18.119869,0.13,563.0,0.0,5208.0,0.786,0.86,1,3,Transit,10.2
Kepler-254 b,Kepler-254,2014,3.87,5.826662,0.064,1013.0,0.0,5957.0,0.91,0.849,1,3,Transit,14.3
Kepler-254 c,Kepler-254,2014,2.15,12.412183,0.105,787.0,0.0,5957.0,0.91,0.849,1,3,Transit,3.2
Kepler-254 d,Kepler-254,2014,2.5,18.746477,0.139,686.0,0.0,5957.0,0.91,0.849,1,3,Transit,6.8
Kepler-255 c,Kepler-255,2014,2.99,9.946047,0.092,807.0,0.0,5573.0,0.933,0.867,1,3,Transit,9.22
Kepler-255 d,Kepler-255,2016,1.32,1.045622658,0.0192,1710.0,0.0,5431.0,0.86,0.9,1,3,Transit,2.3
Kepler-256 b,Kepler-256,2014,1.59,1.620493,0.027,1681.0,0.0,5551.0,1.301,1.037,1,4,Transit,3.15
Kepler-256 c,Kepler-256,2014,2.15,3.38802,0.045,1315.0,0.0,5551.0,1.301,1.037,1,4,Transit,5.27
Kepler-256 d,Kepler-256,2014,2.48,5.839172,0.064,1097.0,0.0,5551.0,1.301,1.037,1,4,Transit,6.71
Kepler-256 e,Kepler-256,2014,2.35,10.681572,0.096,897.0,0.0,5551.0,1.301,1.037,1,4,Transit,6.12
Kepler-257 b,Kepler-257,2014,2.61,2.382667,0.034,1237.0,0.0,5180.0,1.037,0.916,1,3,Transit,7.32
Kepler-257 d,Kepler-257,2014,4.95,24.664551,0.16,567.0,0.0,5180.0,1.037,0.916,1,3,Transit,21.7
Kepler-258 c,Kepler-258,2014,3.61,33.653079,0.193,470.0,0.0,4942.0,0.915,0.82,1,2,Transit,12.7
Kepler-259 b,Kepler-259,2014,2.8,8.115317,0.079,879.0,0.0,5938.0,0.898,0.867,1,2,Transit,8.25
Kepler-259 c,Kepler-259,2014,2.7,36.924931,0.217,530.0,0.0,5938.0,0.898,0.867,1,2,Transit,7.75
Kepler-26 b,Kepler-26,2011,2.78,12.28,0.08551,431.0,0.021,3914.0,0.512,0.544,1,4,Transit,5.12
Kepler-26 c,Kepler-26,2011,2.72,17.2559,0.10725,385.0,0.013,3914.0,0.512,0.544,1,4,Transit,6.2
Kepler-26 d,Kepler-26,2014,1.07,3.543919,0.039,652.0,0.0,4486.0,0.571,0.593,1,4,Transit,1.24
Kepler-26 e,Kepler-26,2014,2.41,46.827915,0.22,276.0,0.0,4486.0,0.571,0.593,1,4,Transit,6.39
Kepler-260 b,Kepler-260,2014,2.01,8.187399,0.075,782.0,0.0,5250.0,0.862,1.013,1,2,Transit,4.7
Kepler-260 c,Kepler-260,2014,1.74,76.050178,0.332,372.0,0.0,5250.0,0.862,1.013,1,2,Transit,3.68
Kepler-261 b,Kepler-261,2014,2.18,10.381227,0.088,672.0,0.0,5098.0,0.794,0.834,1,2,Transit,5.39
Kepler-261 c,Kepler-261,2014,2.0,24.570858,0.156,505.0,0.0,5098.0,0.794,0.834,1,2,Transit,4.66
Kepler-262 b,Kepler-262,2014,1.36,13.060855,0.108,734.0,0.0,5841.0,0.881,0.816,1,2,Transit,2.42
Kepler-262 c,Kepler-262,2014,1.64,21.853722,0.152,618.0,0.0,5841.0,0.881,0.816,1,2,Transit,3.33
Kepler-264 c,Kepler-264,2014,2.83,140.101261,0.566,511.0,0.0,6158.0,1.55,1.426,1,2,Transit,8.4
Kepler-265 c,Kepler-265,2014,2.63,17.028937,0.127,755.0,0.0,5835.0,1.103,0.97,1,4,Transit,7.41
Kepler-265 e,Kepler-265,2014,2.59,67.831024,0.319,476.0,0.0,5835.0,1.103,0.97,1,4,Transit,7.22
Kepler-266 b,Kepler-266,2014,2.48,6.61833,0.071,1066.0,0.0,5885.0,1.028,0.947,1,2,Transit,6.71
Kepler-266 c,Kepler-266,2014,3.89,107.723601,0.457,421.0,0.0,5885.0,1.028,0.947,1,2,Transit,14.4
Kepler-267 b,Kepler-267,2014,1.98,3.353728,0.037,615.0,0.0,4258.0,0.555,0.541571,1,3,Transit,37.9
Kepler-267 c,Kepler-267,2014,2.13,6.87745,0.06,484.0,0.0,4258.0,0.555,0.541571,1,3,Transit,5.18
Kepler-267 d,Kepler-267,2014,2.27,28.464515,0.154,301.0,0.0,4258.0,0.555,0.541571,1,3,Transit,5.77
Kepler-268 b,Kepler-268,2014,2.55,25.934138,0.18,695.0,0.0,6081.0,1.274,1.109,1,2,Transit,7.04
Kepler-269 c,Kepler-269,2014,1.69,8.127899,0.081,875.0,0.0,5847.0,0.959,0.92,1,2,Transit,3.5
Kepler-27 b,Kepler-27,2011,4.0,15.3348,0.118,610.0,0.0,5400.0,0.59,0.65,1,3,Transit,2895.31
Kepler-27 d,Kepler-27,2021,2.7061946,6.546289921,0.06578,810.0,0.0,5251.0,0.817,0.926,1,3,Transit,7.78
Kepler-271 b,Kepler-271,2014,1.23,10.43547805,0.08784,759.0,0.0,5555.0,0.87,0.9,1,3,Transit,2.04
Kepler-271 d,Kepler-271,2016,0.66,5.24972541,0.05554,954.0,0.0,5555.0,0.87,0.9,1,3,Transit,0.219
Kepler-272 b,Kepler-272,2014,1.43,2.971353,0.038,1200.0,0.0,5297.0,0.929,0.91,1,3,Transit,78.0
Kepler-273 b,Kepler-273,2014,1.5,2.936532,0.037,1209.0,0.0,5626.0,0.815,0.756,1,2,Transit,2.86
Kepler-273 c,Kepler-273,2014,1.98,8.014927,0.073,865.0,0.0,5626.0,0.815,0.756,1,2,Transit,4.58
Kepler-275 b,Kepler-275,2014,2.34,10.300682,0.098,1015.0,0.0,6165.0,1.383,1.189,1,3,Transit,6.08
Kepler-275 c,Kepler-275,2014,3.38,16.088134,0.132,875.0,0.0,6165.0,1.383,1.189,1,3,Transit,11.4
Kepler-275 d,Kepler-275,2014,3.33,35.676062,0.224,671.0,0.0,6165.0,1.383,1.189,1,3,Transit,11.1
Kepler-276 b,Kepler-276,2014,2.87,14.12841,0.119,739.0,0.0,6105.0,1.046,0.845,1,3,Transit,731.209
Kepler-276 c,Kepler-276,2013,2.9,31.884,0.18619,563.0,0.0,5693.0,1.03,1.1,1,3,Transit,16.6
Kepler-276 d,Kepler-276,2013,2.8,48.648,0.24666,489.0,0.0,5693.0,1.03,1.1,1,3,Transit,16.3
Kepler-277 c,Kepler-277,2013,3.36,33.006,0.21781,778.0,0.0,5946.0,1.69,1.12,1,2,Transit,64.2
Kepler-278 b,Kepler-278,2014,3.955,30.1556,0.202,586.0,0.696,4965.0,2.861,1.227,1,2,Transit,56.0
Kepler-278 c,Kepler-278,2014,3.268,51.111,0.287,492.0,0.616,4965.0,2.861,1.227,1,2,Transit,34.9
Kepler-279 c,Kepler-279,2013,4.3,35.736,0.2236,774.0,0.0,6689.45,1.07,1.1,1,4,Transit,49.4
Kepler-279 d,Kepler-279,2013,3.1,54.414,0.2901,574.0,0.0,6689.45,1.07,1.1,1,4,Transit,37.5
Kepler-28 b,Kepler-28,2011,1.959,5.91,0.05687,585.0,0.0,4499.3,0.664,0.684,1,2,Transit,1.63
Kepler-280 b,Kepler-280,2014,1.45,2.139542,0.032,1425.0,0.0,5744.0,0.886,0.962,1,2,Transit,2.7
Kepler-280 c,Kepler-280,2014,2.01,4.807091,0.056,1088.0,0.0,5744.0,0.886,0.962,1,2,Transit,4.7
Kepler-281 b,Kepler-281,2014,2.82,14.646008,0.117,694.0,0.0,5723.0,0.899,0.95,1,3,Transit,324.0
Kepler-281 c,Kepler-281,2014,5.31,36.337373,0.215,513.0,0.0,5723.0,0.899,0.95,1,3,Transit,161.124
Kepler-281 d,Kepler-281,2021,5.93747806,148.2720032,0.5456,321.0,0.0,5717.0,0.884,0.984,1,3,Transit,654.0
Kepler-282 d,Kepler-282,2013,2.46,24.806,0.15837,588.0,0.0,5656.0,0.89,0.97,1,4,Transit,61.0
Kepler-282 e,Kepler-282,2013,3.1,44.347,0.23332,484.0,0.0,5656.0,0.89,0.97,1,4,Transit,56.2
Kepler-283 b,Kepler-283,2014,2.13,11.008151,0.082,488.0,0.0,4351.0,0.566,0.596,1,2,Transit,5.18
Kepler-283 c,Kepler-283,2014,1.82,92.743711,0.341,240.0,0.0,4351.0,0.566,0.596,1,2,Transit,3.97
Kepler-284 b,Kepler-284,2014,2.24,12.699149,0.104,686.0,0.0,5615.0,0.814,0.766,1,2,Transit,5.65
Kepler-284 c,Kepler-284,2014,2.61,37.514456,0.213,478.0,0.0,5615.0,0.814,0.766,1,2,Transit,7.32
Kepler-285 c,Kepler-285,2014,1.12,6.186676,0.064,851.0,0.0,5411.0,0.808,0.915,1,2,Transit,1.46
Kepler-286 b,Kepler-286,2014,1.24,1.796302,0.027,1367.0,0.0,5580.0,0.863,0.83,1,4,Transit,2.07
Kepler-286 d,Kepler-286,2014,1.33,5.914323,0.061,919.0,0.0,5580.0,0.863,0.83,1,4,Transit,2.33
Kepler-287 b,Kepler-287,2014,2.33,20.342199,0.145,667.0,0.0,5806.0,1.032,0.963,1,2,Transit,83.0
Kepler-287 c,Kepler-287,2014,3.26,44.851896,0.246,513.0,0.0,5806.0,1.032,0.963,1,2,Transit,66.0
Kepler-288 c,Kepler-288,2014,2.85,19.305772,0.14,815.0,0.0,5918.0,1.091,0.842,1,3,Transit,8.5
Kepler-288 d,Kepler-288,2014,2.67,56.633742,0.287,570.0,0.0,5918.0,1.091,0.842,1,3,Transit,7.61
Kepler-289 b,Kepler-289,2014,2.49,34.5383,0.21183,607.0,0.0,5990.0,1.0,1.08,1,4,Transit,3.7
Kepler-289 c,Kepler-289,2014,11.23,125.8723,0.50155,394.0,0.0,5990.0,1.0,1.08,1,4,Transit,157.18
Kepler-289 d,Kepler-289,2014,3.03,66.0282,0.33,502.81,0.0,5990.0,1.0,1.08,1,4,Transit,5.33
Kepler-29 b,Kepler-29,2011,2.55,10.33974,0.08482,777.0,0.0,5378.0,0.732,0.761,1,2,Transit,5.0
Kepler-29 c,Kepler-29,2011,2.34,13.28613,0.10027,715.0,0.0,5378.0,0.732,0.761,1,2,Transit,4.5
Kepler-290 b,Kepler-290,2014,2.25,14.589347,0.11,594.0,0.0,5147.0,0.743,0.756,1,3,Transit,5.69
Kepler-290 c,Kepler-290,2014,2.7,36.77031,0.205,437.0,0.0,5147.0,0.743,0.756,1,3,Transit,7.75
Kepler-290 d,Kepler-290,2023,0.86,0.764017553,0.0154,1589.0,0.0,5142.0,0.755,0.84,1,3,Transit,0.566
Kepler-291 c,Kepler-291,2014,1.88,5.700786,0.065,1035.0,0.0,6002.0,1.016,1.023,1,2,Transit,4.19
Kepler-292 b,Kepler-292,2014,1.32,2.580827,0.035,1130.0,0.0,5299.0,0.826,0.865,1,5,Transit,2.3
Kepler-292 c,Kepler-292,2014,1.47,3.715335,0.045,1001.0,0.0,5299.0,0.826,0.865,1,5,Transit,2.76
Kepler-292 d,Kepler-292,2014,2.23,7.055679,0.068,808.0,0.0,5299.0,0.826,0.865,1,5,Transit,5.6
Kepler-292 e,Kepler-292,2014,2.67,11.97901,0.097,678.0,0.0,5299.0,0.826,0.865,1,5,Transit,7.61
Kepler-293 b,Kepler-293,2014,3.07,19.254196,0.144,657.0,0.0,5804.0,0.957,0.934,1,2,Transit,9.64
Kepler-293 c,Kepler-293,2014,3.83,54.155743,0.286,466.0,0.0,5804.0,0.957,0.934,1,2,Transit,14.0
Kepler-294 c,Kepler-294,2014,2.71,6.6264,0.071,895.0,0.0,5913.0,0.976,0.947,1,2,Transit,7.8
Kepler-295 b,Kepler-295,2014,1.22,12.645164,0.099,741.0,0.0,5603.0,0.898,0.89,1,3,Transit,1.98
Kepler-295 c,Kepler-295,2014,1.17,21.526258,0.142,621.0,0.0,5603.0,0.898,0.89,1,3,Transit,1.71
Kepler-295 d,Kepler-295,2014,1.36,33.884054,0.192,533.0,0.0,5603.0,0.898,0.89,1,3,Transit,2.42
Kepler-296 b,Kepler-296,2014,1.61,10.864384,0.079,495.0,0.33,3740.0,0.48,0.498,2,5,Transit,3.22
Kepler-296 c,Kepler-296,2014,2.0,5.8416366,0.0521,606.0,0.33,3740.0,0.48,0.498,2,5,Transit,4.66
Kepler-296 d,Kepler-296,2014,2.09,19.850291,0.118,403.0,0.33,3740.0,0.48,0.498,2,5,Transit,5.02
Kepler-296 e,Kepler-296,2014,1.53,34.14211,0.169,337.0,0.33,3740.0,0.48,0.498,2,5,Transit,2.96
Kepler-296 f,Kepler-296,2014,1.8,63.33627,0.255,274.0,0.33,3740.0,0.48,0.498,2,5,Transit,3.89
Kepler-297 b,Kepler-297,2014,2.87,38.871826,0.217,509.0,0.0,5619.0,0.915,0.927,1,3,Transit,48.5
Kepler-297 c,Kepler-297,2014,6.54,74.920137,0.336,409.0,0.0,5619.0,0.915,0.927,1,3,Transit,42.1
Kepler-298 b,Kepler-298,2014,1.96,10.475464,0.08,540.0,0.0,4465.0,0.582,0.66,1,3,Transit,4.5
Kepler-298 c,Kepler-298,2014,1.93,22.92881,0.136,416.0,0.0,4465.0,0.582,0.66,1,3,Transit,4.38
Kepler-298 d,Kepler-298,2014,2.5,77.473633,0.305,277.0,0.0,4465.0,0.582,0.66,1,3,Transit,6.8
Kepler-299 b,Kepler-299,2014,1.32,2.927128,0.04,1258.0,0.0,5617.0,1.032,1.004,1,4,Transit,2.3
Kepler-299 d,Kepler-299,2014,1.86,15.054786,0.118,729.0,0.0,5617.0,1.032,1.004,1,4,Transit,4.12
Kepler-299 e,Kepler-299,2014,1.87,38.285489,0.22,534.0,0.0,5617.0,1.032,1.004,1,4,Transit,4.16
Kepler-30 b,Kepler-30,2012,3.9,29.33434,0.18,524.0,0.042,5498.0,0.95,0.99,1,3,Transit,11.3
Kepler-30 d,Kepler-30,2012,8.8,143.34394,0.5,308.0,0.022,5498.0,0.95,0.99,1,3,Transit,23.1
Kepler-300 b,Kepler-300,2014,1.67,10.446347,0.094,812.0,0.0,5986.0,0.9,1.07,1,2,Transit,3.43
Kepler-300 c,Kepler-300,2014,2.25,40.714955,0.232,516.0,0.0,5986.0,0.9,1.07,1,2,Transit,5.69
Kepler-301 b,Kepler-301,2014,1.35,2.508553,0.036,1278.0,0.0,5815.0,0.9,1.022,1,3,Transit,2.39
Kepler-301 c,Kepler-301,2014,1.35,5.419026,0.06,989.0,0.0,5815.0,0.9,1.022,1,3,Transit,2.39
Kepler-301 d,Kepler-301,2014,1.75,13.751243,0.112,725.0,0.0,5815.0,0.9,1.022,1,3,Transit,3.71
Kepler-302 b,Kepler-302,2014,4.06,30.184104,0.193,634.0,0.0,5740.0,1.22,1.021,1,2,Transit,15.5
Kepler-303 b,Kepler-303,2014,0.89,1.937055,0.024,802.0,0.0,3944.0,0.485,0.575,1,2,Transit,0.64
Kepler-303 c,Kepler-303,2014,1.14,7.061149,0.057,521.0,0.0,3944.0,0.485,0.575,1,2,Transit,1.55
Kepler-304 b,Kepler-304,2014,2.86,3.295709,0.039,875.0,0.0,4731.0,0.687,0.737,1,4,Transit,8.55
Kepler-304 c,Kepler-304,2014,2.17,5.315946,0.054,746.0,0.0,4731.0,0.687,0.737,1,4,Transit,5.35
Kepler-304 e,Kepler-304,2016,1.2,1.499146953,0.02317,1137.0,0.0,4817.0,0.73,0.8,1,4,Transit,1.87
Kepler-305 b,Kepler-305,2013,3.6,5.487,0.05746,836.0,0.005,5080.0,0.8,0.76,1,4,Transit,10.5
Kepler-305 c,Kepler-305,2013,3.3,8.291,0.07568,728.0,0.0,5080.0,0.8,0.76,1,4,Transit,6.0
Kepler-305 d,Kepler-305,2014,2.76,16.74,0.12091,576.0,0.0,5090.0,0.792,0.827,1,4,Transit,6.2
Kepler-305 e,Kepler-305,2020,1.7938153,3.20538,0.04017,1000.0,0.0,4974.0,0.827279,0.82,1,4,Transit,3.87
Kepler-306 b,Kepler-306,2014,1.52,4.646186,0.05,830.0,0.0,4954.0,0.719,0.75,1,4,Transit,2.92
Kepler-306 c,Kepler-306,2014,2.35,7.240193,0.067,716.0,0.0,4954.0,0.719,0.75,1,4,Transit,6.12
Kepler-306 e,Kepler-306,2014,2.27,44.840975,0.227,390.0,0.0,4954.0,0.719,0.75,1,4,Transit,5.77
Kepler-307 b,Kepler-307,2013,2.43,10.4208,0.09359,797.0,0.0,5367.0,0.814,0.907,1,2,Transit,7.44
Kepler-307 c,Kepler-307,2013,2.2,13.0729,0.10896,739.0,0.0,5367.0,0.814,0.907,1,2,Transit,3.64
Kepler-308 b,Kepler-308,2014,2.12,9.694928,0.09,833.0,0.0,5895.0,0.941,0.92,1,2,Transit,5.14
Kepler-308 c,Kepler-308,2014,2.16,15.38231,0.123,714.0,0.0,5895.0,0.941,0.92,1,2,Transit,5.31
Kepler-31 b,Kepler-31,2011,5.5,20.8613,0.16,781.0,0.0,6340.0,1.22,1.21,1,3,Transit,36.7418
Kepler-31 c,Kepler-31,2011,5.3,42.6318,0.26,615.0,0.0,6340.0,1.22,1.21,1,3,Transit,1493.7
Kepler-310 b,Kepler-310,2014,1.19,13.930698,0.111,665.0,0.0,5797.0,0.876,0.854,1,3,Transit,1.81
Kepler-310 c,Kepler-310,2014,3.38,56.47542,0.281,417.0,0.0,5797.0,0.876,0.854,1,3,Transit,11.4
Kepler-310 d,Kepler-310,2014,2.47,92.876125,0.392,353.0,0.0,5797.0,0.876,0.854,1,3,Transit,7.0
Kepler-311 b,Kepler-311,2014,1.7,9.176092,0.087,960.0,0.0,5905.0,1.188,0.994,1,3,Transit,3.53
Kepler-311 d,Kepler-311,2023,2.05,232.040326,0.7326,327.0,0.0,5903.0,1.156,0.974,1,3,Transit,4.86
Kepler-312 b,Kepler-312,2014,1.29,1.772419,0.031,1685.0,0.0,6115.0,1.467,1.314,1,2,Transit,2.21
Kepler-312 c,Kepler-312,2014,3.15,19.747412,0.153,754.0,0.0,6115.0,1.467,1.314,1,2,Transit,10.1
Kepler-314 c,Kepler-314,2014,2.9,5.960392,0.064,890.0,0.0,5378.0,0.95,0.99,1,2,Transit,8.75
Kepler-315 b,Kepler-315,2014,3.77,96.101141,0.402,409.0,0.0,5796.0,1.037,0.831,1,2,Transit,13.7
Kepler-315 c,Kepler-315,2014,4.15,265.469335,0.791,291.0,0.0,5796.0,1.037,0.831,1,2,Transit,16.1
Kepler-316 b,Kepler-316,2014,1.06,2.240508,0.027,837.0,0.0,4204.0,0.52,0.587,1,2,Transit,1.2
Kepler-316 c,Kepler-316,2014,1.16,6.827766,0.058,577.0,0.0,4204.0,0.52,0.587,1,2,Transit,1.65
Kepler-317 b,Kepler-317,2014,2.09,5.524242,0.061,976.0,0.0,5497.0,0.941,0.865,1,2,Transit,109.8
Kepler-317 c,Kepler-317,2014,1.72,8.77501,0.083,837.0,0.0,5497.0,0.941,0.865,1,2,Transit,3.61
Kepler-318 b,Kepler-318,2014,4.71,4.662715,0.056,1039.0,0.0,5746.0,1.189,1.073,1,2,Transit,19.9
Kepler-318 c,Kepler-318,2014,3.68,11.815007,0.105,762.0,0.0,5746.0,1.189,1.073,1,2,Transit,13.1
Kepler-319 b,Kepler-319,2014,1.63,4.362705,0.051,1023.0,0.0,5526.0,0.903,0.933,1,3,Transit,3.29
Kepler-319 c,Kepler-319,2014,2.63,6.941357,0.069,876.0,0.0,5526.0,0.903,0.933,1,3,Transit,7.41
Kepler-32 b,Kepler-32,2011,2.2,5.90124,0.05,514.0,0.0,3900.0,0.53,0.58,1,5,Transit,1303.0
Kepler-32 c,Kepler-32,2011,2.0,8.7522,0.09,451.0,0.0,3900.0,0.53,0.58,1,5,Transit,158.9
Kepler-32 d,Kepler-32,2012,2.7,22.7802,0.13,328.0,0.0,3900.0,0.53,0.58,1,5,Transit,39.9089
Kepler-32 e,Kepler-32,2012,1.5,2.896,0.033,652.0,0.0,3900.0,0.53,0.58,1,5,Transit,4.08181
Kepler-32 f,Kepler-32,2012,0.82,0.74296,0.013,1026.0,0.0,3900.0,0.53,0.58,1,5,Transit,1862.11
Kepler-320 c,Kepler-320,2014,1.37,17.934937,0.142,1002.0,0.0,6435.0,1.108,1.072,1,2,Transit,2.45
Kepler-321 b,Kepler-321,2014,1.77,4.915379,0.057,1042.0,0.0,5740.0,1.194,1.024,1,2,Transit,3.78
Kepler-321 c,Kepler-321,2014,2.32,13.093921,0.11,752.0,0.0,5740.0,1.194,1.024,1,2,Transit,5.99
Kepler-322 c,Kepler-322,2014,1.67,4.337234,0.051,996.0,0.0,5388.0,0.89,0.908,1,2,Transit,3.43
Kepler-323 b,Kepler-323,2014,1.381,1.678328,0.02778,1838.0,0.095,6004.0,1.12,1.015,1,2,Transit,3.9
Kepler-323 c,Kepler-323,2014,1.57,3.5538229,0.0458,1431.0,0.095,6004.0,1.12,1.015,1,2,Transit,6.8
Kepler-324 b,Kepler-324,2014,1.14,4.385315,0.05,935.0,0.0,5194.0,0.84,0.901,1,4,Transit,2414.4
Kepler-324 c,Kepler-324,2014,3.15,51.805612,0.26,410.0,0.0,5194.0,0.84,0.901,1,4,Transit,6.2
Kepler-325 b,Kepler-325,2014,2.91,4.544439,0.053,1017.0,0.0,5752.0,1.003,0.914,1,3,Transit,8.8
Kepler-325 c,Kepler-325,2014,2.54,12.762172,0.105,721.0,0.0,5752.0,1.003,0.914,1,3,Transit,6.99
Kepler-325 d,Kepler-325,2014,2.79,38.715185,0.22,498.0,0.0,5752.0,1.003,0.914,1,3,Transit,8.2
Kepler-326 d,Kepler-326,2014,1.21,6.766888,0.066,781.0,0.0,5105.0,0.801,0.91,1,3,Transit,6.9
Kepler-327 b,Kepler-327,2014,1.11,2.549575,0.029,682.0,0.0,3799.0,0.492,0.591913,1,3,Transit,1.41
Kepler-327 c,Kepler-327,2014,1.03,5.212333,0.047,537.0,0.0,3799.0,0.492,0.591913,1,3,Transit,20.3
Kepler-327 d,Kepler-327,2014,1.73,13.969457,0.09,387.0,0.0,3799.0,0.492,0.591913,1,3,Transit,3.64
Kepler-328 b,Kepler-328,2013,2.3,34.921,0.2199,602.0,0.0,6064.0,1.06,1.15,1,2,Transit,28.5
Kepler-328 c,Kepler-328,2013,5.4,71.312,0.354,475.0,0.0,6064.0,1.06,1.15,1,2,Transit,39.4
Kepler-329 b,Kepler-329,2014,1.4,7.416397,0.061,547.0,0.0,4257.0,0.523,0.602,1,2,Transit,2.54
Kepler-329 c,Kepler-329,2014,1.93,18.684737,0.113,402.0,0.0,4257.0,0.523,0.602,1,2,Transit,4.38
Kepler-33 b,Kepler-33,2011,1.74,5.66793,0.0677,1336.0,0.0,5904.0,1.82,1.291,1,5,Transit,3.68
Kepler-33 d,Kepler-33,2011,5.35,21.77596,0.1662,853.0,0.0,5904.0,1.82,1.291,1,5,Transit,3.91
Kepler-33 e,Kepler-33,2011,4.02,31.7844,0.2138,752.0,0.0,5904.0,1.82,1.291,1,5,Transit,5.57
Kepler-33 f,Kepler-33,2011,4.46,41.02902,0.2535,691.0,0.0,5904.0,1.82,1.291,1,5,Transit,9.6
Kepler-330 b,Kepler-330,2014,1.35,8.25978,0.075,714.0,0.0,5117.0,0.722,0.848,1,2,Transit,2.39
Kepler-330 c,Kepler-330,2014,1.95,15.955387,0.116,573.0,0.0,5117.0,0.722,0.848,1,2,Transit,4.46
Kepler-332 b,Kepler-332,2014,1.17,7.626324,0.07,703.0,0.0,4955.0,0.72,0.743,1,3,Transit,1.71
Kepler-332 c,Kepler-332,2014,1.09,15.995622,0.114,550.0,0.0,4955.0,0.72,0.743,1,3,Transit,1.32
Kepler-332 d,Kepler-332,2014,1.18,34.21154,0.189,427.0,0.0,4955.0,0.72,0.743,1,3,Transit,1.76
Kepler-333 b,Kepler-333,2014,1.32,12.551158,0.087,480.0,0.0,4259.0,0.534,0.601,2,2,Transit,28.2
Kepler-333 c,Kepler-333,2014,1.11,24.08821,0.135,386.0,0.0,4259.0,0.534,0.601,2,2,Transit,1.41
Kepler-334 b,Kepler-334,2014,1.12,5.470319,0.061,1090.0,0.0,5828.0,1.068,1.022,1,3,Transit,1.46
Kepler-334 d,Kepler-334,2014,1.41,25.09849,0.168,656.0,0.0,5828.0,1.068,1.022,1,3,Transit,2.57
Kepler-335 b,Kepler-335,2014,3.39,6.562331,0.075,1290.0,0.0,5877.0,1.854,1.367,1,2,Transit,11.4
Kepler-335 c,Kepler-335,2014,3.07,67.844469,0.356,592.0,0.0,5877.0,1.854,1.367,1,2,Transit,9.64
Kepler-336 b,Kepler-336,2014,1.02,2.024823,0.033,1625.0,0.0,5867.0,1.304,1.09,1,3,Transit,1.04
Kepler-336 c,Kepler-336,2014,2.1,9.600001,0.092,967.0,0.0,5867.0,1.304,1.09,1,3,Transit,5.06
Kepler-336 d,Kepler-336,2014,2.37,20.678772,0.154,749.0,0.0,5867.0,1.304,1.09,1,3,Transit,6.21
Kepler-337 b,Kepler-337,2014,1.54,3.292781,0.045,1458.0,0.0,5684.0,1.761,1.081,1,2,Transit,2.99
Kepler-337 c,Kepler-337,2014,2.05,9.693201,0.093,1017.0,0.0,5684.0,1.761,1.081,1,2,Transit,4.86
Kepler-338 b,Kepler-338,2014,2.44,13.726976,0.117,1005.0,0.04,5923.0,1.735,1.105,1,4,Transit,30.6
Kepler-338 e,Kepler-338,2014,1.56,9.341,0.08979,1143.0,0.05,5999.0,1.735,1.14,1,4,Transit,8.5
Kepler-339 b,Kepler-339,2014,1.42,4.977656,0.055,1023.0,0.0,5631.0,0.802,0.87,1,3,Transit,2.6
Kepler-339 c,Kepler-339,2014,1.15,6.988055,0.069,914.0,0.0,5631.0,0.802,0.87,1,3,Transit,7.3
Kepler-339 d,Kepler-339,2014,1.17,10.558345,0.091,796.0,0.0,5631.0,0.802,0.87,1,3,Transit,14.7
Kepler-34 b,Kepler-34,2011,8.564,288.822,1.0896,294.42,0.182,5913.0,1.1618,1.0479,2,1,Transit,69.92
Kepler-340 c,Kepler-340,2014,3.37,22.824669,0.178,946.0,0.0,6620.0,1.85,1.65,1,2,Transit,11.3
Kepler-341 b,Kepler-341,2014,1.18,5.195528,0.06,1085.0,0.0,6012.0,1.024,0.976,1,4,Transit,1.76
Kepler-341 c,Kepler-341,2014,1.7,8.01041,0.08,940.0,0.0,6012.0,1.024,0.976,1,4,Transit,3.53
Kepler-341 d,Kepler-341,2014,1.85,27.666313,0.182,622.0,0.0,6012.0,1.024,0.976,1,4,Transit,4.08
Kepler-341 e,Kepler-341,2014,1.99,42.473269,0.242,539.0,0.0,6012.0,1.024,0.976,1,4,Transit,4.62
Kepler-342 b,Kepler-342,2014,2.25,15.170318,0.128,905.0,0.0,6175.0,1.472,1.213,1,4,Transit,5.69
Kepler-342 c,Kepler-342,2014,1.96,26.234138,0.185,754.0,0.0,6175.0,1.472,1.213,1,4,Transit,4.5
Kepler-342 d,Kepler-342,2014,2.49,39.459357,0.242,658.0,0.0,6175.0,1.472,1.213,1,4,Transit,6.76
Kepler-343 b,Kepler-343,2014,2.41,8.96855,0.088,1024.0,0.0,5807.0,1.433,1.055,1,2,Transit,6.39
Kepler-344 b,Kepler-344,2014,2.61,21.963945,0.153,643.0,0.0,5774.0,0.976,0.931,1,2,Transit,7.32
Kepler-344 c,Kepler-344,2014,2.95,125.596809,0.488,360.0,0.0,5774.0,0.976,0.931,1,2,Transit,9.01
Kepler-345 b,Kepler-345,2014,0.74,7.415563,0.066,622.0,0.0,4504.0,0.623,0.61,1,2,Transit,0.48
Kepler-346 b,Kepler-346,2014,2.66,6.511127,0.071,1008.0,0.0,6033.0,1.021,0.943,1,2,Transit,7.56
Kepler-346 c,Kepler-346,2014,3.07,23.851549,0.168,654.0,0.0,6033.0,1.021,0.943,1,2,Transit,9.64
Kepler-347 c,Kepler-347,2014,1.75,27.320871,0.183,705.0,0.0,6088.0,1.005,0.922,1,3,Transit,3.71
Kepler-347 d,Kepler-347,2023,3.04,85.517344,0.3802,482.0,0.0,5592.0,1.451,1.0,1,3,Transit,9.48
Kepler-348 b,Kepler-348,2014,1.52,7.05677,0.076,1196.0,0.0,6177.0,1.359,1.189,1,2,Transit,2.92
Kepler-349 b,Kepler-349,2014,1.9,5.929778,0.065,972.0,0.0,5956.0,0.927,1.083,1,2,Transit,94.5
Kepler-349 c,Kepler-349,2014,1.96,12.247629,0.105,763.0,0.0,5956.0,0.927,1.083,1,2,Transit,4.5
Kepler-350 b,Kepler-350,2014,1.85,11.189562,0.104,1037.0,0.0,6186.0,1.534,1.19,1,3,Transit,16.9
Kepler-350 c,Kepler-350,2013,3.1,17.849,0.1385,888.0,0.0,6492.3,1.25,1.0,1,3,Transit,6.1
Kepler-350 d,Kepler-350,2013,2.8,26.136,0.1786,782.0,0.0,6492.3,1.25,1.0,1,3,Transit,14.9
Kepler-351 b,Kepler-351,2014,3.06,37.054919,0.214,498.0,0.0,5643.0,0.854,0.81,1,3,Transit,4.8
Kepler-351 c,Kepler-351,2014,3.19,57.24809,0.287,431.0,0.0,5643.0,0.854,0.81,1,3,Transit,11.1
Kepler-351 d,Kepler-351,2016,2.72,142.544247,0.5177,318.0,0.0,5225.0,0.78,0.81,1,3,Transit,7.85
Kepler-352 c,Kepler-352,2014,1.24,16.332995,0.118,591.0,0.0,5212.0,0.781,0.798,1,3,Transit,2.07
Kepler-352 d,Kepler-352,2021,0.80628032,6.887279987,0.06574,788.0,0.0,5208.0,0.772,0.796,1,3,Transit,0.449
Kepler-353 b,Kepler-353,2014,0.89,5.795278,0.051,534.0,0.0,3903.0,0.504,0.553,2,2,Transit,0.64
Kepler-353 c,Kepler-353,2014,1.38,8.410894,0.065,472.0,0.0,3903.0,0.504,0.553,2,2,Transit,2.48
Kepler-354 b,Kepler-354,2014,1.84,5.47666,0.054,741.0,0.0,4648.0,0.674,0.652,1,3,Transit,4.04
Kepler-354 c,Kepler-354,2014,1.31,16.934402,0.115,508.0,0.0,4648.0,0.674,0.652,1,3,Transit,2.27
Kepler-354 d,Kepler-354,2014,1.24,24.209842,0.146,451.0,0.0,4648.0,0.674,0.652,1,3,Transit,2.07
Kepler-355 b,Kepler-355,2014,1.46,11.03189,0.102,840.0,0.0,6184.0,1.066,0.933,1,2,Transit,2.73
Kepler-356 c,Kepler-356,2014,1.81,13.121632,0.115,913.0,0.0,6133.0,1.335,1.163,1,2,Transit,3.93
Kepler-357 b,Kepler-357,2014,1.84,6.475434,0.063,793.0,0.0,5036.0,0.834,0.794,1,3,Transit,4.04
Kepler-357 d,Kepler-357,2014,3.43,49.499875,0.246,402.0,0.0,5036.0,0.834,0.794,1,3,Transit,11.6
Kepler-358 c,Kepler-358,2014,2.85,83.488369,0.381,411.0,0.0,5908.0,0.954,0.94,1,2,Transit,8.5
Kepler-359 b,Kepler-359,2014,3.53,25.563222,0.178,671.0,0.0,6248.0,1.086,0.827,1,3,Transit,12.2
Kepler-359 c,Kepler-359,2014,4.3,57.68802,0.307,512.0,0.0,6248.0,1.086,0.827,1,3,Transit,2.9
Kepler-36 b,Kepler-36,2012,1.498,13.86825,0.11419,978.0,0.0,5979.0,1.634,1.034,1,2,Transit,3.83
Kepler-36 c,Kepler-36,2012,3.679,16.21865,0.12692,928.0,0.0,5979.0,1.634,1.034,1,2,Transit,7.13
Kepler-360 b,Kepler-360,2014,1.65,3.289672,0.044,1116.0,0.0,6053.0,1.058,0.994,1,2,Transit,3.36
Kepler-360 c,Kepler-360,2014,2.1,7.186434,0.075,860.0,0.0,6053.0,1.058,0.994,1,2,Transit,5.06
Kepler-361 b,Kepler-361,2014,1.45,8.486616,0.086,1060.0,0.0,6169.0,1.343,1.191,1,2,Transit,2.7
Kepler-361 c,Kepler-361,2014,2.52,55.188023,0.3,568.0,0.0,6169.0,1.343,1.191,1,2,Transit,6.9
Kepler-362 b,Kepler-362,2014,0.88,10.327186,0.087,838.0,0.0,5788.0,0.722,0.904,1,2,Transit,0.615
Kepler-362 c,Kepler-362,2014,1.45,37.866281,0.207,543.0,0.0,5788.0,0.722,0.904,1,2,Transit,2.7
Kepler-363 b,Kepler-363,2014,1.16,3.614568,0.048,1347.0,0.0,5593.0,1.485,1.226,1,3,Transit,1.65
Kepler-363 c,Kepler-363,2014,1.69,7.542427,0.079,1054.0,0.0,5593.0,1.485,1.226,1,3,Transit,66.4
Kepler-364 b,Kepler-364,2014,1.55,25.745718,0.178,753.0,0.0,6108.0,1.284,1.076,1,2,Transit,3.02
Kepler-364 c,Kepler-364,2014,2.15,59.980627,0.312,568.0,0.0,6108.0,1.284,1.076,1,2,Transit,5.27
Kepler-365 c,Kepler-365,2014,1.64,17.784129,0.137,729.0,0.0,6012.0,1.048,1.02,1,2,Transit,3.33
Kepler-366 b,Kepler-366,2014,1.46,3.281959,0.045,1326.0,0.0,6209.0,1.048,1.088,1,2,Transit,2.73
Kepler-366 c,Kepler-366,2014,1.79,12.51616,0.11,848.0,0.0,6209.0,1.048,1.088,1,2,Transit,3.86
Kepler-367 c,Kepler-367,2014,1.2,53.578637,0.253,357.0,0.0,4710.0,0.695,0.768,1,2,Transit,1.87
Kepler-368 b,Kepler-368,2014,3.26,26.84768,0.186,800.0,0.0,5502.0,2.019,1.165,1,2,Transit,10.7
Kepler-369 b,Kepler-369,2014,1.13,2.732756,0.03,687.0,0.0,3591.0,0.471,0.5,1,2,Transit,1.51
Kepler-37 c,Kepler-37,2013,0.755,21.301848,0.139,615.0,0.099,5357.0,0.789,0.79,1,4,Transit,1.3
Kepler-37 d,Kepler-37,2013,2.03,39.7922622,0.2109,499.0,0.1,5357.0,0.789,0.79,1,4,Transit,2.0
Kepler-370 b,Kepler-370,2014,1.59,4.57953,0.054,1040.0,0.0,5852.0,0.9,0.982,1,2,Transit,3.15
Kepler-370 c,Kepler-370,2014,1.91,19.02293,0.14,647.0,0.0,5852.0,0.9,0.982,1,2,Transit,4.31
Kepler-371 b,Kepler-371,2014,1.89,34.763278,0.2,554.0,0.0,5666.0,0.992,0.876,1,2,Transit,4.23
Kepler-371 c,Kepler-371,2014,1.78,67.968015,0.313,443.0,0.0,5666.0,0.992,0.876,1,2,Transit,3.82
Kepler-372 b,Kepler-372,2014,1.36,6.849692,0.075,1081.0,0.0,6509.0,1.137,1.202,1,3,Transit,2.42
Kepler-372 c,Kepler-372,2014,2.09,20.053763,0.154,755.0,0.0,6509.0,1.137,1.202,1,3,Transit,5.02
Kepler-372 d,Kepler-372,2014,1.69,30.092568,0.201,660.0,0.0,6509.0,1.137,1.202,1,3,Transit,3.5
Kepler-373 c,Kepler-373,2014,1.24,16.725948,0.126,729.0,0.0,5787.0,0.845,0.981,1,2,Transit,2.07
Kepler-374 b,Kepler-374,2014,1.03,1.897806,0.029,1761.0,0.0,5977.0,0.911,1.033,1,3,Transit,1.08
Kepler-374 c,Kepler-374,2014,1.1,3.282807,0.042,1467.0,0.0,5977.0,0.911,1.033,1,3,Transit,1.37
Kepler-374 d,Kepler-374,2014,1.31,5.028219,0.056,1272.0,0.0,5977.0,0.911,1.033,1,3,Transit,2.27
Kepler-375 b,Kepler-375,2014,1.45,12.125934,0.101,851.0,0.0,5826.0,0.837,0.891,1,2,Transit,2.7
Kepler-375 c,Kepler-375,2014,2.65,19.986326,0.141,720.0,0.0,5826.0,0.837,0.891,1,2,Transit,7.51
Kepler-376 c,Kepler-376,2014,1.79,14.172327,0.115,873.0,0.0,5900.0,1.175,0.968,1,2,Transit,3.86
Kepler-377 b,Kepler-377,2014,1.39,12.509529,0.109,875.0,0.0,5949.0,1.224,1.043,1,2,Transit,2.51
Kepler-377 c,Kepler-377,2014,2.06,27.014976,0.182,677.0,0.0,5949.0,1.224,1.043,1,2,Transit,4.9
Kepler-378 c,Kepler-378,2014,0.7,28.906009,0.166,414.0,0.0,4661.0,0.671,0.78,1,2,Transit,0.271
Kepler-379 b,Kepler-379,2014,1.66,20.09838,0.152,775.0,0.0,6054.0,1.306,1.125,1,2,Transit,3.39
Kepler-379 c,Kepler-379,2014,2.29,62.784697,0.326,530.0,0.0,6054.0,1.306,1.125,1,2,Transit,5.86
Kepler-38 b,Kepler-38,2012,4.3,105.599,0.4632,475.0,0.032,5623.0,1.752,0.941,2,1,Transit,122.0
Kepler-380 b,Kepler-380,2014,1.19,3.930821,0.05,1317.0,0.0,6045.0,1.224,0.99,1,2,Transit,1.81
Kepler-381 b,Kepler-381,2014,0.99,5.629021,0.066,1576.0,0.0,6152.0,1.568,1.144,1,3,Transit,0.937
Kepler-381 c,Kepler-381,2014,1.12,13.391635,0.117,1180.0,0.0,6152.0,1.568,1.144,1,3,Transit,1.46
Kepler-381 d,Kepler-381,2021,1.0667865,8.256299973,0.08364,1387.0,0.0,6197.0,2.188,1.198,1,3,Transit,1.23
Kepler-382 b,Kepler-382,2014,1.32,5.262155,0.055,1166.0,0.0,5600.0,0.945,1.002,1,2,Transit,2.3
Kepler-382 c,Kepler-382,2014,1.59,12.162701,0.097,882.0,0.0,5600.0,0.945,1.002,1,2,Transit,3.15
Kepler-383 c,Kepler-383,2014,1.24,31.200751,0.172,406.0,0.0,4710.0,0.672,0.669,1,2,Transit,2.07
Kepler-384 b,Kepler-384,2014,1.12,22.597053,0.148,670.0,0.0,5577.0,0.882,0.882,1,2,Transit,1.46
Kepler-384 c,Kepler-384,2014,1.13,45.348269,0.236,531.0,0.0,5577.0,0.882,0.882,1,2,Transit,1.51
Kepler-385 b,Kepler-385,2014,2.73,10.043686,0.097,951.0,0.0,6326.0,1.126,0.992,1,3,Transit,12.8
Kepler-385 d,Kepler-385,2020,2.6186448,56.4159,0.2872,535.0,0.0,5829.0,1.157,1.05,1,3,Transit,7.36
Kepler-386 b,Kepler-386,2014,1.39,12.31043,0.096,651.0,0.0,5178.0,0.767,0.825,1,2,Transit,2.51
Kepler-386 c,Kepler-386,2014,1.58,25.193458,0.155,513.0,0.0,5178.0,0.767,0.825,1,2,Transit,3.12
Kepler-387 c,Kepler-387,2014,0.89,11.837549,0.098,826.0,0.0,5774.0,1.046,0.85,1,2,Transit,0.64
Kepler-388 c,Kepler-388,2014,0.86,13.297004,0.093,515.0,0.0,4498.0,0.586,0.635,1,2,Transit,0.566
Kepler-389 b,Kepler-389,2014,1.51,3.244107,0.041,1047.0,0.0,5376.0,0.792,0.765,1,2,Transit,2.89
Kepler-389 c,Kepler-389,2014,1.46,14.51143,0.11,636.0,0.0,5376.0,0.792,0.765,1,2,Transit,2.73
Kepler-390 c,Kepler-390,2014,0.79,13.060022,0.101,630.0,0.0,5166.0,0.776,0.787,2,2,Transit,0.418
Kepler-391 b,Kepler-391,2014,2.5,7.4175,0.083,930.0,0.46,5038.0,2.879,1.27,1,2,Transit,1100.0
Kepler-391 c,Kepler-391,2014,2.88,20.501,0.164,662.0,0.27,5038.0,2.879,1.27,1,2,Transit,450.0
Kepler-392 b,Kepler-392,2014,1.0,5.341853,0.059,1125.0,0.0,5938.0,1.129,0.874,1,2,Transit,0.972
Kepler-392 c,Kepler-392,2014,1.1,10.423118,0.093,901.0,0.0,5938.0,1.129,0.874,1,2,Transit,1.37
Kepler-393 b,Kepler-393,2014,1.29,9.182417,0.091,1052.0,0.0,6189.0,1.382,1.256,1,2,Transit,2.21
Kepler-393 c,Kepler-393,2014,1.33,14.613612,0.124,901.0,0.0,6189.0,1.382,1.256,1,2,Transit,2.33
Kepler-394 b,Kepler-394,2014,1.6,8.005013,0.083,1035.0,0.0,6402.0,1.132,0.87,1,3,Transit,3.19
Kepler-394 c,Kepler-394,2014,1.66,12.130686,0.11,901.0,0.0,6402.0,1.132,0.87,1,3,Transit,3.39
Kepler-394 d,Kepler-394,2021,1.50066814,5.613580227,0.05904,1165.0,0.0,6398.0,1.101,1.141,1,3,Transit,2.86
Kepler-395 b,Kepler-395,2014,1.03,7.054346,0.061,576.0,0.0,4262.0,0.556,0.622827,1,2,Transit,1.08
Kepler-395 c,Kepler-395,2014,1.32,34.989262,0.177,341.0,0.0,4262.0,0.556,0.622827,1,2,Transit,2.3
Kepler-396 c,Kepler-396,2013,5.3,88.505,0.38946,390.0,0.0,5656.0,1.06,0.85,1,2,Transit,17.9
Kepler-397 b,Kepler-397,2014,2.46,22.250949,0.144,539.0,0.0,5307.0,0.767,0.844,1,2,Transit,6.62
Kepler-397 c,Kepler-397,2014,6.18,135.498527,0.48,295.0,0.0,5307.0,0.767,0.844,1,2,Transit,31.6
Kepler-398 b,Kepler-398,2014,0.93,4.081423,0.044,755.0,0.0,4493.0,0.613,0.649,1,3,Transit,0.749
Kepler-398 c,Kepler-398,2014,1.01,11.419412,0.087,536.0,0.0,4493.0,0.613,0.649,1,3,Transit,1.01
Kepler-398 d,Kepler-398,2016,0.88,6.83437001,0.0618,636.0,0.0,4557.0,0.67,0.72,1,3,Transit,0.615
Kepler-399 b,Kepler-399,2014,0.96,14.425281,0.103,773.0,0.0,5502.0,0.68,0.902,1,3,Transit,0.84
Kepler-399 c,Kepler-399,2014,1.43,26.67569,0.155,630.0,0.0,5502.0,0.68,0.902,1,3,Transit,2.63
Kepler-399 d,Kepler-399,2014,1.89,58.034616,0.261,486.0,0.0,5502.0,0.68,0.902,1,3,Transit,4.23
Kepler-4 b,Kepler-4,2009,4.002,3.21346,0.0456,1650.0,0.0,5857.0,1.487,1.223,1,1,Transit,24.472
Kepler-40 b,Kepler-40,2010,13.11,6.87349,0.08,1620.0,0.0,6510.0,2.13,1.48,1,1,Transit,699.2
Kepler-400 b,Kepler-400,2014,1.65,9.024389,0.087,939.0,0.0,5886.0,1.145,1.08,1,2,Transit,3.36
Kepler-400 c,Kepler-400,2014,1.49,17.340824,0.134,755.0,0.0,5886.0,1.145,1.08,1,2,Transit,2.83
Kepler-401 c,Kepler-401,2014,2.15,47.318218,0.269,598.0,0.0,6117.0,1.333,1.173,1,3,Transit,5.27
Kepler-401 d,Kepler-401,2016,2.27,184.256405,0.66886,380.0,0.0,6184.0,1.29,1.17,1,3,Transit,5.77
Kepler-402 b,Kepler-402,2014,1.22,4.028751,0.051,1311.0,0.0,6090.0,1.264,1.072,1,4,Transit,1.98
Kepler-402 d,Kepler-402,2014,1.38,8.921099,0.087,1006.0,0.0,6090.0,1.264,1.072,1,4,Transit,2.48
Kepler-402 e,Kepler-402,2014,1.46,11.242861,0.102,931.0,0.0,6090.0,1.264,1.072,1,4,Transit,2.73
Kepler-403 c,Kepler-403,2014,1.75,54.280749,0.297,604.0,0.0,6090.0,1.329,1.299,1,3,Transit,3.71
Kepler-403 d,Kepler-403,2016,1.42,13.61159129,0.12178,958.0,0.0,6209.0,1.45,1.25,1,3,Transit,2.6
Kepler-404 b,Kepler-404,2014,1.27,11.829851,0.102,730.0,0.0,5654.0,0.884,0.86,1,2,Transit,2.15
Kepler-404 c,Kepler-404,2014,1.72,14.751166,0.118,678.0,0.0,5654.0,0.884,0.86,1,2,Transit,3.61
Kepler-405 b,Kepler-405,2014,2.08,10.613839,0.095,785.0,0.0,5818.0,0.893,0.873,1,2,Transit,4.98
Kepler-405 c,Kepler-405,2014,4.66,29.726682,0.188,557.0,0.0,5818.0,0.893,0.873,1,2,Transit,19.6
Kepler-406 b,Kepler-406,2014,1.43,2.42629,0.03599,1302.0,0.0,5538.0,1.07,1.07,1,2,Transit,6.35
Kepler-406 c,Kepler-406,2014,0.85,4.62332,0.05531,1050.0,0.0,5538.0,1.07,1.07,1,2,Transit,2.71
Kepler-407 b,Kepler-407,2014,1.19,0.6693124,0.01531,1983.0,0.0,5487.0,1.04,0.99,1,2,Transit,1.93
Kepler-407 c,Kepler-407,2014,12.3,3000.0,3.27090369,146.73,0.221479,5476.0,1.01,1.0,1,2,Radial Velocity,4000.0
Kepler-408 b,Kepler-408,2014,0.82,2.46502,0.03592,1561.0,0.0,6104.0,1.23,1.08,1,1,Transit,5.0
Kepler-41 b,Kepler-41,2011,14.46,1.8555582,0.03101,1790.0,0.0,5750.0,1.29,1.15,1,1,Transit,177.98
Kepler-410 A b,Kepler-410 A,2013,2.838,17.833648,0.1226,866.0,0.17,6273.0,1.352,1.214,2,1,Transit,8.44
Kepler-411 b,Kepler-411,2013,2.401,3.005156,0.0375,1138.0,0.146,4974.0,0.82,0.87,2,4,Transit,25.6
Kepler-411 c,Kepler-411,2016,4.421,7.834435,0.0739,838.0,0.108,4974.0,0.82,0.87,2,4,Transit,26.4
Kepler-411 d,Kepler-411,2018,3.319,58.02035,0.279,410.0,0.128,4974.0,0.82,0.87,2,4,Transit,15.2
Kepler-411 e,Kepler-411,2018,3.28,31.509728,0.186,503.0,0.016,4974.0,0.82,0.87,2,4,Transit Timing Variations,10.8
Kepler-412 b,Kepler-412,2014,15.031269,1.7208604,0.02897,1850.0,0.0038,5750.0,1.287,1.167,1,1,Transit,299.07803
Kepler-414 c,Kepler-414,2014,3.01,7.171,0.07195,890.0,0.0,5536.0,0.946,0.89,1,2,Transit,29.9
Kepler-415 b,Kepler-415,2014,1.21,4.176,0.0426,694.0,0.0,4362.0,0.643,0.67,1,2,Transit,119.9
Kepler-415 c,Kepler-415,2014,2.01,8.708,0.0695,543.0,0.0,4362.0,0.643,0.67,1,2,Transit,4.7
Kepler-416 c,Kepler-416,2014,2.352,12.209,0.10454,791.0,0.0,5718.0,1.075,1.0,1,3,Transit,6.13
Kepler-416 d,Kepler-416,2023,1.61,3.07644709,0.0407,1253.0,0.0,5670.0,1.022,0.949,1,3,Transit,3.22
Kepler-417 b,Kepler-417,2014,2.31,12.331,0.1006,671.0,0.0,5177.0,0.806,0.9,1,2,Transit,11.0
Kepler-419 b,Kepler-419,2014,10.8,69.7546,0.37,613.0,0.833,6430.0,1.74,1.39,1,2,Transit,794.5
Kepler-419 c,Kepler-419,2014,12.6,675.47,1.68,315.55,0.184,6430.0,1.74,1.39,1,2,Transit Timing Variations,2320.1
Kepler-42 b,Kepler-42,2011,0.78,1.2137672,0.0116,519.0,0.04,3068.0,0.17,0.13,1,3,Transit,0.705944
Kepler-42 c,Kepler-42,2011,0.73,0.45328509,0.006,720.0,0.0,3068.0,0.17,0.13,1,3,Transit,60.337
Kepler-42 d,Kepler-42,2011,0.57,1.865169,0.0154,450.0,0.02,3068.0,0.17,0.13,1,3,Transit,0.357785
Kepler-421 b,Kepler-421,2014,4.16,704.1984,1.219,185.0,0.041,5308.0,0.757,0.794,1,1,Transit,16.1
Kepler-422 b,Kepler-422,2014,12.89,7.8914483,0.082,1028.0,0.0,5972.0,1.24,1.15,1,1,Transit,136.66
Kepler-423 b,Kepler-423,2014,13.361,2.6843285,0.03585,1605.0,0.019,5560.0,0.95,0.85,1,1,Transit,189.101
Kepler-424 b,Kepler-424,2014,9.98,3.3118644,0.044,1116.0,0.0,5460.0,0.94,1.01,1,2,Transit,327.35
Kepler-424 c,Kepler-424,2014,12.7,223.3,0.73,298.76,0.0,5460.0,0.94,1.01,1,2,Radial Velocity,2215.18
Kepler-425 b,Kepler-425,2014,10.962,3.79701816,0.0464,1070.0,0.33,5170.0,0.86,0.93,1,1,Transit,79.45
Kepler-427 b,Kepler-427,2014,13.79,10.290994,0.091,1100.0,0.57,5800.0,1.35,0.96,1,1,Transit,92.17
Kepler-428 b,Kepler-428,2014,12.11,3.52563254,0.0433,1070.0,0.22,5150.0,0.8,0.87,1,1,Transit,403.63
Kepler-430 b,Kepler-430,2015,3.25,35.968,0.2244,667.0,0.0,5884.0,1.485,1.166,1,2,Transit,10.6
Kepler-430 c,Kepler-430,2015,1.75,110.979,0.4757,458.0,0.0,5884.0,1.485,1.166,1,2,Transit,3.71
Kepler-431 b,Kepler-431,2015,0.764,6.803,0.0719,1032.0,0.0,6004.0,1.092,1.071,1,3,Transit,0.37
Kepler-431 c,Kepler-431,2015,0.668,8.703,0.0847,951.0,0.0,6004.0,1.092,1.071,1,3,Transit,0.229
Kepler-431 d,Kepler-431,2015,1.11,11.922,0.1045,856.0,0.0,6004.0,1.092,1.071,1,3,Transit,1.41
Kepler-432 b,Kepler-432,2015,12.834305,52.501129,0.301,812.0,0.5134,4995.0,4.06,1.32,2,2,Transit,1719.4603
Kepler-432 c,Kepler-432,2015,13.3,406.2,0.099815,751.0,0.498,4995.0,4.06,1.32,2,2,Radial Velocity,772.3269
Kepler-433 b,Kepler-433,2015,16.25,5.33408384,0.0679,1776.0,0.119,6360.0,2.26,1.46,1,1,Transit,896.24
Kepler-434 b,Kepler-434,2015,12.67,12.8747099,0.1143,1000.0,0.131,5977.0,1.38,1.198,1,1,Transit,908.96
Kepler-435 b,Kepler-435,2015,22.31,8.6001536,0.0948,1729.0,0.114,6161.0,3.21,1.538,1,1,Transit,266.97
Kepler-436 b,Kepler-436,2015,2.73,64.00205,0.339,322.0,0.19,4651.0,0.697,0.729,1,2,Transit,7.9
Kepler-436 c,Kepler-436,2016,2.33,16.79713874,0.11452,503.0,0.0,4685.0,0.71,0.75,1,2,Transit,6.04
Kepler-439 b,Kepler-439,2015,2.24,178.1396,0.563,291.0,0.03,5431.0,0.866,0.884,1,1,Transit,5.65
Kepler-440 b,Kepler-440,2015,1.86,101.11141,0.242,229.0,0.34,4134.0,0.559,0.575,1,1,Transit,4.12
Kepler-441 b,Kepler-441,2015,1.64,207.2482,0.64,189.0,0.1,4340.0,0.55,0.572,1,1,Transit,3.33
Kepler-442 b,Kepler-442,2015,1.34,112.3053,0.409,241.0,0.04,4402.0,0.598,0.609,1,1,Transit,2.36
Kepler-443 b,Kepler-443,2015,2.33,177.6693,0.495,233.0,0.11,4723.0,0.706,0.738,1,1,Transit,6.04
Kepler-444 b,Kepler-444,2015,0.403,3.6001053,0.04178,938.0,0.16,5046.0,0.752,0.758,3,5,Transit,0.0374
Kepler-444 d,Kepler-444,2015,0.53,6.189392,0.06,783.0,0.18,5046.0,0.752,0.758,3,5,Transit,0.2
Kepler-444 e,Kepler-444,2015,0.546,7.743493,0.0696,727.0,0.1,5046.0,0.752,0.758,3,5,Transit,0.1
Kepler-444 f,Kepler-444,2015,0.741,9.740486,0.0811,673.0,0.29,5046.0,0.752,0.758,3,5,Transit,0.332
Kepler-445 b,Kepler-445,2015,1.58,2.984151,0.0217,401.0,0.0,3157.0,0.21,0.18,1,3,Transit,3.12
Kepler-445 c,Kepler-445,2015,2.51,4.871229,0.0301,341.0,0.0,3157.0,0.21,0.18,1,3,Transit,6.85
Kepler-445 d,Kepler-445,2015,1.25,8.15275,0.0439,305.0,0.0,3157.0,0.21,0.18,1,3,Transit,2.1
Kepler-446 c,Kepler-446,2015,1.11,3.036179,0.0283,520.0,0.0,3359.0,0.24,0.22,1,3,Transit,1.41
Kepler-446 d,Kepler-446,2015,1.35,5.148921,0.0403,436.0,0.0,3359.0,0.24,0.22,1,3,Transit,2.39
Kepler-449 b,Kepler-449,2015,2.056,12.58242,0.1027,917.0,0.03,5649.18,1.467,1.02,1,2,Transit,4.88
Kepler-449 c,Kepler-449,2015,2.764,33.6727,0.1979,661.0,0.05,5649.18,1.467,1.02,1,2,Transit,8.07
Kepler-45 b,Kepler-45,2011,10.76,2.455239,0.03,1000.0,0.11,3820.0,0.55,0.59,1,1,Transit,160.497
Kepler-450 c,Kepler-450,2015,2.62,15.413135,0.13351,944.0,0.02,6197.21,1.64162,1.19,1,3,Transit,12.5
Kepler-450 d,Kepler-450,2015,0.837,7.51464,0.0827,1199.0,0.14,6197.21,1.64162,1.19,1,3,Transit,17.6
Kepler-451 c,2MASS J19383260+4603591,2022,13.5,1460.0,0.099815,751.0,0.29,29564.0,0.203,0.48,2,3,Eclipse Timing Variations,511.70373527
Kepler-451 d,2MASS J19383260+4603591,2022,13.5,43.0,0.099815,751.0,0.0,29564.0,0.203,0.48,2,3,Eclipse Timing Variations,559.37799632
Kepler-452 b,Kepler-452,2015,1.63,384.843,1.046,265.0,0.0,5757.0,1.11,1.037,1,1,Transit,3.29
Kepler-453 b,Kepler-453,2015,6.204,240.503,0.7903,273.62,0.0359,5527.0,0.833,0.944,2,1,Transit,16.0
Kepler-454 b,Kepler-454,2015,2.37,10.5737534,0.09528,916.0,0.32,5687.0,1.066,1.03,2,3,Transit,5.4
Kepler-454 d,Kepler-454,2023,13.3,4073.0,5.1,125.37,0.089,5687.0,1.066,1.03,2,3,Radial Velocity,734.18362017
Kepler-457 d,KOI-7892,2021,2.98467257,10.6906004,0.0996,1008.0,0.0,6474.0,1.242,1.148,1,3,Transit,9.19
Kepler-458 c,KIC 9663113,2016,4.2,20.74028413,0.17012,798.0,0.0,6117.21,2.21562,1.15,1,2,Transit,16.4
Kepler-46 b,Kepler-46,2012,9.057,33.60134,0.1968,543.0,0.01,5155.0,0.938,0.902,1,3,Transit,1907.0
Kepler-46 c,Kepler-46,2012,13.5,57.011,0.2799,455.0,0.0146,5155.0,0.938,0.902,1,3,Transit Timing Variations,119.499
Kepler-46 d,Kepler-46,2014,1.64,6.766589,0.067,845.0,0.0,5309.0,0.79,0.883,1,3,Transit,3.33
Kepler-460 c,KIC 5437945,2016,5.52,220.1303357,0.75318,389.0,0.0,6146.0,1.26,1.17,1,2,Transit,26.1
Kepler-461 b,Kepler-461,2016,2.58,8.313783059,0.07895,886.0,0.0,5634.0,0.91,0.98,1,1,Transit,7.18
Kepler-462 b,Kepler-462,2016,3.0,84.6866,0.4172,611.0,0.042,7500.0,1.57,1.59,1,2,Transit,53.9
Kepler-462 c,Kepler-462,2018,4.0,207.62,0.7584,453.0,0.11,7500.0,1.57,1.59,1,2,Transit,6.0
Kepler-463 b,Kepler-463,2016,3.05,8.981016833,0.07925,880.0,0.0,5661.0,0.9,0.87,1,1,Transit,9.53
Kepler-464 b,Kepler-464,2016,3.3,7.256965224,0.07931,1163.0,0.0,5933.0,1.59,1.21,1,1,Transit,10.9
Kepler-465 b,Kepler-465,2016,2.95,9.940672466,0.09195,996.0,0.0,6310.0,1.29,1.23,1,1,Transit,9.01
Kepler-466 b,Kepler-466,2016,2.85,51.07926307,0.26769,503.0,0.0,5927.0,1.05,1.04,1,2,Transit,8.5
Kepler-466 c,Kepler-466,2016,1.25,3.709213846,0.04658,1206.0,0.0,5927.0,1.05,1.04,1,2,Transit,2.1
Kepler-467 b,Kepler-467,2016,2.25,24.99324193,0.16848,712.0,0.0,5809.0,1.37,1.05,1,1,Transit,5.69
Kepler-47 c,Kepler-47,2012,4.65,303.227,0.9638,267.82,0.044,5636.0,0.936,0.957,2,3,Transit,3.17
Kepler-472 b,Kepler-472,2016,3.22,4.176255514,0.04823,876.0,0.0,4996.0,0.78,0.85,1,1,Transit,10.5
Kepler-473 b,Kepler-473,2016,4.08,14.55731705,0.12048,879.0,0.0,5816.0,1.34,1.06,1,1,Transit,15.6
Kepler-474 b,Kepler-474,2016,3.06,5.660672935,0.06092,1115.0,0.0,5785.0,1.08,0.99,1,1,Transit,9.59
Kepler-475 b,Kepler-475,2016,2.49,3.105508189,0.03989,980.0,0.0,5009.0,0.79,0.86,1,1,Transit,6.76
Kepler-476 b,Kepler-476,2016,3.08,14.00640607,0.1126,807.0,0.0,5837.0,1.09,1.03,1,1,Transit,9.69
Kepler-477 b,Kepler-477,2016,2.07,11.11990653,0.0911,649.0,0.0,5240.0,0.79,0.87,2,1,Transit,4.94
Kepler-48 b,Kepler-48,2012,1.88,4.778,0.05394,932.0,0.0,5194.0,0.89,0.88,1,5,Transit,3.94
Kepler-48 c,Kepler-48,2012,2.71,9.67395,0.08633,736.0,0.0,5194.0,0.89,0.88,1,5,Transit,14.61
Kepler-48 d,Kepler-48,2014,2.04,42.8961,0.23302,448.0,0.0,5194.0,0.89,0.88,1,5,Transit,7.93
Kepler-48 e,Kepler-48,2014,13.4,982.0,1.898274748,171.49,0.003142,5194.0,0.89,0.88,1,5,Radial Velocity,657.0
Kepler-48 f,Kepler-48,2023,13.8,5219.681854,5.719187877,95.68,0.015283,5190.0,0.836,0.916,1,5,Radial Velocity,298.5809968
Kepler-480 b,Kepler-480,2016,2.78,4.919583795,0.06024,1312.0,0.0,6322.0,1.34,1.25,1,1,Transit,8.15
Kepler-482 b,Kepler-482,2016,2.36,56.35418576,0.25787,352.0,0.0,4871.0,0.72,0.75,1,1,Transit,6.17
Kepler-483 b,Kepler-483,2016,3.21,30.229104,0.19471,755.0,0.0,6346.0,1.47,1.28,1,1,Transit,10.4
Kepler-484 b,Kepler-484,2016,2.28,10.045569313,0.09036,766.0,0.0,5668.0,0.87,0.96,1,1,Transit,5.82
Kepler-487 c,Kepler-487,2016,2.68,38.6519976,0.21864,487.0,0.0,5444.0,0.88,0.91,1,3,Transit,7.65
Kepler-487 d,Kepler-487,2021,2.77513568,2.418390036,0.03445,1226.0,0.0,5422.0,0.887,0.874,1,3,Transit,8.12
Kepler-489 b,Kepler-489,2016,7.72,17.276296119,0.12109,538.0,0.0,5014.0,0.76,0.82,1,1,Transit,46.1
Kepler-49 b,Kepler-49,2012,2.579,7.2,0.05929,509.0,0.0,4095.6,0.618,0.607,1,4,Transit,9.77
Kepler-49 c,Kepler-49,2012,2.444,10.91,0.07821,443.0,0.008,4095.6,0.618,0.607,1,4,Transit,8.38
Kepler-49 d,Kepler-49,2014,1.6,2.576549,0.031,717.0,0.0,4252.0,0.559,0.549,1,4,Transit,235.982
Kepler-49 e,Kepler-49,2014,1.56,18.596108,0.116,371.0,0.0,4252.0,0.559,0.549,1,4,Transit,1.03815
Kepler-491 b,Kepler-491,2016,8.92,4.225384512,0.05191,1111.0,0.0,5582.0,1.03,1.04,1,1,Transit,59.0
Kepler-495 c,Kepler-495,2021,1.21936414,5.896609783,0.0614,1000.0,0.0,5392.0,1.087,0.888,1,2,Transit,1.98
Kepler-496 b,Kepler-496,2016,2.32,8.30864937,0.0747,747.0,0.0,5293.0,0.82,0.86,1,1,Transit,5.99
Kepler-497 b,Kepler-497,2016,6.04,3.573203671,0.0457,1210.0,0.0,5834.0,1.11,1.09,1,1,Transit,30.4
Kepler-498 b,Kepler-498,2016,3.03,9.61375356,0.0897,931.0,0.0,5744.0,0.96,0.98,1,1,Transit,9.43
Kepler-499 b,Kepler-499,2016,2.17,5.632528453,0.0598,844.0,0.0,5312.0,0.83,0.87,1,1,Transit,5.35
Kepler-5 b,Kepler-5,2009,15.984034,3.5484657,0.0538,1750.0,0.0,6297.0,1.793,1.374,1,1,Transit,670.93913
Kepler-50 c,Kepler-50,2012,2.17,9.37647,0.087,1125.0,0.0,6225.0,1.58,1.24,1,2,Transit,8.2
Kepler-501 c,Kepler-501,2021,1.68119739,3.622760057,0.0467,1304.0,0.0,5794.0,1.216,1.032,1,2,Transit,3.47
Kepler-502 b,Kepler-502,2016,4.77,4.28686431,0.0535,1217.0,0.0,6125.0,1.22,1.15,1,1,Transit,20.4
Kepler-504 b,Kepler-504,2016,1.59,9.549275422,0.0646,374.0,0.0,3519.0,0.33,0.33,2,1,Transit,3.15
Kepler-507 b,Kepler-507,2016,1.3,3.568096926,0.04781,1407.0,0.0,6113.0,1.32,1.16,1,1,Transit,5.69692195
Kepler-508 b,Kepler-508,2016,1.64,25.30889748,0.17274,710.0,0.0,6025.0,1.25,1.16,1,1,Transit,3.33
Kepler-51 b,Kepler-51,2012,7.1,45.154,0.2514,543.0,0.04,6018.0,0.94,1.04,1,4,Transit,2.1
Kepler-51 c,Kepler-51,2012,9.0,85.312,0.384,439.0,0.014,6018.0,0.94,1.04,1,4,Transit,4.0
Kepler-51 d,Kepler-51,2014,9.7,130.194,0.509,381.0,0.008,6018.0,0.94,1.04,1,4,Transit,7.6
Kepler-51 e,Kepler-51,2024,2.18,264.284,0.099815,751.0,0.02,5674.0,0.87,0.96,1,4,Transit Timing Variations,5.4
Kepler-511 b,Kepler-511,2016,6.35,296.637865,0.85672,332.0,0.0,5770.0,1.2,1.0,1,2,Transit,33.1
Kepler-511 c,Kepler-511,2021,4.20964327,26.62949944,0.17177,742.0,0.0,5866.0,1.417,0.958,1,2,Transit,16.5
Kepler-512 b,Kepler-512,2016,2.69,34.43587975,0.21395,652.0,0.0,5997.0,1.3,1.17,1,1,Transit,7.7
Kepler-514 b,Kepler-514,2016,1.72,5.65179605,0.06559,1248.0,0.0,6106.0,1.44,1.28,2,1,Transit,3.61
Kepler-515 b,Kepler-515,2016,1.46,19.96371318,0.1333,564.0,0.0,5293.0,0.83,0.9,2,1,Transit,2.73
Kepler-516 b,Kepler-516,2016,5.74,24.85462415,0.1992,1095.0,0.0,7099.0,2.02,1.62,1,1,Transit,27.9
Kepler-517 b,Kepler-517,2016,2.67,60.92832271,0.28682,467.0,0.0,5690.0,0.98,0.95,2,1,Transit,7.61
Kepler-52 b,Kepler-52,2012,2.1,7.8773565,0.0637,553.0,0.0,4075.0,0.52,0.54,1,3,Transit,135.0
Kepler-52 c,Kepler-52,2012,1.84,16.3850021,0.10379,433.0,0.012,4075.0,0.52,0.54,1,3,Transit,45.4
Kepler-52 d,Kepler-52,2014,1.95,36.445171,0.182,332.0,0.0,4263.0,0.556,0.577,1,3,Transit,88.8775
Kepler-520 b,Kepler-520,2016,1.66,19.67416124,0.14628,711.0,0.0,6112.0,1.09,1.1,1,2,Transit,3.39
Kepler-520 c,Kepler-520,2016,1.07,5.21104261,0.06035,1107.0,0.0,6112.0,1.09,1.1,1,2,Transit,1.24
Kepler-521 b,Kepler-521,2016,3.18,22.20813214,0.17116,803.0,0.0,6406.0,1.46,1.34,1,1,Transit,10.2
Kepler-523 b,Kepler-523,2016,1.96,5.835983111,0.06159,884.0,0.0,5515.0,0.86,0.93,1,1,Transit,4.5
Kepler-524 b,Kepler-524,2016,1.91,7.97419807,0.07955,974.0,0.0,6014.0,1.1,1.09,1,2,Transit,4.31
Kepler-524 c,Kepler-524,2016,0.96,1.88897906,0.03046,1574.0,0.0,6014.0,1.1,1.09,1,2,Transit,0.84
Kepler-525 b,Kepler-525,2016,2.63,18.68404933,0.14386,832.0,0.0,5573.0,1.15,0.95,1,1,Transit,7.41
Kepler-527 b,Kepler-527,2016,2.84,13.28535633,0.11646,1157.0,0.0,6388.0,1.45,1.28,1,1,Transit,8.45
Kepler-528 b,Kepler-528,2016,2.08,19.78297415,0.14219,708.0,0.0,5807.0,1.06,1.01,1,1,Transit,4.98
Kepler-529 b,Kepler-529,2016,1.86,1.980357663,0.0309,1662.0,0.0,6087.0,1.14,1.07,1,3,Transit,4.12
Kepler-529 c,Kepler-529,2016,2.0,12.8345022,0.1075,891.0,0.0,6087.0,1.14,1.07,1,3,Transit,4.66
Kepler-53 b,Kepler-53,2012,2.89,18.6489525,0.1361,701.0,0.0,5858.0,0.89,0.98,1,3,Transit,111.0
Kepler-53 c,Kepler-53,2012,3.17,38.5583038,0.22091,550.0,0.0,5858.0,0.89,0.98,1,3,Transit,36.0
Kepler-530 b,Kepler-530,2016,3.01,39.30941904,0.21491,488.0,0.0,5697.0,0.89,0.97,2,1,Transit,9.32
Kepler-531 b,Kepler-531,2016,2.78,29.88485741,0.17446,453.0,0.0,4893.0,0.75,0.78,1,1,Transit,8.15
Kepler-532 b,Kepler-532,2016,2.57,12.92491623,0.10151,620.0,0.0,5192.0,0.79,0.87,1,1,Transit,7.13
Kepler-533 b,Kepler-533,2016,3.38,28.51120525,0.16704,423.0,0.0,4758.0,0.72,0.78,1,1,Transit,11.4
Kepler-534 b,Kepler-534,2016,2.24,15.95994513,0.1272,721.0,0.0,5884.0,0.98,1.05,1,2,Transit,5.65
Kepler-534 c,Kepler-534,2021,1.227,7.378689766,0.0761,933.0,0.0,5936.0,0.965,1.075,1,2,Transit,2.02
Kepler-536 b,Kepler-536,2016,3.1,1.827082299,0.02835,1877.0,0.0,5524.0,0.89,0.92,1,1,Transit,9.8
Kepler-537 b,Kepler-537,2016,1.41,3.247555219,0.04317,1181.0,0.0,5763.0,0.99,1.07,1,1,Transit,2.57
Kepler-538 b,Kepler-538,2016,2.215,81.73778,0.3554,417.0,0.21,5534.0,0.8717,0.892,2,1,Transit,12.9
Kepler-54 b,Kepler-54,2012,2.1,8.0109434,0.0619,453.0,0.022,3705.0,0.5,0.51,1,3,Transit,0.98
Kepler-54 c,Kepler-54,2012,1.23,12.0717249,0.0809,395.0,0.0,3705.0,0.5,0.51,1,3,Transit,0.7
Kepler-54 d,Kepler-54,2014,1.53,20.995694,0.126,328.0,0.0,4252.0,0.554,0.518,1,3,Transit,12.0946
Kepler-540 b,Kepler-540,2016,2.71,172.7049784,0.58822,355.0,0.0,5946.0,1.08,1.02,1,1,Transit,7.8
Kepler-541 b,Kepler-541,2016,3.36,5.08005848,0.06447,1673.0,0.0,6166.0,2.06,1.41,1,1,Transit,11.2
Kepler-542 b,Kepler-542,2016,1.57,13.14497566,0.10703,698.0,0.0,5526.0,0.9,0.93,1,1,Transit,3.09
Kepler-543 b,Kepler-543,2016,2.5,13.89961966,0.1023,521.0,0.0,4671.0,0.67,0.7,1,1,Transit,6.8
Kepler-544 b,Kepler-544,2016,2.12,21.41616926,0.15482,748.0,0.0,6206.0,1.22,1.16,1,1,Transit,5.14
Kepler-545 b,Kepler-545,2016,2.69,13.24934059,0.11248,806.0,0.0,5882.0,1.07,1.04,1,1,Transit,7.7
Kepler-546 b,Kepler-546,2016,7.0,4.147020258,0.0502,1258.0,0.0,5967.0,1.15,1.11,1,1,Transit,39.1
Kepler-547 b,Kepler-547,2016,4.0,6.010384289,0.058,768.0,0.0,4828.0,0.73,0.78,1,1,Transit,15.1
Kepler-549 b,Kepler-549,2016,2.57,42.9495649,0.23236,487.0,0.0,5360.0,0.84,0.88,1,3,Transit,11.0
Kepler-549 c,Kepler-549,2016,2.93,117.040498,0.45332,349.0,0.0,5360.0,0.84,0.88,1,3,Transit,8.91
Kepler-549 d,Kepler-549,2023,4.2,24.61480613,0.1575,586.0,0.0,5312.0,0.986,0.859,1,3,Transit,16.4
Kepler-55 b,Kepler-55,2012,2.43,27.9481449,0.1593,400.0,0.0,4362.0,0.58,0.62,1,5,Transit,43.0
Kepler-55 c,Kepler-55,2012,2.21,42.1516418,0.2095,349.0,0.0,4362.0,0.58,0.62,1,5,Transit,69.8
Kepler-55 d,Kepler-55,2014,1.59,2.211099,0.029,931.0,0.0,4503.0,0.619,0.631,1,5,Transit,3.15
Kepler-55 f,Kepler-55,2014,1.59,10.198545,0.081,559.0,0.0,4503.0,0.619,0.631,1,5,Transit,3.15
Kepler-550 b,Kepler-550,2016,4.42,8.600104109,0.0747,760.0,0.0,5322.0,0.83,0.87,1,1,Transit,17.9
Kepler-552 b,Kepler-552,2016,3.95,5.263415765,0.0612,1103.0,0.0,5863.0,1.04,1.03,1,1,Transit,14.8
Kepler-553 c,Kepler-553,2016,11.57887706,328.24017,0.898,251.0,0.346,5191.0,0.902,0.889,1,2,Transit,2129.4503269
Kepler-555 b,Kepler-555,2016,2.83,16.21775407,0.1201,664.0,0.0,5894.0,1.04,1.03,1,1,Transit,8.4
Kepler-557 b,Kepler-557,2016,2.67,3.705989551,0.0469,1281.0,0.0,6068.0,1.16,1.11,1,1,Transit,7.61
Kepler-559 b,Kepler-559,2016,3.61,17.58752333,0.1277,706.0,0.0,5630.0,0.95,0.96,1,1,Transit,12.7
Kepler-56 b,Kepler-56,2012,6.51,10.5016,0.1028,1378.0,0.04,4840.0,4.23,1.32,1,3,Transit,22.1
Kepler-56 d,Kepler-56,2016,12.8,1002.0,2.16,324.75,0.2,4819.44,4.21799,1.29,1,3,Radial Velocity,1784.0
Kepler-561 b,Kepler-561,2016,6.96,58.3620495,0.29256,446.0,0.0,5646.0,0.94,0.96,1,2,Transit,38.7
Kepler-561 c,Kepler-561,2016,2.68,5.350161983,0.05947,989.0,0.0,5646.0,0.94,0.96,1,2,Transit,7.65
Kepler-562 b,Kepler-562,2016,5.21,18.009314436,0.1333,658.0,0.0,5575.0,0.9,0.93,1,1,Transit,23.7
Kepler-564 b,Kepler-564,2016,4.63,3.750832285,0.0484,1129.0,0.0,5626.0,0.92,0.95,1,1,Transit,19.4
Kepler-565 b,Kepler-565,2016,3.64,4.243747226,0.0501,1063.0,0.0,5735.0,0.95,0.98,1,1,Transit,12.9
Kepler-568 b,Kepler-568,2016,2.26,11.02347475,0.0794,429.0,0.0,3768.0,0.53,0.55,1,1,Transit,5.73
Kepler-57 b,Kepler-57,2012,3.135,5.72,0.05988,850.0,0.0162,5187.9,0.826,0.859,1,2,Transit,25.06
Kepler-57 c,Kepler-57,2012,2.196,11.6,0.09588,671.0,0.0725,5187.9,0.826,0.859,1,2,Transit,6.86
Kepler-571 b,Kepler-571,2016,2.64,4.798599388,0.0546,978.0,0.0,5527.0,0.9,0.93,1,1,Transit,7.46
Kepler-572 b,Kepler-572,2016,2.58,17.20523483,0.1192,553.0,0.0,5212.0,0.79,0.83,1,1,Transit,7.18
Kepler-573 b,Kepler-573,2016,2.79,22.18329658,0.14527,646.0,0.0,5746.0,1.02,0.99,1,1,Transit,8.2
Kepler-575 b,Kepler-575,2016,2.39,9.37891944,0.0788,803.0,0.0,5710.0,0.95,0.97,1,1,Transit,6.3
Kepler-576 b,Kepler-576,2016,3.27,29.91136794,0.179,541.0,0.0,5672.0,0.97,0.99,1,1,Transit,10.7
Kepler-577 b,Kepler-577,2016,2.55,25.69578251,0.1348,314.0,0.0,4984.0,0.73,0.78,1,1,Transit,7.04
Kepler-578 b,Kepler-578,2016,2.0,1.616883696,0.0266,1774.0,0.0,5334.0,0.83,0.87,1,1,Transit,4.66
Kepler-58 b,Kepler-58,2012,2.78,10.2184954,0.09291,920.0,0.04,5843.0,1.03,0.95,1,4,Transit,35.5
Kepler-58 c,Kepler-58,2012,2.86,15.5741568,0.12307,799.0,0.0,5843.0,1.03,0.95,1,4,Transit,53.0
Kepler-58 e,Kepler-58,2023,1.61,4.45814897,0.0533,1212.0,0.0,6100.0,1.083,1.017,1,4,Transit,597.796
Kepler-580 b,Kepler-580,2016,2.57,8.222419656,0.0683,558.0,0.0,4298.0,0.64,0.67,1,1,Transit,7.13
Kepler-581 b,Kepler-581,2016,2.63,40.6069821,0.2259,521.0,0.0,5772.0,1.0,1.0,1,1,Transit,7.41
Kepler-583 b,Kepler-583,2016,2.28,6.5100253,0.0689,1017.0,0.0,5523.0,0.91,0.94,1,1,Transit,5.82
Kepler-584 b,Kepler-584,2016,4.21,35.1810304,0.2281,664.0,0.0,6195.0,1.24,1.17,1,1,Transit,16.5
Kepler-586 b,Kepler-586,2016,2.79,2.104722184,0.0331,1365.0,0.0,5575.0,0.92,0.94,1,1,Transit,8.2
Kepler-587 b,Kepler-587,2016,2.23,10.94027841,0.0952,764.0,0.0,5549.0,0.89,0.92,1,1,Transit,5.6
Kepler-588 b,Kepler-588,2016,2.63,4.221625357,0.052,1176.0,0.0,5835.0,1.0,1.01,1,1,Transit,7.41
Kepler-589 b,Kepler-589,2016,2.27,16.54964934,0.1196,656.0,0.0,5296.0,0.83,0.88,1,2,Transit,5.77
Kepler-589 c,Kepler-589,2021,1.11727238,3.52466011,0.0426,1098.0,0.0,5372.0,0.916,0.832,1,2,Transit,1.45
Kepler-59 b,Kepler-59,2012,1.1,11.8681707,0.09943,864.0,0.0,6074.0,0.94,1.04,1,2,Transit,4.1
Kepler-59 c,Kepler-59,2012,1.98,17.9801235,0.13114,752.0,0.0,6074.0,0.94,1.04,1,2,Transit,3.81
Kepler-593 b,Kepler-593,2016,2.87,21.21708973,0.1508,706.0,0.0,5967.0,1.1,1.08,1,1,Transit,8.6
Kepler-595 b,Kepler-595,2016,3.708,25.3029092,0.1582,535.0,0.0,5138.5,0.821,0.93,1,2,Transit,17.4
Kepler-596 b,Kepler-596,2016,3.46,21.30022655,0.15161,725.0,0.0,6267.0,1.32,1.21,1,1,Transit,11.8
Kepler-597 b,Kepler-597,2016,2.37,13.02365861,0.10916,743.0,0.0,5683.0,0.95,0.97,1,1,Transit,6.21
Kepler-598 b,Kepler-598,2016,1.5,3.70175428,0.04487,1050.0,0.0,5307.0,0.86,0.87,1,2,Transit,2.86
Kepler-598 c,Kepler-598,2020,3.02420941,86.4945,0.36672,367.0,0.0,5245.0,0.900316,0.9,1,2,Transit,9.4
Kepler-599 b,Kepler-599,2016,2.84,15.65562652,0.1128,623.0,0.0,5127.0,0.79,0.83,1,1,Transit,8.45
Kepler-6 b,Kepler-6,2009,14.616536,3.2346996,0.04852,1460.0,0.0,5647.0,1.391,1.209,1,1,Transit,212.31044
Kepler-60 b,Kepler-60,2012,1.71,7.1334,0.07255,1102.0,0.0,5905.0,1.257,1.041,1,3,Transit,4.19
Kepler-60 c,Kepler-60,2012,1.9,8.9187,0.08422,1023.0,0.039,5905.0,1.257,1.041,1,3,Transit,3.85
Kepler-600 b,Kepler-600,2016,2.9,23.67517607,0.1536,528.0,0.0,5279.0,0.81,0.84,1,1,Transit,8.75
Kepler-602 b,Kepler-602,2016,2.09,15.28469497,0.1224,852.0,0.0,6062.0,1.13,1.08,1,1,Transit,5.02
Kepler-603 b,Kepler-603,2016,2.65,21.05358596,0.16052,731.0,0.0,5808.0,1.01,1.01,1,3,Transit,7.51
Kepler-603 c,Kepler-603,2016,6.5,127.9075774,0.53439,401.0,0.0,5808.0,1.01,1.01,1,3,Transit,34.5
Kepler-603 d,Kepler-603,2016,1.32,6.2171292,0.07117,1098.0,0.0,5808.0,1.01,1.01,1,3,Transit,2.3
Kepler-604 b,Kepler-604,2016,2.59,25.85501786,0.1735,637.0,0.0,5890.0,1.03,1.02,1,1,Transit,7.22
Kepler-606 b,Kepler-606,2016,3.31,24.31575992,0.17,683.0,0.0,6161.0,1.22,1.13,1,1,Transit,11.0
Kepler-607 b,Kepler-607,2016,0.87,0.638163204,0.0137,1874.0,0.0,5196.0,0.8,0.84,1,2,Transit,0.59
Kepler-608 b,Kepler-608,2016,3.64,6.412515037,0.0685,1069.0,0.0,5820.0,1.01,1.0,1,1,Transit,12.9
Kepler-609 b,Kepler-609,2016,3.35,6.521210666,0.0682,932.0,0.0,5971.0,1.14,1.09,1,1,Transit,11.2
Kepler-61 b,Kepler-61,2013,2.15,59.87756,0.24861,273.0,0.25,4017.0,0.62,0.635,1,1,Transit,5.27
Kepler-610 c,Kepler-610,2016,3.3,151.86392,0.5594,318.0,0.0,5943.0,1.13,1.1,1,2,Transit,10.9
Kepler-611 b,Kepler-611,2016,1.65,2.437033302,0.0351,1513.0,0.0,5761.0,1.01,1.01,1,1,Transit,3.36
Kepler-612 b,Kepler-612,2016,2.84,3.722156413,0.0452,1046.0,0.0,5693.0,0.96,0.98,1,1,Transit,8.45
Kepler-613 b,Kepler-613,2016,2.29,15.77979614,0.1232,713.0,0.0,5723.0,0.96,0.98,1,1,Transit,5.86
Kepler-614 b,Kepler-614,2016,2.39,14.03491514,0.1027,641.0,0.0,5268.0,0.81,0.85,1,1,Transit,6.3
Kepler-615 b,Kepler-615,2016,1.74,10.35584657,0.085,620.0,0.0,4655.0,0.69,0.73,1,1,Transit,3.68
Kepler-616 d,Kepler-616,2021,2.653,51.06740189,0.2749,499.0,0.0,6004.0,0.977,1.061,1,3,Transit,7.52
Kepler-617 b,Kepler-617,2016,1.32,1.682696148,0.0219,750.0,0.0,3712.0,0.48,0.51,1,1,Transit,2.3
Kepler-618 b,Kepler-618,2016,2.6,3.595769645,0.0449,1296.0,0.0,5860.0,1.08,1.05,1,1,Transit,7.27
Kepler-619 b,Kepler-619,2016,3.16,5.404272197,0.06014,1073.0,0.0,5980.0,1.11,1.09,1,3,Transit,10.1
Kepler-619 c,Kepler-619,2016,1.69,1.208465026,0.02216,1767.0,0.0,5980.0,1.11,1.09,1,3,Transit,3.5
Kepler-619 d,Kepler-619,2023,4.17,11.67894236,0.1021,830.0,0.0,6122.0,0.964,1.041,1,3,Transit,16.2
Kepler-62 b,Kepler-62,2013,1.31,5.714932,0.0553,750.0,0.0,4925.0,0.64,0.69,1,5,Transit,9.0
Kepler-62 c,Kepler-62,2013,0.54,12.4417,0.0929,578.0,0.0,4925.0,0.64,0.69,1,5,Transit,4.0
Kepler-62 d,Kepler-62,2013,1.95,18.16406,0.12,510.0,0.0,4925.0,0.64,0.69,1,5,Transit,14.0
Kepler-62 e,Kepler-62,2013,1.61,122.3874,0.427,270.0,0.0,4925.0,0.64,0.69,1,5,Transit,36.0
Kepler-62 f,Kepler-62,2013,1.41,267.291,0.718,208.0,0.0,4925.0,0.64,0.69,1,5,Transit,35.0
Kepler-620 b,Kepler-620,2016,3.32,12.91375431,0.1053,849.0,0.0,6155.0,1.22,1.15,1,1,Transit,11.0
Kepler-621 b,Kepler-621,2016,2.3,2.628113746,0.031,737.0,0.0,4521.0,0.68,0.72,1,1,Transit,5.9
Kepler-622 b,Kepler-622,2016,2.13,14.28226676,0.0978,446.0,0.0,4201.0,0.61,0.64,1,1,Transit,5.18
Kepler-623 b,Kepler-623,2016,3.01,9.07097734,0.0854,825.0,0.0,5443.0,0.86,0.9,1,1,Transit,9.32
Kepler-624 b,Kepler-624,2016,2.31,14.58649607,0.11638,852.0,0.0,6117.0,1.18,1.1,1,1,Transit,5.95
Kepler-625 b,Kepler-625,2016,1.99,7.75192492,0.08137,852.0,0.0,5789.0,0.96,1.04,1,2,Transit,4.62
Kepler-625 c,Kepler-625,2016,1.05,4.1653651,0.05379,1048.0,0.0,5789.0,0.96,1.04,1,2,Transit,1.16
Kepler-627 b,Kepler-627,2016,3.73,40.6994443,0.22661,685.0,0.0,6424.0,1.49,1.3,1,1,Transit,13.4
Kepler-629 b,Kepler-629,2016,1.38,7.2385854,0.07107,816.0,0.0,5444.0,0.84,0.93,1,1,Transit,2.48
Kepler-63 b,Kepler-63,2013,6.11,9.4341505,0.08,791.0,0.45,5576.0,0.901,0.984,1,1,Transit,120.0
Kepler-630 b,Kepler-630,2016,3.18,161.4743937,0.56201,343.0,0.0,5829.0,1.04,1.02,1,1,Transit,10.2
Kepler-631 b,Kepler-631,2016,2.9,17.97979059,0.14017,828.0,0.0,6185.0,1.33,1.24,1,1,Transit,8.75
Kepler-632 b,Kepler-632,2016,2.21,30.99660733,0.1885,500.0,0.0,5322.0,0.84,0.91,1,1,Transit,5.52
Kepler-633 b,Kepler-633,2016,1.63,8.50340718,0.08185,1021.0,0.0,5899.0,1.15,1.02,1,2,Transit,3.29
Kepler-633 c,Kepler-633,2021,2.296,23.78319931,0.16246,725.0,0.0,5877.0,1.265,0.997,1,2,Transit,5.89
Kepler-634 b,Kepler-634,2016,1.89,5.16950177,0.05765,1309.0,0.0,6075.0,1.24,1.03,1,1,Transit,4.23
Kepler-635 b,Kepler-635,2016,2.64,23.44971004,0.18332,802.0,0.0,6174.0,1.51,1.33,1,1,Transit,7.46
Kepler-636 b,Kepler-636,2016,4.45,16.080661147,0.1185,614.0,0.0,5203.0,0.8,0.85,2,1,Transit,18.1
Kepler-637 b,Kepler-637,2016,4.75,23.20584623,0.16619,1002.0,0.0,6096.0,2.56,1.64,1,1,Transit,20.2
Kepler-638 b,Kepler-638,2016,1.83,6.07972888,0.06695,1111.0,0.0,5382.0,0.93,0.88,1,1,Transit,4.01
Kepler-639 b,Kepler-639,2016,2.38,10.21420496,0.09358,957.0,0.0,5896.0,1.29,1.14,1,1,Transit,6.26
Kepler-640 b,Kepler-640,2016,2.56,22.24813967,0.15418,609.0,0.0,5653.0,0.94,1.01,1,1,Transit,7.08
Kepler-641 b,Kepler-641,2016,1.85,9.48961571,0.0895,926.0,0.0,5713.0,1.13,1.02,1,1,Transit,4.08
Kepler-642 b,Kepler-642,2016,2.9,4.41745855,0.05631,1810.0,0.0,6570.0,1.66,1.4,1,1,Transit,8.75
Kepler-644 b,Kepler-644,2016,3.15,3.173917103,0.04641,1655.0,0.0,6747.0,1.81,1.49,1,1,Transit,10.1
Kepler-646 b,Kepler-646,2016,1.99,15.87364565,0.11251,632.0,0.0,5634.0,0.91,0.93,1,1,Transit,4.62
Kepler-647 b,Kepler-647,2016,1.17,16.2254649,0.12237,788.0,0.0,6020.0,1.07,1.03,1,2,Transit,1.71
Kepler-647 c,Kepler-647,2020,4.00135002,29.6663,0.18291,644.0,0.0,5906.74,1.54571,1.07,1,2,Transit,15.1
Kepler-649 b,Kepler-649,2016,2.26,29.90722674,0.17522,564.0,0.0,5871.0,0.94,0.97,1,1,Transit,5.73
Kepler-65 b,Kepler-65,2012,1.42,2.15491,0.035,1740.0,0.028,6211.0,1.41,1.25,1,4,Transit,2.4
Kepler-65 c,Kepler-65,2012,2.58,5.859944,0.068,1246.0,0.02,6211.0,1.41,1.25,1,4,Transit,5.4
Kepler-65 d,Kepler-65,2012,1.52,8.13123,0.084,1117.0,0.014,6211.0,1.41,1.25,1,4,Transit,4.14
Kepler-65 e,Kepler-65,2019,13.9,258.8,0.8539307544,389.08,0.283,6220.0,1.437,1.248,1,4,Radial Velocity,260.0
Kepler-650 b,Kepler-650,2016,2.96,3.032145588,0.0421,1507.0,0.0,5849.0,1.35,1.08,1,1,Transit,9.06
Kepler-651 b,Kepler-651,2016,2.37,21.38521506,0.14078,574.0,0.0,5522.0,0.87,0.92,1,1,Transit,6.21
Kepler-652 b,Kepler-652,2016,2.49,4.182002531,0.04958,974.0,0.0,5490.0,0.88,0.97,1,1,Transit,6.76
Kepler-653 b,Kepler-653,2016,1.95,14.70748976,0.11945,819.0,0.0,5665.0,1.19,1.02,1,2,Transit,4.46
Kepler-653 c,Kepler-653,2016,0.78,0.900376476,0.01855,2078.0,0.0,5665.0,1.19,1.02,1,2,Transit,0.399
Kepler-654 b,Kepler-654,2016,2.07,13.72465129,0.11664,831.0,0.0,5865.0,1.11,1.04,1,1,Transit,4.94
Kepler-655 b,Kepler-655,2016,2.71,46.4063358,0.25697,588.0,0.0,6170.0,1.24,1.15,1,1,Transit,7.8
Kepler-656 c,Kepler-656,2023,1.41,5.25449393,0.0602,975.0,0.0,5550.0,0.954,1.05,1,2,Transit,2.57
Kepler-657 b,Kepler-657,2016,3.52,24.54350418,0.17337,616.0,0.0,5808.0,1.01,1.01,1,1,Transit,12.2
Kepler-659 b,Kepler-659,2016,2.5,17.671796,0.1204,513.0,0.0,4870.0,0.74,0.79,1,1,Transit,6.8
Kepler-66 b,Kepler-66,2013,2.8,17.815815,0.1352,699.0,0.0,5962.0,0.966,1.038,1,1,Transit,8.25
Kepler-660 b,Kepler-660,2016,2.57,9.27358194,0.0759,649.0,0.0,4779.0,0.71,0.75,1,1,Transit,7.13
Kepler-662 b,Kepler-662,2016,2.18,21.67697486,0.1408,530.0,0.0,4897.0,0.74,0.79,1,1,Transit,5.39
Kepler-665 b,Kepler-665,2016,2.6,16.01310205,0.1148,593.0,0.0,4913.0,0.74,0.79,1,1,Transit,7.27
Kepler-668 b,Kepler-668,2016,2.7,8.35390639,0.0768,790.0,0.0,5352.0,0.82,0.87,1,1,Transit,7.75
Kepler-669 b,Kepler-669,2016,4.83,4.125546869,0.0529,1243.0,0.0,6038.0,1.2,1.15,1,1,Transit,20.8
Kepler-67 b,Kepler-67,2013,2.94,15.7259,0.1171,602.0,0.0,5331.0,0.778,0.865,1,1,Transit,8.96
Kepler-671 b,Kepler-671,2016,2.69,4.280958588,0.0503,1012.0,0.0,5624.0,0.95,0.97,1,1,Transit,7.7
Kepler-672 b,Kepler-672,2016,2.5,38.3774623,0.2163,529.0,0.0,5627.0,0.92,0.95,1,1,Transit,6.8
Kepler-673 b,Kepler-673,2016,6.54,3.728731093,0.0455,1023.0,0.0,5355.0,0.84,0.88,1,1,Transit,34.8
Kepler-674 b,Kepler-674,2016,1.69,2.243381847,0.028,822.0,0.0,4192.0,0.57,0.6,1,1,Transit,3.5
Kepler-675 b,Kepler-675,2016,2.44,2.33743801,0.0325,1070.0,0.0,4945.0,0.75,0.79,1,1,Transit,6.53
Kepler-677 b,Kepler-677,2016,5.38,6.57531678,0.067,1015.0,0.0,5723.0,0.99,1.0,1,1,Transit,25.0
Kepler-68 e,Kepler-68,2023,11.2,3455.0,4.6,147.35,0.33,5847.0,1.2564,1.057,2,4,Radial Velocity,86.4493267
Kepler-681 b,Kepler-681,2016,3.08,26.39435646,0.1635,489.0,0.0,5021.0,0.76,0.8,1,1,Transit,9.69
Kepler-682 b,Kepler-682,2016,7.37,12.611906672,0.1058,753.0,0.0,5559.0,0.89,0.92,1,1,Transit,42.6
Kepler-683 b,Kepler-683,2016,1.97,2.539183179,0.0355,1332.0,0.0,5703.0,0.95,0.96,1,1,Transit,4.54
Kepler-684 b,Kepler-684,2016,3.36,6.770302008,0.064,812.0,0.0,5493.0,0.86,0.89,1,1,Transit,11.2
Kepler-685 b,Kepler-685,2016,10.58,1.6255222,0.0265,1579.0,0.0,5963.0,1.16,1.11,1,1,Transit,78.8
Kepler-687 b,Kepler-687,2016,3.52,20.50586978,0.1326,518.0,0.0,4841.0,0.73,0.77,1,1,Transit,12.2
Kepler-688 b,Kepler-688,2016,9.76,3.895936844,0.046,1005.0,0.0,5715.0,0.96,0.98,1,1,Transit,68.7
Kepler-689 b,Kepler-689,2016,2.89,22.36656079,0.1449,536.0,0.0,5518.0,0.88,0.91,1,1,Transit,8.7
Kepler-69 b,Kepler-69,2013,2.24,13.722341,0.094,779.0,0.16,5638.0,0.93,0.81,1,2,Transit,5.65
Kepler-69 c,Kepler-69,2013,1.71,242.4613,0.64,299.0,0.14,5638.0,0.93,0.81,1,2,Transit,3.57
Kepler-690 b,Kepler-690,2016,5.95,7.748094374,0.081,964.0,0.0,5913.0,1.16,1.11,1,1,Transit,29.6
Kepler-691 b,Kepler-691,2016,2.09,8.114379,0.0649,460.0,0.0,3715.0,0.5,0.53,1,1,Transit,5.02
Kepler-692 b,Kepler-692,2016,3.11,21.81293494,0.1495,639.0,0.0,5440.0,0.86,0.9,1,1,Transit,9.85
Kepler-693 b,Kepler-693,2016,10.18,15.37563332,0.1121,600.0,0.0,4881.0,0.72,0.76,2,1,Transit,73.8
Kepler-694 b,Kepler-694,2016,2.8,6.365841612,0.0659,914.0,0.0,5700.0,0.95,0.97,1,1,Transit,8.25
Kepler-695 b,Kepler-695,2016,9.21,3.040330424,0.0374,1021.0,0.0,5181.0,0.8,0.84,1,1,Transit,62.3
Kepler-696 b,Kepler-696,2016,6.14,4.190425575,0.0535,1234.0,0.0,5903.0,1.08,1.06,1,1,Transit,31.3
Kepler-697 b,Kepler-697,2016,4.13,3.709870645,0.0471,1151.0,0.0,5513.0,0.88,0.92,1,1,Transit,16.0
Kepler-7 b,Kepler-7,2009,18.180998,4.8854892,0.06067,1630.0,0.0,5933.0,1.966,1.359,1,1,Transit,140.16303
Kepler-700 b,Kepler-700,2016,5.99,80.8720639,0.3577,452.0,0.0,5692.0,0.96,0.98,1,1,Transit,30.0
Kepler-701 b,Kepler-701,2016,2.84,10.35533177,0.0895,777.0,0.0,5343.0,0.84,0.88,1,1,Transit,8.45
Kepler-703 b,Kepler-703,2016,8.2,4.583521756,0.0535,1038.0,0.0,6185.0,1.27,1.18,1,1,Transit,51.1
Kepler-704 b,Kepler-704,2016,2.61,3.76182115,0.047,1121.0,0.0,5616.0,0.96,0.97,1,1,Transit,7.32
Kepler-705 b,Kepler-705,2016,2.11,56.0560538,0.232,265.0,0.0,3722.0,0.51,0.53,1,1,Transit,5.1
Kepler-708 b,Kepler-708,2016,2.93,3.167891938,0.0426,1221.0,0.0,5692.0,0.96,0.97,1,1,Transit,8.91
Kepler-709 b,Kepler-709,2016,2.92,16.08524954,0.1173,613.0,0.0,5071.0,0.77,0.8,1,1,Transit,8.85
Kepler-710 b,Kepler-710,2016,1.88,4.347285527,0.0524,1174.0,0.0,5611.0,0.91,0.94,1,1,Transit,4.19
Kepler-711 b,Kepler-711,2016,3.41,23.58914398,0.1429,487.0,0.0,5222.0,0.8,0.84,1,1,Transit,11.5
Kepler-712 b,Kepler-712,2016,3.41,21.02247699,0.13615,521.0,0.0,5148.0,0.78,0.84,1,2,Transit,11.5
Kepler-712 c,Kepler-712,2016,4.85,226.89047,0.66479,236.0,0.0,5148.0,0.78,0.84,1,2,Transit,21.0
Kepler-713 b,Kepler-713,2016,2.48,7.411141,0.0748,905.0,0.0,5785.0,0.99,0.98,1,1,Transit,6.71
Kepler-715 b,Kepler-715,2016,3.75,10.00652995,0.0933,876.0,0.0,5871.0,1.04,1.04,1,1,Transit,13.5
Kepler-716 b,Kepler-716,2016,2.9,10.37168453,0.08628,720.0,0.0,5099.0,0.78,0.83,1,2,Transit,8.75
Kepler-716 c,Kepler-716,2020,1.39281536,3.96999,0.04548,992.0,0.0,5012.0,0.742183,0.83,1,2,Transit,2.52
Kepler-717 b,Kepler-717,2016,2.42,4.40840023,0.052,1139.0,0.0,5485.0,0.85,0.88,1,1,Transit,6.44
Kepler-719 b,Kepler-719,2016,8.52,5.007317779,0.0556,998.0,0.0,5777.0,0.98,0.99,1,1,Transit,54.5
Kepler-720 b,Kepler-720,2016,8.41,4.708326542,0.0539,1162.0,0.0,5618.0,0.92,0.95,1,1,Transit,53.4
Kepler-722 c,Kepler-722,2016,2.82,105.144749,0.4471,401.0,0.0,5863.0,1.05,1.03,1,2,Transit,8.35
Kepler-724 b,Kepler-724,2016,3.29,3.314946338,0.0433,1155.0,0.0,5437.0,0.86,0.9,1,1,Transit,10.8
Kepler-725 b,Kepler-725,2016,10.8,39.64372,0.2238,514.0,0.231,5395.0,0.88,0.95,1,2,Transit,521.76244
Kepler-725 c,Kepler-725,2025,3.08,207.541,0.6744,268.0,0.436,5395.0,0.88,0.95,1,2,Transit Timing Variations,9.7
Kepler-726 b,Kepler-726,2016,3.26,21.80451088,0.1406,543.0,0.0,5452.0,0.85,0.88,1,1,Transit,10.7
Kepler-728 b,Kepler-728,2016,3.34,5.743477265,0.0625,982.0,0.0,5660.0,0.93,0.95,1,1,Transit,11.1
Kepler-729 b,Kepler-729,2016,3.58,3.166353714,0.0432,1273.0,0.0,5633.0,0.91,0.94,1,1,Transit,12.5
Kepler-730 c,Kepler-730,2018,1.56926,2.85188338,0.03997,1607.0,0.0,5620.0,1.411,1.047,1,2,Transit,3.09
Kepler-732 b,Kepler-732,2016,2.18,9.467814048,0.0691,407.0,0.0,3631.0,0.46,0.49,1,2,Transit,5.39
Kepler-732 c,Kepler-732,2016,1.27,0.893041236,0.0143,893.0,0.0,3631.0,0.46,0.49,1,2,Transit,2.15
Kepler-733 b,Kepler-733,2016,2.82,20.83424726,0.1483,595.0,0.0,5418.0,0.86,0.9,1,1,Transit,8.35
Kepler-734 b,Kepler-734,2016,3.56,6.104852856,0.0583,784.0,0.0,5326.0,0.78,0.85,1,1,Transit,12.4
Kepler-736 b,Kepler-736,2016,2.93,3.60147201,0.0428,996.0,0.0,5217.0,0.81,0.86,1,1,Transit,8.91
Kepler-739 b,Kepler-739,2016,3.32,12.53248465,0.1054,775.0,0.0,5601.0,0.9,0.93,1,1,Transit,11.0
Kepler-74 b,Kepler-74,2013,10.76,7.340711,0.0781,1078.0,0.0,6000.0,1.12,1.18,1,1,Transit,200.22
Kepler-740 b,Kepler-740,2016,4.57,3.584101216,0.0462,1131.0,0.0,5438.0,0.87,0.91,1,1,Transit,18.9
Kepler-741 b,Kepler-741,2016,2.97,7.03902374,0.0744,1051.0,0.0,6129.0,1.24,1.16,1,1,Transit,9.11
Kepler-742 b,Kepler-742,2016,3.24,8.360868238,0.0744,690.0,0.0,4642.0,0.71,0.76,1,1,Transit,10.6
Kepler-743 b,Kepler-743,2016,1.21,3.179262921,0.04166,1101.0,0.0,5486.0,0.85,0.94,2,1,Transit,1.92
Kepler-744 b,Kepler-744,2016,1.62,12.06222443,0.09735,750.0,0.0,5594.0,0.93,0.94,1,1,Transit,3.26
Kepler-745 b,Kepler-745,2016,2.16,9.93143556,0.0915,931.0,0.0,5849.0,1.04,1.04,1,1,Transit,5.31
Kepler-746 b,Kepler-746,2016,1.11,3.48159251,0.0435,1156.0,0.0,5418.0,0.93,0.91,1,1,Transit,1.41
Kepler-747 b,Kepler-747,2016,5.27,35.61760587,0.1916,456.0,0.0,5096.0,0.78,0.82,1,1,Transit,24.1
Kepler-748 b,Kepler-748,2016,2.52,7.40742793,0.0745,938.0,0.0,5934.0,1.1,1.07,1,1,Transit,6.9
Kepler-750 b,Kepler-750,2016,3.07,9.42887179,0.08742,1163.0,0.0,6160.0,1.23,1.15,1,2,Transit,9.64
Kepler-751 b,Kepler-751,2016,2.46,17.44490636,0.1263,679.0,0.0,5387.0,0.84,0.87,1,1,Transit,6.62
Kepler-752 b,Kepler-752,2016,2.81,18.82747265,0.1353,632.0,0.0,5373.0,0.83,0.87,1,1,Transit,8.3
Kepler-753 b,Kepler-753,2016,1.91,5.747725012,0.054,641.0,0.0,4346.0,0.65,0.68,1,1,Transit,4.31
Kepler-754 b,Kepler-754,2016,2.01,14.5596237,0.116,758.0,0.0,5935.0,1.08,1.06,1,1,Transit,4.7
Kepler-755 c,Kepler-755,2016,1.26,2.853133644,0.037,1016.0,0.0,5043.0,0.77,0.82,2,2,Transit,2.13
Kepler-756 b,Kepler-756,2016,1.12,1.224866322,0.0219,1741.0,0.0,5282.0,0.79,0.82,1,1,Transit,1.46
Kepler-757 b,Kepler-757,2016,1.36,1.022678821,0.019,1734.0,0.0,6014.0,1.13,1.08,1,1,Transit,2.42
Kepler-758 b,Kepler-758,2016,2.48,12.1097104,0.10754,1005.0,0.0,6228.0,1.42,1.16,1,4,Transit,6.71
Kepler-758 d,Kepler-758,2016,2.12,20.4966197,0.1527,843.0,0.0,6228.0,1.42,1.16,1,4,Transit,5.14
Kepler-758 e,Kepler-758,2016,1.53,8.1934719,0.0829,1144.0,0.0,6228.0,1.42,1.16,1,4,Transit,2.96
Kepler-759 b,Kepler-759,2016,2.27,41.805985,0.2329,533.0,0.0,5860.0,1.04,1.04,1,1,Transit,5.77
Kepler-76 b,Kepler-76,2013,15.24424,1.5449298,0.0274,2140.0,0.0,6409.0,1.32,1.2,1,1,Orbital Brightness Modulation,638.8383
Kepler-760 b,Kepler-760,2016,3.06,8.70419416,0.08087,748.0,0.0,5322.0,0.85,0.89,1,2,Transit,9.59
Kepler-760 c,Kepler-760,2016,1.48,2.46697439,0.03489,1139.0,0.0,5322.0,0.85,0.89,1,2,Transit,2.79
Kepler-761 b,Kepler-761,2016,2.03,10.12804789,0.0874,767.0,0.0,5706.0,0.93,0.95,1,1,Transit,4.78
Kepler-763 b,Kepler-763,2016,1.22,1.19655156,0.0205,1414.0,0.0,5166.0,0.8,0.84,1,3,Transit,1.98
Kepler-763 c,Kepler-763,2023,1.42,4.09667624,0.0466,938.0,0.0,4999.0,0.843,0.8,1,3,Transit,2.6
Kepler-763 d,Kepler-763,2023,1.67,6.50327035,0.0634,804.0,0.0,4999.0,0.843,0.8,1,3,Transit,3.43
Kepler-764 b,Kepler-764,2016,1.64,7.33683936,0.0724,875.0,0.0,5557.0,0.89,0.92,1,1,Transit,3.33
Kepler-765 b,Kepler-765,2016,2.43,27.6655226,0.1754,641.0,0.0,5901.0,1.06,1.05,1,1,Transit,6.48
Kepler-767 b,Kepler-767,2016,6.64,161.5280101,0.5874,366.0,0.0,5694.0,0.94,0.96,1,1,Transit,35.7
Kepler-768 b,Kepler-768,2016,1.79,11.3910025,0.092,618.0,0.0,5108.0,0.78,0.82,1,1,Transit,3.86
Kepler-769 b,Kepler-769,2016,2.92,7.42608998,0.0778,1037.0,0.0,6186.0,1.28,1.19,1,2,Transit,8.85
Kepler-769 c,Kepler-769,2016,1.79,15.9870174,0.1297,803.0,0.0,6186.0,1.28,1.19,1,2,Transit,3.86
Kepler-77 b,Kepler-77,2013,10.761,3.57878087,0.04501,1440.0,0.0,5520.0,0.99,0.95,1,1,Transit,136.661
Kepler-770 b,Kepler-770,2016,2.3,18.92540274,0.1694,1171.0,0.0,5598.0,0.92,0.94,1,3,Transit,5.9
Kepler-770 c,Kepler-770,2016,1.2,1.475322314,0.0309,2740.0,0.0,5598.0,0.92,0.94,1,3,Transit,1.87
Kepler-771 b,Kepler-771,2016,1.82,8.73485836,0.0843,890.0,0.0,5906.0,1.05,1.03,1,1,Transit,3.97
Kepler-773 b,Kepler-773,2016,1.43,3.749100061,0.04682,1160.0,0.0,5850.0,1.01,1.04,1,1,Transit,2.63
Kepler-774 b,Kepler-774,2016,3.17,11.0895723,0.1082,1422.0,0.0,6403.0,2.42,1.57,1,1,Transit,10.2
Kepler-775 b,Kepler-775,2016,1.19,0.974868926,0.01834,1612.0,0.0,5468.0,0.84,0.92,1,1,Transit,1.81
Kepler-777 b,Kepler-777,2016,1.47,5.72812599,0.0519,569.0,0.0,4043.0,0.56,0.58,1,1,Transit,2.76
Kepler-778 b,Kepler-778,2016,1.68,3.75574426,0.0453,977.0,0.0,5102.0,0.77,0.81,1,1,Transit,3.46
Kepler-779 b,Kepler-779,2016,0.92,7.09714223,0.0533,425.0,0.0,3804.0,0.44,0.46,2,1,Transit,0.721
Kepler-78 b,Kepler-78,2013,1.201,0.35500745,0.00901,2223.0,0.0,5058.0,0.7475,0.779,2,1,Transit,1.68
Kepler-781 b,Kepler-781,2016,2.89,13.2140732,0.1019,629.0,0.0,5162.0,0.78,0.81,1,1,Transit,8.7
Kepler-782 b,Kepler-782,2016,3.21,158.6853308,0.54494,350.0,0.0,5867.0,1.01,0.98,1,1,Transit,10.4
Kepler-783 c,Kepler-783,2020,2.33153725,7.05395,0.06903,840.0,0.0,5411.49,0.872088,0.94,1,2,Transit,6.04
Kepler-784 c,Kepler-784,2023,1.55,17.157236,0.1309,844.0,0.0,5676.0,1.487,1.016,1,2,Transit,3.02
Kepler-787 b,Kepler-787,2016,1.28,0.928310498,0.0159,1115.0,0.0,4248.0,0.62,0.65,1,1,Transit,2.18
Kepler-789 b,Kepler-789,2016,2.12,8.63847725,0.0951,1419.0,0.0,5870.0,1.02,1.01,1,1,Transit,5.14
Kepler-79 b,Kepler-79,2012,3.51,13.48451,0.11929,929.0,0.022,6389.0,1.316,1.244,1,4,Transit,7.6
Kepler-79 c,Kepler-79,2012,3.76,27.4026,0.19144,734.0,0.038,6389.0,1.316,1.244,1,4,Transit,4.6
Kepler-79 e,Kepler-79,2014,3.53,81.0665,0.39445,511.0,0.025,6389.0,1.316,1.244,1,4,Transit,3.8
Kepler-790 b,Kepler-790,2016,2.18,13.73469807,0.101,634.0,0.0,5208.0,0.8,0.84,1,1,Transit,5.39
Kepler-792 b,Kepler-792,2016,1.96,11.30119217,0.0988,852.0,0.0,5971.0,1.12,1.09,1,1,Transit,4.5
Kepler-793 b,Kepler-793,2016,1.37,4.24153639,0.0491,1177.0,0.0,5745.0,0.97,0.98,1,1,Transit,2.45
Kepler-795 b,Kepler-795,2016,1.68,29.6193421,0.1803,580.0,0.0,5631.0,0.96,0.94,2,1,Transit,3.46
Kepler-796 b,Kepler-796,2016,1.3,6.40087618,0.07317,1109.0,0.0,5475.0,1.09,0.93,1,1,Transit,2.24
Kepler-798 b,Kepler-798,2016,2.39,13.71933369,0.1174,864.0,0.0,6224.0,1.29,1.19,1,1,Transit,6.3
Kepler-799 b,Kepler-799,2016,6.88,133.4605235,0.5167,433.0,0.0,5681.0,0.93,0.95,1,2,Transit,37.9
Kepler-799 c,Kepler-799,2021,2.78068551,15.19419956,0.1214,893.0,0.0,5588.0,1.593,1.031,1,2,Transit,8.15
Kepler-8 b,Kepler-8,2010,15.871944,3.5224991,0.0474,1680.0,0.0,6213.0,1.486,1.213,1,1,Transit,187.5197
Kepler-80 b,Kepler-80,2012,2.67,7.05246,0.0648,547.0,0.0049,4540.0,0.678,0.73,1,6,Transit,6.93
Kepler-80 c,Kepler-80,2012,2.74,9.52355,0.0792,495.0,0.0079,4540.0,0.678,0.73,1,6,Transit,6.74
Kepler-80 d,Kepler-80,2014,1.53,3.07222,0.0372,722.0,0.0041,4540.0,0.678,0.73,1,6,Transit,6.75
Kepler-80 e,Kepler-80,2014,1.6,4.64489,0.0491,629.0,0.0035,4540.0,0.678,0.73,1,6,Transit,4.13
Kepler-80 g,Kepler-80,2017,1.13,14.64558,0.099815,418.0,0.1303,4540.0,0.678,0.83,1,6,Transit,0.065
Kepler-800 b,Kepler-800,2016,2.85,14.13176026,0.1106,675.0,0.0,5315.0,0.82,0.85,1,1,Transit,8.5
Kepler-801 b,Kepler-801,2016,2.0,11.41928253,0.0795,419.0,0.0,4435.0,0.63,0.67,1,1,Transit,4.66
Kepler-804 b,Kepler-804,2016,1.94,14.37457351,0.11287,779.0,0.0,5817.0,1.05,1.01,1,2,Transit,4.42
Kepler-804 c,Kepler-804,2016,1.14,9.65185017,0.08654,890.0,0.0,5817.0,1.05,1.01,1,2,Transit,1.55
Kepler-805 b,Kepler-805,2016,2.89,30.8638931,0.19852,743.0,0.0,6112.0,1.65,1.19,1,1,Transit,8.7
Kepler-808 b,Kepler-808,2016,1.46,0.631332353,0.01314,1322.0,0.0,4653.0,0.71,0.76,1,1,Transit,2.73
Kepler-809 b,Kepler-809,2016,3.01,55.63934,0.2901,478.0,0.0,5734.0,0.98,0.99,1,1,Transit,9.32
Kepler-81 b,Kepler-81,2012,2.42,5.955,0.0522,635.0,0.0,4385.0,0.59,0.64,1,3,Transit,17.2
Kepler-81 c,Kepler-81,2012,2.37,12.04,0.08347,502.0,0.0,4385.0,0.59,0.64,1,3,Transit,4.3
Kepler-81 d,Kepler-81,2014,1.21,20.837846,0.128,418.0,0.0,4500.0,0.595,0.648,1,3,Transit,1.92
Kepler-811 b,Kepler-811,2016,2.7,23.58447697,0.15911,730.0,0.0,5747.0,1.24,1.01,1,1,Transit,7.75
Kepler-813 b,Kepler-813,2016,2.14,19.12947337,0.1439,817.0,0.0,5743.0,0.93,0.95,1,1,Transit,5.22
Kepler-814 b,Kepler-814,2016,2.12,6.1469851,0.0695,1164.0,0.0,6162.0,1.22,1.15,1,1,Transit,5.14
Kepler-815 b,Kepler-815,2016,4.11,8.57503552,0.09473,1374.0,0.0,5028.0,3.42,1.25,1,1,Transit,15.8
Kepler-816 b,Kepler-816,2016,10.24,10.506825646,0.0895,668.0,0.0,5286.0,0.85,0.9,1,1,Transit,74.5
Kepler-817 b,Kepler-817,2016,9.03,3.990106229,0.0493,1124.0,0.0,5861.0,1.03,1.03,1,1,Transit,60.2
Kepler-819 b,Kepler-819,2016,2.76,33.1995648,0.1894,485.0,0.0,5279.0,0.81,0.86,1,1,Transit,8.05
Kepler-82 b,Kepler-82,2012,4.07,26.44,0.1683,562.0,0.0033,5401.0,0.898,0.91,1,5,Transit,12.15
Kepler-82 c,Kepler-82,2012,5.34,51.54,0.2626,450.0,0.007,5401.0,0.898,0.91,1,5,Transit,13.9
Kepler-82 d,Kepler-82,2014,1.77,2.382961,0.034,1253.0,0.0,5428.0,0.945,0.946,1,5,Transit,885.098
Kepler-82 e,Kepler-82,2014,2.47,5.902206,0.063,926.0,0.0,5428.0,0.945,0.946,1,5,Transit,254.02
Kepler-82 f,Kepler-82,2019,4.84,75.732,0.3395,423.57,0.0014,5401.0,0.898,0.91,1,5,Transit Timing Variations,20.9
Kepler-820 b,Kepler-820,2016,6.09,127.8338098,0.56004,554.0,0.0,6260.0,1.36,1.23,1,1,Transit,30.8
Kepler-821 b,Kepler-821,2016,1.31,1.92279873,0.029,1215.0,0.0,5191.0,0.8,0.84,1,1,Transit,2.27
Kepler-823 b,Kepler-823,2016,1.57,4.16809082,0.0507,1277.0,0.0,5643.0,0.96,0.98,1,1,Transit,3.09
Kepler-824 b,Kepler-824,2016,1.87,4.51436633,0.055,1231.0,0.0,6035.0,1.22,1.15,1,1,Transit,4.16
Kepler-825 c,Kepler-825,2016,1.84,8.1818246,0.0759,981.0,0.0,5976.0,1.08,1.03,1,2,Transit,4.04
Kepler-826 b,Kepler-826,2016,1.25,4.48758907,0.05202,1305.0,0.0,6079.0,1.15,1.05,1,1,Transit,2.1
Kepler-828 b,Kepler-828,2016,1.51,0.567857136,0.01228,1848.0,0.0,5039.0,0.77,0.81,1,1,Transit,2.89
Kepler-829 b,Kepler-829,2016,2.11,6.88337562,0.0678,857.0,0.0,5698.0,0.97,0.98,1,1,Transit,5.1
Kepler-83 b,Kepler-83,2012,2.83,9.77,0.07295,460.0,0.0,4082.0,0.61,0.66,2,3,Transit,2.94
Kepler-83 c,Kepler-83,2012,2.36,20.09,0.11796,362.0,0.0,4082.0,0.61,0.66,2,3,Transit,2.03
Kepler-83 d,Kepler-83,2014,1.94,5.169796,0.051,569.0,0.0,4648.0,0.594,0.58,2,3,Transit,4.1
Kepler-830 b,Kepler-830,2016,1.7,11.29695137,0.1033,907.0,0.0,6037.0,1.11,1.07,1,1,Transit,3.53
Kepler-833 b,Kepler-833,2016,2.02,18.7546998,0.1139,382.0,0.0,4339.0,0.62,0.64,1,1,Transit,4.74
Kepler-835 b,Kepler-835,2016,2.79,11.41909375,0.107,921.0,0.0,5954.0,1.11,1.08,1,1,Transit,8.2
Kepler-836 b,Kepler-836,2016,2.73,11.36112327,0.1013,869.0,0.0,5895.0,1.04,1.03,1,1,Transit,7.9
Kepler-837 b,Kepler-837,2016,2.56,16.56059504,0.1144,701.0,0.0,5403.0,0.81,0.85,1,1,Transit,7.08
Kepler-839 b,Kepler-839,2016,2.57,37.8144514,0.2316,626.0,0.0,6058.0,1.31,1.22,1,1,Transit,7.13
Kepler-84 b,Kepler-84,2012,2.23,8.726,0.0827,985.0,0.0,6039.0,1.43,1.0,1,5,Transit,40.0
Kepler-84 c,Kepler-84,2012,2.36,12.883,0.1072,865.0,0.0,6039.0,1.43,1.0,1,5,Transit,20.2
Kepler-84 d,Kepler-84,2014,1.38,4.224537,0.052,1254.0,0.0,6031.0,1.169,1.06,1,5,Transit,2.48
Kepler-84 e,Kepler-84,2014,2.6,27.434389,0.181,672.0,0.0,6031.0,1.169,1.06,1,5,Transit,7.27
Kepler-84 f,Kepler-84,2014,2.2,44.552169,0.25,572.0,0.0,6031.0,1.169,1.06,1,5,Transit,5.48
Kepler-841 b,Kepler-841,2016,5.23,124.4198398,0.479,416.0,0.0,5324.0,0.81,0.85,1,1,Transit,23.8
Kepler-842 b,Kepler-842,2016,1.6,1.21956827,0.0204,1252.0,0.0,4848.0,0.73,0.78,1,1,Transit,3.19
Kepler-843 b,Kepler-843,2016,2.59,2.053879821,0.0313,1523.0,0.0,5830.0,1.03,1.02,1,1,Transit,7.22
Kepler-844 b,Kepler-844,2016,1.68,2.613020856,0.0298,713.0,0.0,4128.0,0.57,0.59,1,1,Transit,3.46
Kepler-845 b,Kepler-845,2016,2.04,0.927859821,0.01668,1361.0,0.0,4913.0,0.75,0.79,1,1,Transit,4.82
Kepler-846 b,Kepler-846,2016,2.48,19.80792185,0.1399,624.0,0.0,5579.0,0.91,0.94,1,1,Transit,6.71
Kepler-848 b,Kepler-848,2016,1.7,6.91134416,0.07586,1086.0,0.0,5695.0,1.2,1.01,1,1,Transit,3.53
Kepler-849 b,Kepler-849,2016,8.08167508,394.62508,1.137,362.7,0.078,5950.0,1.822,1.259,1,1,Transit,298.75870258
Kepler-85 b,Kepler-85,2012,1.778,8.3,0.07885,809.0,0.02,5505.2,0.875,0.928,1,4,Transit,1.84
Kepler-85 c,Kepler-85,2012,1.978,12.51,0.10363,706.0,0.027,5505.2,0.875,0.928,1,4,Transit,2.15
Kepler-85 d,Kepler-85,2014,1.2,17.91323,0.13,626.0,0.0,5436.0,0.893,0.947,1,4,Transit,8.69679
Kepler-85 e,Kepler-85,2014,1.27,25.216751,0.163,559.0,0.0,5436.0,0.893,0.947,1,4,Transit,0.6
Kepler-851 b,Kepler-851,2016,1.68,8.50699658,0.0802,900.0,0.0,5455.0,0.85,0.89,1,1,Transit,3.46
Kepler-853 b,Kepler-853,2016,1.69,7.16892463,0.079,1187.0,0.0,6350.0,1.55,1.3,1,1,Transit,3.5
Kepler-855 b,Kepler-855,2016,8.35,7.886631104,0.0762,996.0,0.0,5835.0,1.03,1.03,1,1,Transit,52.7
Kepler-856 b,Kepler-856,2016,9.3,8.027680595,0.0787,824.0,0.0,5535.0,0.93,0.96,1,1,Transit,63.3
Kepler-857 b,Kepler-857,2016,6.8,85.35129427,0.3751,390.0,0.0,5773.0,0.99,0.99,1,1,Transit,37.2
Kepler-859 b,Kepler-859,2016,3.09,20.38177573,0.13157,528.0,0.0,5020.0,0.77,0.81,1,1,Transit,9.75
Kepler-861 b,Kepler-861,2016,2.28,3.949631375,0.0463,966.0,0.0,5047.0,0.78,0.82,1,1,Transit,5.82
Kepler-862 b,Kepler-862,2016,2.21,3.148664534,0.039,1097.0,0.0,5333.0,0.84,0.88,1,1,Transit,5.52
Kepler-863 b,Kepler-863,2016,2.9,15.59461874,0.122,718.0,0.0,5678.0,0.95,0.96,1,1,Transit,8.75
Kepler-864 b,Kepler-864,2016,2.4,5.83376092,0.0687,1143.0,0.0,5754.0,1.0,1.0,1,2,Transit,6.35
Kepler-864 c,Kepler-864,2023,1.62,2.42150341,0.0382,1532.0,0.0,6213.0,1.195,1.27,1,2,Transit,3.26
Kepler-865 b,Kepler-865,2016,2.49,14.16399294,0.1057,694.0,0.0,5570.0,0.92,0.93,1,2,Transit,6.76
Kepler-865 c,Kepler-865,2023,0.89,6.20920207,0.061,914.0,0.0,5440.0,0.885,0.782,1,2,Transit,0.64
Kepler-866 b,Kepler-866,2016,1.63,2.617032536,0.0331,996.0,0.0,4751.0,0.71,0.75,1,1,Transit,3.29
Kepler-867 b,Kepler-867,2016,4.64,150.242127,0.5375,327.0,0.0,5541.0,0.91,0.92,1,1,Transit,19.4
Kepler-868 b,Kepler-868,2016,2.05,5.03251791,0.0575,1047.0,0.0,5614.0,0.89,0.93,1,1,Transit,4.86
Kepler-869 b,Kepler-869,2016,3.61,40.4287755,0.2244,494.0,0.0,5664.0,0.95,0.97,1,1,Transit,12.7
Kepler-87 c,Kepler-87,2013,6.14,191.2318,0.676,403.0,0.039,5600.0,1.82,1.1,1,2,Transit,6.4
Kepler-870 b,Kepler-870,2016,2.78,21.3587621,0.1539,691.0,0.0,5857.0,1.02,1.01,1,1,Transit,8.15
Kepler-871 b,Kepler-871,2016,3.74,22.0459018,0.1572,640.0,0.0,5993.0,1.14,1.11,1,1,Transit,13.5
Kepler-872 b,Kepler-872,2016,1.99,2.578855068,0.0362,1230.0,0.0,5902.0,1.08,1.05,1,1,Transit,4.62
Kepler-873 b,Kepler-873,2016,3.75,20.5533844,0.1542,749.0,0.0,6163.0,1.27,1.18,1,1,Transit,13.5
Kepler-875 b,Kepler-875,2016,2.9,27.5073799,0.1771,569.0,0.0,5958.0,1.11,1.06,1,1,Transit,8.75
Kepler-877 b,Kepler-877,2016,2.12,18.45847097,0.1301,632.0,0.0,5261.0,0.81,0.85,1,1,Transit,5.14
Kepler-878 b,Kepler-878,2016,1.93,25.9422033,0.165,501.0,0.0,5044.0,0.77,0.81,1,1,Transit,4.38
Kepler-879 c,Kepler-879,2024,0.4,0.646716,0.099815,751.0,0.0,5456.75,1.022,0.974,1,2,Transit,0.0364
Kepler-88 d,KOI-142,2020,13.1,1403.0,2.466329866,158.95,0.41,5466.0,0.897,0.99,1,3,Radial Velocity,965.14699656
Kepler-880 b,Kepler-880,2016,2.66,7.71468975,0.0915,1622.0,0.0,6761.0,1.74,1.46,1,2,Transit,7.56
Kepler-880 c,Kepler-880,2023,2.87,11.8061737,0.1216,1407.0,0.0,6900.0,2.599,1.714,1,2,Transit,8.6
Kepler-881 b,Kepler-881,2016,1.78,4.44448017,0.0552,1217.0,0.0,5961.0,1.09,1.06,1,1,Transit,3.82
Kepler-882 b,Kepler-882,2016,1.23,3.989539666,0.04741,903.0,0.0,5476.0,0.87,0.9,1,1,Transit,2.04
Kepler-884 b,Kepler-884,2016,1.23,5.69919514,0.06116,964.0,0.0,5715.0,0.94,1.0,1,1,Transit,2.04
Kepler-886 b,Kepler-886,2016,1.52,6.24146367,0.06428,1111.0,0.0,6098.0,1.16,1.1,1,1,Transit,2.92
Kepler-887 b,Kepler-887,2016,1.84,20.42228798,0.15431,785.0,0.0,6194.0,1.29,1.19,1,2,Transit,4.04
Kepler-887 c,Kepler-887,2016,1.13,7.63846023,0.0801,1089.0,0.0,6194.0,1.29,1.19,1,2,Transit,1.51
Kepler-888 b,Kepler-888,2016,1.76,70.6979061,0.31481,417.0,0.0,5875.0,0.9,0.97,1,1,Transit,3.75
Kepler-889 b,Kepler-889,2016,1.09,3.744439,0.04975,1328.0,0.0,5961.0,1.25,1.14,1,1,Transit,1.32
Kepler-890 b,Kepler-890,2016,8.89,52.75875577,0.2944,540.0,0.0,5954.0,1.13,1.09,1,1,Transit,58.6
Kepler-891 b,Kepler-891,2016,6.41,53.44945593,0.2881,486.0,0.0,5887.0,1.07,1.06,1,1,Transit,33.6
Kepler-892 b,Kepler-892,2016,2.81,13.7521072,0.1015,556.0,0.0,4747.0,0.72,0.75,1,1,Transit,8.3
Kepler-893 b,Kepler-893,2016,3.03,6.33855761,0.0699,1034.0,0.0,5820.0,0.99,1.0,1,1,Transit,9.43
Kepler-894 b,Kepler-894,2016,2.78,9.803224,0.0916,896.0,0.0,5603.0,0.85,0.87,1,1,Transit,8.15
Kepler-895 b,Kepler-895,2016,1.54,2.806242328,0.0328,771.0,0.0,4315.0,0.61,0.65,1,1,Transit,2.99
Kepler-897 b,Kepler-897,2016,2.39,8.0472642,0.077,855.0,0.0,5839.0,1.04,1.03,1,1,Transit,6.3
Kepler-898 b,Kepler-898,2016,1.49,5.8706191,0.0545,616.0,0.0,4223.0,0.62,0.65,1,1,Transit,2.83
Kepler-899 b,Kepler-899,2016,2.68,19.17891293,0.1392,640.0,0.0,5595.0,0.91,0.93,1,1,Transit,7.65
Kepler-9 b,Kepler-9,2010,8.29,19.23891,0.143,661.0,0.0609,5774.0,0.958,1.022,1,3,Transit,43.4
Kepler-9 c,Kepler-9,2010,8.08,38.9853,0.227,523.0,0.06691,5774.0,0.958,1.022,1,3,Transit,29.9
Kepler-90 i,KOI-351,2017,1.32,14.44912,0.1201380843,709.0,0.0,6015.0,1.29,1.12,1,8,Transit,2.3
Kepler-900 b,Kepler-900,2016,2.08,6.9913086,0.0679,716.0,0.0,4836.0,0.73,0.78,1,1,Transit,4.98
Kepler-902 b,Kepler-902,2016,2.54,40.1099547,0.223,556.0,0.0,5647.0,0.93,0.95,1,1,Transit,6.99
Kepler-903 b,Kepler-903,2016,2.01,10.3507721,0.09081,842.0,0.0,5682.0,0.97,0.98,1,2,Transit,4.7
Kepler-903 c,Kepler-903,2016,2.53,62.9228557,0.30249,462.0,0.0,5682.0,0.97,0.98,1,2,Transit,6.94
Kepler-904 b,Kepler-904,2016,1.77,3.021668632,0.0417,1332.0,0.0,6160.0,1.25,1.16,1,1,Transit,3.78
Kepler-905 b,Kepler-905,2016,1.41,5.082746517,0.05689,928.0,0.0,5461.0,0.86,0.95,1,1,Transit,2.57
Kepler-906 b,Kepler-906,2016,2.11,41.6979976,0.22363,537.0,0.0,6035.0,1.02,1.06,1,1,Transit,5.1
Kepler-907 b,Kepler-907,2016,1.2,15.86621821,0.1225,879.0,0.0,6106.0,1.38,1.08,1,1,Transit,1.87
Kepler-909 b,Kepler-909,2016,1.47,13.93290318,0.11873,852.0,0.0,6154.0,1.23,1.17,1,1,Transit,2.76
Kepler-91 b,Kepler-91,2013,15.322703,6.24658,0.0731,2040.0,0.0519,4550.0,6.3,1.31,1,1,Transit,257.4423
Kepler-910 b,Kepler-910,2016,0.82,2.364369015,0.03752,1752.0,0.0,6230.0,1.5,1.26,1,1,Transit,0.477
Kepler-911 b,Kepler-911,2016,2.6,20.310501,0.15594,931.0,0.0,6112.0,1.99,1.34,1,1,Transit,7.27
Kepler-912 b,Kepler-912,2016,2.8,2.534756273,0.0339,1218.0,0.0,5998.0,1.11,1.07,1,1,Transit,8.25
Kepler-913 c,Kepler-913,2021,3.8580709,5.939119816,0.0699,1357.0,0.0,6068.0,1.797,1.294,1,2,Transit,14.2
Kepler-914 b,Kepler-914,2016,1.38,4.40966548,0.05454,1192.0,0.0,5877.0,1.15,1.1,1,1,Transit,2.48
Kepler-915 b,Kepler-915,2016,1.5,4.59489604,0.05655,1319.0,0.0,6173.0,1.38,1.21,1,1,Transit,2.86
Kepler-916 b,Kepler-916,2016,1.76,32.2968798,0.1885,503.0,0.0,5248.0,0.81,0.85,1,1,Transit,3.75
Kepler-917 b,Kepler-917,2016,1.91,2.970414375,0.0378,991.0,0.0,5418.0,0.76,0.8,1,1,Transit,4.31
Kepler-92 b,Kepler-92,2013,3.51,13.749,0.12232,975.0,0.17,5883.0,1.7,1.21,1,3,Transit,64.3
Kepler-92 d,Kepler-92,2015,2.067,49.3568,0.28682,637.0,0.07,5904.34,1.81719,1.07,1,3,Transit,11.8666806
Kepler-920 b,Kepler-920,2016,2.42,6.53192704,0.065,907.0,0.0,5403.0,0.85,0.89,1,2,Transit,6.44
Kepler-920 c,Kepler-920,2016,3.8,100.8274113,0.4029,364.0,0.0,5403.0,0.85,0.89,1,2,Transit,13.8
Kepler-921 b,Kepler-921,2016,2.87,51.300634,0.2716,492.0,0.0,5663.0,0.91,0.93,1,1,Transit,8.6
Kepler-922 b,Kepler-922,2016,1.42,0.938466832,0.01795,1876.0,0.0,5671.0,0.93,0.95,1,1,Transit,2.6
Kepler-923 b,Kepler-923,2016,1.38,6.93366476,0.07592,1104.0,0.0,5988.0,1.26,1.11,1,1,Transit,2.48
Kepler-926 b,Kepler-926,2016,2.31,52.0688601,0.2739,524.0,0.0,5806.0,1.01,1.01,1,1,Transit,5.95
Kepler-927 b,Kepler-927,2016,1.72,9.1149903,0.0866,906.0,0.0,5743.0,0.99,0.99,1,1,Transit,3.61
Kepler-928 b,Kepler-928,2016,1.59,3.932461302,0.0444,894.0,0.0,4700.0,0.7,0.73,1,1,Transit,3.15
Kepler-93 b,Kepler-93,2014,1.478,4.72673978,0.05343,1133.0,0.0,5669.0,0.919,0.911,1,2,Transit,4.66
Kepler-930 b,Kepler-930,2016,2.13,71.4517775,0.34593,561.0,0.0,6335.0,1.4,1.25,1,1,Transit,5.18
Kepler-931 b,Kepler-931,2016,1.33,8.03755877,0.0719,744.0,0.0,5241.0,0.81,0.86,1,1,Transit,2.33
Kepler-932 b,Kepler-932,2016,1.37,1.921437396,0.02876,1276.0,0.0,5331.0,0.84,0.87,1,1,Transit,2.45
Kepler-934 b,Kepler-934,2016,2.09,55.6738309,0.2658,384.0,0.0,5001.0,0.77,0.81,1,1,Transit,5.02
Kepler-936 b,Kepler-936,2016,1.45,10.56134221,0.0954,867.0,0.0,5482.0,0.89,0.92,1,1,Transit,2.7
Kepler-937 b,Kepler-937,2016,3.72,67.668827,0.3214,495.0,0.0,6095.0,1.22,1.15,1,2,Transit,13.4
Kepler-938 b,Kepler-938,2016,2.22,52.6298417,0.2689,544.0,0.0,5533.0,0.89,0.92,1,1,Transit,5.56
Kepler-939 b,Kepler-939,2016,1.75,14.878296,0.1153,692.0,0.0,5471.0,0.85,0.88,1,1,Transit,3.71
Kepler-94 b,Kepler-94,2014,3.51,2.50806,0.03377,997.0,0.0,4781.0,0.76,0.81,1,2,Transit,10.84
Kepler-94 c,Kepler-94,2014,12.5,820.3,1.596806621,159.05,0.345931,4781.0,0.76,0.81,1,2,Radial Velocity,3126.0
Kepler-940 b,Kepler-940,2016,3.34,59.6225257,0.3059,486.0,0.0,5769.0,0.96,0.97,1,1,Transit,11.1
Kepler-945 b,Kepler-945,2016,2.63,31.0033814,0.2037,616.0,0.0,5718.0,0.97,0.97,1,1,Transit,7.41
Kepler-946 b,Kepler-946,2016,1.93,11.79162572,0.1002,857.0,0.0,5665.0,0.93,0.94,1,1,Transit,4.38
Kepler-947 b,Kepler-947,2016,2.28,26.9644317,0.1773,573.0,0.0,5508.0,0.87,0.9,1,1,Transit,5.82
Kepler-948 b,Kepler-948,2016,1.85,7.76846622,0.0749,841.0,0.0,5679.0,0.94,0.96,1,1,Transit,4.08
Kepler-949 c,Kepler-949,2023,2.97,20.99757968,0.1394,582.0,0.0,5211.0,0.895,0.817,1,2,Transit,9.11
Kepler-95 b,Kepler-95,2014,3.42,11.5231,0.10232,927.0,0.0,5699.0,1.41,1.08,1,1,Transit,13.0
Kepler-950 b,Kepler-950,2016,8.98,98.7180406,0.3982,360.0,0.0,5857.0,1.02,1.02,1,1,Transit,59.6
Kepler-951 b,Kepler-951,2016,5.59,71.52530845,0.3091,340.0,0.0,4834.0,0.73,0.77,2,1,Transit,26.7
Kepler-952 b,Kepler-952,2016,7.65,130.3546919,0.5183,369.0,0.0,5730.0,0.99,1.0,1,1,Transit,45.4
Kepler-953 b,Kepler-953,2016,4.21,88.40655258,0.392,410.0,0.0,5416.0,0.99,0.95,1,2,Transit,16.5
Kepler-953 c,Kepler-953,2016,1.19,9.10967112,0.0862,873.0,0.0,5416.0,0.99,0.95,1,2,Transit,1.81
Kepler-954 b,Kepler-954,2016,2.32,16.78176602,0.1202,545.0,0.0,4990.0,0.76,0.82,1,1,Transit,5.99
Kepler-955 b,Kepler-955,2016,3.13,14.53244172,0.1083,664.0,0.0,5350.0,0.84,0.89,1,1,Transit,9.96
Kepler-956 b,Kepler-956,2016,3.0,5.248672631,0.06017,1056.0,0.0,6040.0,1.15,1.1,1,1,Transit,9.27
Kepler-957 b,Kepler-957,2016,5.5,5.907413537,0.0559,769.0,0.0,4963.0,0.75,0.81,1,1,Transit,25.9
Kepler-959 b,Kepler-959,2016,4.38,14.80074836,0.1633,1912.0,0.0,7005.0,2.01,1.6,1,1,Transit,17.6
Kepler-96 b,Kepler-96,2014,2.67,16.2385,0.1261,711.0,0.0,5690.0,1.02,1.0,1,1,Transit,8.46
Kepler-960 b,Kepler-960,2016,2.29,3.12686223,0.03807,1391.0,0.0,4755.0,0.72,0.77,1,1,Transit,5.86
Kepler-962 b,Kepler-962,2016,1.97,12.05707239,0.09874,689.0,0.0,5478.0,0.86,0.93,1,1,Transit,4.54
Kepler-963 b,Kepler-963,2016,2.66,9.97683705,0.0849,802.0,0.0,5461.0,0.87,0.91,1,2,Transit,7.56
Kepler-963 c,Kepler-963,2024,0.6,0.919783,0.099815,751.0,0.0,5169.47,0.928,0.821,1,2,Transit,0.156
Kepler-964 b,Kepler-964,2016,2.12,13.5225106,0.1073,652.0,0.0,5427.0,0.84,0.93,1,1,Transit,5.14
Kepler-967 b,Kepler-967,2016,2.35,13.22713379,0.1027,638.0,0.0,5178.0,0.8,0.84,1,2,Transit,6.12
Kepler-967 c,Kepler-967,2016,3.65,198.7112502,0.6253,258.0,0.0,5178.0,0.8,0.84,1,2,Transit,12.9
Kepler-968 c,Kepler-968,2016,1.69,5.709404918,0.052,644.0,0.0,4598.0,0.7,0.76,1,3,Transit,3.5
Kepler-969 b,Kepler-969,2016,2.07,34.1731714,0.19726,465.0,0.0,5214.0,0.82,0.92,1,2,Transit,4.94
Kepler-969 c,Kepler-969,2016,0.99,1.682934604,0.0265,1270.0,0.0,5214.0,0.82,0.92,1,2,Transit,0.937
Kepler-97 b,Kepler-97,2014,1.48,2.58664,0.03563,1328.0,0.0,5779.0,0.98,0.94,1,2,Transit,3.51
Kepler-970 b,Kepler-970,2016,2.609,16.736525,0.139,464.0,0.34,4290.0,0.71,0.67,2,1,Transit,7.31
Kepler-971 b,Kepler-971,2016,2.13,9.59070716,0.08679,1087.0,0.0,5431.0,0.85,0.88,1,1,Transit,5.18
Kepler-972 b,Kepler-972,2016,4.65,7.03932553,0.0734,1060.0,0.0,6146.0,1.22,1.15,1,1,Transit,19.5
Kepler-974 b,Kepler-974,2016,1.57,4.194496514,0.0419,577.0,0.0,3687.0,0.5,0.52,1,2,Transit,3.09
Kepler-975 b,Kepler-975,2016,1.48,1.970342457,0.02898,1599.0,0.0,4897.0,0.75,0.8,1,2,Transit,2.79
Kepler-975 c,Kepler-975,2023,10.69,5.05821338,0.0567,1168.0,0.0,4883.0,1.667,0.951,1,2,Transit,80.2
Kepler-976 b,Kepler-976,2016,3.96,105.9564148,0.4217,324.0,0.0,5232.0,0.83,0.87,1,1,Transit,14.9
Kepler-977 b,Kepler-977,2016,2.62,26.85328322,0.162,544.0,0.0,5315.0,0.83,0.87,1,1,Transit,7.37
Kepler-979 b,Kepler-979,2016,2.72,8.0880135,0.0753,792.0,0.0,5310.0,0.83,0.87,1,1,Transit,7.85
Kepler-98 b,Kepler-98,2014,1.99,1.54168,0.02614,1592.0,0.0,5539.0,1.11,0.99,1,1,Transit,3.55
Kepler-980 b,Kepler-980,2016,2.67,11.55102504,0.09993,845.0,0.0,5935.0,1.06,1.05,1,1,Transit,7.61
Kepler-982 b,Kepler-982,2016,2.25,15.7738221,0.1277,955.0,0.0,6139.0,1.29,1.16,1,1,Transit,5.69
Kepler-983 b,Kepler-983,2016,2.36,60.0855082,0.3148,485.0,0.0,6052.0,1.08,1.13,1,1,Transit,6.17
Kepler-984 b,Kepler-984,2016,2.12,43.0342272,0.23688,484.0,0.0,5610.0,0.93,0.96,1,1,Transit,5.14
Kepler-985 b,Kepler-985,2016,2.98,116.331901,0.44664,323.0,0.0,5434.0,0.85,0.91,1,1,Transit,9.17
Kepler-988 b,Kepler-988,2016,2.07,17.76080053,0.1085,368.0,0.0,4005.0,0.53,0.55,1,1,Transit,4.94
Kepler-989 b,Kepler-989,2016,2.21,7.964315352,0.0734,805.0,0.0,5074.0,0.78,0.82,1,1,Transit,5.52
Kepler-99 b,Kepler-99,2014,1.48,4.60358,0.05071,810.0,0.0,4782.0,0.73,0.79,2,1,Transit,6.15
Kepler-990 b,Kepler-990,2016,2.6,9.91723428,0.08595,903.0,0.0,5948.0,1.08,1.05,1,2,Transit,7.27
Kepler-990 c,Kepler-990,2016,1.53,0.538354308,0.01232,2386.0,0.0,5948.0,1.08,1.05,1,2,Transit,2.96
Kepler-991 b,Kepler-991,2016,2.54,82.5342519,0.3104,260.0,0.0,4392.0,0.61,0.64,1,1,Transit,6.99
Kepler-992 b,Kepler-992,2016,1.62,20.16034462,0.13372,510.0,0.0,4944.0,0.74,0.8,1,1,Transit,3.26
Kepler-993 b,Kepler-993,2016,2.97,22.08557563,0.13,352.0,0.0,3843.0,0.54,0.57,1,1,Transit,9.11
Kepler-994 b,Kepler-994,2016,1.6,1.151166506,0.0177,957.0,0.0,3934.0,0.54,0.56,1,1,Transit,3.19
Kepler-995 b,Kepler-995,2016,2.7,28.26731672,0.1701,517.0,0.0,5206.0,0.8,0.83,1,1,Transit,7.75
Kepler-997 b,Kepler-997,2016,1.36,2.707306716,0.04022,1709.0,0.0,6150.0,1.56,1.22,1,1,Transit,2.42
L 168-9 b,L 168-9,2020,1.63,1.40152604,0.0208,998.0,0.0,3842.0,0.604,0.614,1,1,Transit,4.07
L 98-59 b,L 98-59,2019,0.837,2.253114,0.0223,620.0,0.031,3415.0,0.3155,0.2923,1,5,Transit,0.46
L 98-59 c,L 98-59,2019,1.329,3.6906764,0.0309,526.0,0.002,3415.0,0.3155,0.2923,1,5,Transit,2.0
L 98-59 e,L 98-59,2021,1.49,12.8278,0.0712,347.0,0.012,3415.0,0.3155,0.2923,1,5,Radial Velocity,2.82
LHS 1140 b,LHS 1140,2017,1.73,24.73723,0.0946,226.0,0.043,3096.0,0.2159,0.1844,1,2,Transit,5.6
LHS 1140 c,LHS 1140,2018,1.272,3.77794,0.027,422.0,0.05,3096.0,0.2159,0.1844,1,2,Transit,1.91
LHS 1478 b,LHS 1478,2021,1.242,1.9495378,0.01848,595.0,0.0,3381.0,0.246,0.236,1,1,Transit,2.33
LHS 1678 b,LHS 1678,2021,0.685,0.8602325,0.01239,830.44,0.033,3490.0,0.329,0.345,2,3,Transit,0.35
LHS 1678 c,LHS 1678,2021,0.941,3.694284,0.0327,510.9,0.039,3490.0,0.329,0.345,2,3,Transit,1.4
LHS 1678 d,LHS 1678,2024,0.981,4.9652229,0.04,462.95,0.036,3490.0,0.329,0.345,2,3,Transit,0.907
LHS 1815 b,LHS 1815,2020,1.088,3.814334,0.0404,617.0,0.0,3643.0,0.501,0.502,1,1,Transit,1.58
LHS 1903 c,LHS 1903,2026,2.046,6.226185,0.05387,559.0,0.089,3664.0,0.539,0.538,1,4,Transit,4.55
LHS 1903 d,LHS 1903,2026,2.5,12.566287,0.08604,442.0,0.112,3664.0,0.539,0.538,1,4,Transit,5.96
LHS 3154 b,LHS 3154,2023,3.69,3.71778,0.02262,343.83,0.076,2861.0,0.1405,0.1118,1,1,Radial Velocity,13.15
LHS 3844 b,LHS 3844,2019,1.286,0.462929709,0.00624,816.0,0.0,3080.0,0.189,0.151,1,1,Transit,2.37
LHS 475 b,LHS 475,2023,0.991,2.029088,0.02037,586.0,0.0,3300.0,0.2789,0.262,1,1,Transit,0.941
LP 791-18 b,LP 791-18,2019,1.212,0.9479981,0.00978,564.3,0.0,2960.0,0.182,0.139,1,3,Transit,1.94
LP 791-18 c,LP 791-18,2019,2.488,4.98991,0.02961,324.4,0.0001,2960.0,0.182,0.139,1,3,Transit,7.16
LP 791-18 d,LP 791-18,2023,1.032,2.75485,0.01992,395.5,0.0011,2960.0,0.182,0.139,1,3,Transit,0.91
LP 890-9 b,LP 890-9,2022,1.32,2.7299025,0.01875,396.0,0.0,2850.0,0.1556,0.118,1,2,Transit,13.2
LP 890-9 c,LP 890-9,2022,1.367,8.457463,0.03984,272.0,0.0,2850.0,0.1556,0.118,1,2,Transit,25.3
LTT 1445 A b,LTT 1445 A,2019,1.34,5.3587635,0.0381,431.0,0.18,3562.0,0.271,0.257,3,2,Transit,2.73
LTT 1445 A c,LTT 1445 A,2022,1.147,3.1239035,0.02661,508.0,0.223,3340.0,0.265,0.257,3,2,Transit,1.54
LTT 3780 b,LTT 3780,2020,1.325,0.76837931,0.01195,903.0,0.0,3358.0,0.38,0.381,2,2,Transit,2.46
LTT 3780 c,LTT 3780,2020,2.39,12.252284,0.0757,359.0,0.024,3358.0,0.38,0.381,2,2,Transit,8.04
Lupus-TR-3 b,Lupus-TR-3,2007,9.976,3.91405,0.0464,1013.56,0.0,5000.0,0.82,0.87,1,1,Transit,257.431
MASCARA-4 b,MASCARA-4,2020,16.98160576,2.8240932,0.0474,2250.0,0.0,7800.0,1.79,1.75,2,1,Transit,532.36258173
MOA-2007-BLG-192L b,MOA-2007-BLG-192L,2008,3.58,10.559687499999999,2.02,751.0,0.0,5544.0,0.95,0.28,1,1,Microlensing,12.49
MOA-2007-BLG-400L b,MOA-2007-BLG-400L,2008,13.5,10.559687499999999,5.9,34.0,0.0,5544.0,0.95,0.69,1,1,Microlensing,540.3082919
MOA-2008-BLG-379L b,MOA-2008-BLG-379L,2013,13.0,10.559687499999999,2.7,751.0,0.0,5544.0,0.95,0.56,1,1,Microlensing,1300.0
MOA-2009-BLG-266L b,MOA-2009-BLG-266L,2011,3.21,2800.0,3.2,751.0,0.0,5544.0,0.95,0.56,1,1,Microlensing,10.4
MOA-2009-BLG-319L b,MOA-2009-BLG-319L,2010,9.64,10.559687499999999,2.03,751.0,0.0,5544.0,0.95,0.524,1,1,Microlensing,67.3
MOA-2009-BLG-387L b,MOA-2009-BLG-387L,2010,13.2,1980.0,1.8,751.0,0.0,5544.0,0.95,0.19,1,1,Microlensing,830.0
MOA-2010-BLG-073L b,MOA-2010-BLG-073L,2012,12.4,10.559687499999999,1.21,751.0,0.0,5544.0,0.95,0.16,1,1,Microlensing,3500.0
MOA-2010-BLG-117L b,MOA-2010-BLG-117L,2018,14.2,10.559687499999999,2.42,751.0,0.0,5544.0,0.95,0.58,1,1,Microlensing,170.0
MOA-2010-BLG-328L b,MOA-2010-BLG-328L,2013,2.99,10.559687499999999,0.92,751.0,0.0,5544.0,0.95,0.11,1,1,Microlensing,9.2
MOA-2010-BLG-353L b,MOA-2010-BLG-353L,2015,11.1,10.559687499999999,1.72,751.0,0.0,5544.0,0.95,0.18,1,1,Microlensing,86.0
MOA-2011-BLG-028L b,MOA-2011-BLG-028L,2016,5.99,10.559687499999999,4.14,751.0,0.0,5544.0,0.95,0.75,1,1,Microlensing,30.0
MOA-2011-BLG-262L b,MOA-2011-BLG-262L,2014,4.29,10.559687499999999,0.95,751.0,0.0,5544.0,0.95,0.11,1,1,Microlensing,17.0
MOA-2011-BLG-291L b,MOA-2011-BLG-291L,2018,4.43,10.559687499999999,0.69,751.0,0.0,5544.0,0.95,0.15,1,1,Microlensing,18.0
MOA-2011-BLG-293L b,MOA-2011-BLG-293L,2012,12.9,3000.0,1.1,751.0,0.0,5544.0,0.95,0.86,1,1,Microlensing,1500.0
MOA-2011-BLG-322L b,MOA-2011-BLG-322L,2013,12.4,10.559687499999999,4.3,751.0,0.0,5544.0,0.95,0.39,1,1,Microlensing,3690.0
MOA-2012-BLG-006L b,MOA-2012-BLG-006L,2017,12.6,10.559687499999999,10.2,751.0,0.0,5544.0,0.95,0.49,1,1,Microlensing,2700.0
MOA-2012-BLG-505L b,MOA-2012-BLG-505L,2017,2.48,10.559687499999999,0.9,751.0,0.0,5544.0,0.95,0.1,1,1,Microlensing,6.7
MOA-2013-BLG-220L b,MOA-2013-BLG-220L,2014,13.2,10.559687499999999,3.03,751.0,0.0,5544.0,0.95,0.88,1,1,Microlensing,871.0
MOA-2013-BLG-605L b,MOA-2013-BLG-605L,2016,1.62,10.559687499999999,0.93,751.0,0.0,5544.0,0.95,0.024,1,1,Microlensing,3.24
MOA-2015-BLG-337L b,MOA-2015-BLG-337L,2018,6.42,10.559687499999999,0.24,751.0,0.0,5544.0,0.95,0.0094,1,1,Microlensing,33.7
MOA-2016-BLG-227L b,MOA-2016-BLG-227L,2017,13.2,10.559687499999999,1.39,751.0,0.0,5544.0,0.95,0.29,1,1,Microlensing,890.0
MOA-2016-BLG-526L b,MOA-2016-BLG-526L,2024,3.97,10.559687499999999,2.07,751.0,0.0,5544.0,0.95,0.37,1,1,Microlensing,14.93793513
MOA-2020-BLG-135L b,MOA-2020-BLG-135L,2022,3.37,10.559687499999999,1.11,751.0,0.0,5544.0,0.95,0.23,1,1,Microlensing,11.3
MOA-2020-BLG-208L b,MOA-2020-BLG-208L,2023,7.71,10.559687499999999,2.74,751.0,0.0,5544.0,0.95,0.43,1,1,Microlensing,46.0
MOA-2022-BLG-033L b,MOA-2022-BLG-033L,2025,3.52,10.559687499999999,2.15,751.0,0.0,5544.0,0.95,0.51,1,1,Microlensing,12.15
MOA-2022-BLG-091L b,MOA-2022-BLG-091L,2025,13.0,10.559687499999999,3.44,751.0,0.0,5544.0,0.95,0.75,1,1,Microlensing,1141.00398113
MOA-2022-BLG-249L b,MOA-2022-BLG-249L,2023,2.04,10.559687499999999,1.63,751.0,0.0,5544.0,0.95,0.18,1,1,Microlensing,4.83
MOA-2022-BLG-563L b,MOA-2022-BLG-563L,2024,14.0,10.559687499999999,2.15,751.0,0.0,5544.0,0.95,0.48,1,1,Microlensing,127.1313628
NGC 2682 Sand 1429 b,NGC 2682 Sand 1429,2024,13.4,77.48,0.384,683.0,0.0,6000.0,2.13,1.26,1,1,Radial Velocity,572.0911326
NGC 2682 Sand 978 b,NGC 2682 Sand 978,2017,13.3,511.21,0.099815,751.0,0.16,4200.0,21.017414,1.37,1,1,Radial Velocity,692.8694
NGC 2682 YBP 1194 b,NGC 2682 YBP 1194,2014,12.3,6.959,0.099815,751.0,0.3,5780.0,0.99,1.01,1,1,Radial Velocity,101.7056
NGC 2682 YBP 1514 b,NGC 2682 YBP 1514,2014,14.0,5.118,0.099815,751.0,0.28,5725.0,0.89,0.96,1,1,Radial Velocity,127.132
NGC 2682 YBP 401 b,NGC 2682 YBP 401,2016,14.3,4.087,0.099815,751.0,0.15,6165.0,1.215821,1.14,1,1,Radial Velocity,146.2018
NGTS-1 b,NGTS-1,2017,14.90797,2.647298,0.0326,790.0,0.016,3916.0,0.573,0.617,1,1,Transit,258.07796
NGTS-10 b,NGTS-10,2020,13.89913607,0.7668944,0.0143,1508.0,0.0,4567.0,0.7,0.696,2,1,Transit,687.14846
NGTS-11 b,NGTS-11,2020,9.157753,35.45533,0.201,435.0,0.13,5050.0,0.832,0.862,1,1,Transit,109.33352
NGTS-12 b,NGTS-12,2020,11.747032,7.532806,0.0757,1257.0,0.0,5690.0,1.589,1.021,1,1,Transit,66.10864
NGTS-13 b,NGTS-13,2021,12.800678,4.119027,0.0549,1605.0,0.086,5819.0,1.788,1.3,1,1,Transit,1538.2972
NGTS-14 A b,NGTS-14 A,2021,4.976796,3.5357173,0.0403,1143.0,0.0,5187.0,0.842,0.898,2,1,Transit,29.24036
NGTS-16 b,NGTS-16,2021,14.57167491,4.84532,0.0523,1177.0,0.0,5550.0,1.213,1.002,1,1,Transit,211.99154747
NGTS-17 b,NGTS-17,2021,13.89913607,3.24253,0.0391,1457.0,0.0,5650.0,1.337,1.025,1,1,Transit,242.82090295
NGTS-18 b,NGTS-18,2021,13.56286665,3.05125,0.0448,1381.0,0.0,5610.0,1.392,1.003,1,1,Transit,129.99181846
NGTS-20 b,NGTS-20,2022,11.99360935,54.18915,0.313,688.0,0.432,5980.0,1.78,1.47,1,1,Transit,947.12865286
NGTS-21 b,NGTS-21,2022,14.90794433,1.5433897,0.0236,1357.0,0.0,4660.0,0.86,0.72,1,1,Transit,750.07504052
NGTS-24 b,NGTS-24,2022,13.60770257,3.4678796,0.0479,1499.0,0.0,5820.0,1.64,1.26,1,1,Transit,165.27077164
NGTS-25 b,NGTS-25,2022,11.46678726,2.823093,0.0388,1101.0,0.0,5321.0,0.86,0.91,1,1,Transit,203.09235207
NGTS-27 b,NGTS-27,2024,15.64773706,3.3704181,0.0446,1783.0,0.0,5700.0,1.77,1.07,1,1,Transit,188.47224535
NGTS-3 A b,NGTS-3 A,2018,16.58932,1.6753728,0.023,1434.44,0.0,5600.0,0.93,1.017,2,1,Transit,756.4354
NGTS-30 b,NGTS-30,2024,10.40193409,98.29838,0.408,500.0,0.294,5455.0,0.913,0.94,1,1,Transit,305.11527072
NGTS-31 b,NGTS-31,2025,18.04645893,4.162734,0.064,1410.0,0.0,5710.0,1.7,0.96,1,1,Transit,355.96781584
NGTS-32 b,NGTS-32,2025,15.91675259,3.31211,0.044,1750.0,0.0,5680.0,1.85,1.07,1,1,Transit,181.16219199
NGTS-34 b,NGTS-34,2025,3.65,43.12655,0.257,624.0,0.0,6134.0,1.367,1.266,1,1,Transit,19.1
NGTS-35 b,NGTS-35,2025,10.9,25.241192,0.16,451.0,0.192,4717.0,0.753,0.789,1,1,Transit,152.0
NGTS-38 b,NGTS-38,2026,12.11690814,180.52797,0.697,457.0,0.3086,6310.0,1.88,1.46,1,1,Transit,1516.04150139
NGTS-39 b,NGTS-39,2026,12.195371,58.20472,0.3077,519.0,0.386,6053.0,1.16,1.16,1,1,Transit,466.25427307
NGTS-5 b,NGTS-5,2019,12.733424,3.3569866,0.0382,952.0,0.0,4987.0,0.739,0.661,1,1,Transit,72.78307
NGTS-6 b,NGTS-6,2019,14.863134,0.882059,0.01677,1283.9,0.0,4730.0,0.754,0.767,1,1,Transit,425.57437
NGTS-8 b,NGTS-8,2019,12.21781,2.4997,0.035,1345.0,0.01,5241.0,0.98,0.89,1,1,Transit,295.5819
NGTS-9 b,NGTS-9,2019,11.99363,4.43527,0.058,1448.0,0.06,6330.0,1.38,1.34,1,1,Transit,921.707
OGLE-2003-BLG-235L b,OGLE-2003-BLG-235L,2004,13.2,10.559687499999999,4.3,751.0,0.0,5544.0,0.95,0.63,1,1,Microlensing,830.0
OGLE-2005-BLG-169L b,OGLE-2005-BLG-169L,2006,3.84,10.559687499999999,3.5,751.0,0.0,5544.0,0.95,0.69,1,1,Microlensing,14.1
OGLE-2005-BLG-390L b,OGLE-2005-BLG-390L,2005,2.21,3285.0,2.6,50.0,0.0,5544.0,0.95,0.22,1,1,Microlensing,5.5
OGLE-2006-BLG-109L b,OGLE-2006-BLG-109L,2008,14.0,1788.5,2.3,82.0,0.0,5544.0,0.95,0.51,1,2,Microlensing,231.0
OGLE-2006-BLG-284L A b,OGLE-2006-BLG-284L A,2020,14.3,10.559687499999999,2.17,751.0,0.0,5544.0,0.95,0.35,2,1,Microlensing,144.0
OGLE-2007-BLG-349L AB c,OGLE-2007-BLG-349L A,2016,10.7,2557.0,2.59,751.0,0.0,5544.0,0.95,0.41,2,1,Microlensing,80.0
OGLE-2007-BLG-368L b,OGLE-2007-BLG-368L,2009,4.72,10.559687499999999,2.8,751.0,0.0,5544.0,0.95,0.64,1,1,Microlensing,20.0
OGLE-2008-BLG-092L b,OGLE-2008-BLG-092L,2014,8.74,10.559687499999999,15.0,751.0,0.0,5544.0,0.95,0.71,2,1,Microlensing,57.0
OGLE-2008-BLG-355L b,OGLE-2008-BLG-355L,2014,12.9,10.559687499999999,1.7,751.0,0.0,5544.0,0.95,0.37,1,1,Microlensing,1500.0
OGLE-2011-BLG-0173L b,OGLE-2011-BLG-0173L,2018,9.01,10.559687499999999,8.0,751.0,0.0,5544.0,0.95,0.41,1,1,Microlensing,60.0
OGLE-2011-BLG-0251L b,OGLE-2011-BLG-0251L,2012,14.2,10.559687499999999,2.72,751.0,0.0,5544.0,0.95,0.26,1,1,Microlensing,170.0
OGLE-2012-BLG-0026L b,OGLE-2012-BLG-0026L,2012,7.72,10.559687499999999,4.0,751.0,0.0,5544.0,0.95,1.06,1,2,Microlensing,46.1
OGLE-2012-BLG-0026L c,OGLE-2012-BLG-0026L,2012,13.9,10.559687499999999,4.8,751.0,0.0,5544.0,0.95,1.06,1,2,Microlensing,270.0
OGLE-2012-BLG-0358L b,OGLE-2012-BLG-0358L,2013,13.4,10.559687499999999,0.87,751.0,0.0,5544.0,0.95,0.022,1,1,Microlensing,588.0
OGLE-2012-BLG-0406L b,OGLE-2012-BLG-0406L,2013,13.2,10.559687499999999,3.45,751.0,0.0,5544.0,0.95,0.44,1,1,Microlensing,868.0
OGLE-2012-BLG-0563L b,OGLE-2012-BLG-0563L,2015,13.6,10.559687499999999,0.74,751.0,0.0,5544.0,0.95,0.34,1,1,Microlensing,120.0
OGLE-2012-BLG-0724L b,OGLE-2012-BLG-0724L,2016,14.3,10.559687499999999,1.6,751.0,0.0,5544.0,0.95,0.29,1,1,Microlensing,150.0
OGLE-2012-BLG-0838L b,OGLE-2012-BLG-0838L,2020,8.39,10.559687499999999,4.43,751.0,0.0,5544.0,0.95,0.4,1,1,Microlensing,53.1
OGLE-2012-BLG-0950L b,OGLE-2012-BLG-0950L,2016,6.56,10.559687499999999,2.6,751.0,0.0,5544.0,0.95,0.57,1,1,Microlensing,35.0
OGLE-2013-BLG-0102L b,OGLE-2013-BLG-0102L,2014,12.3,10.559687499999999,0.8,751.0,0.0,5544.0,0.95,0.096,1,1,Microlensing,4100.0
OGLE-2013-BLG-0132L b,OGLE-2013-BLG-0132L,2017,11.6,10.559687499999999,3.6,751.0,0.0,5544.0,0.95,0.54,1,1,Microlensing,92.0
OGLE-2013-BLG-0341L B b,OGLE-2013-BLG-0341L B,2014,1.16,10.559687499999999,0.702,751.0,0.0,5544.0,0.95,0.1127,2,1,Microlensing,1.66
OGLE-2013-BLG-0911L b,OGLE-2013-BLG-0911L,2019,12.5,10.559687499999999,0.39,751.0,0.0,5544.0,0.95,0.29,1,1,Microlensing,3020.0
OGLE-2013-BLG-1721L b,OGLE-2013-BLG-1721L,2017,14.1,10.559687499999999,2.6,751.0,0.0,5544.0,0.95,0.46,1,1,Microlensing,200.0
OGLE-2014-BLG-0124L b,OGLE-2014-BLG-0124L,2015,14.1,10.559687499999999,3.48,751.0,0.0,5544.0,0.95,0.9,1,1,Microlensing,206.58846455
OGLE-2014-BLG-0221L b,OGLE-2014-BLG-0221L,2024,12.9,10.559687499999999,3.76,751.0,0.0,5544.0,0.95,0.69,1,1,Microlensing,1382.55357045
OGLE-2014-BLG-0319L b,OGLE-2014-BLG-0319L,2022,14.1,10.559687499999999,3.49,751.0,0.0,5544.0,0.95,0.52,1,1,Microlensing,181.16219199
OGLE-2014-BLG-0676L b,OGLE-2014-BLG-0676L,2016,13.1,10.559687499999999,2.04,751.0,0.0,5544.0,0.95,0.6,1,1,Microlensing,988.44634577
OGLE-2014-BLG-1722L b,OGLE-2014-BLG-1722L,2018,8.59,10.559687499999999,1.5,751.0,0.0,5544.0,0.95,0.4,1,2,Microlensing,55.3
OGLE-2014-BLG-1722L c,OGLE-2014-BLG-1722L,2018,11.0,10.559687499999999,1.7,751.0,0.0,5544.0,0.95,0.4,1,2,Microlensing,83.7
OGLE-2014-BLG-1760L b,OGLE-2014-BLG-1760L,2016,13.8,10.559687499999999,1.887,751.0,0.0,5544.0,0.95,0.803,1,1,Microlensing,295.89824692
OGLE-2015-BLG-0051L b,OGLE-2015-BLG-0051L,2016,14.0,10.559687499999999,0.73,751.0,0.0,5544.0,0.95,0.1,1,1,Microlensing,230.0
OGLE-2015-BLG-0954L b,OGLE-2015-BLG-0954L,2016,13.1,10.559687499999999,1.6,751.0,0.0,5544.0,0.95,0.3,1,1,Microlensing,1100.0
OGLE-2015-BLG-0966L b,OGLE-2015-BLG-0966L,2016,4.86,10.559687499999999,2.7,751.0,0.0,5544.0,0.95,0.38,1,1,Microlensing,21.0
OGLE-2015-BLG-1609L b,OGLE-2015-BLG-1609L,2025,10.4,10.559687499999999,0.099815,751.0,0.0,5544.0,0.95,0.17,1,1,Microlensing,76.27881768
OGLE-2015-BLG-1649L b,OGLE-2015-BLG-1649L,2019,13.2,10.559687499999999,2.07,751.0,0.0,5544.0,0.95,0.34,1,1,Microlensing,807.0
OGLE-2015-BLG-1670L b,OGLE-2015-BLG-1670L,2019,4.42,10.559687499999999,2.62,751.0,0.0,5544.0,0.95,0.55,1,1,Microlensing,17.9
OGLE-2016-BLG-0007L b,OGLE-2016-BLG-0007L,2025,1.09,14200.0,10.1,751.0,0.0,5544.0,0.95,0.59,1,1,Microlensing,1.32
OGLE-2016-BLG-0263L b,OGLE-2016-BLG-0263L,2017,13.0,10.559687499999999,5.4,751.0,0.0,5544.0,0.95,0.13,1,1,Microlensing,1300.0
OGLE-2016-BLG-0613L AB b,OGLE-2016-BLG-0613L AB,2017,13.0,10.559687499999999,6.4,751.0,0.0,5544.0,0.95,0.72,2,1,Microlensing,1330.0
OGLE-2016-BLG-1067L b,OGLE-2016-BLG-1067L,2019,14.3,10.559687499999999,1.7,751.0,0.0,5544.0,0.95,0.3,1,1,Microlensing,140.0
OGLE-2016-BLG-1195L b,OGLE-2016-BLG-1195L,2017,1.11,10.559687499999999,1.16,751.0,0.0,5544.0,0.95,0.078,1,1,Microlensing,1.43
OGLE-2016-BLG-1227L b,OGLE-2016-BLG-1227L,2020,13.9,10.559687499999999,3.4,751.0,0.0,5544.0,0.95,0.1,1,1,Microlensing,250.0
OGLE-2016-BLG-1266L b,OGLE-2016-BLG-1266L,2018,12.4,10.559687499999999,0.43,751.0,0.0,5544.0,0.95,0.015,1,1,Microlensing,3813.940884
OGLE-2016-BLG-1598L b,OGLE-2016-BLG-1598L,2024,13.6,10.559687499999999,2.5,751.0,0.0,5544.0,0.95,0.55,1,1,Microlensing,120.77479466
OGLE-2016-BLG-1800L b,OGLE-2016-BLG-1800L,2024,13.2,10.559687499999999,1.88,751.0,0.0,5544.0,0.95,0.41,1,1,Microlensing,823.17557413
OGLE-2017-BLG-0364L b,OGLE-2017-BLG-0364L,2024,10.3,10.559687499999999,3.79,751.0,0.0,5544.0,0.95,0.49,1,1,Microlensing,75.8
OGLE-2017-BLG-0373L b,OGLE-2017-BLG-0373L,2018,14.0,10.559687499999999,2.424,751.0,0.0,5544.0,0.95,0.248,1,1,Microlensing,127.0
OGLE-2017-BLG-0406L b,OGLE-2017-BLG-0406L,2020,14.2,10.559687499999999,3.5,751.0,0.0,5544.0,0.95,0.56,1,1,Microlensing,130.0
OGLE-2017-BLG-0448L b,OGLE-2017-BLG-0448L,2024,4.08,10.559687499999999,5.75,751.0,0.0,5544.0,0.95,0.5,1,1,Microlensing,15.6
OGLE-2017-BLG-0482L b,OGLE-2017-BLG-0482L,2018,2.95,10.559687499999999,1.8,751.0,0.0,5544.0,0.95,0.2,1,1,Microlensing,9.0
OGLE-2017-BLG-1049L b,OGLE-2017-BLG-1049L,2020,12.8,10.559687499999999,3.92,751.0,0.0,5544.0,0.95,0.55,1,1,Microlensing,1760.0
OGLE-2017-BLG-1275L b,OGLE-2017-BLG-1275L,2024,12.8,10.559687499999999,2.09,751.0,0.0,5544.0,0.95,0.63,1,1,Microlensing,1875.1876013
OGLE-2017-BLG-1375L b,OGLE-2017-BLG-1375L,2020,12.4,10.559687499999999,3.04,751.0,0.0,5544.0,0.95,0.81,1,1,Microlensing,3585.0
OGLE-2017-BLG-1522L b,OGLE-2017-BLG-1522L,2018,14.0,10.559687499999999,0.59,751.0,0.0,5544.0,0.95,0.045,1,1,Microlensing,240.0
OGLE-2017-BLG-1806L b,OGLE-2017-BLG-1806L,2023,2.15,10.559687499999999,1.75,751.0,0.0,5544.0,0.95,0.38,1,1,Microlensing,5.27
OGLE-2018-BLG-0298L b,OGLE-2018-BLG-0298L,2022,7.56,10.559687499999999,2.86,751.0,0.0,5544.0,0.95,0.69,1,1,Microlensing,44.49597698
OGLE-2018-BLG-0383L b,OGLE-2018-BLG-0383L,2022,2.41,10.559687499999999,1.8,751.0,0.0,5544.0,0.95,0.1,1,1,Microlensing,6.4
OGLE-2018-BLG-0506L b,OGLE-2018-BLG-0506L,2022,4.18,10.559687499999999,3.0,751.0,0.0,5544.0,0.95,0.63,1,1,Microlensing,16.3
OGLE-2018-BLG-0516L b,OGLE-2018-BLG-0516L,2022,4.73,10.559687499999999,2.2,751.0,0.0,5544.0,0.95,0.47,1,1,Microlensing,20.1
OGLE-2018-BLG-0532L b,OGLE-2018-BLG-0532L,2020,2.37,10.559687499999999,1.064,751.0,0.0,5544.0,0.95,0.195,1,1,Microlensing,6.228
OGLE-2018-BLG-0567L b,OGLE-2018-BLG-0567L,2021,12.3,10.559687499999999,2.72,751.0,0.0,5544.0,0.95,0.25,1,1,Microlensing,101.70509024
OGLE-2018-BLG-0596L b,OGLE-2018-BLG-0596L,2019,3.81,10.559687499999999,0.97,751.0,0.0,5544.0,0.95,0.231,1,1,Microlensing,13.93
OGLE-2018-BLG-0677L b,OGLE-2018-BLG-0677L,2020,1.82,10.559687499999999,0.63,751.0,0.0,5544.0,0.95,0.12,1,1,Microlensing,3.96
OGLE-2018-BLG-0740L b,OGLE-2018-BLG-0740L,2019,12.9,5480.0,5.0,751.0,0.0,5912.0,0.95,1.0,1,1,Microlensing,1500.0
OGLE-2018-BLG-0799L b,OGLE-2018-BLG-0799L,2022,10.9,10.559687499999999,1.28,751.0,0.0,5544.0,0.95,0.093,1,1,Microlensing,82.63538582
OGLE-2018-BLG-0932L b,OGLE-2018-BLG-0932L,2022,13.9,10.559687499999999,1.75,751.0,0.0,5544.0,0.95,0.72,1,1,Microlensing,282.86728223
OGLE-2018-BLG-0962L b,OGLE-2018-BLG-0962L,2021,13.6,10.559687499999999,3.59,751.0,0.0,5544.0,0.95,0.54,1,1,Microlensing,425.89006538
OGLE-2018-BLG-0977L b,OGLE-2018-BLG-0977L,2022,2.41,10.559687499999999,2.0,751.0,0.0,5544.0,0.95,0.47,1,1,Microlensing,6.4
OGLE-2018-BLG-1011L b,OGLE-2018-BLG-1011L,2019,13.5,10.559687499999999,1.8,751.0,0.0,5544.0,0.95,0.18,1,2,Microlensing,570.0
OGLE-2018-BLG-1119L b,OGLE-2018-BLG-1119L,2022,13.9,10.559687499999999,4.06,751.0,0.0,5544.0,0.95,0.48,1,1,Microlensing,289.22385037
OGLE-2018-BLG-1126L b,OGLE-2018-BLG-1126L,2022,4.41,10.559687499999999,3.23,751.0,0.0,5544.0,0.95,0.69,1,1,Microlensing,17.79839079
OGLE-2018-BLG-1185L b,OGLE-2018-BLG-1185L,2021,2.83,10.559687499999999,1.54,751.0,0.0,5544.0,0.95,0.37,1,1,Microlensing,8.4
OGLE-2018-BLG-1212L b,OGLE-2018-BLG-1212L,2022,9.32,10.559687499999999,1.68,751.0,0.0,5544.0,0.95,0.16,1,1,Microlensing,63.5656814
OGLE-2018-BLG-1269L b,OGLE-2018-BLG-1269L,2020,14.1,10.559687499999999,4.51,751.0,0.0,5544.0,0.95,1.11,1,1,Microlensing,210.0
OGLE-2018-BLG-1367L b,OGLE-2018-BLG-1367L,2022,13.8,10.559687499999999,1.21,751.0,0.0,5544.0,0.95,0.28,1,1,Microlensing,301.93698665
OGLE-2018-BLG-1647L b,OGLE-2018-BLG-1647L,2022,13.8,10.559687499999999,1.36,751.0,0.0,5544.0,0.95,0.092,1,1,Microlensing,308.29355479
OGLE-2019-BLG-0249L b,OGLE-2019-BLG-0249L,2023,12.7,10.559687499999999,1.84,751.0,0.0,5544.0,0.95,0.91,1,1,Microlensing,2262.93825784
OGLE-2019-BLG-0299L b,OGLE-2019-BLG-0299L,2021,12.7,10.559687499999999,2.8,751.0,0.0,5544.0,0.95,0.59,1,1,Microlensing,1976.89269154
OGLE-2019-BLG-0304L b,OGLE-2019-BLG-0304L,2021,14.2,10.559687499999999,1.23,751.0,0.0,5544.0,0.95,0.27,2,1,Microlensing,162.09248757
OGLE-2019-BLG-0362L b,OGLE-2019-BLG-0362L,2022,13.1,10.559687499999999,2.18,751.0,0.0,5544.0,0.95,0.42,1,1,Microlensing,1036.12060682
OGLE-2019-BLG-0468L c,OGLE-2019-BLG-0468L,2022,12.5,10.559687499999999,2.77,751.0,0.0,5544.0,0.95,0.92,1,2,Microlensing,3248.20631954
OGLE-2019-BLG-1053L b,OGLE-2019-BLG-1053L,2021,1.38,10.559687499999999,3.4,751.0,0.0,5544.0,0.95,0.61,1,1,Microlensing,2.48
OGLE-2019-BLG-1470L AB c,OGLE-2019-BLG-1470L A,2022,13.3,10.559687499999999,3.2,751.0,0.0,5544.0,0.95,0.57,2,1,Microlensing,699.2224954
OGLE-2019-BLG-1492L b,OGLE-2019-BLG-1492L,2022,6.79,10.559687499999999,2.7,751.0,0.0,5544.0,0.95,0.68,1,1,Microlensing,37.1
OGLE-2023-BLG-0766L b,OGLE-2023-BLG-0766L,2026,13.7,10.559687499999999,2.5,751.0,0.0,5544.0,0.95,0.39,1,1,Microlensing,349.6112477
OGLE-2023-BLG-0836L b,OGLE-2023-BLG-0836L,2024,12.9,10.559687499999999,3.7,751.0,0.0,5544.0,0.95,0.71,2,1,Microlensing,1385.73185452
OGLE-TR-10 b,OGLE-TR-10,2004,14.011,3.101278,0.0434,1702.0,0.0,5950.0,1.17,1.14,1,1,Transit,197.046
OGLE-TR-111 b,OGLE-TR-111,2004,11.421971,4.0144463,0.0473,1019.0,0.0,5040.0,0.83,0.82,1,1,Transit,174.799
OGLE-TR-132 b,OGLE-TR-132,2004,13.45,1.689868,0.03035,2013.0,0.6,6210.0,1.32,1.305,1,1,Transit,375.02
OGLE-TR-182 b,OGLE-TR-182,2007,12.666,3.9791,0.051,1550.0,0.0,5924.0,1.14,1.14,1,1,Transit,320.995
OGLE-TR-211 b,OGLE-TR-211,2007,15.244,3.67724,0.051,1686.0,0.0,6325.0,1.64,1.33,1,1,Transit,327.351
OGLE-TR-56 b,OGLE-TR-56,2002,15.278,1.2119189,0.02383,2212.0,0.0,6050.0,1.363,1.228,1,1,Transit,441.77
PDS 70 c,PDS 70,2019,22.19378179,10.559687499999999,34.3,1054.0,0.037,4109.0,1.26,0.982,1,2,Imaging,2383.7130525
PH2 b,PH2,2013,9.33708092,282.52542,0.833,295.1,0.215,5734.0,0.949,0.966,1,1,Transit,87.08498352
POTS-1 b,POTS-1,2013,10.548,3.1606296,0.03734,841.95,0.0,4400.0,0.588,0.695,1,1,Transit,734.16
PSR B0329+54 b,PSR B0329+54,2017,1.22,10140.0,10.26,751.0,0.236,5544.0,0.95,1.44,1,1,Pulsar Timing,1.97
PSR B1257+12 b,PSR B1257+12,1994,0.338,25.262,0.19,751.0,0.0,5544.0,0.95,1.4,1,3,Pulsar Timing,0.02
PSR B1257+12 d,PSR B1257+12,1992,1.8,98.2114,0.46,751.0,0.0264,5544.0,0.95,1.4,1,3,Pulsar Timing,3.9
PSR J2322-2650 b,PSR J2322-2650,2017,13.9,0.322963997,0.0102,751.0,0.0017,5544.0,0.95,1.4,1,1,Pulsar Timing,252.643067
Pr0201 b,Pr0201,2012,14.2,4.4264,0.06,1303.39,0.0,6174.0,1.15,1.24,1,1,Radial Velocity,171.6282
Pr0211 b,Pr0211,2012,13.4,2.1461,0.03176,1304.13,0.011,5300.0,0.827,0.935,2,2,Radial Velocity,597.5204
Pr0211 c,Pr0211,2016,12.6,4850.0,5.5,99.1,0.71,5300.0,0.827,0.935,2,2,Radial Velocity,2475.8957
Proxima Cen b,Proxima Cen,2016,1.02,11.18465,0.04848,218.0,0.0,2900.0,0.141,0.1221,3,2,Radial Velocity,1.055
Proxima Cen d,Proxima Cen,2025,0.692,5.12338,0.02881,282.0,0.0,2900.0,0.141,0.1221,3,2,Radial Velocity,0.26
Qatar-1 b,Qatar-1,2010,12.811887,1.4200242,0.02332,1418.0,0.0,5013.0,0.803,0.838,1,1,Transit,411.27202
Qatar-10 b,Qatar-10,2019,17.295487,1.645321,0.0286,1955.0,0.0,6124.0,1.254,1.156,1,1,Transit,233.92288
Qatar-2 b,Qatar-2,2011,14.056,1.33711647,0.02153,1344.0,0.0,4645.0,0.776,0.743,1,1,Transit,792.635
Qatar-3 b,Qatar-3,2017,12.285064,2.5079204,0.03783,1681.0,0.0,6007.0,1.272,1.145,1,1,Transit,1369.8473
Qatar-4 b,Qatar-4,2017,12.722215,1.8053564,0.02803,1385.0,0.0,5215.0,0.849,0.896,1,1,Transit,1938.763
Qatar-5 b,Qatar-5,2017,12.408363,2.8792319,0.04127,1415.0,0.0,5747.0,1.076,1.128,1,1,Transit,1373.0256
Qatar-6 b,Qatar-6,2017,11.903958,3.506195,0.0423,1006.0,0.0,5052.0,0.722,0.822,2,1,Transit,212.31044
Qatar-7 b,Qatar-7,2019,19.0553,2.032046,0.0352,2053.0,0.0,6387.0,1.564,1.409,1,1,Transit,597.5204
Qatar-8 b,Qatar-8,2019,14.403565,3.71495,0.0474,1457.0,0.0,5738.0,1.315,1.029,1,1,Transit,117.91493
Qatar-9 b,Qatar-9,2019,11.309881,1.540731,0.0234,1134.0,0.0,4309.0,0.696,0.719,1,1,Transit,378.2177
ROXs 42 B b,ROXs 42 B,2013,12.5,10.559687499999999,157.0,1975.0,0.58,3433.0,1.33658,1.0,2,1,Imaging,2860.0
RR Cae b,RR Cae,2012,13.0,4343.5,5.3,35.94,0.0,3904.0,0.193119,0.44,2,1,Eclipse Timing Variations,1334.886
Ross 128 b,Ross 128,2017,1.11,9.8658,0.0496,301.0,0.116,3192.0,0.1967,0.168,1,1,Radial Velocity,1.4
Ross 176 b,Ross 176,2025,1.84,5.0066338,0.0464,682.0,0.25,4041.0,0.569,0.577,1,1,Transit,4.57
Ross 508 b,Ross 508,2022,1.83,10.77,0.05366,293.86,0.33,3071.0,0.2113,0.1774,1,1,Radial Velocity,4.0
SWEEPS-11 b,SWEEPS-11,2006,12.666,1.796,0.03,751.0,0.0,5544.0,1.45,1.1,1,1,Transit,3082.82
SWEEPS-4 b,SWEEPS-4,2006,9.079,4.2,0.055,751.0,0.0,5544.0,1.18,1.24,1,1,Transit,1207.7
TIC 117642575 b,TIC 117642575,2026,2.82716337,4.94459060181,0.099815,751.0,0.0,5719.98,1.08102,1.06,1,1,Transit,8.38
TIC 139270665 b,TIC 139270665,2024,7.22979255,23.624,0.163,703.0,0.105,5844.0,1.016,1.035,1,2,Transit,147.15455244
TIC 139270665 c,TIC 139270665,2024,12.9,1010.0,2.0,200.0,0.566,5844.0,1.016,1.035,1,2,Radial Velocity,1554.18091023
TIC 139702105 b,TIC 139702105,2026,2.45316949,6.83601903383,0.099815,751.0,0.0,5742.35,1.25423,0.9,1,1,Transit,6.59
TIC 142589416 b,TIC 142589416,2026,2.67899519,2.09518466313,0.099815,751.0,0.0,4396.27,0.713832,0.641,1,1,Transit,7.65
TIC 147027702 b,TIC 147027702,2026,10.92875618,44.40523,0.274,863.0,0.127,6410.0,2.136,1.406,1,1,Transit,346.43296363
TIC 150070085 b,TIC 150070085,2026,3.62,10.47423,0.099815,945.06,0.0,5999.0,1.086,1.16,1,1,Transit,12.8
TIC 153919886 b,TIC 153919886,2026,2.70601108,2.10510492329,0.099815,751.0,0.0,4137.16,0.591697,0.581261,1,1,Transit,7.78
TIC 154870955 b,TIC 154870955,2026,3.09467466,7.9698747128,0.099815,751.0,0.0,4739.58,0.724328,0.828,1,1,Transit,9.77
TIC 160113658 b,TIC 160113658,2026,3.49015778,6.72952262077,0.099815,751.0,0.0,4817.31,0.789834,0.76,1,1,Transit,12.0
TIC 161045582 b,TIC 161045582,2026,2.24566738,8.85577189959,0.099815,751.0,0.0,5683.87,1.07976,1.04,1,1,Transit,5.67
TIC 178172313 b,TIC 178172313,2026,2.80405322,4.3731816136,0.099815,751.0,0.0,5405.59,0.84345,0.91,1,1,Transit,8.27
TIC 183374187 b,TIC 183374187,2026,14.03364384,5.05907,0.099815,1379.0,0.506,5768.0,1.344,0.853,1,1,Transit,177.98390792
TIC 188624430 b,TIC 188624430,2026,3.64811843,6.21860433132,0.099815,751.0,0.0,5369.46,0.786574,0.929,1,1,Transit,12.9
TIC 18942729 b,TIC 18942729,2026,2.00021315,0.99817838064,0.099815,751.0,0.0,4360.11,0.825257,0.652,1,1,Transit,4.66
TIC 198190129 b,TIC 198190129,2026,2.92284949,7.94804910667,0.099815,751.0,0.0,4377.53,0.640675,0.638,1,1,Transit,8.87
TIC 206466666 b,TIC 206466666,2026,2.14817673,9.10486865159,0.099815,751.0,0.0,4620.3,0.667193,0.76,1,1,Transit,5.26
TIC 231949697 b,TIC 231949697,2026,1.52831855,0.90720448719,0.099815,982.91,0.0,3451.32,0.492584,0.490679,1,1,Transit,2.95
TIC 241249530 b,TIC 241249530,2024,13.29385111,165.7719,0.641,438.94,0.9412,6166.0,1.397,1.271,2,1,Transit,1582.78546686
TIC 245076932 b,TIC 245076932,2026,10.87271128,21.61389,0.157,845.0,0.428,6130.0,1.288,1.117,1,1,Transit,162.09248757
TIC 24750448 b,TIC 24750448,2026,2.43722231,3.59159193029,0.099815,751.0,0.0,4545.43,0.713599,0.69,1,2,Transit,6.51
TIC 257060897 b,TIC 257060897,2021,17.26183028,3.66003639,0.04922,1775.0,0.039,5993.0,1.863,1.187,1,1,Transit,201.50321004
TIC 260969020 b,TIC 260969020,2026,2.22686612,8.48584501953,0.099815,751.0,0.0,4572.94,0.68988,0.75,1,1,Transit,5.59
TIC 270471727 b,TIC 270471727,2026,2.75029559,10.45623256647,0.099815,1147.1,0.0,5271.39,0.997091,0.9,1,1,Transit,8.0
TIC 279401253 b,TIC 279401253,2023,11.2089807,76.8,0.369,486.37,0.448,5951.0,1.06,1.13,1,2,Transit,1951.46641898
TIC 279401253 c,TIC 279401253,2023,12.6,155.3,0.591,384.31,0.254,5951.0,1.06,1.13,1,2,Transit,2548.98382414
TIC 290487717 b,TIC 290487717,2026,6.63777941,3.400818229,0.099815,751.0,0.0,5328.97,0.943767,0.92,1,1,Transit,35.7
TIC 294329732 b,TIC 294329732,2026,2.07692266,9.7565876181,0.099815,751.0,0.0,5201.93,0.920172,0.89,1,1,Transit,4.97
TIC 320419023 b,TIC 320419023,2026,2.77280763,5.26375651589,0.099815,751.0,0.0,5703.36,0.952319,1.056,1,1,Transit,8.11
TIC 356227008 b,TIC 356227008,2026,2.39024009,2.96147448702,0.099815,751.0,0.0,5731.86,0.959792,1.02,1,1,Transit,6.3
TIC 38825265 b,TIC 38825265,2026,2.18869476,3.31336980985,0.099815,751.0,0.0,4375.52,0.664503,0.64,1,1,Transit,5.43
TIC 390586021 b,TIC 390586021,2026,2.86009388,2.74703755819,0.099815,751.0,0.0,4434.81,0.726565,0.648,1,1,Transit,8.55
TIC 393818343 b,TIC 393818343,2024,12.18416202,16.24921,0.1291,805.5,0.6058,5756.0,1.086,1.082,2,1,Transit,1379.37528638
TIC 423703298 b,TIC 423703298,2026,2.77230429,4.03712711976,0.099815,751.0,0.0,4540.37,0.729825,0.691,1,1,Transit,8.11
TIC 434398831 b,TIC 434398831,2025,3.51,3.685504,0.04641,1250.0,0.04,5638.0,0.909,0.992,1,2,Transit,12.1
TIC 434398831 c,TIC 434398831,2025,5.63,6.210291,0.06572,1050.0,0.013,5638.0,0.909,0.992,1,2,Transit,27.0
TIC 445839811 b,TIC 445839811,2026,2.47771211,11.1086260318,0.099815,751.0,0.0,5408.25,0.850041,0.95,1,1,Transit,6.7
TIC 46432937 b,TIC 46432937,2024,13.31626907,1.44044527,0.02065,872.0,0.009,3572.0,0.5299,0.563,2,1,Transit,1017.0509024
TIC 62895484 b,TIC 62895484,2026,3.49391667,2.83985434327,0.099815,751.0,0.0,5520.79,0.874291,0.98,1,1,Transit,12.0
TIC 65612701 b,TIC 65612701,2026,5.07802804,10.22467974953,0.099815,751.0,0.0,5692.29,1.73709,1.06,1,1,Transit,22.7
TIC 67686059 b,TIC 67686059,2026,2.59125922,3.52163529551,0.099815,751.0,0.0,5090.09,0.820458,0.86,1,1,Transit,7.23
TIC 77319217 b,TIC 77319217,2026,3.10879526,7.54830765124,0.099815,751.0,0.0,5961.52,1.18439,1.16,1,1,Transit,9.85
TIC 77552382 b,TIC 77552382,2026,5.69176189,3.51025904942,0.099815,1433.88,0.0,4981.07,0.886956,0.83,1,1,Transit,27.5
TIC 86380416 b,TIC 86380416,2026,2.4123612,6.0408643461,0.099815,751.0,0.0,5723.74,0.989724,1.07,1,1,Transit,6.4
TIC 87422071 b,TIC 87422071,2026,10.8615023,11.364929,0.106,1110.0,0.124,6150.0,1.489,1.239,1,1,Transit,409.99864503
TIC 88692598 b,TIC 88692598,2026,1.81295951,2.64909436758,0.099815,751.0,0.0,3483.17,0.532473,0.529218,1,1,Transit,3.94
TIC 88785435 b,TIC 88785435,2025,5.03,10.508843,0.08432,635.0,0.131,3998.0,0.911,0.724,1,1,Transit,22.3
TOI-1011 b,TOI-1011,2025,1.45,2.470498,0.099815,1364.0,0.0,5475.0,0.92,0.91,1,1,Transit,4.04
TOI-1036 b,TOI-1036,2026,6.28499593,3.77952125496,0.099815,1294.0,0.0,5664.68,1.17554,1.03,1,1,Transit,32.5
TOI-1052 b,TOI-1052,2023,2.87,9.139703,0.09103,1135.0,0.18,6146.0,1.264,1.204,1,2,Transit,16.9
TOI-1052 c,TOI-1052,2023,6.48,35.806,0.2263,719.0,0.237,6146.0,1.264,1.204,1,2,Radial Velocity,34.3
TOI-1054.01,TOI-1054,2021,2.43432,15.5077855,0.099815,853.0,0.0,6122.0,1.17,1.14,1,1,Transit,6.5
TOI-1062 b,TOI-1062,2021,2.265,4.11296,0.052,1077.0,0.177,5328.0,0.84,0.94,1,2,Transit,10.15
TOI-1062 c,TOI-1062,2021,3.1,7.972,0.08,859.0,0.14,5328.0,0.84,0.94,1,2,Radial Velocity,9.78
TOI-1064 c,TOI-1064,2022,2.651,12.226574,0.09429,634.0,0.088,4734.0,0.726,0.748,1,2,Transit,2.5
TOI-1075 b,TOI-1075,2022,1.791,0.6047328,0.01159,1323.0,0.0,3875.0,0.581,0.604,1,1,Transit,9.95
TOI-1080 b,TOI-1080,2026,1.2,3.9652482,0.0272,368.0,0.0,3065.0,0.2019,0.1667,1,1,Transit,10.7
TOI-1107 b,TOI-1107,2022,14.57167491,4.0782387,0.0561,1728.0,0.025,6311.0,1.81,1.35,1,1,Transit,1064.72516345
TOI-1117 b,TOI-1117,2025,2.46,2.22816,0.033,1538.0,0.0,5635.0,1.05,0.97,1,3,Transit,8.9
TOI-1130 b,TOI-1130,2020,3.66,4.074554,0.0453,825.0,0.052162,4360.0,0.697,0.745,1,2,Transit,19.8
TOI-1130 c,TOI-1130,2020,13.0,8.3501898,0.0731,650.0,0.0398,4360.0,0.697,0.745,1,2,Transit,336.0
TOI-1135 b,TOI-1135,2024,9.91994792,8.0277327,0.0815,1171.0,0.062,6320.0,1.202,1.119,1,1,Transit,58.79825529
TOI-1136 d,TOI-1136,2022,4.627,12.5199,0.1062,843.0,0.042,5770.0,0.968,1.022,1,6,Transit,8.35
TOI-1136 e,TOI-1136,2022,2.639,18.801,0.14,737.0,0.0425,5770.0,0.968,1.022,1,6,Transit,6.07
TOI-1174 b,TOI-1174,2024,2.562,8.953487683,0.07994,713.83,0.0,5030.0,0.76,0.85,1,1,Transit,32.0
TOI-1180 b,TOI-1180,2024,3.072,9.686760378,0.080799,638.18,0.0,4738.0,0.73,0.75,1,1,Transit,10.0
TOI-1181 b,TOI-1181,2022,17.02644168,2.103189,0.0364,1942.12,0.011,6054.0,1.961,1.467,1,1,Transit,374.71969185
TOI-1184 b,TOI-1184,2024,2.39,5.748433803,0.056027,715.47,0.0,4534.0,0.69,0.71,1,1,Transit,6.8
TOI-1199 b,TOI-1199,2024,10.5140239,3.671463,0.04988,1486.0,0.03,5710.0,1.45,1.23,1,1,Transit,75.96098927
TOI-1201 b,TOI-1201,2021,2.415,2.4919863,0.0287,703.0,0.0,3476.0,0.508,0.512,2,1,Transit,6.28
TOI-1203 b,TOI-1203,2025,1.52,4.1572888,0.04869,1361.2,0.067,5737.0,1.179,0.886,1,4,Radial Velocity,3.51
TOI-1203 c,TOI-1203,2025,2.2,13.0766,0.099815,751.0,0.092,5737.0,1.179,0.886,1,4,Radial Velocity,5.46
TOI-1203.01,TOI-1203,2021,2.918,25.502672,0.1632,743.6,0.032,5737.0,1.179,0.886,1,4,Transit,7.39
TOI-122 b,TOI-122,2020,2.72,5.07803,0.0392,471.0,0.0,3403.0,0.334,0.312,1,1,Transit,7.85
TOI-1221 b,TOI-1221,2023,2.91,91.68278,0.387,440.0,0.21,5592.0,1.031,0.93,1,1,Transit,1112.3994245
TOI-1224 b,TOI-1224,2024,2.104,4.1782745,0.0355,541.0,0.0,3326.0,0.404,0.4,1,2,Transit,5.08
TOI-1224 c,TOI-1224,2024,2.884,17.945466,0.099815,303.12,0.0,3326.0,0.404,0.4,1,2,Transit,8.67
TOI-1227 b,TOI-1227,2022,9.57246952,27.36397,0.0886,243.77,0.0,3072.0,0.56,0.17,1,1,Transit,66.5
TOI-1230.01,TOI-1230,2021,2.38627705,25.05734661842,0.099815,1046.51,0.0,5696.0,1.15281,1.14,1,1,Transit,6.29
TOI-1231 b,TOI-1231,2021,3.65,24.245586,0.1288,329.6,0.087,3553.0,0.476,0.485,1,1,Transit,15.4
TOI-1232 b,TOI-1232,2026,10.92875618,14.256,0.117,785.71,0.065,5823.0,1.072,1.058,1,2,Transit,220.57291446
TOI-1233.01,HD 108236,2021,2.539,14.175685,0.1074,708.0,0.055,5660.0,0.877,0.869,1,5,Transit,6.98
TOI-1235 b,TOI-1235,2020,1.69,3.444714,0.03845,775.0,0.049,3997.0,0.619,0.63,1,1,Transit,6.69
TOI-1238 b,TOI-1238,2022,1.21,0.764597,0.0139,1133.0,0.25,4089.0,0.58,0.59,1,2,Transit,3.76
TOI-1238 c,TOI-1238,2022,2.11,3.294736,0.037,695.0,0.15,4089.0,0.58,0.59,1,2,Transit,8.32
TOI-1243 b,TOI-1243,2026,2.33,4.6594779,0.099815,450.0,0.0,3515.0,0.511,0.515,1,1,Transit,7.7
TOI-1246 b,TOI-1246,2022,3.01,4.30744,0.049,955.0,0.0,5151.0,0.86,0.87,1,4,Transit,8.1
TOI-1246 d,TOI-1246,2022,3.43139739,18.654874,0.132,587.77,0.0,5213.0,0.8649,0.8889,1,4,Transit,5.4
TOI-1246 e,TOI-1246,2022,3.5141875,37.92548,0.212,463.98,0.0,5213.0,0.8649,0.8889,1,4,Transit,14.5
TOI-1248 b,TOI-1248,2024,6.8084859,4.3601561,0.051,952.09,0.0,5205.0,0.8686,0.9042,1,1,Transit,27.4
TOI-1249 b,TOI-1249,2024,3.2710301,13.079151,0.109,726.89,0.0,5497.0,0.9785,1.0062,1,1,Transit,11.9
TOI-125 b,TOI-125,2019,2.726,4.65382,0.05186,1037.0,0.194,5320.0,0.848,0.859,1,3,Transit,9.5
TOI-125 c,TOI-125,2019,2.759,9.15059,0.0814,827.8,0.066,5320.0,0.848,0.859,1,3,Transit,6.63
TOI-1259 A b,TOI-1259 A,2021,11.6,3.4779792,0.0408,963.0,0.0,4775.0,0.715,0.746,2,1,Transit,141.0
TOI-1260 c,TOI-1260,2021,2.76,7.493134,0.0657,651.0,0.0,4227.0,0.672,0.679,1,3,Transit,13.2
TOI-1260 d,TOI-1260,2022,3.12,16.608164,0.1116,499.0,0.0,4227.0,0.672,0.679,1,3,Transit,11.84
TOI-1266 b,TOI-1266,2020,2.52,10.8945,0.073,415.0,0.039,3563.0,0.4232,0.437,1,3,Transit,4.46
TOI-1266 c,TOI-1266,2020,1.98,18.8027,0.105,346.0,0.071,3563.0,0.4232,0.437,1,3,Transit,3.17
TOI-1266 d,TOI-1266,2025,1.74,32.509,0.1513,288.0,0.087,3563.0,0.4232,0.437,1,3,Transit Timing Variations,3.68
TOI-1268 b,TOI-1268,2022,9.1,8.1577094,0.0711,918.9,0.105,5300.0,0.92,0.96,1,1,Transit,96.4
TOI-1269 b,TOI-1269,2024,2.40144286,4.2529913,0.0496,1004.9,0.0,5499.0,0.8521,0.9027,1,2,Transit,6.4
TOI-1269 c,TOI-1269,2026,2.22999162,9.23786144195,0.099815,757.0,0.0,5554.02,0.848906,0.9027,1,2,Transit,5.6
TOI-1272 b,TOI-1272,2022,4.26,3.3159765,0.041,1051.0,0.345,4985.0,0.8,0.828,1,1,Transit,24.1
TOI-1279 b,TOI-1279,2024,2.66146528,9.61419,0.085,759.0,0.0,5457.0,0.8426,0.8784,1,1,Transit,10.6
TOI-1288 b,TOI-1288,2022,4.96846551,2.6998279,0.0374,1203.44,0.0,5388.0,0.9583,0.9552,1,2,Transit,44.1
TOI-1288 c,TOI-1288,2022,11.1,416.0,1.07,245.88,0.0,5388.0,0.9583,0.9552,1,2,Radial Velocity,85.7
TOI-1294 b,TOI-1294,2024,10.12369881,3.915292,0.051,1392.74,0.0,5718.0,1.5566,1.1578,1,2,Transit,63.9
TOI-1294 c,TOI-1294,2024,14.3,159.9,0.61,440.45,0.0,5718.0,1.5566,1.1578,1,2,Radial Velocity,147.0
TOI-1295 b,TOI-1295,2024,15.69257298,3.1968838,0.047,2360.0,0.024,6280.0,1.7,1.38,1,1,Transit,451.31633794
TOI-1296 b,TOI-1296,2021,14.11645916,3.9443736,0.051,1414.84,0.0,5567.0,1.7031,1.1576,1,1,Transit,95.3
TOI-1298 b,TOI-1298,2021,9.65807033,4.537143,0.057,1278.0,0.0,5752.0,1.4536,1.2187,1,1,Transit,99.0
TOI-132 b,TOI-132,2020,3.42,2.1097019,0.026,1395.0,0.059,5397.0,0.9,0.97,1,1,Transit,22.4
TOI-1333 b,TOI-1333,2021,15.647764,4.720219,0.0626,1679.0,0.073,6274.0,1.925,1.464,2,1,Transit,753.2571
TOI-1338 b,TOI-1338 A,2020,7.661,95.4001,0.4607,254.65,0.0331,5723.2,1.313,1.0936,2,2,Transit,11.3
TOI-1338 c,TOI-1338 A,2023,10.3,215.79,0.794,354.89,0.037,5723.2,1.313,1.0936,2,2,Radial Velocity,75.4
TOI-1346 c,TOI-1346,2025,2.23,5.502558,0.099815,928.0,0.0,5099.0,0.78,0.82,1,2,Transit,5.6
TOI-1347 c,TOI-1347,2024,1.6,4.841962,0.0546,1000.0,0.0,5464.0,0.83,0.913,1,2,Transit,6.4
TOI-1386 c,TOI-1386,2024,10.3,232.0,0.75,327.4,0.38,5735.0,1.0235,1.0363,1,2,Radial Velocity,75.2
TOI-139 b,TOI-139,2023,2.4566,11.07085,0.099815,561.17,0.0,4570.0,0.7007,0.69,1,1,Transit,6.6
TOI-1408 b,TOI-1408,2023,25.0,4.42587,0.05778,1293.0,0.0023,6117.0,1.53,1.312,1,2,Transit,593.0
TOI-1410 c,TOI-1410,2024,5.63,47.56,0.239,397.45,0.0,4635.0,0.7558,0.7941,1,2,Radial Velocity,27.0
TOI-1410.01,TOI-1410,2024,3.10083009,1.21687,0.0207,1236.7,0.0,4635.0,0.7558,0.7941,1,2,Transit,12.5
TOI-1411 b,TOI-1411,2022,1.19880592,1.4520527,0.02122,976.4,0.0,4115.0,0.614,0.6045,1,1,Transit,2.0
TOI-1416 b,TOI-1416,2023,1.62,1.0697568,0.019,1517.0,0.0,4884.0,0.793,0.798,1,1,Transit,3.48
TOI-1422 b,TOI-1422,2022,3.83,12.99894,0.107,870.0,0.2,5840.0,1.019,0.9903,1,2,Transit,9.5
TOI-1431 b,TOI-1431,2021,16.70138124,2.650237,0.046,2370.0,0.0022,7690.0,1.92,1.9,1,1,Transit,991.62462984
TOI-1437 b,TOI-1437,2024,2.24,18.840942,0.14,794.23,0.17,6008.0,1.17,1.1,1,1,Transit,9.6
TOI-1438 c,TOI-1438,2025,2.75,9.428089,0.083,794.0,0.0,5230.0,0.82,0.876,1,2,Transit,10.6
TOI-1439 b,TOI-1439,2024,4.2427861,27.644,0.192,748.4,0.157,5841.0,1.6184,1.2313,1,1,Transit,38.5
TOI-1443 b,TOI-1443,2024,2.30381001,23.540678,0.147,520.66,0.0,5224.0,0.7511,0.7663,1,1,Transit,30.0
TOI-1448 b,TOI-1448,2024,2.749,8.112245,0.0567,426.0,0.36,3412.0,0.38,0.372,1,1,Transit,19.5
TOI-1450 A b,TOI-1450 A,2024,1.13,2.0439274,0.099815,722.0,0.0,3437.0,0.483,0.48,2,2,Transit,1.258
TOI-1451 b,TOI-1451,2024,2.61143902,16.537944,0.127,723.33,0.0,5801.0,1.0162,1.0022,1,1,Transit,15.2
TOI-1452 b,TOI-1452,2022,1.672,11.06201,0.061,326.0,0.0,3185.0,0.275,0.249,2,1,Transit,4.82
TOI-1453 c,TOI-1453,2025,2.224,6.5886982,0.099815,819.8,0.0,4975.0,0.72,0.715,2,2,Transit,2.95
TOI-1466 b,TOI-1466,2026,2.46741991,1.87190602231,0.099815,1001.0,0.0,4435.39,0.749646,0.66,1,1,Transit,6.65
TOI-1467 b,TOI-1467,2024,1.92,5.97114713,0.050748,506.07,0.0,3834.0,0.491,0.489,1,1,Transit,9.0
TOI-1468 b,TOI-1468,2022,1.401,1.8805201,0.02107,683.5,0.0099,3376.0,0.3714,0.3527,1,2,Transit,3.04
TOI-1468 c,TOI-1468,2022,2.126,15.532477,0.08608,338.1,0.111,3376.0,0.3714,0.3527,1,2,Transit,4.1
TOI-1470 b,TOI-1470,2023,2.18,2.527093,0.0285,734.0,0.3,3709.0,0.469,0.471,1,2,Transit,7.32
TOI-1472 b,TOI-1472,2024,4.058,6.36338574,0.064,891.0,0.041,5100.0,0.84,0.87,1,2,Transit,18.05
TOI-1472 c,TOI-1472,2025,3.334,15.5381747,0.116,662.0,0.172,5100.0,0.84,0.87,1,2,Radial Velocity,21.13
TOI-1478 b,TOI-1478,2021,11.99360935,10.1802117,0.0818,918.0,0.055,5597.0,1.048,0.947,1,1,Transit,279.68899816
TOI-150.01,TOI-150,2019,14.067295,5.857487,0.07037,1404.5,0.262,6255.0,1.526,1.351,1,1,Transit,797.7533
TOI-1516 b,TOI-1516,2022,15.24421375,2.056014,0.099815,1839.0,0.0,6520.0,1.14,1.14,1,1,Transit,1004.33776612
TOI-1533 b,TOI-1533,2026,2.89,3.6457974,0.0445,1011.0,0.0,5146.0,0.849,0.88,1,2,Transit,28.1
TOI-1533 c,TOI-1533,2026,7.5,8.0637926,0.076,628.0,0.0,5146.0,0.849,0.88,1,2,Transit,36.6
TOI-157 b,TOI-157,2020,14.414774,2.0845435,0.03138,1588.0,0.0,5404.0,1.167,0.948,1,1,Transit,375.0394
TOI-159 b,TOI-159,2026,18.18,3.7628396,0.056,1891.0,0.24,7287.0,1.62,1.661,2,1,Transit,1110.0
TOI-1601 b,TOI-1601,2021,14.19902343,5.33175,0.069,1493.97,0.0,5982.0,2.195,1.5055,1,1,Transit,387.0
TOI-163 b,TOI-163,2019,16.690201,4.231306,0.058,1669.0,0.0,6495.0,1.648,1.4352,1,1,Transit,387.7526
TOI-1630.01,TOI-1630,2024,2.417,12.055734733,0.101151,584.0,0.0,5504.0,0.83,0.95,1,1,Transit,6.42
TOI-1634 b,TOI-1634,2021,1.759,0.98934551,0.01544,900.0,0.0,3550.0,0.45,0.502,2,2,Transit,4.9
TOI-1659.01,TOI-1659,2024,2.255,5.877556328,0.065757,1031.14,0.0,5977.0,1.006,1.1,1,1,Transit,5.71
TOI-1669 b,TOI-1669,2023,14.1,500.0,1.27,241.72,0.0,5497.0,1.0561,0.9867,1,2,Radial Velocity,191.0
TOI-1669 c,TOI-1669,2024,2.2963977,2.6800535,0.0376,1285.16,0.0,5497.0,1.0561,0.9867,1,2,Transit,13.0
TOI-1670 c,TOI-1670,2022,11.06326395,40.74976,0.249,684.0,0.09,6170.0,1.316,1.21,1,2,Transit,200.23189641
TOI-1683.01,TOI-1683,2024,2.6382,3.0575356,0.036507593,929.25,0.0,4402.0,0.7,0.694661,1,1,Transit,7.45
TOI-1685 b,TOI-1685,2021,1.421,0.66913923,0.01164,1000.0,0.0,3470.0,0.462,0.466,1,1,Transit,3.07
TOI-169 b,TOI-169,2020,12.172974,2.2554477,0.03524,1715.0,0.0,5880.0,1.288,1.147,1,1,Transit,251.40353
TOI-1691 b,TOI-1691,2024,3.66,16.736888935,0.129365,703.49,0.0,5759.0,1.0,1.03,1,1,Transit,14.6
TOI-1693 b,TOI-1693,2022,1.41,1.7666957,0.0226,764.0,0.0,3499.0,0.46,0.49,1,1,Transit,2.57
TOI-1694 c,TOI-1694,2023,13.8,386.25,0.974,222.0,0.111,5005.0,0.812,0.828,1,2,Radial Velocity,316.55709337
TOI-1710 b,TOI-1710,2022,5.06,24.28336,0.1652,602.99,0.05,5775.0,0.93,1.02,2,1,Transit,19.1
TOI-1716.01,TOI-1716,2024,3.143,8.082376554,0.080496,959.0,0.0,5879.0,1.24,1.07,1,1,Transit,10.0
TOI-1718 b,TOI-1718,2026,4.10824994,5.58703768615,0.099815,948.0,0.0,5304.91,0.939285,0.93,1,1,Transit,15.8
TOI-172 b,TOI-172,2019,10.816685,9.47725,0.0914,1198.0,0.3806,5645.0,1.777,1.128,1,1,Transit,1722.6386
TOI-1722 b,TOI-1722,2026,4.38298108,9.60523206943,0.099815,952.0,0.0,5999.55,1.09414,1.162,1,1,Transit,17.6
TOI-1723 b,TOI-1723,2024,3.435,13.727012643,0.113496,782.98,0.0,5777.0,1.09,1.04,1,1,Transit,10.4
TOI-1728 b,TOI-1728,2020,5.05,3.49151,0.0391,767.0,0.057,3980.0,0.6243,0.646,1,1,Transit,26.78
TOI-1732 b,TOI-1732,2026,2.49549787,4.11923678339,0.099815,657.79,0.0,4201.93,0.632571,0.613891,1,1,Transit,6.78
TOI-1736 b,TOI-1736,2023,3.18175535,7.073076,0.073,1099.79,0.0,5636.0,1.4286,1.0373,1,2,Transit,12.3
TOI-1736 c,TOI-1736,2023,12.5,571.25,1.37,249.0,0.3685,5636.0,1.4286,1.0373,1,2,Radial Velocity,2800.0
TOI-1739 b,TOI-1739,2024,1.946,8.303341406,0.073872,755.55,0.0,4814.0,0.781,0.78,1,1,Transit,4.45
TOI-1742 b,TOI-1742,2024,2.36507598,21.269084,0.154,694.09,0.3,5815.0,1.131,1.0861,1,1,Transit,9.7
TOI-1744.01,TOI-1744,2024,2.68,22.341702927,0.164086,598.0,0.0,6179.0,1.14,1.18,1,1,Transit,7.65
TOI-1749 b,TOI-1749,2021,1.39,2.38839,0.0291,831.0,0.14,3985.0,0.55,0.58,1,3,Transit,57.0
TOI-1749 d,TOI-1749,2021,2.52,9.0497,0.0707,533.0,0.062,3985.0,0.55,0.58,1,3,Transit,15.0
TOI-1752 b,TOI-1752,2026,1.693,0.9351861,0.01624,1036.0,0.0,3762.0,0.53,0.524,1,2,Transit,3.51
TOI-1752 c,TOI-1752,2026,2.29,32.71443,0.1614,291.0,0.0,3762.0,0.53,0.524,1,2,Transit,5.86
TOI-1756 b,TOI-1756,2026,1.94225664,2.78301736297,0.099815,696.39,0.0,3891.86,0.562607,0.556454,1,1,Transit,4.43
TOI-1768.01,TOI-1768,2024,3.453,7.337703649,0.076381,1566.0,0.0,5994.0,1.1,1.1,1,1,Transit,11.8
TOI-1772.01,TOI-1772,2024,2.905,8.054246874,0.078375,877.67,0.0,5583.0,0.995,0.99,1,1,Transit,8.78
TOI-1776 b,TOI-1776,2024,1.21612741,2.799868,0.0378,1269.21,0.0,5785.0,0.9356,0.9196,1,1,Transit,1.4
TOI-1777.01,TOI-1777,2024,2.246,14.650111974,0.119466,580.0,0.0,5859.0,0.98,1.06,1,1,Transit,5.67
TOI-178 b,TOI-178,2021,1.2,1.9145601,0.02607,1040.0,0.0,4316.0,0.662,0.647,1,6,Transit,0.96
TOI-178 d,TOI-178,2021,2.695,6.557569,0.0592,690.0,0.0068,4316.0,0.662,0.647,1,6,Transit,5.2
TOI-178 e,TOI-178,2021,2.301,9.96318,0.0783,600.0,0.00038,4316.0,0.662,0.647,1,6,Transit,3.48
TOI-178 f,TOI-178,2021,2.417,15.23335,0.1039,521.0,0.00045,4316.0,0.662,0.647,1,6,Transit,5.63
TOI-1782.01,TOI-1782,2024,2.368,4.987641028,0.05024,697.84,0.0,4336.0,0.669,0.68,1,2,Transit,6.2
TOI-1782.02,TOI-1782,2024,1.839,1.829024227,0.025739,974.95,0.0,4336.0,0.669,0.68,1,2,Transit,4.04
TOI-1789 b,TOI-1789,2021,16.14093221,3.208664,0.04882,1927.0,0.0,5991.0,2.168,1.507,1,1,Transit,222.4798849
TOI-1794 b,TOI-1794,2024,3.29701268,8.765528,0.082,992.91,0.0,5631.0,1.3162,0.9698,1,1,Transit,8.7
TOI-1798.01,TOI-1798,2024,2.448,8.021522331,0.074984,734.31,0.0,5165.0,0.78,0.87,1,2,Transit,6.5
TOI-1798.02,TOI-1798,2024,1.464,0.437811822,0.010789,1935.83,0.0,5165.0,0.78,0.87,1,2,Transit,5.6
TOI-1799 b,TOI-1799,2024,1.642,7.094570865,0.072502,922.72,0.0,5690.0,0.957,1.01,1,1,Transit,4.0
TOI-1801 b,TOI-1801,2023,2.079,10.64387,0.075,493.7,0.0,3863.0,0.547,0.556,2,1,Transit,5.738
TOI-1803 b,TOI-1803,2025,2.99,6.293287,0.06,747.0,0.0,4687.0,0.715,0.756,1,2,Transit,10.32
TOI-1803 c,TOI-1803,2025,4.29,12.885779,0.097,588.0,0.0,4687.0,0.715,0.756,1,2,Transit,8.0
TOI-1806.01,TOI-1806,2024,3.4095367,15.1454693,0.087735044,337.47,0.0,3272.0,0.401575,0.392935,1,1,Transit,11.5
TOI-1807 b,TOI-1807,2021,1.49681583,0.54937097,0.0122,1694.1,0.0,4914.0,0.746,0.8048,1,1,Transit,2.44
TOI-1811 b,TOI-1811,2023,11.14172682,3.7130765,0.04389,962.2,0.052,4766.0,0.769,0.817,1,1,Transit,308.9292116
TOI-1814 b,TOI-1814,2026,5.18536642,6.36861010462,0.099815,977.83,0.0,4872.84,2.3895,0.94,1,1,Transit,23.5
TOI-1824 b,TOI-1824,2024,2.7438269,22.808533,0.151,528.67,0.0,5165.0,0.8123,0.8801,1,1,Transit,16.0
TOI-1836 b,TOI-1836,2024,8.00321222,20.380799,0.1597,966.0,0.0,6380.0,1.577,1.307,1,2,Transit,38.45723725
TOI-1836 c,TOI-1836,2024,2.59987579,1.7727471,0.03089,2007.6,0.0,6237.0,1.6454,1.2518,1,2,Transit,8.0
TOI-1839 c,TOI-1839,2026,2.40867246,4.02393854207,0.099815,751.0,0.0,5315.91,0.848099,0.934,1,2,Transit,6.39
TOI-1842 b,TOI-1842,2021,12.3485023,9.5739181,0.1,1199.55,0.276,6039.0,2.032,1.4643,1,1,Transit,89.4
TOI-1853 b,TOI-1853,2023,3.46,1.2436258,0.0213,1479.0,0.03,4985.0,0.808,0.837,1,1,Transit,73.2
TOI-1855 b,TOI-1855,2024,18.49481816,1.36414864,0.02398,1701.0,0.033,5359.0,1.041,0.987,1,1,Transit,360.09958513
TOI-1859 b,TOI-1859,2023,9.75181321,63.48347,0.337,615.0,0.57,6341.0,1.36,1.287,1,1,Transit,68.6
TOI-1860 b,TOI-1860,2022,1.31,1.0662107,0.0204,1885.0,0.0,5752.0,0.94,0.99,1,1,Transit,2.27
TOI-1873 b,TOI-1873,2026,2.86356397,7.00572708834,0.099815,923.5,0.0,5597.99,0.971675,1.015,1,1,Transit,8.57
TOI-1883 b,TOI-1883,2024,5.65,4.508,0.0423,544.0,0.0,3554.0,0.506,0.495,1,1,Transit,13.7
TOI-1898 b,TOI-1898,2024,9.39553231,45.52234,0.269,674.54,0.485,6241.0,1.6131,1.2484,1,1,Transit,129.0
TOI-1899 b,TOI-1899,2020,11.09689089,29.090312,0.1525,378.0,0.044,3926.0,0.607,0.632,1,1,Transit,212.94503269
TOI-1937 A b,TOI-1937 A,2023,13.97759893,0.94667944,0.01932,2097.0,0.0,5814.0,1.08,1.072,2,1,Transit,638.83509807
TOI-198 b,TOI-198,2023,1.36,10.215213,0.0675,456.0,0.15,3801.0,0.418,0.417,1,1,Transit,3.17
TOI-199 c,TOI-199,2023,11.4,273.69,0.807,255.43,0.096,5255.0,0.82,0.936,1,2,Transit Timing Variations,88.99195396
TOI-2000 b,TOI-2000,2023,2.7,3.09833,0.04271,1488.0,0.0,5611.0,1.134,1.082,1,2,Transit,11.0
TOI-2000 c,TOI-2000,2023,8.14,9.127055,0.0878,1038.0,0.063,5611.0,1.134,1.082,1,2,Transit,81.7
TOI-2005 b,TOI-2005,2025,11.99360935,17.305904,0.16,1221.39,0.597,7130.0,2.02,1.59,1,1,Transit,2034.1018048
TOI-201 b,TOI-201,2021,11.4,52.9786,0.303,759.0,0.275,6423.0,1.31,1.32,1,3,Transit,164.0
TOI-201 d,TOI-201,2026,1.39,5.84889,0.0698,1237.0,0.3,6423.0,1.31,1.32,1,3,Transit,5.8
TOI-2010 b,TOI-2010,2023,11.81426566,141.834025,0.5516,400.2,0.212,5929.0,1.079,1.112,1,1,Transit,408.7273314
TOI-2015 c,TOI-2015,2025,2.93,5.582796,0.041232,448.0,0.00033,3297.0,0.3273,0.3041,1,2,Transit Timing Variations,8.91
TOI-2019 b,TOI-2019,2024,5.33275337,15.3444,0.128,917.46,0.0,5626.0,1.7457,1.1832,1,1,Transit,34.4
TOI-2025 b,TOI-2025,2022,11.89272852,8.8720982,0.0892,1166.0,0.394,5977.0,1.459,1.199,1,1,Transit,1144.1822652
TOI-2031 A b,TOI-2031 A,2025,14.20177855,5.71548654,0.066,1358.0,0.076,6490.0,1.241,1.174,2,1,Transit,254.2627256
TOI-2040 b,TOI-2040,2026,10.32347122,3.8608576,0.0473,1070.0,0.109,5132.0,0.87,0.92,1,1,Transit,248.22398587
TOI-2048 b,TOI-2048,2022,2.61,13.79019,0.099815,646.0,0.13,5185.0,0.79,0.83,1,1,Transit,7.32
TOI-205 b,TOI-205,2026,2.50121142,4.25300773815,0.099815,1799.55,0.0,6302.74,1.45382,1.2,1,1,Transit,6.81
TOI-2068 b,TOI-2068,2024,1.821,7.768915,0.0632,520.62,0.0,3710.0,0.535,0.559,1,1,Transit,3.97
TOI-2071 b,TOI-2071,2026,2.56484195,5.67395386982,0.099815,1029.33,0.0,5755.41,1.00286,1.063,1,1,Transit,7.1
TOI-2076 b,TOI-2076,2021,2.59,10.35504,0.08781,736.0,0.0114,5187.0,0.758,0.849,1,4,Transit,6.7
TOI-2076 c,TOI-2076,2021,3.54,21.01447,0.1407,581.0,0.036,5187.0,0.758,0.849,1,4,Transit,7.2
TOI-2076 d,TOI-2076,2021,3.27,35.12803,0.1982,490.0,0.027,5187.0,0.758,0.849,1,4,Transit,7.3
TOI-2076 e,TOI-2076,2025,1.301,3.0223753,0.03863,1110.0,0.0,5187.0,0.758,0.849,1,4,Transit,4.7
TOI-2081 b,TOI-2081,2022,2.04,10.50534,0.0752,488.0,0.0,3800.0,0.534,0.54,1,1,Transit,4.82
TOI-2084 b,TOI-2084,2023,2.47,6.0784247,0.05006,527.0,0.0,3551.0,0.475,0.453,2,1,Transit,6.66
TOI-2088 b,TOI-2088,2024,3.6831179,124.72997,0.472,300.33,0.0,5081.0,0.8481,0.9027,1,1,Transit,37.0
TOI-209 b,TOI-209,2026,2.3947209,4.37943587445,0.099815,845.78,0.0,4806.66,0.742779,0.81,1,1,Transit,6.32
TOI-2092 b,TOI-2092,2026,2.94892961,4.30325528074,0.099815,1042.0,0.0,5842.06,1.0519,0.956,1,1,Transit,9.0
TOI-2093 b,TOI-2093,2025,3.25,12.836,0.097,535.0,0.0,4426.0,0.729,0.745,1,2,Radial Velocity,10.6
TOI-2093 c,TOI-2093,2025,2.3,53.81149,0.257,329.0,0.0,4426.0,0.729,0.745,1,2,Transit,15.8
TOI-2094 b,TOI-2094,2026,1.9,18.793193,0.136,276.0,0.0,3435.0,0.384,0.425,1,1,Transit,4.27
TOI-2095 b,TOI-2095,2023,1.25,17.66484,0.101,347.0,0.0,3759.0,0.44,0.44,1,2,Transit,4.1
TOI-2095 c,TOI-2095,2023,1.33,28.17232,0.137,297.0,0.0,3759.0,0.44,0.44,1,2,Transit,7.4
TOI-2096 c,TOI-2096,2023,1.914,6.38784,0.04,349.0,0.1,3300.0,0.235,0.231,1,2,Transit,4.32
TOI-2107 b,TOI-2107,2024,13.57407563,2.4545467,0.03515,1397.0,0.033,5627.0,0.932,0.961,1,1,Transit,263.79757781
TOI-2109 b,TOI-2109,2021,15.098497,0.67247414,0.01791,3646.0,0.0,6540.0,1.698,1.453,1,1,Transit,1595.49860314
TOI-2114 b,TOI-2114,2026,14.54925695,6.209959,0.076,1472.0,0.472,6400.0,1.97,1.309,1,1,Transit,324.18497514
TOI-2120 b,TOI-2120,2024,2.122,5.7998164,0.0377,384.0,0.32,3131.0,0.245,0.211,1,1,Transit,6.8
TOI-2128 b,TOI-2128,2024,2.08874836,16.34136,0.127,780.53,0.0,5968.0,1.1174,1.0251,1,1,Transit,4.5
TOI-2133 b,TOI-2133,2026,2.37,3.8266472,0.041,798.0,0.0,4250.0,0.62,0.644,1,1,Transit,6.21
TOI-2134 b,TOI-2134,2023,2.735,9.229198,0.07803,660.0,0.067,4580.0,0.709,0.744,1,2,Transit,9.37
TOI-2134 c,TOI-2134,2023,7.35,95.85284,0.3715,302.0,0.3125,4580.0,0.709,0.744,1,2,Transit,58.3
TOI-2136 b,TOI-2136,2022,2.19,7.851928,0.057,395.0,0.0,3342.0,0.34,0.34,1,1,Transit,6.37
TOI-2141 c,TOI-2141,2025,2.35,5.4624,0.0585,1095.0,0.0,5635.0,0.95,0.896,1,3,Radial Velocity,6.14
TOI-2141 d,TOI-2141,2025,3.97,60.45,0.2906,491.4,0.0,5635.0,0.95,0.896,1,3,Radial Velocity,14.9
TOI-2152 A b,TOI-2152,2023,14.35870428,3.3773512,0.05064,1802.0,0.057,6630.0,1.612,1.516,3,1,Transit,899.45439181
TOI-2154 b,TOI-2154,2023,16.28664896,3.8240801,0.0513,1580.0,0.117,6280.0,1.396,1.233,1,1,Transit,292.40213444
TOI-2158 b,TOI-2158,2022,10.76062147,8.60077,0.075,1188.0,0.07,5673.0,1.41,1.12,1,1,Transit,260.61929374
TOI-216.01,TOI-216,2019,10.1,34.525528,0.2069,497.0,0.0046,5026.0,0.748,0.77,1,2,Transit,177.98390792
TOI-216.02,TOI-216,2019,8.0,17.16073,0.1293,628.0,0.16,5026.0,0.748,0.77,1,2,Transit,18.75187601
TOI-2169 A b,TOI-2169 A,2025,12.50922246,8.2148282,0.0896,1364.0,0.045,6270.0,1.82,1.42,2,1,Transit,329.58805806
TOI-2180 b,TOI-2180,2022,11.32107051,260.79,0.828,348.0,0.3683,5695.0,1.636,1.111,1,1,Transit,875.61726129
TOI-2184 b,TOI-2184,2022,11.39953337,6.90683,0.099815,1676.05,0.08,5966.0,2.9,1.53,1,1,Transit,206.58846455
TOI-2194 b,TOI-2194,2023,1.9892,15.337597,0.099815,590.88,0.0,4756.0,0.6909,0.74,1,1,Transit,4.61
TOI-2196 b,TOI-2196,2022,3.51,1.1947268,0.02234,1860.0,0.0,5634.0,1.043,1.032,1,1,Transit,26.0
TOI-2202 b,TOI-2202,2021,10.95117414,11.9126075,0.09564,652.07,0.022,5169.0,0.808,0.841,1,2,Transit,287.31687993
TOI-2202 c,TOI-2202,2021,13.4,24.6744,0.15544,560.61,0.0622,5144.0,0.794,0.823,1,2,Transit Timing Variations,117.27868218
TOI-2207 b,TOI-2207,2022,11.1529358,8.001968,0.0854,1259.0,0.174,6101.0,1.564,1.296,1,1,Transit,203.41018048
TOI-2211.01,TOI-2211,2024,1.561,3.092686757,0.04011,1056.92,0.0,5253.0,0.834,0.9,1,1,Transit,3.06
TOI-2227 b,TOI-2227,2026,3.09885187,4.22175815648,0.099815,1539.88,0.0,5889.54,1.20847,1.03,1,1,Transit,9.79
TOI-2236 b,TOI-2236,2022,14.36991326,3.5315902,0.05009,1688.0,0.0,6248.0,1.573,1.343,1,1,Transit,502.16888306
TOI-2257 b,TOI-2257,2021,2.194,35.189346,0.145,256.0,0.496,3430.0,0.313,0.328,1,1,Transit,5.45
TOI-2260 b,TOI-2260,2022,1.62,0.3524728,0.0097,2609.0,0.0,5534.0,0.94,0.99,1,1,Transit,3.26
TOI-2266 b,TOI-2266,2024,1.54,2.326318,0.02,550.0,0.0,3200.0,0.24,0.23,1,1,Transit,2.99
TOI-2267 b,TOI-2267 A,2025,1.0,2.28909,0.0205,424.0,0.0,3030.0,0.2075,0.171,2,3,Transit,0.972
TOI-2267 c,TOI-2267 A,2025,1.14,3.4950412,0.0263,374.0,0.0,3030.0,0.2075,0.171,2,3,Transit,1.55
TOI-2267 d,TOI-2267 B,2025,1.77,2.0344671,0.0145,422.0,0.0,3022.0,0.13,0.0989,2,3,Transit,3.78
TOI-2274 b,TOI-2274,2024,2.45,2.67963,0.05,771.46,0.0,3943.0,0.631,0.612,1,1,Transit,6.57
TOI-2285 b,TOI-2285,2021,1.77,13.635109,0.1363,358.0,0.3,3491.0,0.464,0.454,1,1,Transit,19.5
TOI-2295 b,TOI-2295,2024,16.47720163,30.033302,0.1992,747.0,0.334,5730.0,1.459,1.168,1,2,Transit,278.09985612
TOI-2295 c,TOI-2295,2024,12.8,966.5,2.018,234.9,0.194,5730.0,1.459,1.168,1,2,Radial Velocity,1783.01736327
TOI-2322 b,TOI-2322,2025,0.994,11.30717,0.0924,603.1,0.0,4664.0,0.662,0.703,1,2,Transit,2.31
TOI-2322 c,TOI-2322,2025,1.874,20.225528,0.1362,496.8,0.0,4664.0,0.662,0.703,1,2,Transit,18.1
TOI-2328 b,TOI-2328,2025,9.97599282,17.10197,0.127,842.0,0.057,5525.0,0.9,0.95,1,1,Transit,50.85254512
TOI-2337 b,TOI-2337,2022,10.08808263,2.99432,0.099815,1272.46,0.019,4780.0,3.22,1.325,1,1,Transit,508.5254512
TOI-2338 b,TOI-2338,2023,11.2089807,22.65398,0.158,799.0,0.676,5581.0,1.05,0.99,1,1,Transit,1900.61387386
TOI-2345 b,TOI-2345,2025,1.504,1.0528573,0.01705,1478.0,0.0,4687.0,0.729,0.727,1,2,Transit,3.49
TOI-2345 c,TOI-2345,2025,2.451,21.064302,0.1257,544.0,0.0,4687.0,0.729,0.727,1,2,Transit,7.27
TOI-2346 b,TOI-2346,2025,16.11851425,3.3312029,0.0473,1689.0,0.086,6480.0,1.38,1.271,1,1,Transit,394.10722468
TOI-2364 b,TOI-2364,2023,8.60849718,4.0197517,0.04871,1091.0,0.0,5306.0,0.886,0.954,1,1,Transit,71.51139158
TOI-2368 b,TOI-2368,2024,10.83908434,5.1750073,0.05649,1000.0,0.061,5360.0,0.846,0.897,1,1,Transit,206.58846455
TOI-237 c,TOI-237,2026,1.206,1.74486147,0.016,515.0,0.0,3226.0,0.2056,0.1698,1,2,Transit,1.9
TOI-2374 b,TOI-2374,2024,7.48759911,4.3136193,0.04818,926.0,0.13,5002.0,0.711,0.802,2,1,Transit,61.65871096
TOI-2379 b,TOI-2379,2024,11.72459381,5.4693827,0.05263,624.0,0.342,3707.0,0.622,0.645,1,1,Transit,1830.69162432
TOI-238 b,TOI-238,2024,1.559,1.273099,0.0212,1378.0,0.18,5059.0,0.756,0.781,1,2,Transit,3.37
TOI-238 c,TOI-238,2024,2.18,8.465651,0.0749,696.0,0.36,5059.0,0.733,0.79,1,2,Radial Velocity,6.7
TOI-2382 b,TOI-2382,2025,12.25141591,4.6612061,0.059,1426.0,0.18,6033.0,1.417,1.26,1,1,Transit,235.19302118
TOI-2384 b,TOI-2384,2024,11.48920522,2.13570304,0.02793,889.7,0.0,3943.0,0.6113,0.635,2,1,Transit,624.85064816
TOI-2406 b,TOI-2406,2021,2.86,3.0766891,0.02267,449.0,0.17,3100.0,0.204,0.166,1,1,Transit,15.6
TOI-2420 b,TOI-2420,2024,15.02003414,5.842641,0.0684,1571.6,0.055,5707.0,2.369,1.158,1,1,Transit,294.62693329
TOI-2431 b,TOI-2431,2026,1.534,0.22419578,0.0063,2063.0,0.0,4109.0,0.651,0.661,1,1,Transit,6.2
TOI-244 b,TOI-244,2023,1.52,7.397225,0.0559,458.0,0.0,3433.0,0.426,0.428,1,1,Transit,2.68
TOI-2443 b,TOI-2443,2023,2.363,15.66858,0.105,519.0,0.301,4375.0,0.631,0.642,1,1,Transit,4.8
TOI-2445 b,TOI-2445,2022,1.25,0.3711281,0.0064,1060.0,0.0,3333.0,0.27,0.25,1,1,Transit,2.1
TOI-2447 b,TOI-2447,2024,9.60609646,69.33684,0.347,414.0,0.17,5730.0,1.006,1.034,1,1,Transit,124.90656395
TOI-2449 b,TOI-2449,2025,11.24,106.14468,0.45,400.0,0.098,6021.0,1.065,1.079,1,1,Transit,222.0
TOI-2453 b,TOI-2453,2026,3.24380341,4.44143463188,0.099815,550.78,0.0,3720.23,0.502498,0.500519,1,1,Transit,10.6
TOI-2458 b,TOI-2458,2024,2.83,3.73659,0.0482,1509.4,0.087,6005.0,1.31,1.05,1,2,Transit,13.31
TOI-2459 b,TOI-2459,2023,2.9531,19.104718,0.099815,445.01,0.0,4195.0,0.6751,0.66,1,1,Transit,9.03
TOI-2485 b,TOI-2485,2024,12.1393261,11.23479,0.1093,1134.0,0.0341,6016.4,1.72,1.163,1,1,Transit,766.60211768
TOI-2497 b,TOI-2497,2023,11.14172682,10.655669,0.1166,1595.0,0.195,7360.0,2.36,1.859,1,1,Transit,1531.93292174
TOI-2498 b,TOI-2498,2023,6.06,3.738252,0.0491,1443.0,0.089,5905.0,1.26,1.12,1,1,Transit,34.62
TOI-251 b,TOI-251,2021,2.74,4.93777,0.05741,1041.19,0.0,5875.0,0.881,1.036,1,1,Transit,317.83
TOI-2518 b,TOI-2518,2026,2.26838675,6.89797425216,0.099815,1095.0,0.0,5751.2,0.993374,1.11,1,1,Transit,5.77
TOI-2524 b,TOI-2524,2023,11.2089807,7.18585,0.073,1100.0,0.0,5831.0,1.119,1.007,1,1,Transit,203.41018048
TOI-2525 b,TOI-2525,2023,8.67575106,23.2856,0.1511,512.97,0.17,5096.0,0.785,0.849,1,2,Transit,26.69758619
TOI-2525 c,TOI-2525,2023,10.13291855,49.2519,0.249,399.96,0.157,5096.0,0.785,0.849,1,2,Transit,208.8132634
TOI-2537 c,TOI-2537,2024,12.7,1920.0,2.78,123.1,0.287,4870.0,0.771,0.771,1,2,Radial Velocity,2297.89938261
TOI-2545 b,TOI-2545,2022,2.75,7.994037,0.099815,1022.99,0.0,5846.29,1.25324,1.055,1,1,Transit,8.0
TOI-2567 b,TOI-2567,2022,10.92875618,5.983944,0.0672,1352.0,0.0,5611.0,1.686,1.13,1,1,Transit,63.88350981
TOI-257 b,TOI-257,2021,7.16253867,18.38818,0.1528,1027.0,0.0,6095.0,1.867,1.407,1,1,Transit,43.86032017
TOI-2578 b,TOI-2578,2026,19.66055215,3.4579667,0.0495,1778.0,0.098,6333.0,1.64,1.27,1,1,Transit,167.17774208
TOI-2580 b,TOI-2580,2024,17.37392009,3.39775,0.048,2410.0,0.08,6120.0,1.81,1.33,1,1,Transit,200.23189641
TOI-2583 A b,TOI-2583 A,2023,14.4595851,4.5207265,0.0571,1456.0,0.0,5936.0,1.477,1.215,2,1,Transit,79.45710175
TOI-2589 b,TOI-2589,2023,12.10569916,61.6277,0.3,592.0,0.522,5579.0,1.07,0.93,1,1,Transit,1112.3994245
TOI-260 b,TOI-260,2024,1.71,13.475853,0.0943,493.0,0.0,4026.0,0.607,0.616,1,1,Transit,4.23
TOI-261.01,TOI-261,2021,3.0449863,3.3639254,0.034792189,1722.49,0.0,5890.3,1.28018,0.496728,1,2,Transit,9.51
TOI-261.02,TOI-261,2021,3.34822227,13.03935862135,0.099815,1007.53,0.0,5890.3,1.31383,1.069,1,2,Transit,11.2
TOI-2641 b,TOI-2641,2023,18.10250383,4.880974,0.0607,1387.0,0.18,6100.0,1.336,1.16,1,1,Transit,122.6817651
TOI-2654 b,TOI-2654,2026,7.94454164,2.96760425926,0.099815,819.0,0.0,4594.08,0.756095,0.69,1,1,Transit,48.4
TOI-2669 b,TOI-2669,2022,19.72780603,6.2034,0.099815,1226.0,0.09,4800.0,4.1,1.19,1,1,Transit,193.87532827
TOI-269 b,TOI-269,2021,2.77,3.6977104,0.0345,531.0,0.425,3514.0,0.398,0.3917,1,1,Transit,8.8
TOI-270 b,TOI-270,2019,1.28,3.35992,0.03197,600.0,0.0167,3506.0,0.38,0.386,1,3,Transit,1.48
TOI-270 d,TOI-270,2019,2.0,11.38194,0.0721,383.0,0.0066,3506.0,0.38,0.386,1,3,Transit,4.2
TOI-2714 b,TOI-2714,2024,13.72,2.499387,0.036,1603.0,0.164,5665.0,1.25,1.07,1,1,Transit,228.0
TOI-2719 b,TOI-2719,2025,5.98,3.37594,0.099815,1710.0,0.0,5762.0,1.69,1.02,1,1,Transit,29.9
TOI-2768 b,TOI-2768,2024,2.63,1.50801,0.027,855.0,0.0,4008.0,0.657,0.63,1,1,Transit,7.41
TOI-277 b,TOI-277,2022,2.65,3.994,0.0269,587.92,0.0,4031.0,0.362,0.16,1,1,Transit,7.51
TOI-2796 b,TOI-2796,2023,17.26183028,4.8084983,0.0569,1205.0,0.0,5764.0,1.069,1.063,1,1,Transit,139.84449908
TOI-2803 A b,TOI-2803 A,2023,18.11371281,1.96229325,0.03185,1893.0,0.0,6280.0,1.245,1.118,2,1,Transit,309.88269682
TOI-283 b,TOI-283,2025,2.34,17.61745,0.123,661.0,0.0,5213.0,0.85,0.8,1,1,Transit,6.54
TOI-2842 b,TOI-2842,2023,12.84549188,3.5514058,0.0475,1471.0,0.0,5910.0,1.265,1.135,1,1,Transit,117.59651059
TOI-286 b,TOI-286,2024,1.42,4.5117244,0.0503,979.0,0.0,5152.0,0.78,0.832,1,2,Transit,4.53
TOI-286 c,TOI-286,2024,1.88,39.361826,0.213,475.0,0.0,5152.0,0.78,0.832,1,2,Transit,3.72
TOI-2876 b,TOI-2876,2025,9.6397234,6.2996431,0.0654,929.0,0.13,5271.0,0.873,0.939,1,1,Transit,54.03082919
TOI-2886 b,TOI-2886,2025,18.6405349,1.60200105,0.02871,1978.0,0.11,6240.0,1.241,1.229,1,1,Transit,444.9597698
TOI-2977 b,TOI-2977,2023,13.15934334,2.3505614,0.03386,1544.0,0.0,5691.0,1.073,0.936,1,1,Transit,533.95172376
TOI-2981 b,TOI-2981,2024,13.4,3.601501,0.048,1358.0,0.035,5940.0,1.08,1.03,1,1,Transit,638.0
TOI-2986 b,TOI-2986,2025,9.292245,3.2783662,0.04489,1622.0,0.14,5906.0,1.458,1.122,1,1,Transit,96.61983573
TOI-2989 b,TOI-2989,2025,12.55405838,3.122832,0.0384,1001.0,0.0,4672.0,0.76,0.77,1,1,Transit,953.485221
TOI-3023 b,TOI-3023,2023,16.43236571,3.9014971,0.0505,1596.0,0.0,5760.0,1.668,1.12,1,1,Transit,197.05361234
TOI-3053 b,TOI-3053,2026,13.56286665,2.9919987,0.039,1290.0,0.0,5378.0,0.97,0.96,1,1,Transit,270.15414595
TOI-3071 b,TOI-3071,2024,7.16,1.266938,0.0249,2155.0,0.09,6177.0,1.31,1.29,1,1,Transit,68.2
TOI-3082 b,TOI-3082,2023,3.6621,1.926907,0.099815,1032.78,0.0,4263.0,0.6847,0.664,1,1,Transit,13.0
TOI-3135 b,TOI-3135,2025,13.65253849,3.7065585,0.04756,1292.0,0.24,5890.0,0.985,1.044,1,1,Transit,327.36325921
TOI-3160 A b,TOI-3160 A,2025,13.7646283,3.971281,0.0505,1539.0,0.18,6190.0,1.346,1.088,2,1,Transit,378.21580433
TOI-3235 b,TOI-3235,2023,11.39953337,2.59261842,0.02709,604.0,0.029,3388.8,0.3697,0.3939,1,1,Transit,211.35589065
TOI-3261 b,TOI-3261,2024,3.82,0.8831331,0.01714,1722.0,0.0,5068.0,0.849,0.861,1,1,Transit,30.3
TOI-3278 b,TOI-3278,2026,13.89913607,3.246456,0.043,1561.0,0.0,5720.0,1.39,1.04,1,1,Transit,95.3485221
TOI-3288 b,TOI-3288,2025,12.24020692,1.4338647,0.02285,973.0,0.021,4072.0,0.672,0.643,2,1,Transit,536.17652261
TOI-329 b,TOI-329,2024,4.94057819,5.70439,0.0638,1213.02,0.39,5614.0,1.5326,1.0678,1,1,Transit,40.4
TOI-3321 b,TOI-3321,2024,15.55806521,3.6525145,0.047,1616.0,0.054,5850.0,1.549,1.041,1,1,Transit,176.07693748
TOI-333 b,TOI-333,2025,4.26,3.7852503,0.049,1445.0,0.0,6241.0,1.1,1.2,1,1,Transit,20.1
TOI-3331 A b,TOI-3331 A,2022,12.97999965,2.0180231,0.03144,1488.0,0.0,5609.0,0.952,1.016,2,1,Transit,721.47048389
TOI-3353.01,TOI-3353,2024,2.6667555,4.6657965,0.060118218,1264.36,0.0,6365.0,1.0207,1.332089,1,1,Transit,7.59
TOI-3362 b,TOI-3362,2021,12.80065596,18.09547,0.153,688.0,0.815,6532.0,1.83,1.445,1,1,Transit,1598.3590588
TOI-3364 b,TOI-3364,2023,12.22899794,5.8768918,0.0675,1264.0,0.0,5706.0,1.419,1.186,1,1,Transit,530.77343969
TOI-3457 b,TOI-3457,2026,10.64,32.600268,0.2001,824.2,0.59,6300.0,1.474,1.04,1,1,Transit,797.74930157
TOI-3464 b,TOI-3464,2025,13.7646283,3.6515568,0.0515,1693.0,0.25,6370.0,1.56,1.363,1,1,Transit,397.28550875
TOI-3474 b,TOI-3474,2025,14.67255574,3.8795105,0.0502,1451.0,0.13,6020.0,1.256,1.121,1,1,Transit,193.87532827
TOI-3486 b,TOI-3486,2025,10.5700688,2.21778105,0.03138,1190.0,0.078,4930.0,0.788,0.837,1,1,Transit,99.16246298
TOI-3523 A b,TOI-3523 A,2025,15.9727975,2.30458952,0.03559,1984.0,0.047,6450.0,1.448,1.131,3,1,Transit,435.42491759
TOI-3540 A b,TOI-3540 A,2022,23.53885947,3.119999,0.04289,1498.0,0.0,5810.0,1.228,1.081,2,1,Transit,375.03752026
TOI-3568 b,TOI-3568,2024,5.3,4.417965,0.0485,899.0,0.035,4969.0,0.719,0.78,1,1,Transit,26.4
TOI-3629 b,TOI-3629,2022,8.29464572,3.936551,0.043,690.0,0.05,3870.0,0.6,0.63,1,1,Transit,82.63538582
TOI-3664 b,TOI-3664,2026,13.69737442,3.2974839,0.0431,1232.0,0.159,5593.0,1.11,0.98,1,1,Transit,114.41822652
TOI-3682 b,TOI-3682,2025,12.80065596,3.3462406,0.048,1657.0,0.22,5703.0,1.735,1.32,1,1,Transit,69.28659273
TOI-3688 A b,TOI-3688 A,2023,13.08088048,3.246075,0.0456,1534.0,0.0,5950.0,1.302,1.199,2,1,Transit,311.47183886
TOI-3714 b,TOI-3714,2022,11.32107051,2.154849,0.027,750.0,0.03,3660.0,0.51,0.53,2,1,Transit,222.4798849
TOI-375 b,TOI-375,2026,10.77183045,9.45469,0.099,1373.0,0.087,5259.9,2.9,1.441,1,3,Transit,236.78216321
TOI-375 c,TOI-375,2026,13.4,115.5,0.524,596.0,0.0,5259.9,2.9,1.441,1,3,Radial Velocity,669.34662514
TOI-375 d,TOI-375,2026,13.6,297.9,0.984,434.0,0.0,5259.9,2.9,1.441,1,3,Radial Velocity,445.59542661
TOI-3757 b,TOI-3757,2022,12.0,3.438753,0.03845,759.0,0.14,3913.0,0.62,0.64,1,1,Transit,85.3
TOI-3785 b,TOI-3785,2023,5.14,4.6747373,0.043,582.0,0.11,3576.0,0.5,0.52,1,1,Transit,14.95
TOI-3807 b,TOI-3807,2023,18.49481816,2.8989727,0.0421,1646.0,0.0,5772.0,1.468,1.181,1,1,Transit,330.54154328
TOI-3819 b,TOI-3819,2023,13.13692538,3.2443141,0.04611,1633.0,0.0,5859.0,1.538,1.242,1,1,Transit,352.78953177
TOI-3837 b,TOI-3837,2025,10.87271128,11.88865,0.099,1178.0,0.221,5905.0,1.2,0.89,1,1,Transit,187.51876013
TOI-3856 b,TOI-3856,2025,13.59649359,2.04360352,0.0325,1544.0,0.083,5622.0,1.055,1.096,1,1,Transit,171.62733978
TOI-3862 b,TOI-3862,2026,5.53,1.55745774,0.02539,1539.0,0.0232,5300.0,0.92,0.9,1,1,Transit,53.7
TOI-3877 b,TOI-3877,2025,11.67975789,4.123596,0.0529,1445.0,0.22,5731.0,1.445,1.16,1,1,Transit,99.7981198
TOI-3884 b,TOI-3884,2022,6.43,4.5445828,0.0361,441.0,0.06,3180.0,0.302,0.298,1,1,Transit,32.59
TOI-3894 b,TOI-3894,2024,15.27784069,4.33454,0.05354,1531.0,0.05,6000.0,1.502,1.138,1,1,Transit,260.61929374
TOI-3912 b,TOI-3912,2023,14.28024141,3.4936264,0.0463,1512.0,0.0,5725.0,1.392,1.088,1,1,Transit,129.03833324
TOI-3976 A b,TOI-3976 A,2023,12.27383387,6.607662,0.0743,1295.0,0.0,5975.0,1.501,1.254,2,1,Transit,55.61997123
TOI-3984 A b,TOI-3984 A,2023,7.9,4.353326,0.041,563.0,0.23,3476.0,0.47,0.49,2,1,Transit,44.0
TOI-4010 b,TOI-4010,2023,3.02,1.348335,0.0229,1441.0,0.03,4960.0,0.83,0.88,1,4,Transit,11.0
TOI-4010 d,TOI-4010,2023,6.18,14.70886,0.113,650.0,0.07,4960.0,0.83,0.88,1,4,Transit,38.15
TOI-4010 e,TOI-4010,2023,13.3,762.0,1.57,174.0,0.26,4960.0,0.83,0.88,1,4,Radial Velocity,692.0
TOI-4029 b,TOI-4029,2026,6.73756618,5.88498234631,0.099815,1142.0,0.0,5662.53,1.17834,1.018,1,1,Transit,36.6
TOI-4030 b,TOI-4030,2026,5.8462559,2.50900199461,0.099815,1384.0,0.0,5640.37,0.991737,0.98,1,1,Transit,28.8
TOI-4034 b,TOI-4034,2026,17.71018951,1.8020932,0.03289,1907.0,0.0,5891.0,1.83,1.19,1,1,Transit,276.51071409
TOI-406.01,TOI-406,2024,2.08,13.175682,0.0809,368.0,0.056,3392.0,0.41,0.408,1,2,Transit,6.57
TOI-4087 b,TOI-4087,2023,13.04725353,3.1774835,0.04469,1458.0,0.0,6060.0,1.112,1.178,1,1,Transit,232.01473711
TOI-411 b,HD 22946,2022,1.362,4.040295,0.05727,1241.0,0.126,6169.0,1.117,1.098,1,3,Transit,13.71
TOI-4127 b,TOI-4127,2023,12.07,56.3987,0.303,556.0,0.7484,6096.0,1.293,1.23,1,1,Transit,743.71847238
TOI-4137 b,TOI-4137,2022,13.57407563,3.8016122,0.05222,1570.0,0.0,6202.0,1.438,1.313,1,1,Transit,457.67290608
TOI-4153 b,TOI-4153,2024,16.11851425,4.6174141,0.06311,1669.0,0.039,6860.0,1.605,1.572,1,1,Transit,365.50266805
TOI-4155 b,TOI-4155,2025,3.21,3.320729,0.099815,1255.0,0.0,5724.0,0.95,1.16,1,1,Transit,10.4
TOI-4156 b,TOI-4156,2026,2.53823825,4.46189034133,0.099815,1289.0,0.0,5971.64,1.03963,1.1,1,2,Transit,6.98
TOI-4184 b,TOI-4184,2023,2.43,4.9019804,0.0336,412.0,0.0,3238.0,0.2347,0.2109,1,1,Transit,6.48
TOI-4201 b,TOI-4201,2023,13.67495645,3.5819194,0.04,725.0,0.041,3794.0,0.63,0.61,1,1,Transit,788.21444936
TOI-421 c,TOI-421,2020,5.09,16.067541,0.117,635.0,0.19,5291.0,0.866,0.833,2,2,Transit,14.1
TOI-4214 b,TOI-4214,2025,10.68215861,3.4913885,0.05018,1642.0,0.17,6370.0,1.434,1.382,1,1,Transit,165.27077164
TOI-4308 b,TOI-4308,2023,2.4189,9.151201,0.099815,763.05,0.0,5243.0,0.7934,0.9,1,1,Transit,6.43
TOI-431 b,TOI-431,2021,1.28,0.490047,0.0113,1862.0,0.0,4850.0,0.731,0.78,1,3,Transit,3.07
TOI-431 c,TOI-431,2021,1.49,4.8494,0.052,867.0,0.0,4850.0,0.731,0.78,1,3,Radial Velocity,2.83
TOI-431 d,TOI-431,2021,3.29,12.46103,0.098,633.0,0.0,4850.0,0.731,0.78,1,3,Transit,9.9
TOI-4311 b,TOI-4311,2026,1.376,0.9902738,0.01817,1664.0,0.0,5063.0,0.8441,0.816,1,2,Transit,4.5
TOI-4311 c,TOI-4311,2026,2.47,15.070425,0.1116,671.0,0.22,5063.0,0.8441,0.816,1,2,Transit,13.58
TOI-4329 b,TOI-4329,2022,16.81347105,2.9223,0.099815,2027.12,0.068,6000.0,2.31,1.538,1,1,Transit,143.02278315
TOI-4336 A b,TOI-4336 A,2024,2.137,16.336351,0.0849,309.4,0.0,3307.0,0.326,0.306,3,2,Transit,3.33
TOI-4336 A c,TOI-4336 A,2026,1.251,7.587266,0.05092,399.5,0.0,3307.0,0.326,0.306,3,2,Transit,1.55
TOI-4342 b,TOI-4342,2023,2.329,5.5382592,0.0519,639.0,0.0,3866.0,0.598,0.587,1,2,Transit,7.3
TOI-4363 b,TOI-4363,2026,1.76689273,2.11867592279,0.099815,884.71,0.0,4278.45,0.69132,0.62,1,1,Transit,3.77
TOI-4364 b,TOI-4364,2025,2.01,5.424019,0.04753,488.0,0.29,3528.0,0.4684,0.487,1,1,Transit,4.7
TOI-4377 b,TOI-4377,2023,15.10970598,4.378081,0.0579,1162.08,0.045,4974.0,3.52,1.36,1,1,Transit,304.1617855
TOI-4379 b,TOI-4379,2024,16.69017226,3.25352,0.099815,1869.38,0.018,6020.0,1.976,1.372,1,1,Transit,353.74301699
TOI-4406 b,TOI-4406,2023,11.2089807,30.08364,0.201,904.0,0.15,6219.0,1.29,1.19,1,1,Transit,95.3485221
TOI-4409 b,TOI-4409,2026,7.44,92.491789,0.099815,305.05,0.036,4928.0,0.72,0.763,1,1,Transit,14.93793513
TOI-4438 b,TOI-4438,2024,2.4,7.446295,0.0523,446.0,0.07,3501.0,0.365,0.345,1,1,Transit,4.11
TOI-444 b,TOI-444,2023,2.77,17.9636,0.133,609.0,0.0,5225.0,0.779,0.96,1,1,Transit,8.1
TOI-4443.01,TOI-4443,2024,1.7193265,1.8498567,0.029962645,1638.82,0.0,5834.0,1.01733,1.049133,1,1,Transit,3.6
TOI-4458 b,TOI-4458,2026,12.40834163,3.9393792,0.0522,1759.0,0.03,6151.0,1.96,1.47,1,1,Transit,552.06794296
TOI-4463 A b,TOI-4463 A,2023,13.26022417,2.8807198,0.04036,1395.0,0.0,5640.0,1.062,1.056,2,1,Transit,252.35575516
TOI-4479 b,TOI-4479,2022,2.82,1.1589,0.0164,861.0,0.0,3400.0,0.451,0.452,1,1,Transit,8.35
TOI-4487 A b,TOI-4487 A,2025,14.60530185,3.9540709,0.05448,1639.0,0.083,6206.0,1.634,1.378,2,1,Transit,397.28550875
TOI-4492 b,TOI-4492,2026,11.78063872,4.4331824,0.0535,1207.0,0.0,5711.0,1.222,1.067,1,1,Transit,1881.54416944
TOI-4495 b,TOI-4495,2026,2.483,2.56699,0.03957,1735.0,0.078,6210.0,1.309,1.247,1,2,Transit,7.7
TOI-4504 c,TOI-4504,2024,11.17,82.819093,0.3593,412.5,0.04987,5315.0,0.93,0.875,1,3,Transit,821.0
TOI-4504 d,TOI-4504,2024,11.26,41.2871975,0.2219,524.8,0.293,5315.0,0.93,0.875,1,3,Transit Timing Variations,643.0
TOI-451 b,TOI-451,2020,1.84,1.8587033,0.0274,1474.0,0.0,5490.0,0.85,0.93,2,3,Transit,4.7
TOI-451 c,TOI-451,2020,2.93,9.192463,0.0795,865.0,0.0,5490.0,0.85,0.93,2,3,Transit,3.7
TOI-451 d,TOI-451,2020,3.93,16.364962,0.1168,714.0,0.0,5490.0,0.85,0.93,2,3,Transit,10.2
TOI-4511 b,TOI-4511,2026,2.75304932,10.98090968596,0.099815,1542.0,0.0,5418.77,1.00145,1.017,1,1,Transit,8.01
TOI-4513 b,TOI-4513,2026,2.34587608,9.76042253684,0.099815,653.0,0.0,5623.93,0.796628,0.979,1,1,Transit,6.11
TOI-4529 b,TOI-4529,2026,1.77,5.879577,0.099815,511.0,0.0,3697.0,0.48,0.482,1,1,Transit,4.9
TOI-4552 b,TOI-4552,2026,1.11,0.30110032,0.0056255,1122.0,0.0,3258.0,0.2869,0.2619,1,1,Transit,1.83
TOI-4559 b,TOI-4559,2024,1.415,3.965991,0.0359,554.16,0.0,3558.0,0.374,0.392,1,1,Transit,2.59
TOI-4561 b,TOI-4561,2026,1.77789214,8.93547936706,0.099815,789.81,0.0,5537.93,0.851957,1.0,1,1,Transit,3.81
TOI-4562 b,TOI-4562,2023,12.53,225.1064,0.768,318.0,0.76,6096.0,1.152,1.192,1,2,Transit,732.0
TOI-4562 c,TOI-4562,2024,12.8,3990.0,5.219,138.11,0.122,6096.0,1.152,1.192,1,2,Transit Timing Variations,1833.86990839
TOI-4578 b,TOI-4578,2026,2.26974262,8.62392630369,0.099815,842.42,0.0,5951.32,0.878735,1.077,1,1,Transit,5.77
TOI-4582 b,TOI-4582,2023,10.53644186,31.034,0.099815,614.66,0.51,5190.0,2.5,1.34,1,1,Transit,168.44905571
TOI-4588 b,TOI-4588,2026,2.92922558,13.11881173651,0.1376,1768.0,0.0,7746.12,1.57458,2.018,1,1,Transit,8.9
TOI-4600 b,TOI-4600,2023,6.8,82.6869,0.349,347.0,0.25,5170.0,0.81,0.89,1,2,Transit,959.84178914
TOI-4600 c,TOI-4600,2023,9.42,482.8191,1.152,191.0,0.21,5170.0,0.81,0.89,1,2,Transit,2946.26933289
TOI-4602.01,TOI-4602,2024,2.45,3.9812999,0.04747,1344.0,0.0,5966.0,1.08,0.9,1,1,Transit,5.53
TOI-4603 b,TOI-4603,2023,11.67975789,7.24599,0.0888,1677.0,0.325,6264.0,2.738,1.765,1,1,Transit,4096.80816623
TOI-4633 c,TOI-4633,2024,3.2,271.9445,0.847,268.57,0.117,5800.0,1.05,1.1,2,1,Transit,123.0
TOI-4640 b,TOI-4640,2026,2.84326517,2.68566015238,0.099815,1378.86,0.0,5743.01,1.06715,1.1,1,1,Transit,8.46
TOI-4641 b,TOI-4641,2023,8.18255591,22.09341,0.173,950.11,0.074,6560.0,1.72,1.41,1,1,Transit,1229.99593509
TOI-4666 b,TOI-4666,2025,12.53164042,2.9089165,0.034,695.0,0.023,3793.0,0.585,0.576,1,1,Transit,155.41809102
TOI-469.01,TOI-469,2021,3.41,13.6308205,0.111,716.0,0.0,5289.0,0.98,0.901,1,3,Transit,9.1
TOI-470 b,TOI-470,2023,4.34,12.19148,0.119,660.0,0.0,5190.0,0.831,0.87,1,1,Transit,17.4
TOI-4734 b,TOI-4734,2025,10.9175472,6.235633,0.074,1468.0,0.12,6070.0,1.857,1.391,1,1,Transit,61.65871096
TOI-4747 b,TOI-4747,2026,3.95803201,5.21924158592,0.099815,1035.0,0.0,5595.08,0.988751,1.01,1,1,Transit,14.8
TOI-4773 b,TOI-4773,2025,15.22179579,1.7452851,0.03216,2255.0,0.024,6740.0,1.55,1.452,1,1,Transit,1687.66884117
TOI-4791 b,TOI-4791,2023,12.44196858,4.28088,0.0555,1472.0,0.0,6058.0,1.409,1.242,1,1,Transit,734.18362017
TOI-4794 b,TOI-4794,2025,14.35870428,3.5658116,0.0492,1673.0,0.1,6390.0,1.451,1.25,1,1,Transit,308.29355479
TOI-480 b,TOI-480,2024,2.85372018,6.866196,0.077,1198.94,0.0,6174.0,1.4877,1.2793,1,1,Transit,20.8
TOI-481 b,TOI-481,2020,11.09691,10.33111,0.097,1370.0,0.153,5735.0,1.66,1.14,1,1,Transit,486.2799
TOI-4860 b,TOI-4860,2023,8.7,1.5227591,0.01808,694.0,0.008,3260.0,0.358,0.34,1,1,Transit,86.7
TOI-4898 b,TOI-4898,2026,3.7197954,2.76520470167,0.099815,667.0,0.0,4201.57,0.639344,0.619077,1,1,Transit,13.4
TOI-4914 b,TOI-4914,2024,12.87,10.60057,0.098,894.0,0.408,5805.0,1.0,1.03,1,1,Transit,227.0
TOI-4940 b,TOI-4940,2025,6.61,25.867811,0.165,643.0,0.0,5504.0,1.163,1.012,1,1,Transit,89.0
TOI-4961 b,TOI-4961,2025,12.34108775,7.479182,0.0726,919.0,0.182,5380.0,0.912,0.912,1,1,Transit,572.0911326
TOI-4994 b,TOI-4994,2024,8.54124329,21.491984,0.1515,717.6,0.319,5640.0,1.055,1.005,1,1,Transit,88.99195396
TOI-500 b,TOI-500,2022,1.166,0.548177,0.01189,1617.0,0.063,4440.0,0.678,0.74,1,4,Transit,1.42
TOI-500 c,TOI-500,2022,2.09,6.6356,0.099815,751.0,0.072,4440.0,0.678,0.74,1,4,Radial Velocity,5.03
TOI-500 d,TOI-500,2022,6.35,26.233,0.099815,751.0,0.016,4440.0,0.678,0.74,1,4,Radial Velocity,33.12
TOI-500 e,TOI-500,2022,3.99,61.3,0.099815,751.0,0.073,4440.0,0.678,0.74,1,4,Radial Velocity,15.05
TOI-5005 b,TOI-5005,2024,6.25,6.3085044,0.06614,1040.0,0.0,5749.0,0.93,0.97,1,1,Transit,32.7
TOI-5007 b,TOI-5007,2026,11.07447293,2.543371,0.0307,774.0,0.074,3793.0,0.656,0.632,1,1,Transit,211.03806225
TOI-5082.01,TOI-5082,2024,2.54811,4.240122,0.051204842,1164.91,0.0,5670.0,0.93,0.99665,1,1,Transit,7.03
TOI-5108 b,TOI-5108,2025,6.6,6.753581,0.073,1180.0,0.0,5808.0,1.29,1.1,1,1,Transit,32.0
TOI-5110 b,TOI-5110,2024,11.98240037,30.158577,0.2157,976.0,0.745,6160.0,2.333,1.469,1,1,Transit,921.7023803
TOI-512 b,TOI-512,2025,1.54,7.18886,0.099815,1009.0,0.02,5277.0,0.89,0.74,1,1,Transit,3.57
TOI-5126 b,TOI-5126,2023,4.74,5.4588385,0.06519,1442.0,0.0,6150.0,1.241,1.24,1,2,Transit,20.2
TOI-5126 c,TOI-5126,2023,3.86,17.8999,0.1439,971.0,0.0,6150.0,1.241,1.24,1,2,Transit,14.2
TOI-5153 b,TOI-5153,2022,11.88151954,20.33003,0.158,906.0,0.091,6300.0,1.4,1.24,1,1,Transit,1036.12060682
TOI-5159 b,TOI-5159,2026,1.54732112,5.83639428843,0.099815,866.29,0.0,5156.16,0.854084,0.9,1,1,Transit,3.01
TOI-5160 b,TOI-5160,2026,2.39729851,4.280773256,0.099815,1016.0,0.0,5622.14,1.03315,1.003,1,1,Transit,6.33
TOI-5174 b,TOI-5174,2022,5.351,12.214286,0.099815,808.37,0.0,5643.77,1.09457,1.0,1,1,Transit,24.8
TOI-519 b,TOI-519,2021,11.54525012,1.2652328,0.0159,687.0,0.33,3322.0,0.35,0.335,1,1,Transit,147.15455244
TOI-5205 b,TOI-5205,2023,11.6,1.630757,0.0199,737.0,0.02,3430.0,0.394,0.392,1,1,Transit,343.0
TOI-521 b,TOI-521,2025,1.98,1.54285047,0.0195,794.0,0.0,3544.0,0.421,0.42,1,1,Transit,5.3
TOI-5210 b,TOI-5210,2025,10.72699453,4.5661061,0.0557,1286.0,0.066,5723.0,1.209,1.105,1,1,Transit,81.99972901
TOI-5218 b,TOI-5218,2024,9.86,4.291452,0.0469,783.0,0.0,4230.0,0.708,0.739,1,1,Transit,657.0
TOI-5232 b,TOI-5232,2024,12.778238,4.0966692,0.05593,1772.0,0.035,6500.0,1.785,1.389,1,1,Transit,743.71847238
TOI-5238 b,TOI-5238,2022,5.22,4.872171,0.099815,1042.0,0.0,5631.0,1.02283,1.0,1,1,Transit,23.7
TOI-5261 b,TOI-5261,2025,11.60129502,4.1509768,0.05134,1244.0,0.1585,5790.0,1.021,1.037,1,1,Transit,3651.84839643
TOI-5292 A b,TOI-5292 A,2026,12.64373023,2.02191,0.0279,809.0,0.034,3919.0,0.611,0.596,2,1,Transit,412.85910069
TOI-5293 A b,TOI-5293 A,2023,11.9,2.930289,0.034,675.0,0.38,3586.0,0.52,0.54,2,1,Transit,170.4
TOI-530 b,TOI-530,2021,9.30345398,6.387597,0.052,565.0,0.0,3659.0,0.54,0.53,1,1,Transit,127.1313628
TOI-5300 b,TOI-5300,2025,9.86390302,2.262196,0.0295,1043.0,0.0,4610.0,0.65,0.67,1,1,Transit,190.6970442
TOI-5301 b,TOI-5301,2024,13.09208946,5.858858,0.073,1648.0,0.33,6240.0,2.19,1.483,1,1,Transit,1182.32167404
TOI-5319 b,TOI-5319,2024,2.83,4.07853,0.0506,695.0,0.0,3580.0,0.485,0.5,1,1,Transit,8.4
TOI-532 b,TOI-532,2021,5.82,2.3266508,0.0296,867.0,0.0,3927.0,0.612,0.639,1,1,Transit,61.5
TOI-5322 b,TOI-5322,2025,16.6117094,5.4233207,0.0604,1350.0,0.055,5692.0,1.462,0.998,1,1,Transit,184.02264765
TOI-5340 b,TOI-5340,2025,15.07607904,4.9394392,0.0628,1566.0,0.13,5990.0,1.842,1.35,1,1,Transit,270.15414595
TOI-5344 b,TOI-5344,2023,10.60369574,3.792622,0.04041,689.0,0.054,3747.0,0.588,0.612,1,1,Transit,130.94530368
TOI-5349 b,TOI-5349,2026,10.2,3.317921,0.0369,719.0,0.03,3751.0,0.58,0.61,1,1,Transit,127.4
TOI-5350 b,TOI-5350,2025,12.41955062,7.581367,0.0796,1195.0,0.0165,6220.0,1.263,1.167,1,1,Transit,2094.48920213
TOI-5380 b,TOI-5380,2026,3.48093238,3.77229247873,0.099815,1479.0,0.0,6400.78,1.5621,1.343,1,1,Transit,11.9
TOI-5386 A b,TOI-5386 A,2025,14.70618268,3.62156552,0.04856,1488.0,0.072,6094.0,1.245,1.165,2,1,Transit,155.10026262
TOI-5388.01,TOI-5388,2024,0.99,2.5946748,0.024335855,488.0,0.0,3440.0,0.3,0.292,1,1,Transit,2.2
TOI-5398 b,TOI-5398,2022,10.3,10.590547,0.098,947.0,0.13,6000.0,1.051,1.146,1,2,Transit,58.7
TOI-540 b,TOI-540,2020,0.903,1.2391491,0.01223,611.0,0.0,3216.0,0.1895,0.159,1,1,Transit,0.674
TOI-544 b,TOI-544,2022,2.018,1.548352,0.0225,999.0,0.0,4169.0,0.623,0.631,1,2,Transit,2.89
TOI-544 c,TOI-544,2023,4.92,50.089,0.099815,751.0,0.32,4169.0,0.623,0.631,1,2,Radial Velocity,21.5
TOI-5486 b,TOI-5486,2026,3.96824928,2.02470073205,0.099815,752.0,0.0,3750.17,0.553216,0.548138,1,1,Transit,14.9
TOI-5489 b,TOI-5489,2025,1.4,3.15222,0.099815,624.0,0.0,3547.0,0.42,0.41,1,2,Transit,2.54
TOI-5489 c,TOI-5489,2025,1.28,4.92126,0.099815,536.0,0.0,3547.0,0.42,0.41,1,2,Transit,2.18
TOI-5502 b,TOI-5502,2026,4.1287378,11.62592988285,0.099815,870.0,0.0,6088.71,1.32375,1.244,1,1,Transit,15.9
TOI-5515 b,TOI-5515,2026,2.65362762,8.59225810839,0.099815,778.1,0.0,5483.65,0.835682,0.963,1,1,Transit,7.53
TOI-5532 b,TOI-5532,2026,2.52763693,5.6539659431,0.099815,617.33,0.0,4208.45,0.662052,0.636083,1,1,Transit,6.93
TOI-558 b,TOI-558,2021,12.17295304,14.574071,0.1291,1061.0,0.298,6466.0,1.496,1.349,1,1,Transit,1147.36054927
TOI-559 b,TOI-559,2021,12.22899794,6.9839095,0.0723,1180.0,0.151,5925.0,1.233,1.026,1,1,Transit,1910.14872607
TOI-5595 b,TOI-5595,2026,4.73740402,5.99002553853,0.099815,621.0,0.0,4417.3,0.743344,0.645,1,1,Transit,20.1
TOI-5599 b,TOI-5599,2026,7.1888212,5.43691503941,0.099815,1496.0,0.0,6137.02,1.91334,1.21,1,1,Transit,40.9
TOI-5605 b,TOI-5605,2026,2.52611303,5.91340454843,0.099815,669.0,0.0,4583.79,0.736044,0.68,1,1,Transit,6.92
TOI-561 c,TOI-561,2020,2.865,10.778838,0.0889,802.0,0.023,5342.0,0.843,0.806,1,4,Transit,5.93
TOI-561 e,TOI-561,2020,2.517,77.144,0.33,416.0,0.074,5342.0,0.843,0.806,1,4,Transit,12.4
TOI-5624 b,TOI-5624,2026,2.314,3.3903473,0.04201,1136.0,0.0,5327.0,0.82,0.858,1,5,Transit,9.4
TOI-5624 c,TOI-5624,2026,2.474,7.885385,0.07374,857.0,0.0,5327.0,0.82,0.858,1,5,Transit,4.8
TOI-5624 d,TOI-5624,2026,3.584,13.731468,0.1067,712.6,0.0,5327.0,0.82,0.858,1,5,Transit,4.9
TOI-5624 f,TOI-5624,2026,3.66,45.37,0.2366,478.5,0.0,5327.0,0.82,0.858,1,5,Transit Timing Variations,13.0
TOI-5628 A b,TOI-5628 A,2026,8.29464572,4.3416612,0.0368,492.0,0.0,3310.0,0.35,0.36,2,1,Transit,28.60455663
TOI-564 b,TOI-564,2020,11.43318,1.651144,0.02734,1714.0,0.072,5640.0,1.088,0.998,1,1,Transit,464.98529
TOI-5678 b,TOI-5678,2023,4.91,47.73022,0.249,513.0,0.14,5485.0,0.938,0.905,1,1,Transit,20.0
TOI-5688 A b,TOI-5688 A,2024,10.3,2.94815527,0.03379,742.0,0.128,3713.0,0.57,0.6,2,1,Transit,124.0
TOI-5704 b,TOI-5704,2023,3.2274,3.771116,0.099815,949.07,0.0,4590.0,0.7575,0.73,1,1,Transit,10.5
TOI-5713 b,TOI-5713,2024,1.77,10.441989,0.06008,347.2,0.24,3225.0,0.2992,0.2653,1,1,Transit,3.78
TOI-5726.01,TOI-5726,2024,2.554,5.491125215,0.062186,1093.03,0.0,5874.0,1.106,1.06,1,1,Transit,7.05
TOI-5728 b,TOI-5728,2025,1.31,11.49761,0.099815,382.0,0.0,3419.0,0.37,0.36,1,1,Transit,2.27
TOI-5734 b,TOI-5734,2026,2.1,6.1841876,0.05921,688.0,0.0,4750.0,0.639,0.724,1,1,Transit,9.1
TOI-5736 b,TOI-5736,2025,1.56,0.64899,0.099815,1311.0,0.0,3949.0,0.58,0.57,1,1,Transit,3.05
TOI-5788 b,TOI-5788,2026,1.528,6.340758,0.064,910.0,0.061,5615.0,0.87,0.87,1,2,Transit,3.72
TOI-5788 c,TOI-5788,2026,2.272,16.213362,0.1197,667.0,0.046,5615.0,0.87,0.87,1,2,Transit,6.4
TOI-5789 b,TOI-5789,2026,1.26,2.76369,0.03608,1201.0,0.0,5185.0,0.833,0.821,1,4,Radial Velocity,2.12
TOI-5789 d,TOI-5789,2026,1.91,29.65,0.1756,545.0,0.096,5185.0,0.833,0.821,1,4,Radial Velocity,4.29
TOI-5795 b,TOI-5795,2025,5.62,6.1406325,0.064,1136.78,0.25,5715.0,1.082,0.901,1,1,Transit,23.66
TOI-5799 b,TOI-5799,2024,1.733,4.164507,0.0348,505.0,0.0,3452.0,0.321,0.325,1,2,Transit,3.65
TOI-5799 c,TOI-5799,2025,1.76,14.010449,0.0782,337.0,0.0,3452.0,0.321,0.325,1,2,Transit,3.75
TOI-5800 b,TOI-5800,2025,2.46,2.6278838,0.0344,1108.0,0.3,4850.0,0.773,0.778,1,1,Transit,9.5
TOI-5803 b,TOI-5803,2023,3.2732,5.38305,0.099815,678.87,0.0,5134.0,0.7625,0.87,1,1,Transit,10.7
TOI-5811 B b,TOI-5811 B,2026,21.96960217,6.25663,0.0731,1530.0,0.0,4840.0,3.73,1.08,3,1,Transit,257.44100967
TOI-5817 b,TOI-5817,2025,3.08,15.61031,0.1223,950.0,0.2,5770.0,1.427,0.97,2,1,Transit,10.3
TOI-5916 b,TOI-5916,2026,11.8,2.36712341,0.02789,716.0,0.045,3541.0,0.487,0.518,1,1,Transit,219.0
TOI-5926 b,TOI-5926,2026,7.56807148,3.81122794237,0.099815,987.0,0.0,5388.92,0.890046,0.946,1,1,Transit,44.6
TOI-5938 b,TOI-5938,2026,3.82,2.260424,0.0308,1077.0,0.0,4650.0,0.712,0.744,1,1,Transit,14.0
TOI-6000 b,TOI-6000,2025,0.94,0.448959,0.099815,1120.0,0.0,3419.0,0.38,0.37,1,1,Transit,0.779
TOI-6002 b,TOI-6002,2024,1.65,10.904821,0.05722,321.4,0.15,3229.0,0.2432,0.2101,1,1,Transit,3.36
TOI-6008 b,TOI-6008,2024,1.03,0.8574347,0.010777,707.0,0.0,3075.0,0.242,0.23,1,1,Transit,4.0
TOI-6016 b,TOI-6016,2024,13.67495645,4.023687,0.055,1890.0,0.0,6110.0,1.51,1.31,1,1,Transit,371.85923619
TOI-6019 b,TOI-6019,2026,12.3,14.547952,0.1212,1095.0,0.48,5561.0,2.02,1.13,1,1,Transit,149.0
TOI-6029 b,TOI-6029,2024,14.39233122,5.7987,0.099815,1484.0,0.091,6223.0,2.338,1.548,1,1,Transit,519.64944544
TOI-603 b,TOI-603,2026,7.37,16.179846,0.1282,899.0,0.0,6027.0,1.477,1.24,1,1,Transit,33.0
TOI-6034 b,TOI-6034,2024,11.92,2.576184,0.02949,714.0,0.04,3635.0,0.489,0.514,2,1,Transit,254.0
TOI-6038 A b,TOI-6038 A,2025,6.41,5.8267311,0.069,1439.0,0.0,6110.0,1.648,1.291,2,1,Transit,78.5
TOI-6041 c,TOI-6041,2025,10.5,88.0,0.3721,403.5,0.0,5445.0,0.879,0.885,1,2,Radial Velocity,77.9
TOI-6054.01,TOI-6054,2024,2.64,7.501428,0.0763,1360.0,0.164,6047.0,1.662,1.107,1,2,Transit,12.5
TOI-6054.02,TOI-6054,2024,2.82,12.563636,0.1079,1143.0,0.332,6047.0,1.662,1.107,1,2,Transit,9.3
TOI-6080 b,TOI-6080,2026,3.32424168,8.05562348084,0.099815,919.33,0.0,5775.46,1.06221,1.01,1,1,Transit,11.0
TOI-6086 b,TOI-6086,2024,1.18,1.3888725,0.01541,634.0,0.0,3200.0,0.259,0.254,1,1,Transit,1.76
TOI-6109 b,TOI-6109,2025,4.8704,5.690476,0.0599,700.0,0.0,5660.0,1.021,1.03,1,2,Transit,21.1
TOI-6109 c,TOI-6109,2025,4.8326,8.538878,0.0786,786.0,0.0,5660.0,1.021,1.03,1,2,Transit,20.8
TOI-615 b,TOI-615,2023,18.97680433,4.6615983,0.0678,1666.0,0.39,6850.0,1.732,1.449,1,1,Transit,138.25535705
TOI-6158 b,TOI-6158,2026,10.4,3.0446899,0.03275,636.0,0.059,3467.0,0.476,0.503,1,1,Transit,135.0
TOI-620 b,TOI-620,2022,3.76,5.0988179,0.04825,603.6,0.22,3708.0,0.55,0.577,1,1,Transit,13.6
TOI-622 b,TOI-622,2023,9.2362001,6.402513,0.0708,1388.0,0.42,6400.0,1.415,1.313,1,1,Transit,96.30200732
TOI-6223 b,TOI-6223,2025,5.07,3.855219,0.04018,714.0,0.0,3895.0,0.576,0.582,1,1,Transit,22.6
TOI-628 b,TOI-628,2021,11.88154,3.4095675,0.0486,1586.0,0.072,6250.0,1.345,1.311,1,1,Transit,2011.8639
TOI-6281 b,TOI-6281,2026,1.92416074,1.05426244177,0.099815,2240.0,0.0,4533.23,0.874219,0.65,1,1,Transit,4.36
TOI-6303 b,TOI-6303,2025,11.59,9.485236,0.0761,541.0,0.02,3977.0,0.609,0.644,1,1,Transit,2493.0
TOI-6324 b,TOI-6324,2025,1.059,0.279221,0.099815,1216.0,0.0,3247.0,0.293,0.269,1,1,Transit,1.17
TOI-6330 b,TOI-6330,2025,10.89,6.8500246,0.05763,495.0,0.34,3539.0,0.49,0.531,1,1,Transit,3179.0
TOI-6383 A b,TOI-6383 A,2024,11.29,1.79058695,0.02292,745.0,0.05,3444.0,0.457,0.458,2,1,Transit,331.0
TOI-640 b,TOI-640,2021,19.2794468,5.003777,0.06608,1816.0,0.013,6460.0,2.082,1.536,1,1,Transit,181.16219199
TOI-6420 b,TOI-6420,2025,11.93756445,6.961508,0.0753,1213.0,0.078,6020.0,1.312,1.165,1,1,Transit,2606.1929374
TOI-6448 b,TOI-6448,2025,8.47398941,14.844261,0.131,745.0,0.2,5910.0,0.897,1.03,1,1,Transit,54.0
TOI-6478 b,TOI-6478,2025,4.6,34.005019,0.1136,204.4,0.0,3230.0,0.234,0.23,2,1,Transit,19.2
TOI-654.01,TOI-654,2024,2.378,1.527561,0.01944,794.0,0.0,3521.0,0.43,0.419,1,1,Transit,8.71
TOI-6564 b,TOI-6564,2026,16.39873876,3.985413,0.0542,1445.0,0.0,5943.0,1.7,1.18,1,1,Transit,222.16205649
TOI-6628 b,TOI-6628,2025,10.98480109,18.18424,0.134,833.0,0.67,5463.0,1.01,0.97,1,1,Transit,235.19302118
TOI-663 b,TOI-663,2024,2.27,2.598902,0.0295,674.0,0.0,3681.0,0.512,0.514,1,3,Transit,4.45
TOI-663 c,TOI-663,2024,2.26,4.6955507,0.0437,553.0,0.0,3681.0,0.512,0.514,1,3,Transit,3.65
TOI-663 d,TOI-663,2024,1.92,7.1027268,0.0576,482.0,0.0,3681.0,0.512,0.514,1,3,Transit,5.2
TOI-6651 b,TOI-6651,2024,5.09,5.056973,0.0633,1493.0,0.091,5940.0,1.721,1.323,1,1,Transit,61.0
TOI-669 b,TOI-669,2023,2.58606487,3.945152,0.048,1124.85,0.0,5597.0,0.9882,0.9245,1,1,Transit,10.0
TOI-6692 b,TOI-6692,2026,11.67975789,131.125,0.512,467.0,0.537,5890.0,1.385,1.047,1,1,Transit,197.05361234
TOI-6699 b,TOI-6699,2026,2.32645266,5.32005926761,0.099815,976.0,0.0,4705.1,0.75309,0.75,1,1,Transit,6.02
TOI-6707 b,TOI-6707,2026,5.72673066,3.83479363758,0.099815,1509.43,0.0,6289.49,1.58202,1.14,1,1,Transit,27.8
TOI-672 b,TOI-672,2023,5.31,3.633581,0.0376,699.5,0.0,3810.0,0.54,0.54,1,1,Transit,50.9
TOI-674 b,TOI-674,2021,5.25,1.977143,0.025,635.0,0.0,3514.0,0.42,0.42,1,1,Transit,23.6
TOI-677 b,TOI-677,2020,13.11450742,11.2365985,0.1041,1252.0,0.46,6295.0,1.28,1.181,1,1,Transit,392.20025424
TOI-682.01,TOI-682,2021,3.74186,6.8392388,0.099815,1090.0,0.0,5085.0,1.08,0.85,1,1,Transit,13.5
TOI-697 b,TOI-697,2026,2.35859364,8.60788713593,0.099815,839.8,0.0,5681.95,0.968149,0.97,1,1,Transit,6.16
TOI-700 b,TOI-700,2020,0.914,9.977219,0.0677,417.0,0.075,3459.0,0.421,0.415,1,4,Transit,0.704
TOI-700 c,TOI-700,2020,2.6,16.051137,0.0929,356.0,0.068,3459.0,0.421,0.415,1,4,Transit,7.27
TOI-700 d,TOI-700,2020,1.073,37.42396,0.1633,268.8,0.042,3459.0,0.421,0.415,1,4,Transit,1.25
TOI-700 e,TOI-700,2023,0.953,27.80978,0.134,272.9,0.059,3459.0,0.421,0.415,1,4,Transit,0.818
TOI-7008 b,TOI-7008,2026,4.94735276,0.84069041367,0.099815,1783.0,0.0,5116.06,0.95255,0.88,1,1,Transit,21.7
TOI-7009 b,TOI-7009,2026,3.71,2.3206612,0.0287,872.0,0.0,4080.0,0.564,0.583,1,1,Transit,13.3
TOI-7041 b,TOI-7041,2025,11.43316031,9.691,0.099815,882.37,0.04,4700.0,4.1,1.07,1,1,Transit,114.41822652
TOI-707 b,TOI-707,2026,2.416,52.79918,0.275,491.7,0.0,5424.0,0.978,0.99,1,1,Transit,6.42
TOI-712 c,TOI-712,2022,2.701,51.69906,0.2447,369.9,0.089,4622.0,0.674,0.732,1,3,Transit,7.76
TOI-7149 b,TOI-7149,2025,13.2,2.65206166,0.02603,593.0,0.078,3363.0,0.351,0.344,1,1,Transit,224.0
TOI-715 b,TOI-715,2023,1.55,19.288004,0.083,234.0,0.0,3075.0,0.24,0.225,1,1,Transit,3.02
TOI-7155 b,TOI-7155,2026,2.40821473,3.89489711981,0.099815,914.0,0.0,4673.03,0.670748,0.755,1,1,Transit,6.38
TOI-7166 b,TOI-7166,2025,2.01,12.92063621,0.06191,249.0,0.0,3099.0,0.222,0.19,1,1,Transit,4.7
TOI-7169 b,TOI-7169,2026,16.53324653,3.4373125,0.0428,1631.0,0.055,5714.0,1.5,0.885,1,1,Transit,130.30964687
TOI-7189 b,TOI-7189,2026,10.9,2.89055,0.03294,738.0,0.0601,3775.0,0.591,0.612,1,1,Transit,159.04
TOI-7265 B b,TOI-7265 B,2026,10.7,4.17232,0.04007,571.0,0.0372,3503.0,0.497,0.521,2,1,Transit,224.95
TOI-733 b,TOI-733,2023,1.992,4.884765,0.0618,1055.8,0.046,5585.0,0.949,0.956,1,1,Transit,5.72
TOI-7384 b,TOI-7384,2026,3.56,6.2340258,0.0439,378.0,0.4,3185.0,0.319,0.318,1,1,Transit,12.4
TOI-7394 B b,TOI-7394 B,2026,11.5,1.252995,0.01913,986.0,0.0271,3717.0,0.609,0.624,2,1,Transit,668.74
TOI-7510 c,TOI-7510,2025,10.81,22.5687423,0.1595,702.0,0.0091,5720.0,1.035,1.063,1,3,Transit,131.0
TOI-756 c,TOI-756,2025,13.0,149.4,0.439,194.0,0.445,3657.0,0.505,0.505,1,2,Radial Velocity,1287.20504835
TOI-757 b,TOI-757,2024,2.5,17.46819,0.122,641.0,0.39,5278.0,0.78,0.8,1,1,Transit,10.5
TOI-762 A b,TOI-762 A,2024,8.33948164,3.4716826,0.03418,555.4,0.083,3266.0,0.425,0.442,2,1,Transit,79.77493016
TOI-763 b,TOI-763,2020,2.28,5.6057,0.06,1038.0,0.04,5450.0,0.897,0.917,1,2,Transit,9.79
TOI-771 b,TOI-771,2024,1.36,2.3260155,0.0208,543.0,0.055,3370.0,0.232,0.22,1,2,Transit,2.47
TOI-771 c,TOI-771,2025,1.5,7.61,0.046,365.0,0.065,3370.0,0.232,0.22,1,2,Radial Velocity,2.87
TOI-776 b,TOI-776,2020,1.798,8.24662,0.0653,520.0,0.052,3725.0,0.547,0.542,1,2,Transit,5.0
TOI-776 c,TOI-776,2020,2.047,15.665323,0.1001,420.0,0.089,3725.0,0.547,0.542,1,2,Transit,6.9
TOI-778 b,TOI-778,2023,15.4,4.633611,0.06,1561.0,0.21,6643.0,1.71,1.4,1,1,Transit,878.0
TOI-782 b,TOI-782,2024,2.734,8.0240015,0.0578,435.0,0.19,3370.0,0.413,0.397,1,1,Transit,19.1
TOI-799 b,TOI-799,2026,2.06631784,5.54519139676,0.099815,958.69,0.0,5662.81,0.915519,1.0,1,1,Transit,4.92
TOI-808 b,TOI-808,2026,2.20344362,9.73944854026,0.099815,710.98,0.0,5078.2,0.833198,0.87,1,1,Transit,5.49
TOI-815 b,TOI-815,2024,2.94,11.197259,0.0903,686.0,0.2,4869.0,0.77,0.776,2,2,Transit,7.6
TOI-815 c,TOI-815,2024,2.62,34.976145,0.193,469.0,0.22,4869.0,0.77,0.776,2,2,Transit,23.5
TOI-833 b,TOI-833,2022,1.27,1.0418777,0.0171,1118.0,0.0,3920.0,0.6,0.61,1,1,Transit,2.15
TOI-836 b,TOI-836,2023,1.704,3.81673,0.0422,871.0,0.053,4552.0,0.665,0.678,1,2,Transit,4.53
TOI-836.01,TOI-836,2021,2.587,8.59545,0.075,665.0,0.078,4552.0,0.665,0.678,1,2,Transit,9.6
TOI-837 b,TOI-837,2020,9.16894621,8.3249113,0.0888,995.3,0.0,5995.0,1.052,1.142,1,1,Transit,120.45696625
TOI-849 b,TOI-849,2020,3.64,0.765548,0.0155,1932.0,0.0,5257.0,0.97,0.97,1,1,Transit,41.8
TOI-858 B b,TOI-858 B,2023,14.06727078,3.2797178,0.04435,1529.0,0.15,5842.0,1.308,1.081,2,1,Transit,349.6112477
TOI-880 c,TOI-880,2025,4.95,6.3872703,0.0635,805.0,0.0,5050.0,0.83,0.87,1,2,Transit,21.7
TOI-880.02,TOI-880,2024,2.19,2.57571,0.0349,1085.0,0.0,5050.0,0.83,0.87,1,2,Transit,5.43
TOI-904 b,TOI-904,2023,2.426,10.8772,0.056,429.43,0.0,3770.2,0.527,0.557,1,2,Transit,6.46
TOI-905 b,TOI-905,2020,13.125739,3.739494,0.04666,1192.0,0.024,5570.0,0.918,0.968,1,1,Transit,211.99261
TOI-907.01,TOI-907,2024,9.6158851,4.5849129,0.055225481,1846.6,0.0,6272.0,2.059789,1.069357,1,1,Transit,67.0
TOI-908 b,TOI-908,2023,3.186,3.183792,0.041657,1317.0,0.132,5626.0,1.028,0.95,1,1,Transit,16.137
TOI-912 b,TOI-912,2025,1.93,4.6780691,0.041,551.0,0.58,3572.0,0.419,0.418,1,1,Transit,5.1
TOI-913 b,TOI-913,2023,2.4528,11.098644,0.099815,712.01,0.0,4969.0,0.7325,0.82,1,1,Transit,6.59
TOI-921 b,TOI-921,2026,3.53409617,5.12871907628,0.099815,951.0,0.0,6011.66,1.14165,1.13,1,1,Transit,12.2
TOI-938 b,TOI-938,2026,4.82401567,8.80733882211,0.099815,1073.0,0.0,5829.42,0.985134,1.1,1,1,Transit,20.8
TOI-941 b,TOI-941,2026,6.51165317,8.51460888787,0.099815,982.42,0.0,5745.88,1.1849,1.078,1,1,Transit,34.6
TOI-942 b,TOI-942,2020,3.89,4.32421,0.04866,1120.0,0.34,4969.0,0.894,0.822,1,2,Transit,826.358
TOI-942 c,TOI-942,2020,4.67,10.156272,0.08598,772.63,0.32,4969.0,0.894,0.822,1,2,Transit,37.0
TOI-969 b,TOI-969,2022,2.765,1.8237305,0.02636,941.0,0.0,4435.0,0.671,0.734,1,2,Transit,9.1
TOI-969 c,TOI-969,2022,12.4,1700.0,2.52,96.4,0.628,4435.0,0.671,0.734,1,2,Radial Velocity,3591.4609991
TRAPPIST-1 b,TRAPPIST-1,2016,1.116,1.510826,0.01154,397.6,0.00622,2566.0,0.1192,0.0898,1,7,Transit,1.374
TRAPPIST-1 c,TRAPPIST-1,2016,1.097,2.421937,0.0158,339.7,0.00654,2566.0,0.1192,0.0898,1,7,Transit,1.308
TRAPPIST-1 d,TRAPPIST-1,2016,0.788,4.049219,0.02227,286.2,0.00837,2566.0,0.1192,0.0898,1,7,Transit,0.388
TRAPPIST-1 f,TRAPPIST-1,2017,1.045,9.20754,0.03849,217.7,0.01007,2566.0,0.1192,0.0898,1,7,Transit,1.039
TRAPPIST-1 h,TRAPPIST-1,2017,0.755,18.772866,0.06189,171.7,0.00567,2566.0,0.1192,0.0898,1,7,Transit,0.326
TYC 0434-04538-1 b,TYC 0434-04538-1,2021,12.7,193.2,0.66,877.8,0.08,4679.0,9.99,1.04,1,1,Radial Velocity,1938.763
TYC 1422-614-1 b,TYC 1422-614-1,2014,13.3,198.4,0.69,730.19,0.06,4806.0,6.85,1.15,1,2,Radial Velocity,794.5
TYC 1422-614-1 c,TYC 1422-614-1,2014,12.5,559.3,1.37,518.21,0.048,4806.0,6.85,1.15,1,2,Radial Velocity,3178.0
TYC 2187-512-1 b,TYC 2187-512-1,2022,12.5,691.9,1.22,114.69,0.05,3734.0,0.495,0.498,1,1,Radial Velocity,104.88337431
TYC 3318-01333-1 b,TYC 3318-01333-1,2018,13.1,562.0,1.414,470.43,0.098,4776.0,5.9,1.19,1,1,Radial Velocity,1086.9786
TYC 4282-00605-1 b,TYC 4282-00605-1,2017,12.4,101.54,0.422,1285.1,0.28,4300.0,16.21,0.97,1,1,Radial Velocity,3426.2074
TYC 8998-760-1 c,TYC 8998-760-1,2020,12.3299,10.559687499999999,320.0,1240.0,0.0,4573.0,1.02,1.0,1,2,Imaging,1906.98
Teegarden's Star d,Teegarden's Star,2024,0.954,26.13,0.0791,159.0,0.07,3034.0,0.12,0.097,1,3,Radial Velocity,0.82
TrES-1 b,TrES-1,2004,12.66617,3.03007,0.03925,1140.0,0.0,5230.0,0.85,1.04,2,1,Transit,266.9772
TrES-2 b,TrES-2,2006,15.24424,2.47063,0.03568,1466.0,0.0,5850.0,1.12,1.36,2,1,Transit,473.5667
TrES-3 b,TrES-3,2007,14.975,1.30618581,0.02282,1638.0,0.0,5650.0,0.829,0.928,1,1,Transit,607.03
TrES-5 b,TrES-5,2011,13.383546,1.48224686,0.02459,1480.0,0.0,5171.0,0.868,0.901,1,1,Transit,568.9157
UKIRT-2017-BLG-001L b,UKIRT-2017-BLG-001L,2018,13.7,10.559687499999999,4.18,751.0,0.0,5544.0,0.95,0.81,1,1,Microlensing,407.0
V0391 Peg b,V0391 Peg,2007,13.1,1170.0,1.7,519.69,0.0,29300.0,0.23,0.5,1,1,Pulsation Timing Variations,1017.056
V1298 Tau d,V1298 Tau,2019,6.53,12.401394,0.1081,831.0,0.0087,4970.0,1.32,1.1,3,4,Transit,6.0
V1298 Tau e,V1298 Tau,2019,10.17,48.677714,0.2689,527.0,0.0124,4970.0,1.32,1.1,3,4,Transit,15.3
WASP-10 b,WASP-10,2008,12.106,3.0927616,0.03781,1370.0,0.0473,4675.0,0.698,0.75,1,1,Transit,1001.12
WASP-100 b,WASP-100,2014,14.90797,2.84938,0.04574,2099.0,0.0,6900.0,1.57,0.77,2,1,Transit,400.4658
WASP-101 b,WASP-101,2014,16.02887,3.58572,0.05057,1560.0,0.0,6380.0,1.31,1.41,1,1,Transit,162.0933
WASP-102 b,WASP-102,2025,14.90794433,2.709813,0.041,1671.0,0.0,5990.0,1.375,1.08,1,1,Transit,197.68926915
WASP-103 b,WASP-103,2014,17.127,0.925542,0.01985,2508.0,0.0,6110.0,1.436,1.22,1,1,Transit,473.547
WASP-104 b,WASP-104,2014,12.745,1.7554137,0.02918,1516.0,0.0,5475.0,0.963,1.076,2,1,Transit,404.263
WASP-107 b,WASP-107,2017,10.48039695,5.7214875,0.055,736.0,0.052,4425.0,0.657,0.683,1,2,Transit,33.02237149
WASP-11 b,WASP-11,2008,12.44199,3.72247,0.0435,992.0,0.0,4800.0,0.89,1.42,3,1,Transit,251.0857
WASP-110 b,WASP-110,2021,13.19297028,3.7784022,0.099815,1158.0,0.0,5392.0,0.853,0.814,1,1,Transit,154.78243421
WASP-114 b,WASP-114,2016,15.008851,1.5487743,0.02851,2043.0,0.012,5940.0,1.43,1.289,2,1,Transit,562.24127
WASP-116 b,WASP-116,2025,13.67495645,6.6132,0.065,1414.0,0.0,6250.0,1.426,1.25,1,1,Transit,203.41018048
WASP-118 b,WASP-118,2016,16.14096,4.0460435,0.05453,1729.0,0.0,6410.0,1.696,1.32,1,1,Transit,163.36462
WASP-12 b,WASP-12,2008,22.02564708,1.091418901,0.0234,2601.0,0.0447,6265.0,1.69,1.325,3,1,Transit,467.2101
WASP-120 b,WASP-120,2016,15.58048317,3.61126721,0.0514,1749.0,0.057,6450.0,1.68443,1.393,1,1,Transit,1541.4755
WASP-121 b,WASP-121,2016,19.52604438,1.27492504,0.02571,2409.0,0.0085,6628.0,1.461,1.33,1,1,Transit,371.85923619
WASP-123 b,WASP-123,2016,15.13212395,2.97764359,0.04263,1500.0,0.0,5740.0,1.285,1.166,2,1,Transit,285.72917
WASP-126 b,WASP-126,2016,10.51358773,3.28883,0.0449,1480.0,0.18,5800.0,1.27,1.12,1,1,Transit,90.3
WASP-127 b,WASP-127,2016,14.694999,4.17806203,0.0484,1400.0,0.0,5620.0,1.333,0.95,2,1,Transit,52.346601
WASP-129 b,WASP-129,2016,10.42437,5.748145,0.0628,1100.0,0.096,5900.0,0.9,1.0,2,1,Transit,317.83
WASP-13 b,WASP-13,2009,13.67498,4.35301,0.05362,1531.0,0.0,5950.0,1.37,0.72,1,1,Transit,114.4188
WASP-130 b,WASP-130,2016,9.97601,11.55098,0.1012,833.0,0.0,5625.0,0.96,1.04,1,1,Transit,390.9309
WASP-131 b,WASP-131,2016,13.74221034,5.3220125,0.0608,1460.0,0.0,5990.0,1.561,1.06,1,1,Transit,86.76715511
WASP-132 b,WASP-132,2016,10.09929161,7.1335164,0.0674,682.0,0.0163,4686.0,0.758,0.789,1,3,Transit,136.0305582
WASP-132 c,WASP-132,2022,1.841,1.01153624,0.01833,1329.0,0.0,4686.0,0.758,0.789,1,3,Transit,6.26
WASP-132 d,WASP-132,2024,12.8,1816.6,2.71,107.0,0.12,4686.0,0.758,0.789,1,3,Radial Velocity,1639.99458012
WASP-135 b,WASP-135,2015,14.5717,1.4013794,0.0243,1403.66,0.0,5675.0,0.96,0.98,1,1,Transit,603.877
WASP-136 b,WASP-136,2016,16.81347105,5.21536178778,0.0661,1630.0,0.0,6250.0,2.39014,1.41,1,1,Transit,479.92089457
WASP-139 b,WASP-139,2016,8.9672,5.924262,0.062,910.0,0.0,5310.0,0.8,0.92,2,1,Transit,37.18611
WASP-14 b,WASP-14,2008,15.46842,2.24375,0.037,1872.0,0.09,6475.0,1.4,1.62,3,1,Transit,2809.6172
WASP-140 b,WASP-140,2016,14.23540549,2.23598448,0.0323,1270.0,0.047,5300.0,0.87,0.9,2,1,Transit,775.5052
WASP-141 b,WASP-141,2016,13.56289,3.310651,0.0469,1540.0,0.0,5900.0,1.37,1.25,1,1,Transit,854.9627
WASP-142 b,WASP-142,2016,17.14977,2.052868,0.0347,2000.0,0.0,6010.0,1.64,1.33,1,1,Transit,266.9772
WASP-144 b,WASP-144,2018,9.52765,2.2783152,0.0316,1260.0,0.0,5200.0,0.81,0.81,1,1,Transit,139.8452
WASP-145 A b,WASP-145 A,2018,10.0881,1.7690381,0.0261,1200.0,0.0,4900.0,0.68,0.76,2,1,Transit,282.8687
WASP-148 b,WASP-148,2020,8.47398941,8.803809,0.08215,940.0,0.208,5555.0,0.912,0.954,1,2,Transit,91.21675281
WASP-148 c,WASP-148,2020,13.9,34.524,0.2044,590.0,0.1809,5555.0,0.912,0.954,1,2,Radial Velocity,124.58873554
WASP-149 b,WASP-149,2025,15.24421375,1.332813,0.024,1855.0,0.0,5750.0,1.08,1.05,1,1,Transit,314.96795134
WASP-15 b,WASP-15,2009,15.80469,3.7521,0.05165,1676.0,0.0,6300.0,1.48,1.18,1,1,Transit,171.6282
WASP-150 b,WASP-150,2020,11.99363,5.644207,0.0694,1460.0,0.3775,6218.0,1.651,1.394,1,1,Transit,2688.8418
WASP-151 b,WASP-151,2017,13.30506009,4.5334775,0.055,1312.0,0.0,5871.0,1.181,1.081,1,1,Transit,100.43377661
WASP-153 b,WASP-153,2017,17.37395,3.332609,0.048,1700.0,0.009,5914.0,1.73,1.336,1,1,Transit,123.9537
WASP-154 b,WASP-154,2025,10.76062147,3.811678,0.044,994.0,0.0,4774.0,0.823,0.8,1,1,Transit,198.96058278
WASP-155 b,WASP-155,2025,13.45077684,3.110413,0.043,1468.0,0.0,5660.0,1.24,1.09,1,1,Transit,276.8285425
WASP-157 b,WASP-157,2016,11.19,3.951623,0.0499,1193.0,0.0,5772.0,1.1,1.06,1,1,Transit,182.43442
WASP-16 b,WASP-16,2009,13.67498,3.1186,0.0415,1389.0,0.0,5700.0,1.14,1.78,1,1,Transit,394.1092
WASP-160 B b,WASP-160 B,2018,12.21781,3.7684952,0.0452,1119.0,0.0,5298.0,0.868,0.87,2,1,Transit,88.35674
WASP-161 b,WASP-161,2018,12.811887,5.4060425,0.0673,1557.0,0.0,6400.0,1.712,1.39,1,1,Transit,791.3967
WASP-162 b,WASP-162,2018,11.209,9.62468,0.0871,910.0,0.434,5300.0,1.11,0.95,1,1,Transit,1652.716
WASP-164 b,WASP-164,2018,12.643752,1.7771255,0.02818,1610.0,0.0,5806.0,0.932,0.946,1,1,Transit,676.9779
WASP-165 b,WASP-165,2018,14.12334,3.465509,0.04823,1624.0,0.0,5599.0,1.75,1.248,1,1,Transit,209.13214
WASP-166 b,WASP-166,2019,7.06167,5.44354,0.0641,1270.0,0.0,6050.0,1.22,1.19,1,1,Transit,32.10083
WASP-167 b,WASP-167,2017,17.71022,2.0219596,0.0365,2329.0,0.0,7000.0,1.79,1.59,1,1,Transit,2542.64
WASP-169 b,WASP-169,2019,14.616536,5.6114118,0.0681,1604.0,0.0,6110.0,2.011,1.337,1,1,Transit,178.30263
WASP-170 b,WASP-170,2018,12.285064,2.34478022,0.0337,1422.0,0.0,5600.0,0.938,0.93,1,1,Transit,508.528
WASP-171 b,WASP-171,2019,10.98482,3.8186244,0.0504,1642.0,0.0,5965.0,1.637,1.171,1,1,Transit,344.52772
WASP-175 b,WASP-175,2019,13.540472,3.0652907,0.04403,1571.0,0.0,6229.0,1.204,1.212,1,1,Transit,314.6517
WASP-176 b,WASP-176,2020,16.869545,3.899052,0.0535,1721.0,0.0,5941.0,1.925,1.345,1,1,Transit,271.74465
WASP-177 b,WASP-177,2019,17.71022,3.071722,0.03957,1142.0,0.0,5017.0,0.885,0.876,1,1,Transit,161.45764
WASP-178 b,WASP-178,2019,20.28829,3.3448285,0.0558,2470.0,0.0,9360.0,1.67,2.07,1,1,Transit,527.5978
WASP-18 b,WASP-18,2009,13.89913607,0.94145223,0.02024,2429.0,0.0051,6432.0,1.319,1.294,2,1,Transit,3241.8497514
WASP-184 b,WASP-184,2019,14.90797,5.1817,0.0627,1480.0,0.0,6000.0,1.65,1.23,1,1,Transit,181.1631
WASP-185 b,WASP-185,2019,14.01125,9.38755,0.0904,1160.0,0.24,5900.0,1.5,1.12,1,1,Transit,311.4734
WASP-186 b,WASP-186,2020,12.44199,5.026799,0.06,1378.4,0.33,6361.0,1.47,1.22,1,1,Transit,1341.2426
WASP-187 b,WASP-187,2020,18.38276,5.147878,0.0653,1760.0,0.0,6150.0,2.83,1.54,1,1,Transit,254.264
WASP-188 b,WASP-188,2025,14.81827249,5.748916,0.072,1666.0,0.0,6850.0,1.83,1.5,1,1,Transit,458.6263913
WASP-192 b,WASP-192,2019,13.78707,2.8786765,0.0408,1620.0,0.0,5910.0,1.32,1.09,1,1,Transit,731.009
WASP-194 b,WASP-194,2025,15.47960235,3.183387,0.047,1693.0,0.0,6405.0,1.409,1.29,1,1,Transit,373.13054982
WASP-195 b,WASP-195,2025,10.31226224,5.051928,0.063,1522.0,0.0,6300.0,1.578,1.3,1,1,Transit,33.05415433
WASP-197 b,WASP-197,2025,14.44837612,5.167228,0.065,1665.0,0.0,6050.0,2.112,1.36,1,1,Transit,403.32424848
WASP-2 b,WASP-2,2007,12.116929,2.152175,0.03144,1311.0,0.0054,5180.0,0.866,0.895,2,1,Transit,295.89973
WASP-21 b,WASP-21,2010,11.99,4.322482,0.052,1333.0,0.0,5800.0,1.06,1.01,1,1,Transit,95.345
WASP-22 b,WASP-22,2010,13.78707,3.53269,0.047,1502.0,0.02,6000.0,1.24,1.46,1,1,Transit,212.9461
WASP-23 b,WASP-23,2010,10.783,2.9444256,0.0376,1076.55,0.062,5150.0,0.765,0.78,1,1,Transit,280.95
WASP-24 b,WASP-24,2010,15.46842,2.34121,0.03651,1772.0,0.0,6075.0,1.42,1.43,3,1,Transit,394.1092
WASP-25 b,WASP-25,2010,13.80946422,3.7648337,0.0473,1217.0,0.0,5697.0,0.884,0.962,1,1,Transit,179.25522155
WASP-26 b,WASP-26,2010,13.56289,2.7566,0.04,1650.0,0.0,6034.0,1.22,0.86,2,1,Transit,270.1555
WASP-28 b,WASP-28,2014,13.66374747,3.40883495,0.0442,1456.0,0.0,6084.0,1.083,0.993,1,1,Transit,282.54945382
WASP-29 b,WASP-29,2010,8.63093,3.92273,0.0457,970.0,0.03,4800.0,0.79,0.77,1,1,Transit,73.1009
WASP-3 b,WASP-3,2007,15.91678,1.84683,0.0315,2020.0,0.0,6400.0,1.44,1.62,3,1,Transit,772.3269
WASP-31 b,WASP-31,2010,17.363,3.4059096,0.04659,1423.7,0.0,6302.0,1.252,1.163,1,1,Transit,151.916
WASP-32 b,WASP-32,2010,10.76064,2.71866,0.0394,1388.0,0.0,6140.0,0.95,0.72,1,1,Transit,835.8929
WASP-33 b,WASP-33,2010,17.855937,1.21987,0.0239,2781.7,0.0,7430.0,1.444,1.495,2,1,Transit,665.21819
WASP-35 b,WASP-35,2011,14.5717,3.16158,0.04317,1338.29,0.0,5990.0,1.08,1.05,1,1,Transit,225.6593
WASP-36 b,WASP-36,2011,14.874343,1.53736596,0.02677,1733.0,0.0,5959.0,0.985,1.081,2,1,Transit,750.39663
WASP-39 b,WASP-39,2011,14.336311,4.0552941,0.04828,1166.0,0.0,5485.0,0.939,0.913,1,1,Transit,89.31023
WASP-4 b,WASP-4,2007,15.12091496,1.338230994,0.02261,1653.0,0.0053,5436.0,0.912,0.899,1,1,Transit,381.3940884
WASP-41 b,WASP-41,2011,12.3299,3.0524,0.04022,1244.0,0.0,5545.0,0.83,0.81,1,2,Transit,270.1555
WASP-41 c,WASP-41,2015,13.1,421.0,1.07,241.0,0.294,5545.0,0.87,0.93,1,2,Radial Velocity,1010.6994
WASP-43 b,WASP-43,2011,10.424,0.813475,0.0142,1426.7,0.0,4400.0,0.6,0.58,1,1,Transit,565.714
WASP-44 b,WASP-44,2011,12.3299,2.423804,0.03453,1337.0,0.0,5420.0,0.906,0.935,1,1,Transit,276.5121
WASP-45 b,WASP-45,2011,10.603714,3.126089,0.03963,1153.0,0.0,5150.0,0.855,0.85,2,1,Transit,306.38812
WASP-46 b,WASP-46,2011,13.159366,1.43036763,0.02335,1636.0,0.0,5600.0,0.858,0.828,1,1,Transit,607.0553
WASP-47 b,WASP-47,2012,12.86,4.159151,0.052,1275.0,0.0006,5565.0,1.156,1.058,1,4,Transit,374.0
WASP-47 e,WASP-47,2015,1.83,0.78961,0.01673,1992.0,0.0,5565.0,1.156,1.058,1,4,Transit,9.0
WASP-48 b,WASP-48,2011,16.8135,2.14363,0.03444,2035.0,0.0,5920.0,1.58,0.88,1,1,Transit,254.264
WASP-50 b,WASP-50,2011,13.069694,1.9551,0.0293,1394.84,0.009,5400.0,0.843,0.892,1,1,Transit,466.828704
WASP-52 b,WASP-52,2012,14.24,1.7497798,0.0272,1315.0,0.0,5000.0,0.79,0.87,1,1,Transit,146.2
WASP-53 b,WASP-53,2017,12.038466,3.3098443,0.04101,1053.0,0.03,4953.0,0.798,0.839,1,2,Transit,677.61356
WASP-54 b,WASP-54,2012,17.71022,3.69364,0.04988,1759.0,0.07,6100.0,1.76,1.08,2,1,Transit,187.5197
WASP-56 b,WASP-56,2012,10.53646,4.6171,0.05614,1216.0,0.0,5600.0,0.96,0.71,2,1,Transit,143.0235
WASP-57 b,WASP-57,2012,11.76945,2.83891856,0.03769,1338.0,0.0,5600.0,0.927,0.886,1,1,Transit,204.68252
WASP-58 b,WASP-58,2012,16.02887,5.01718,0.0562,1270.0,0.0,5800.0,1.22,1.06,2,1,Transit,308.2951
WASP-59 b,WASP-59,2012,8.687,7.919585,0.0697,670.0,0.1,4650.0,0.613,0.719,1,1,Transit,274.276
WASP-60 b,WASP-60,2012,9.86392,4.305,0.05548,1479.0,0.0,5900.0,1.17,1.19,1,1,Transit,174.8065
WASP-62 b,WASP-62,2012,14.79588,4.41195,0.0571,1475.3,0.0,6230.0,1.23,1.11,1,1,Transit,165.2716
WASP-64 b,WASP-64,2012,14.247,1.5732918,0.02648,1689.0,0.0,5400.0,1.058,1.004,2,1,Transit,403.945
WASP-65 b,WASP-65,2013,12.464,2.3114243,0.0334,1480.0,0.0,5600.0,1.01,0.93,1,1,Transit,492.62
WASP-66 b,WASP-66,2012,15.6926,4.08605,0.0546,1569.7,0.0,6600.0,1.76,1.33,1,1,Transit,746.9005
WASP-67 b,WASP-67,2012,12.89035,4.61442,0.05179,1003.0,0.0,5200.0,0.88,0.91,1,1,Transit,136.6669
WASP-68 b,WASP-68,2014,14.79588,5.0843,0.06206,1490.0,0.0,5910.0,1.79,1.49,2,1,Transit,343.2564
WASP-69 b,WASP-69,2014,11.21,3.86813881,0.0453,971.0,0.0,4792.0,0.801,0.83,1,1,Transit,82.58
WASP-7 b,WASP-7,2008,14.90797,4.9546416,0.0617,1487.0,0.034,6400.0,1.432,1.276,1,1,Transit,305.1168
WASP-70 A b,WASP-70 A,2014,13.047,3.7130203,0.04853,1387.0,0.0,5763.0,1.215,1.106,2,1,Transit,187.512
WASP-71 b,WASP-71,2012,13.22662,2.90367,0.046,2016.1,0.0,6050.0,1.82,0.76,1,1,Transit,441.7837
WASP-72 b,WASP-72,2012,14.45961,2.21673,0.03711,2210.0,0.0,6250.0,2.18,2.78,1,1,Transit,731.009
WASP-73 b,WASP-73,2014,15.91678,4.08722,0.05512,1790.0,0.0,6030.0,2.55,2.52,1,1,Transit,908.9938
WASP-75 b,WASP-75,2013,14.235,2.484193,0.0375,1710.0,0.0,6100.0,1.26,1.14,2,1,Transit,340.06
WASP-76 b,WASP-76,2016,20.78145022,1.80988198,0.033,2228.0,0.0,6329.0,1.756,1.458,2,1,Transit,284.13859586
WASP-77 A b,WASP-77 A,2012,13.56,1.360029395,0.023233633,1674.0,0.01353,5617.0,0.91,0.903,2,1,Transit,529.31142902
WASP-79 b,WASP-79,2012,17.14974047,3.662392,0.0519,1716.2,0.0,6600.0,1.51,1.39,1,1,Transit,270.15414595
WASP-8 b,WASP-8,2010,12.66617,8.15872,0.0801,1059.0,0.31,5600.0,1.03,1.34,2,2,Transit,807.2882
WASP-8 c,WASP-8,2013,12.5,4323.0,5.28,116.99,0.0,5690.0,0.96,1.04,2,2,Radial Velocity,3003.37
WASP-80 b,WASP-80,2012,11.197791,3.06785234,0.0344,825.0,0.002,4143.0,0.586,0.577,1,1,Transit,170.99254
WASP-81 b,WASP-81,2017,16.017661,2.7164762,0.03908,1623.0,0.066,5870.0,1.283,1.08,1,1,Transit,231.69807
WASP-83 b,WASP-83,2015,11.65736,4.971252,0.059,1120.0,0.0,5510.0,1.05,1.11,1,1,Transit,95.349
WASP-84 c,WASP-84,2023,1.95,1.4468849,0.02359,1329.0,0.0,5280.0,0.768,0.853,1,2,Transit,15.2
WASP-87 b,WASP-87,2016,15.524465,1.682795,0.02946,2049.54,0.0,6450.0,1.627,1.204,2,1,Transit,692.8694
WASP-88 b,WASP-88,2014,16.36514,4.954,0.06431,1772.0,0.0,6430.0,1.8,0.94,1,1,Transit,133.4886
WASP-89 b,WASP-89,2015,11.65736,3.3564227,0.0427,1120.0,0.193,5130.0,0.88,0.92,1,1,Transit,1875.197
WASP-90 b,WASP-90,2016,18.27067,3.916243,0.0562,1840.0,0.0,6430.0,1.98,1.55,1,1,Transit,200.2329
WASP-91 b,WASP-91,2017,11.54527,2.798581,0.037,1160.0,0.0,4920.0,0.86,0.84,1,1,Transit,425.8922
WASP-92 b,WASP-92,2016,16.376349,2.1746742,0.0348,1871.0,0.0,6280.0,1.341,1.19,1,1,Transit,255.85315
WASP-93 b,WASP-93,2016,17.900773,2.7325321,0.04211,1942.0,0.0,6700.0,1.524,1.334,1,1,Transit,467.2101
WASP-94 A b,WASP-94 A,2014,17.71022,3.95019,0.055,1604.0,0.0,6170.0,1.48,1.67,2,2,Transit,158.915
WASP-95 b,WASP-95,2014,13.78707,2.18467,0.03416,1570.0,0.0,5830.0,1.23,1.46,1,1,Transit,457.6752
WASP-96 b,WASP-96,2014,13.45,3.4252602,0.0453,1285.0,0.0,5540.0,1.05,1.06,1,1,Transit,152.55
WASP-97 b,WASP-97,2014,12.77826,2.07276,0.03303,1555.0,0.0,5640.0,1.08,1.18,1,1,Transit,432.2488
WASP-98 b,WASP-98,2014,12.823096,2.96264036,0.03762,1171.0,0.0,5473.0,0.741,0.809,2,1,Transit,293.03926
WASP-99 b,WASP-99,2014,11.43318,5.75251,0.0717,1480.0,0.0,6150.0,1.64,1.21,1,1,Transit,772.3269
WISPIT 1 b,WISPIT 1,2025,12.4,10.559687499999999,338.0,12.94,0.0,4670.0,1.1161,0.72,2,2,Imaging,3305.4154328
WISPIT 1 c,WISPIT 1,2025,12.8,10.559687499999999,840.0,8.21,0.0,4670.0,1.1161,0.72,2,2,Imaging,1684.4905571
WISPIT 2 b,WISPIT 2,2025,17.93436912,10.559687499999999,57.0,33.46,0.0,4400.0,1.418,1.08,1,2,Imaging,1541.46777395
WISPIT 2 c,WISPIT 2,2026,17.93436912,10.559687499999999,14.0,2050.0,0.0,4530.0,1.3,1.08,1,2,Imaging,3178.28407
WTS-1 b,WTS-1,2012,16.7,3.352057,0.047,1500.0,0.1,6250.0,1.15,1.2,1,1,Transit,1274.44
WTS-2 b,WTS-2,2014,15.277867,1.0187068,0.01855,2000.0,0.0,5000.0,0.752,0.82,1,1,Transit,355.9696
Wendelstein-2 b,Wendelstein-2,2020,12.9934728,1.7522239,0.0234,2470.0,0.057,4591.0,0.66,0.73,1,1,Transit,232.33373
Wolf 1061 b,Wolf 1061,2015,1.21,4.8869,0.0375,461.1,0.15,3342.0,0.307,0.294,1,3,Radial Velocity,1.91
Wolf 1061 c,Wolf 1061,2015,1.66,17.8719,0.089,299.3,0.11,3342.0,0.307,0.294,1,3,Radial Velocity,3.41
Wolf 1061 d,Wolf 1061,2015,2.69,217.21,0.47,130.24,0.55,3342.0,0.307,0.294,1,3,Radial Velocity,7.7
Wolf 1069 b,Wolf 1069,2023,1.08,15.564,0.0672,250.1,0.0,3158.0,0.1813,0.167,1,1,Radial Velocity,1.26
Wolf 327 b,Wolf 327,2024,1.24,0.5734745,0.01,996.0,0.0,3542.0,0.406,0.405,1,1,Transit,2.53
Wolf 503 b,Wolf 503,2018,2.043,6.00127,0.05706,790.0,0.41,4716.0,0.689,0.688,1,1,Transit,6.26
XO-2 N b,XO-2 N,2007,11.130537,2.61585906,0.03666,1328.0,0.0,5290.0,0.998,0.96,2,4,Transit,199.91507
XO-2 S b,XO-2 S,2014,10.9,18.22,0.1347,706.59,0.15,5325.0,1.02,0.98,2,4,Radial Velocity,82.63538582
XO-2 S c,XO-2 S,2014,13.6,120.059,0.4737,376.79,0.149,5325.0,1.02,0.98,2,4,Radial Velocity,438.60320166
XO-2 S d,XO-2 S,2024,13.0,4696.0,5.46,110.98,0.091,5325.0,1.02,0.98,2,4,Radial Velocity,1179.14338997
XO-4 b,XO-4,2010,14.01125,4.12508,0.05524,1630.0,0.0,6397.0,1.45,1.1,1,1,Transit,451.3186
XO-5 b,XO-5,2008,12.78,4.1877558,0.0515,1230.0,0.0,5430.0,1.13,1.04,1,1,Transit,378.2
XO-6 b,XO-6,2016,23.20263,3.7650007,0.0815,1577.0,0.0,6720.0,1.93,1.47,1,1,Transit,1398.452
XO-7 b,XO-7,2019,15.389957,2.8641424,0.04421,1743.0,0.038,6250.0,1.48,1.405,1,1,Transit,225.34147
YZ Cet b,YZ Cet,2017,0.913,2.02087,0.01634,471.2,0.06,3151.0,0.157,0.142,1,3,Radial Velocity,0.7
YZ Cet c,YZ Cet,2017,1.05,3.05989,0.02156,410.3,0.0,3151.0,0.157,0.142,1,3,Radial Velocity,1.14
YZ Cet d,YZ Cet,2017,1.03,4.65626,0.02851,356.7,0.07,3151.0,0.157,0.142,1,3,Radial Velocity,1.09
alf Tau b,alf Tau,2015,12.7,628.96,1.46,1086.77,0.1,4055.0,45.1,1.13,2,1,Radial Velocity,2056.3601
bet Cnc b,bet Cnc,2014,12.6,605.2,1.7,1039.74,0.08,4092.1,47.2,1.7,2,1,Radial Velocity,2479.0
bet Pic b,bet Pic,2008,18.49485,8682.0,10.07,1612.0,0.105,8038.68,1.54416,1.789,1,3,Imaging,2765.1071409
bet Pic c,bet Pic,2019,12.5,1202.0,2.7,1250.0,0.307,8038.68,1.54416,1.789,1,3,Radial Velocity,2765.1071409
bet Pic d,bet Pic,2026,14.12331568,33200.0,26.0,600.0,0.44,8038.68,1.54416,1.789,1,3,Imaging,762.7881768
bet UMi b,bet UMi,2014,12.7,522.3,1.4,1040.63,0.19,4126.0,38.3,1.4,1,1,Radial Velocity,1938.7
eps CrB b,eps CrB,2012,12.7,417.9,1.3,853.92,0.11,4406.0,21.0,1.7,1,1,Radial Velocity,2129.461
eps Eri b,eps Eri,2000,13.8,2680.0,3.53,112.26,0.06,5020.38,0.759106,0.82,1,1,Radial Velocity,317.828407
eps Ind A b,eps Ind A,2019,12.7,25450.0,15.76,275.0,0.25,4700.0,0.713,0.8,3,1,Radial Velocity,2065.8846455
eps Tau b,eps Tau,2006,12.7,585.82,1.878,603.08,0.076,4877.0,12.35,2.57,1,1,Radial Velocity,2285.18624633
gam Cep b,gam Cep,2003,12.7,913.0,2.13,343.48,0.15,4775.0,4.74,1.27,2,1,Radial Velocity,2097.6674862
gam Lib b,gam Lib,2018,13.7,414.88,1.319,720.78,0.16,4879.0,12.38,1.78,1,2,Radial Velocity,357.87478628
gam1 Leo b,gam1 Leo,2009,12.5,428.5,1.19,1080.7,0.144,4330.0,31.88,1.23,2,1,Radial Velocity,2790.43
kap CrB b,kap CrB,2007,13.3,1253.68,2.5,319.32,0.04,4840.0,4.68,1.33,1,1,Radial Velocity,689.6911
mu Leo b,mu Leo,2014,13.3,357.8,1.1,704.49,0.09,4538.2,11.4,1.5,1,1,Radial Velocity,762.8
nu Oct A b,nu Oct A,2016,13.3,402.4,1.24,477.33,0.195,4910.0,5.04,1.57,2,1,Radial Velocity,696.04421133
ome Ser b,ome Ser,2013,14.0,278.59,0.838,824.94,0.18,4724.0,10.99,1.01,2,1,Radial Velocity,233.92170755
omi CrB b,omi CrB,2012,13.7,187.01,0.699,947.65,0.105,4769.0,11.87,1.3,1,1,Radial Velocity,355.96781584
pi Men d,HD 39091,2022,3.72,124.64,0.506,443.55,0.22,5998.0,1.19,1.07,1,3,Radial Velocity,13.38
rho CrB b,rho CrB,1997,13.7,39.849,0.2245,614.0,0.046,5817.0,1.3617,1.0,1,3,Radial Velocity,347.995
rho CrB c,rho CrB,2016,5.68,102.036,0.4206,448.1,0.048,5817.0,1.3617,1.0,1,3,Radial Velocity,27.442
rho CrB e,rho CrB,2023,1.75,12.904,0.1061,1004.88,0.082,5817.0,1.3617,1.0,1,3,Radial Velocity,3.71
tau Boo b,tau Boo,1996,12.8,3.3124568,0.049,1682.02,0.011,6466.27,1.42588,1.32,2,1,Radial Velocity,1891.0
tau Cet g,tau Cet,2017,1.18,20.0,0.133,639.65,0.06,5310.0,0.83,0.783,1,3,Radial Velocity,1.75
tau Cet h,tau Cet,2017,1.19,49.41,0.243,473.22,0.23,5310.0,0.83,0.783,1,3,Radial Velocity,1.83
ups And b,ups And,1996,14.0,4.617033,0.05922166,1523.73,0.0215,6156.77,1.56,1.3,2,3,Radial Velocity,218.531
xi Aql b,xi Aql,2007,13.4,136.97,0.625,973.07,0.059,4841.0,10.86,1.74,1,1,Radial Velocity,616.90493799
