pl_name,hostname,discoverymethod,disc_year,pl_bmasse,pl_rade,pl_orbper,pl_orbsmax,pl_orbeccen,pl_eqt,st_teff,st_rad,st_mass,sy_snum,sy_pnum
"HD 2039 b","HD 2039","Radial Velocity",2002,1999.15070000,12.70000000,1120.00000000000,2.2000000000,0.710000,210.84,5945.00,1.190000,1.230000,1,1
"HAT-P-8 b","HAT-P-8","Transit",2008,406.82240000,15.69260000,3.07634000000,0.0449600000,0.000000,1713.00,6200.00,1.570000,1.270000,3,1
"K2-43 b","K2-43","Transit",2016,18.50000000,4.51000000,3.47114900000,0.0378400000,0.070000,939.30,3840.60,0.542000,0.571000,1,2
"Kepler-1753 b","Kepler-1753","Transit",2021,5.59000000,2.22678077,16.00460052000,0.1179000000,0.000000,583.00,5180.00,0.769000,0.860000,1,1
"Kepler-1176 b","Kepler-1176","Transit",2016,6.57000000,2.45000000,24.17385790000,0.1589000000,0.000000,595.00,5844.00,1.020000,1.010000,1,1
"K2-126 b","K2-126","Transit",2017,4.54000000,1.97000000,7.38565500000,0.0656000000,0.060000,601.00,4339.00,0.650000,0.690000,1,1
"Kepler-1263 b","Kepler-1263","Transit",2016,1.55000000,1.14000000,4.55139967000,0.0499000000,0.000000,907.00,5213.00,0.800000,0.840000,1,1
"Kepler-1416 b","Kepler-1416","Transit",2016,0.61500000,0.88000000,1.49514952000,0.0257000000,0.000000,1870.00,6019.00,1.150000,1.090000,1,1
"Kepler-1542 c","Kepler-1542","Transit",2016,0.20800000,0.65000000,2.89223021000,0.0387000000,0.000000,1287.00,5564.00,0.990000,0.940000,1,4
"K2-85 b","K2-85","Transit",2016,3.20000000,1.40000000,0.68453862616,0.0130000000,0.240000,1355.00,4232.00,0.710000,0.700000,1,1
"Kepler-368 c","Kepler-368","Transit",2014,14.30000000,3.88000000,72.37933400000,0.3600000000,0.000000,575.00,5502.00,2.019000,1.165000,1,2
"K2-123 b","K2-123","Transit",2017,8.05000000,2.76000000,30.95152400000,0.1649000000,0.060000,338.00,4035.00,0.590000,0.620000,1,1
"Kepler-770 b","Kepler-770","Transit",2016,5.90000000,2.30000000,18.92540274000,0.1694000000,0.000000,1171.00,5598.00,0.920000,0.940000,1,3
"Kepler-1399 b","Kepler-1399","Transit",2016,2.10000000,1.25000000,1.63865305800,0.0276000000,0.000000,1610.00,5735.00,0.960000,0.970000,1,1
"K2-107 b","K2-107","Transit",2017,266.97720000,15.98000000,3.31395900000,0.0475000000,0.000000,1649.00,6061.00,1.810000,1.300000,1,1
"K2-45 b","K2-45","Transit",2016,36.40000000,6.71000000,1.72926840000,0.0224000000,0.100000,1073.56,4103.00,0.445000,0.503000,1,1
"K2-365 b","K2-365","Transit",2022,8.78000000,2.90600000,23.44817200000,,,,5561.00,1.051000,0.823000,1,1
"K2-127 b","K2-127","Transit",2017,52.90000000,8.37000000,3.58816300000,0.0411000000,0.120000,809.00,4575.00,0.660000,0.720000,1,1
"K2-195 b","K2-195","Transit",2018,9.96000000,3.13000000,15.85297500000,0.1208000000,,720.00,5713.00,0.990000,0.940000,1,2
"K2-80 c","K2-80","Transit",2016,2.76000000,1.47000000,5.60500000000,0.0596000000,,1002.42,5441.00,0.870000,0.900000,1,3
"K2-229 c","K2-229","Transit",2018,7.00000000,2.03000000,8.32727000000,0.0769000000,0.000000,750.00,5315.00,0.790000,0.870000,1,2
"HAT-P-3 b","HAT-P-3","Transit",2007,206.58950000,10.53646000,2.89970000000,0.0386600000,0.000000,1189.00,5185.00,0.870000,1.060000,2,1
"WASP-32 b","WASP-32","Transit",2010,835.89290000,10.76064000,2.71866000000,0.0394000000,0.000000,1388.00,6140.00,0.950000,0.720000,1,1
"WASP-24 b","WASP-24","Transit",2010,394.10920000,15.46842000,2.34121000000,0.0365100000,0.000000,1772.00,6075.00,1.420000,1.430000,3,1
"Kepler-65 c","Kepler-65","Transit",2012,5.40000000,2.58000000,5.85994400000,0.0680000000,0.020000,1246.00,6211.00,1.410000,1.250000,1,4
"TrES-2 b","TrES-2","Transit",2006,473.56670000,15.24424000,2.47063000000,0.0356800000,0.000000,1466.00,5850.00,1.120000,1.360000,2,1
"Kepler-939 b","Kepler-939","Transit",2016,3.71000000,1.75000000,14.87829600000,0.1153000000,0.000000,692.00,5471.00,0.850000,0.880000,1,1
"Kepler-1028 b","Kepler-1028","Transit",2016,2.33000000,1.33000000,2.51462432000,0.0354000000,0.000000,1217.00,5522.00,0.870000,0.900000,1,1
"HAT-P-67 b","HAT-P-67","Transit",2017,143.02278315,23.98721870,4.81010690000,0.0650500000,0.000000,1903.00,6640.00,2.620000,1.730000,2,1
"Kepler-1101 b","Kepler-1101","Transit",2016,6.66000000,2.47000000,81.31510590000,0.3483000000,0.000000,393.00,5614.00,0.910000,0.940000,1,1
"Kepler-1388 b","Kepler-1388","Transit",2016,7.22000000,2.59000000,12.28546030000,0.0882000000,0.000000,434.00,4098.00,0.610000,0.630000,1,4
"Kepler-768 b","Kepler-768","Transit",2016,3.86000000,1.79000000,11.39100250000,0.0920000000,0.000000,618.00,5108.00,0.780000,0.820000,1,1
"Kepler-796 b","Kepler-796","Transit",2016,2.24000000,1.30000000,6.40087618000,0.0731700000,0.000000,1109.00,5475.00,1.090000,0.930000,1,1
"Kepler-110 b","Kepler-110","Transit",2014,4.01000000,1.83000000,12.69111200000,0.1070000000,0.000000,1008.00,5960.00,1.149000,0.989000,1,2
"Kepler-1042 b","Kepler-1042","Transit",2016,5.43000000,2.19000000,10.13202575000,0.0756000000,0.000000,574.00,4815.00,0.720000,0.750000,1,1
"Kepler-334 c","Kepler-334","Transit",2014,2.63000000,1.43000000,12.75800500000,0.1070000000,0.000000,822.00,5828.00,1.068000,1.022000,1,3
"Kepler-937 b","Kepler-937","Transit",2016,13.40000000,3.72000000,67.66882700000,0.3214000000,0.000000,495.00,6095.00,1.220000,1.150000,1,2
"Kepler-1117 b","Kepler-1117","Transit",2016,1.41000000,1.11000000,4.79028459000,0.0548500000,0.000000,938.00,5612.00,0.930000,0.950000,1,1
"Kepler-1789 b","Kepler-1789","Transit",2021,8.40000000,2.83137505,80.23190308000,0.3543000000,0.000000,380.00,5436.00,0.888000,0.920000,1,1
"Kepler-1831 b","Kepler-1831","Transit",2021,4.54000000,1.97019818,5.78387022000,0.0655000000,0.000000,1051.00,6063.00,1.012000,1.117000,1,1
"Kepler-1245 b","Kepler-1245","Transit",2016,2.67000000,1.44000000,4.35409304000,0.0484000000,0.000000,1043.00,5306.00,0.830000,0.860000,1,2
"Kepler-114 b","Kepler-114","Transit",2014,1.09000000,1.26000000,5.18854900000,0.0530000000,0.000000,586.00,4605.00,0.667000,0.770000,1,3
"Kepler-1105 b","Kepler-1105","Transit",2016,4.70000000,2.01000000,4.42157218200,0.0471000000,0.000000,729.00,4299.00,0.680000,0.710000,1,1
"Kepler-187 b","Kepler-187","Transit",2014,2.57000000,1.41000000,4.93886400000,0.0590000000,0.000000,1244.00,6105.00,1.287000,1.081000,1,2
"Kepler-1379 b","Kepler-1379","Transit",2016,2.24000000,1.30000000,0.88184114600,0.0171000000,0.000000,1564.00,5188.00,0.790000,0.830000,1,1
"Kepler-304 c","Kepler-304","Transit",2014,5.35000000,2.17000000,5.31594600000,0.0540000000,0.000000,746.00,4731.00,0.687000,0.737000,1,4
"Kepler-1291 b","Kepler-1291","Transit",2016,3.39000000,1.66000000,8.63043276000,0.0779000000,0.000000,739.00,5216.00,0.800000,0.840000,1,1
"Kepler-304 e","Kepler-304","Transit",2016,1.87000000,1.20000000,1.49914695300,0.0231700000,0.000000,1137.00,4817.00,0.730000,0.800000,1,4
"Kepler-461 b","Kepler-461","Transit",2016,7.18000000,2.58000000,8.31378305900,0.0789500000,0.000000,886.00,5634.00,0.910000,0.980000,1,1
"Kepler-1894 b","Kepler-1894","Transit",2021,1.87000000,1.20117759,2.76266002700,0.0385000000,0.000000,1231.00,5772.00,0.901000,0.999000,1,2
"Kepler-576 b","Kepler-576","Transit",2016,10.70000000,3.27000000,29.91136794000,0.1790000000,0.000000,541.00,5672.00,0.970000,0.990000,1,1
"Kepler-1893 b","Kepler-1893","Transit",2021,3.55000000,1.70557445,4.17936992600,0.0504000000,0.000000,1194.00,5633.00,1.162000,0.973000,1,1
"Kepler-1601 b","Kepler-1601","Transit",2016,0.47700000,0.82000000,2.20921951000,0.0328100000,0.000000,1507.00,5869.00,1.070000,1.040000,1,1
"Kepler-1922 b","Kepler-1922","Transit",2021,5.86000000,2.29064904,13.22259998000,0.1077000000,0.000000,740.00,5931.00,0.863000,0.953000,1,1
"HD 80653 b","HD 80653","Transit",2020,5.61000000,1.62100000,0.71957926000,0.0165700000,0.000000,2438.00,5959.00,1.199000,1.150000,1,2
"Kepler-1542 d","Kepler-1542","Transit",2016,0.59000000,0.87000000,5.99273738000,0.0629000000,0.000000,1010.00,5564.00,0.990000,0.940000,1,4
"Kepler-666 b","Kepler-666","Transit",2016,6.35000000,2.40000000,4.49876092000,0.0542000000,0.000000,1133.00,5887.00,1.050000,1.030000,1,1
"Kepler-211 c","Kepler-211","Transit",2014,18.30000000,1.29000000,6.04045000000,0.0620000000,0.000000,841.00,5123.00,0.816000,0.867000,1,2
"Kepler-203 c","Kepler-203","Transit",2014,749.90000000,2.47000000,5.37064700000,0.0610000000,0.000000,1096.00,5821.00,1.114000,1.060000,1,3
"GJ 674 b","GJ 674","Radial Velocity",2007,11.09000000,3.33000000,4.69380000000,0.0390000000,0.200000,530.80,3600.00,0.364630,0.350000,1,1
"OGLE-TR-182 b","OGLE-TR-182","Transit",2007,320.99500000,12.66600000,3.97910000000,0.0510000000,0.000000,1550.00,5924.00,1.140000,1.140000,1,1
"HD 69830 c","HD 69830","Radial Velocity",2006,11.80000000,3.46000000,31.56000000000,0.1860000000,0.130000,567.04,5385.00,0.886947,0.860000,1,3
"GJ 3021 b","GJ 3021","Radial Velocity",2000,1071.04000000,13.10000000,133.71000000000,0.4900000000,0.511000,350.00,5540.00,0.900000,0.900000,2,1
"HD 221287 b","HD 221287","Radial Velocity",2007,982.05000000,13.10000000,456.10000000000,1.2500000000,0.080000,290.13,6304.00,1.138640,1.250000,1,1
"HD 47536 b","HD 47536","Radial Velocity",2002,2330.00000000,12.60000000,712.13000000000,1.9300000000,0.200000,736.52,4380.00,23.470000,2.100000,1,1
"HD 107148 b","HD 107148","Radial Velocity",2005,66.74100000,9.60000000,48.05600000000,0.2690000000,0.050000,582.78,5797.00,1.169193,1.120000,2,2
"HD 179949 b","HD 179949","Radial Velocity",2000,291.12000000,13.90000000,3.09251400000,0.0443000000,0.022000,1590.53,6168.00,1.266865,1.210000,1,1
"HD 188015 b","HD 188015","Radial Velocity",2004,476.72000000,13.60000000,461.20000000000,1.2030000000,0.137000,267.98,5746.00,1.125296,1.090000,2,1
"HD 27442 b","HD 27442","Radial Velocity",2000,495.80000000,13.50000000,428.10000000000,1.2710000000,0.060000,369.62,4846.00,3.180000,1.230000,2,1
"HD 46375 b","HD 46375","Radial Velocity",2000,71.80000000,10.00000000,3.02357300000,0.0398000000,0.063000,1221.40,5285.00,0.914196,0.920000,2,1
"HAT-P-2 b","HAT-P-2","Transit",2007,2866.81223114,10.65975900,5.63351580000,0.0681400000,0.517200,1540.00,6380.00,1.390000,1.330000,1,2
"HD 109749 b","HD 109749","Radial Velocity",2005,85.81410000,11.10000000,5.23989100000,0.0615000000,0.000000,1250.83,5824.00,1.220000,1.130000,2,1
"HD 149143 b","HD 149143","Radial Velocity",2005,422.71390000,13.60000000,4.07182000000,0.0530000000,0.016700,1471.90,5856.00,1.440000,1.200000,1,1
"HD 224693 b","HD 224693","Radial Velocity",2006,222.48100000,14.00000000,26.69040000000,0.1910000000,0.104000,903.45,5894.00,1.930000,1.310000,1,1
"HD 231701 b","HD 231701","Radial Velocity",2007,359.14790000,13.70000000,141.63000000000,0.5670000000,0.130000,483.27,6101.00,1.530000,1.210000,1,1
"HIP 14810 b","HIP 14810","Radial Velocity",2005,1239.53700000,13.00000000,6.67389200000,0.0696000000,0.143990,1048.20,5544.00,1.070000,1.010000,1,3
"HIP 14810 d","HIP 14810","Radial Velocity",2009,187.51970000,14.10000000,981.80000000000,1.9400000000,0.185000,198.54,5544.00,1.070000,1.010000,1,3
"HD 207832 b","HD 207832","Radial Velocity",2012,177.98480000,14.20000000,160.07000000000,0.5860000000,0.197000,340.28,5726.00,0.890000,1.050000,3,2
"HD 37605 c","HD 37605","Radial Velocity",2012,1013.87770000,13.10000000,2720.00000000000,3.7400000000,0.030000,126.75,5329.00,0.910000,0.940000,1,2
"HD 1605 c","HD 1605","Radial Velocity",2015,1150.54460000,13.00000000,2149.00000000000,3.5840000000,0.099000,233.88,4915.00,3.490000,1.330000,1,2
"HD 55696 b","HD 55696","Radial Velocity",2018,1357.12729789,12.90000000,1827.00000000000,3.1800000000,0.705000,200.43,6012.00,1.520000,1.290000,1,1
"HD 148164 c","HD 148164","Radial Velocity",2018,1640.00280000,12.80000000,5062.00000000000,6.1500000000,0.125000,135.77,6032.00,1.340000,1.210000,1,2
"HD 211810 b","HD 211810","Radial Velocity",2018,212.94610000,14.00000000,1558.00000000000,2.6560000000,0.680000,177.77,5652.00,1.130000,1.030000,1,1
"HD 221416 b","HD 221416","Transit",2019,60.50000000,9.17000000,14.27670000000,0.1228000000,0.115000,1314.67,5080.00,2.943000,1.212000,1,1
"Kepler-595 c","Kepler-595","Transit",2020,3.30000000,1.00900000,12.38602000000,0.0983000000,0.000000,679.00,5138.50,0.821000,0.930000,1,2
"Kepler-595 b","Kepler-595","Transit",2016,17.40000000,3.70800000,25.30290920000,0.1582000000,0.000000,535.00,5138.50,0.821000,0.930000,1,2
"PSR B1257+12 b","PSR B1257+12","Pulsar Timing",1994,0.02000000,0.33800000,25.26200000000,0.1900000000,0.000000,,,,1.400000,1,3
"PSR B1257+12 c","PSR B1257+12","Pulsar Timing",1992,4.30000000,1.91000000,66.54190000000,0.3600000000,0.018600,,,,1.400000,1,3
"OGLE-TR-211 b","OGLE-TR-211","Transit",2007,327.35100000,15.24400000,3.67724000000,0.0510000000,0.000000,1686.00,6325.00,1.640000,1.330000,1,1
"Lupus-TR-3 b","Lupus-TR-3","Transit",2007,257.43100000,9.97600000,3.91405000000,0.0464000000,0.000000,1013.56,5000.00,0.820000,0.870000,1,1
"2MASS J04414489+2301513 b","2MASS J04414489+2301513","Imaging",2010,2383.60000000,12.60000000,,15.0000000000,,17.60,2936.00,0.231916,0.019000,1,1
"WASP-21 b","WASP-21","Transit",2010,95.34500000,11.99000000,4.32248200000,0.0520000000,0.000000,1333.00,5800.00,1.060000,1.010000,1,1
"CoRoT-10 b","CoRoT-10","Transit",2010,874.00000000,10.87000000,13.24060000000,0.1055000000,0.530000,600.00,5075.00,0.790000,0.890000,1,1
"CoRoT-12 b","CoRoT-12","Transit",2010,291.43800000,16.14000000,2.82804200000,0.0401600000,0.070000,1442.00,5675.00,1.116000,1.078000,1,1
"CoRoT-13 b","CoRoT-13","Transit",2010,415.70400000,9.92000000,4.03519000000,0.0510000000,0.000000,1700.00,5945.00,1.010000,1.090000,1,1
"HD 285968 b","HD 285968","Radial Velocity",2008,8.40000000,2.83000000,8.78360000000,0.0660000000,0.000000,450.00,3703.49,0.478214,0.500000,1,1
"HD 205739 b","HD 205739","Radial Velocity",2008,435.41000000,13.60000000,279.80000000000,0.8960000000,0.270000,362.84,6176.00,1.330000,1.220000,1,1
"CoRoT-3 b","CoRoT-3","Transit",2008,6883.91000000,11.32000000,4.25680000000,0.0578300000,0.000000,1695.00,6740.00,1.560000,1.370000,1,1
"HD 16417 b","HD 16417","Radial Velocity",2008,22.10000000,5.00000000,17.24000000000,0.1400000000,0.200000,964.00,5841.00,1.639984,1.200000,2,1
"AB Pic b","AB Pic","Imaging",2005,4290.50000000,12.30000000,,260.0000000000,,15.80,5285.00,0.999394,0.900000,1,1
"CT Cha b","CT Cha","Imaging",2007,5403.00000000,24.66000000,,440.0000000000,,2600.00,4403.00,1.679694,,1,1
"HD 9446 b","HD 9446","Radial Velocity",2009,222.47200000,14.00000000,30.05200000000,0.1890000000,0.200000,642.55,5793.00,1.000000,1.000000,1,2
"Kepler-4 b","Kepler-4","Transit",2009,24.47200000,4.00200000,3.21346000000,0.0456000000,0.000000,1650.00,5857.00,1.487000,1.223000,1,1
"GJ 876 c","GJ 876","Radial Velocity",2000,226.98460000,14.00000000,30.08810000000,0.1295900000,0.255910,241.66,3293.74,0.300000,0.320000,1,4
"HIP 79431 b","HIP 79431","Radial Velocity",2009,667.41500000,13.40000000,111.70000000000,0.3600000000,0.290000,177.42,3191.00,0.478625,0.490000,1,1
"TOI-907.01","TOI-907","Transit",2024,67.00000000,9.61588510,4.58491290000,0.0552254810,,1846.60,6272.00,2.059789,1.069357,1,1
"WASP-31 b","WASP-31","Transit",2010,151.91600000,17.36300000,3.40590960000,0.0465900000,0.000000,1423.70,6302.00,1.252000,1.163000,1,1
"24 Sex b","24 Sex","Radial Velocity",2010,632.46000000,13.40000000,452.80000000000,1.3330000000,0.090000,471.32,5098.00,4.900000,1.540000,1,2
"WASP-37 b","WASP-37","Transit",2010,572.07000000,13.00200000,3.57746900000,0.0446000000,0.000000,1232.50,5800.00,1.003000,0.925000,1,1
"Kepler-9 d","Kepler-9","Transit",2010,8.41466053,1.64000000,1.59285100000,0.0273000000,0.000000,2026.00,5777.00,1.020000,1.070000,1,3
"HD 90156 b","HD 90156","Radial Velocity",2011,17.98000000,4.43000000,49.77000000000,0.2500000000,0.310000,518.01,5599.00,0.920286,0.840000,1,1
"HD 177830 c","HD 177830","Radial Velocity",2010,47.67250000,7.87000000,110.90000000000,0.5137000000,0.300000,538.95,4949.00,2.620000,1.470000,2,2
"ups And b","ups And","Radial Velocity",1996,218.53100000,14.00000000,4.61703300000,0.0592216600,0.021500,1523.73,6156.77,1.560000,1.300000,2,3
"ups And d","ups And","Radial Velocity",1999,3257.74117175,12.50000000,1276.46000000000,2.5132900000,0.298700,233.90,6156.77,1.560000,1.300000,2,3
"OGLE-2017-BLG-0373L b","OGLE-2017-BLG-0373L","Microlensing",2018,127.00000000,14.00000000,,2.4240000000,,,,,0.248000,1,1
"Kepler-1737 b","Kepler-1737","Transit",2021,25.10000000,5.39500000,64.61750031000,0.2970000000,0.000000,383.00,5043.00,0.881000,0.834000,1,1
"K2-269 b","K2-269","Transit",2018,3.09000000,1.57000000,4.14496500000,0.0531000000,,1429.00,6209.00,1.450000,1.160000,1,1
"TOI-1249 b","TOI-1249","Transit",2024,11.90000000,3.27103010,13.07915100000,0.1090000000,0.000000,726.89,5497.00,0.978500,1.006200,1,1
"Kepler-106 d","Kepler-106","Transit",2014,8.10000000,0.95000000,23.98020000000,0.1606300000,0.000000,649.00,5858.00,1.040000,1.000000,1,4
"Kepler-1031 b","Kepler-1031","Transit",2016,0.59000000,0.87000000,1.22621732000,0.0218000000,0.000000,2024.00,6011.00,1.120000,1.090000,1,1
"CD-35 2722 B b","CD-35 2722 B","Radial Velocity",2026,292.40213444,13.90000000,171.11000000000,0.2000000000,0.270000,77.39,1800.00,0.159000,0.035000,2,1
"Kepler-948 b","Kepler-948","Transit",2016,4.08000000,1.85000000,7.76846622000,0.0749000000,0.000000,841.00,5679.00,0.940000,0.960000,1,1
"OGLE-2014-BLG-0319L b","OGLE-2014-BLG-0319L","Microlensing",2022,181.16219199,14.10000000,,3.4900000000,,,,,0.520000,1,1
"OGLE-2018-BLG-1011L b","OGLE-2018-BLG-1011L","Microlensing",2019,570.00000000,13.50000000,,1.8000000000,,,,,0.180000,1,2
"WASP-61 b","WASP-61","Transit",2012,851.78440000,15.80469000,3.85590000000,0.0521000000,0.000000,1624.40,6250.00,1.550000,1.820000,1,1
"KMT-2022-BLG-0303L b","KMT-2022-BLG-0303L","Microlensing",2024,163.04597279,14.20000000,,4.8100000000,,,,,0.368000,1,1
"OGLE-2019-BLG-0954L b","OGLE-2019-BLG-0954L","Microlensing",2021,4513.16337940,12.30000000,,2.6500000000,,,,,0.800000,1,1
"WASP-123 b","WASP-123","Transit",2016,285.72917000,15.13212395,2.97764359000,0.0426300000,0.000000,1500.00,5740.00,1.285000,1.166000,2,1
"Kepler-1882 b","Kepler-1882","Transit",2021,2.81000000,1.48674404,13.78730011000,0.1163600000,0.000000,894.00,5691.00,1.458000,1.068000,1,1
"KOI-984 b","KOI-984","Transit",2022,17.10000000,4.30000000,4.28817850000,0.0504000000,0.120000,1022.00,5295.00,0.818000,0.928000,1,2
"Kepler-1573 b","Kepler-1573","Transit",2016,1.87000000,1.20000000,2.61575540000,0.0364000000,0.000000,1379.00,5808.00,1.000000,1.010000,1,1
"Kepler-802 b","Kepler-802","Transit",2016,12.30000000,3.54000000,40.05874730000,0.2265000000,0.000000,489.00,5507.00,0.900000,0.930000,1,1
"KMT-2023-BLG-1454L b","KMT-2023-BLG-1454L","Microlensing",2024,200.23189641,14.10000000,,1.1800000000,,,,,0.170000,1,1
"Kepler-1440 b","Kepler-1440","Transit",2016,2.13000000,1.26000000,39.85948400000,0.2343100000,0.000000,597.00,5698.00,0.960000,0.980000,1,1
"WASP-130 b","WASP-130","Transit",2016,390.93090000,9.97601000,11.55098000000,0.1012000000,0.000000,833.00,5625.00,0.960000,1.040000,1,1
"OGLE-2017-BLG-1049L b","OGLE-2017-BLG-1049L","Microlensing",2020,1760.00000000,12.80000000,,3.9200000000,,,,,0.550000,1,1
"Kepler-949 b","Kepler-949","Transit",2016,8.80000000,2.91000000,8.68930729600,0.0773900000,0.000000,782.00,5403.00,0.860000,0.890000,1,2
"Kepler-1964 b","Kepler-1964","Transit",2021,3.83000000,1.78105870,2.44082999200,0.0322000000,0.000000,986.00,4803.00,0.698000,0.752000,1,1
"KMT-2023-BLG-1592L b","KMT-2023-BLG-1592L","Microlensing",2026,184.34047606,14.10000000,,3.9000000000,,,,,0.550000,1,1
"OGLE-2019-BLG-0362L b","OGLE-2019-BLG-0362L","Microlensing",2022,1036.12060682,13.10000000,,2.1800000000,,,,,0.420000,1,1
"KMT-2017-BLG-1057L b","KMT-2017-BLG-1057L","Microlensing",2024,23.50000000,5.19000000,,2.3600000000,,,,,0.570000,1,1
"KMT-2025-BLG-1616L b","KMT-2025-BLG-1616L","Microlensing",2026,42.32000000,7.34000000,,1.6000000000,,,,,0.260000,1,1
"Wolf 327 b","Wolf 327","Transit",2024,2.53000000,1.24000000,0.57347450000,0.0100000000,0.000000,996.00,3542.00,0.406000,0.405000,1,1
"Kepler-62 f","Kepler-62","Transit",2013,35.00000000,1.41000000,267.29100000000,0.7180000000,0.000000,208.00,4925.00,0.640000,0.690000,1,5
"KMT-2023-BLG-1743L b","KMT-2023-BLG-1743L","Microlensing",2024,6356.56814000,12.10000000,,1.1600000000,,,,,0.110000,1,1
"TOI-5789 c","TOI-5789","Transit",2026,5.00000000,2.86000000,12.92774800000,0.1009000000,0.067000,718.00,5185.00,0.833000,0.821000,1,4
"MOA-2019-BLG-008L b","MOA-2019-BLG-008L","Microlensing",2022,5720.91132600,12.20000000,,,,,,,0.900000,1,1
"OGLE-2016-BLG-1598L b","OGLE-2016-BLG-1598L","Microlensing",2024,120.77479466,13.60000000,,2.5000000000,,,,,0.550000,1,1
"OGLE-2017-BLG-1275L b","OGLE-2017-BLG-1275L","Microlensing",2024,1875.18760130,12.80000000,,2.0900000000,,,,,0.630000,1,1
"HATS-44 b","HATS-44","Transit",2018,177.98480000,11.96000300,2.74390040000,0.0364900000,0.279000,1161.00,5080.00,0.847000,0.860000,1,1
"Kepler-132 b","Kepler-132","Transit",2014,1.92000000,1.21000000,6.17819600000,0.0670000000,0.000000,1082.00,6003.00,1.178000,0.929000,2,4
"KMT-2021-BLG-0192L b","KMT-2021-BLG-0192L","Microlensing",2022,34.96112477,6.56000000,,1.6200000000,,,,,0.270000,1,1
"Kepler-49 b","Kepler-49","Transit",2012,9.77000000,2.57900000,7.20000000000,0.0592900000,0.000000,509.00,4095.60,0.618000,0.607000,1,4
"KMT-2016-BLG-2364L b","KMT-2016-BLG-2364L","Microlensing",2020,1250.00000000,13.00000000,,2.6300000000,,,,,0.500000,1,1
"Kepler-218 c","Kepler-218","Transit",2014,10.00000000,3.14000000,44.69957600000,0.2480000000,0.000000,500.00,5502.00,1.063000,1.019000,1,3
"GJ 328 c","GJ 328","Radial Velocity",2023,21.40000000,4.91000000,241.80000000000,0.6570000000,,184.01,3897.00,0.630000,0.650000,1,2
"K2-212 b","K2-212","Transit",2018,7.51000000,2.65000000,9.79564700000,0.0785000000,,542.00,4349.00,0.678000,0.622000,1,1
"KMT-2022-BLG-1818L c","KMT-2022-BLG-1818L","Microlensing",2026,114.41822652,13.20000000,,12.6000000000,,,,,0.790000,1,2
"Qatar-8 b","Qatar-8","Transit",2019,117.91493000,14.40356500,3.71495000000,0.0474000000,0.000000,1457.00,5738.00,1.315000,1.029000,1,1
"KMT-2018-BLG-0885L b","KMT-2018-BLG-0885L","Microlensing",2023,9217.02380300,11.90000000,,1.0700000000,,,,,0.290000,1,1
"KMT-2016-BLG-2321L b","KMT-2016-BLG-2321L","Microlensing",2024,301.93698665,13.80000000,,3.5800000000,,,,,0.730000,1,1
"Kepler-74 b","Kepler-74","Transit",2013,200.22000000,10.76000000,7.34071100000,0.0781000000,0.000000,1078.00,6000.00,1.120000,1.180000,1,1
"OGLE-2017-BLG-0482L b","OGLE-2017-BLG-0482L","Microlensing",2018,9.00000000,2.95000000,,1.8000000000,,,,,0.200000,1,1
"PSR B0329+54 b","PSR B0329+54","Pulsar Timing",2017,1.97000000,1.22000000,10140.00000000000,10.2600000000,0.236000,,,,1.440000,1,1
"K2-140 b","K2-140","Transit",2017,295.58041851,13.56286665,6.56918800000,0.0680000000,0.000000,962.00,5585.00,1.060000,0.960000,1,1
"HD 184010 c","HD 184010","Radial Velocity",2022,95.34852210,11.80000000,484.30000000000,1.3340000000,0.000000,457.53,4971.00,4.860000,1.350000,1,3
"EPIC 201595106 b","EPIC 201595106","Transit",2021,7.67000000,1.56500000,0.87724000000,0.0177000000,0.000000,2038.00,5679.00,0.980000,0.958000,1,2
"TOI-1203 e","TOI-1203","Radial Velocity",2025,42.10000000,7.31000000,204.59000000000,,0.152000,,5737.00,1.179000,0.886000,1,4
"Kepler-1503 b","Kepler-1503","Transit",2016,5.77000000,2.27000000,96.16987000000,0.3771000000,0.000000,321.00,5069.00,0.740000,0.770000,1,1
"Kepler-1781 b","Kepler-1781","Transit",2021,6.26000000,2.38091029,4.88752985000,0.0574000000,0.000000,1003.00,5568.00,0.957000,1.053000,1,1
"Kepler-57 c","Kepler-57","Transit",2012,6.86000000,2.19600000,11.60000000000,0.0958800000,0.072500,671.00,5187.90,0.826000,0.859000,1,2
"Kepler-1124 b","Kepler-1124","Transit",2016,2.18000000,1.28000000,2.85234897500,0.0305000000,0.000000,621.00,3658.00,0.340000,0.350000,1,1
"Kepler-1581 b","Kepler-1581","Transit",2016,0.43700000,0.80000000,6.28385491000,0.0686500000,0.000000,1108.00,6022.00,1.230000,1.120000,1,1
"K2-136 c","K2-136","Transit",2017,18.10000000,3.00000000,17.30723000000,0.1185000000,0.047000,470.00,4500.00,0.677000,0.742000,2,3
"HD 39091 b","HD 39091","Radial Velocity",2001,4481.38053870,12.30000000,2088.80000000000,3.2800000000,0.642000,172.74,5998.00,1.170000,1.070000,1,3
"LHS 1815 b","LHS 1815","Transit",2020,1.58000000,1.08800000,3.81433400000,0.0404000000,0.000000,617.00,3643.00,0.501000,0.502000,1,1
"Kepler-464 b","Kepler-464","Transit",2016,10.90000000,3.30000000,7.25696522400,0.0793100000,0.000000,1163.00,5933.00,1.590000,1.210000,1,1
"Kepler-1580 b","Kepler-1580","Transit",2016,5.10000000,2.11000000,56.64492790000,0.3357100000,0.000000,733.00,6228.00,2.150000,1.470000,1,1
"Kepler-198 d","Kepler-198","Transit",2016,2.96000000,1.53000000,1.31184443000,0.0234200000,0.000000,1562.00,5636.00,0.930000,0.970000,1,3
"HD 50554 b","HD 50554","Radial Velocity",2002,1859.29618095,12.80000000,1240.00000000000,2.3390000000,0.482000,192.65,6050.00,1.020000,1.100000,1,3
"HD 73267 c","HD 73267","Radial Velocity",2022,1630.77755632,12.80000000,17071.78045000000,12.6880000000,0.089000,69.53,5387.00,0.909000,0.930000,1,2
"Kepler-580 b","Kepler-580","Transit",2016,7.13000000,2.57000000,8.22241965600,0.0683000000,0.000000,558.00,4298.00,0.640000,0.670000,1,1
"KOI-12 b","KOI-12","Transit",2015,349.61300000,13.78707000,17.85518200000,0.1540000000,0.340000,911.00,6635.00,1.400000,1.500000,1,2
"Kepler-637 b","Kepler-637","Transit",2016,20.20000000,4.75000000,23.20584623000,0.1661900000,0.000000,1002.00,6096.00,2.560000,1.640000,1,1
"HD 29985 b","HD 29985","Radial Velocity",2022,1739.47487151,12.80000000,20608.14049000000,13.3900000000,0.261000,46.73,4678.00,0.574666,0.750000,1,1
"HD 165155 b","HD 165155","Radial Velocity",2016,918.52870000,13.20000000,434.50000000000,1.1300000000,0.200000,239.90,5426.00,0.950000,1.020000,1,1
"HD 22946 d","HD 22946","Transit",2023,26.57000000,2.60700000,47.42489000000,0.2958000000,,546.00,6169.00,1.117000,1.098000,1,3
"Kepler-1697 b","Kepler-1697","Transit",2020,2.12000000,1.25954761,33.49690000000,0.2008000000,0.000000,630.00,4681.53,0.772344,0.747000,1,1
"Kepler-674 b","Kepler-674","Transit",2016,3.50000000,1.69000000,2.24338184700,0.0280000000,0.000000,822.00,4192.00,0.570000,0.600000,1,1
"Kepler-873 b","Kepler-873","Transit",2016,13.50000000,3.75000000,20.55338440000,0.1542000000,0.000000,749.00,6163.00,1.270000,1.180000,1,1
"Kepler-783 b","Kepler-783","Transit",2016,0.39900000,0.78000000,4.29264638000,0.0495800000,0.000000,991.00,5521.00,0.890000,0.930000,1,2
"HD 31527 c","HD 31527","Radial Velocity",2019,14.16000000,3.85000000,51.20530000000,0.2663000000,0.040000,571.07,5898.00,1.073694,0.960000,1,3
"Kepler-1955 b","Kepler-1955","Transit",2021,1.69000000,1.16654878,14.26519966000,0.1195900000,0.000000,853.00,5825.00,1.291000,1.049000,1,1
"Kepler-1684 b","Kepler-1684","Transit",2020,8.60000000,2.87084792,47.70550000000,0.2253000000,0.000000,347.00,4706.54,0.666755,0.750000,1,1
"Kepler-322 c","Kepler-322","Transit",2014,3.43000000,1.67000000,4.33723400000,0.0510000000,0.000000,996.00,5388.00,0.890000,0.908000,1,2
"Qatar-5 b","Qatar-5","Transit",2017,1373.02560000,12.40836300,2.87923190000,0.0412700000,0.000000,1415.00,5747.00,1.076000,1.128000,1,1
"Kepler-399 c","Kepler-399","Transit",2014,2.63000000,1.43000000,26.67569000000,0.1550000000,0.000000,630.00,5502.00,0.680000,0.902000,1,3
"DMPP-2 c","DMPP-2","Radial Velocity",2026,51.79000000,8.26000000,3.16800000000,0.0478900000,0.280000,1910.88,6500.00,1.780000,1.410000,1,3
"TOI-1062 b","TOI-1062","Transit",2021,10.15000000,2.26500000,4.11296000000,0.0520000000,0.177000,1077.00,5328.00,0.840000,0.940000,1,2
"TOI-1759 b","TOI-1759","Transit",2022,10.80000000,3.14000000,18.85019000000,0.1177000000,0.000000,443.00,4065.00,0.597000,0.606000,1,1
"TOI-2285 b","TOI-2285","Transit",2021,19.50000000,1.77000000,13.63510900000,0.1363000000,0.300000,358.00,3491.00,0.464000,0.454000,1,1
"Kepler-546 b","Kepler-546","Transit",2016,39.10000000,7.00000000,4.14702025800,0.0502000000,0.000000,1258.00,5967.00,1.150000,1.110000,1,1
"Kepler-682 b","Kepler-682","Transit",2016,42.60000000,7.37000000,12.61190667200,0.1058000000,0.000000,753.00,5559.00,0.890000,0.920000,1,1
"TOI-220 b","TOI-220","Transit",2021,13.80000000,3.03000000,10.69526400000,0.0891100000,0.032000,805.00,5298.00,0.858000,0.825000,1,1
"TOI-5624 f","TOI-5624","Transit Timing Variations",2026,13.00000000,3.66000000,45.37000000000,0.2366000000,0.000000,478.50,5327.00,0.820000,0.858000,1,5
"Kepler-242 b","Kepler-242","Transit",2014,7.32000000,2.61000000,8.20395000000,0.0750000000,0.000000,742.00,5020.00,0.850000,0.748000,1,2
"Kepler-258 b","Kepler-258","Transit",2014,15.50000000,4.06000000,13.19722000000,0.1030000000,0.000000,642.00,4942.00,0.915000,0.820000,1,2
"TOI-4898 b","TOI-4898","Transit",2026,13.40000000,3.71979540,2.76520470167,,,667.00,4201.57,0.639344,0.619077,1,1
"Kepler-1292 b","Kepler-1292","Transit",2016,3.97000000,1.82000000,3.27646405000,0.0443000000,0.000000,1195.00,5556.00,0.930000,0.950000,1,1
"HD 128717 b","HD 128717","Astrometry",2025,6293.00245860,12.10000000,3420.00000000000,4.8500000000,0.850000,151.90,6210.00,1.248000,1.212000,1,1
"TOI-3278 b","TOI-3278","Transit",2026,95.34852210,13.89913607,3.24645600000,0.0430000000,0.000000,1561.00,5720.00,1.390000,1.040000,1,1
"Kepler-103 b","Kepler-103","Transit",2014,11.67000000,3.48570000,15.96532870000,0.1330000000,0.171000,973.00,6047.00,1.492000,1.212000,1,2
"TOI-4492 b","TOI-4492","Transit",2026,1881.54416944,11.78063872,4.43318240000,0.0535000000,,1207.00,5711.00,1.222000,1.067000,1,1
"pi Men d","HD 39091","Radial Velocity",2022,13.38000000,3.72000000,124.64000000000,0.5060000000,0.220000,443.55,5998.00,1.190000,1.070000,1,3
"Kepler-1058 b","Kepler-1058","Transit",2016,7.85000000,2.72000000,110.96546000000,0.3679000000,0.000000,239.00,4644.00,0.690000,0.730000,1,1
"Kepler-160 b","Kepler-160","Transit",2014,3.59000000,1.71500000,4.30939700000,0.0551100000,0.000000,1134.00,5471.00,1.118000,1.003000,1,3
"Kepler-1365 b","Kepler-1365","Transit",2016,0.72100000,0.92000000,7.69993485000,0.0783900000,0.000000,969.00,5770.00,1.050000,1.000000,1,2
"Kepler-346 c","Kepler-346","Transit",2014,9.64000000,3.07000000,23.85154900000,0.1680000000,0.000000,654.00,6033.00,1.021000,0.943000,1,2
"Kepler-1489 b","Kepler-1489","Transit",2016,3.78000000,1.77000000,82.29475100000,0.3679000000,0.000000,400.00,5655.00,0.900000,0.930000,1,2
"Kepler-1126 b","Kepler-1126","Transit",2016,3.64000000,1.73000000,108.59332900000,0.4125100000,0.000000,374.00,5798.00,0.930000,0.920000,1,2
"Kepler-1914 b","Kepler-1914","Transit",2021,8.97000000,2.94298030,30.82789993000,0.1954000000,0.000000,585.00,5982.00,0.960000,1.047000,1,1
"HATS-43 b","HATS-43","Transit",2018,82.95363000,13.22662000,4.38884970000,0.0494400000,0.173000,1003.00,5099.00,0.812000,0.837000,1,1
"Kepler-685 b","Kepler-685","Transit",2016,78.80000000,10.58000000,1.62552220000,0.0265000000,0.000000,1579.00,5963.00,1.160000,1.110000,1,1
"Kepler-1303 b","Kepler-1303","Transit",2016,2.60000000,1.42000000,7.56127224000,0.0751000000,0.000000,891.00,5771.00,1.000000,1.010000,1,1
"Kepler-1016 b","Kepler-1016","Transit",2016,5.39000000,2.18000000,1.95452434200,0.0304400000,0.000000,1540.00,5821.00,1.000000,0.990000,1,2
"HIP 54373 c","HIP 54373","Radial Velocity",2019,12.44000000,3.57000000,15.14400000000,0.0990000000,0.200000,463.20,4021.00,0.564998,0.570000,1,2
"L 363-38 b","L 363-38","Radial Velocity",2023,4.67000000,2.00000000,8.78100000000,0.0480000000,,330.00,3129.00,0.274000,0.210000,1,1
"HAT-P-46 b","HAT-P-46","Transit",2014,156.68400000,14.39200000,4.46312900000,0.0577000000,0.123000,1458.00,6120.00,1.396000,1.284000,1,1
"K2-396 c","K2-396","Transit",2022,9.93000000,3.12400000,25.76051000000,,,,5236.00,0.920000,0.954000,1,2
"TOI-1107 b","TOI-1107","Transit",2022,1064.72516345,14.57167491,4.07823870000,0.0561000000,0.025000,1728.00,6311.00,1.810000,1.350000,1,1
"KOI-319 c","KOI-319","Transit Timing Variations",2014,8803.84687390,11.90000000,80.09900000000,,0.032000,,5880.00,2.064000,1.325000,1,2
"Kepler-1992 b","Kepler-1992","Transit",2023,0.69300000,0.91000000,15.61122380000,0.1169000000,0.000000,637.00,5383.00,0.842000,0.874000,1,1
"Kepler-134 b","Kepler-134","Transit",2014,4.66000000,2.00000000,5.31742900000,0.0600000000,0.000000,1105.00,5983.00,1.176000,0.956000,1,2
"TOI-912 b","TOI-912","Transit",2025,5.10000000,1.93000000,4.67806910000,0.0410000000,0.580000,551.00,3572.00,0.419000,0.418000,1,1
"TOI-913 b","TOI-913","Transit",2023,6.59000000,2.45280000,11.09864400000,,,712.01,4969.00,0.732500,0.820000,1,1
"TOI-1105 b","TOI-1105","Transit",2026,9.58000000,3.05823658,10.86818410933,,,756.37,4678.46,0.755833,0.740000,1,1
"Kepler-559 b","Kepler-559","Transit",2016,12.70000000,3.61000000,17.58752333000,0.1277000000,0.000000,706.00,5630.00,0.950000,0.960000,1,1
"WASP-34 b","WASP-34","Transit",2010,177.98480000,11.20900000,4.31768000000,0.0524000000,0.040000,1250.00,5700.00,0.910000,0.960000,1,1
"Kepler-1426 b","Kepler-1426","Transit",2016,3.05000000,1.56000000,14.25632270000,0.1187000000,0.000000,797.00,5831.00,1.020000,1.020000,1,1
"OGLE-2014-BLG-0676L b","OGLE-2014-BLG-0676L","Microlensing",2016,988.44634577,13.10000000,,2.0400000000,,,,,0.600000,1,1
"Kepler-156 b","Kepler-156","Transit",2014,5.90000000,2.30000000,4.97345600000,0.0540000000,0.000000,867.00,5094.00,0.807000,0.864000,1,2
"HATS-64 b","HATS-64","Transit",2018,305.11680000,18.81991100,4.90889700000,0.0656200000,0.151000,1793.00,6554.00,2.113000,1.564000,1,1
"Kepler-610 b","Kepler-610","Transit",2016,16.30000000,4.19000000,6.99692655400,0.0719000000,0.000000,888.00,5943.00,1.130000,1.100000,1,2
"TOI-2322 c","TOI-2322","Transit",2025,18.10000000,1.87400000,20.22552800000,0.1362000000,0.000000,496.80,4664.00,0.662000,0.703000,1,2
"TOI-2322 b","TOI-2322","Transit",2025,2.31000000,0.99400000,11.30717000000,0.0924000000,0.000000,603.10,4664.00,0.662000,0.703000,1,2
"Kepler-524 c","Kepler-524","Transit",2016,0.84000000,0.96000000,1.88897906000,0.0304600000,0.000000,1574.00,6014.00,1.100000,1.090000,1,2
"Kepler-398 c","Kepler-398","Transit",2014,1.01000000,1.01000000,11.41941200000,0.0870000000,0.000000,536.00,4493.00,0.613000,0.649000,1,3
"Kepler-1916 b","Kepler-1916","Transit",2021,7.35000000,2.61757235,31.25429916000,0.2053000000,0.000000,635.00,6246.00,1.092000,1.180000,1,1
"TIC 320419023 b","TIC 320419023","Transit",2026,8.11000000,2.77280763,5.26375651589,,,,5703.36,0.952319,1.056000,1,1
"HD 108236 f","HD 108236","Transit",2021,4.72000000,2.01700000,29.54115000000,0.1758000000,0.051000,609.59,5660.00,0.877000,0.869000,1,5
"Kepler-1617 b","Kepler-1617","Transit",2016,1.87000000,1.20000000,27.47855720000,0.1770700000,0.000000,736.00,6167.00,1.220000,1.150000,1,1
"HD 206893 c","HD 206893","Imaging",2022,3527.89531770,16.36511182,2290.00000000000,3.7400000000,0.283000,1181.90,6500.00,1.311160,1.310000,1,2
"TOI-4527.01","TOI-4527","Transit",2024,0.68900000,0.90866170,0.39944450000,0.0083323530,,1362.93,3702.00,0.485948,0.483901,1,1
"K2-255 b","K2-255","Transit",2018,8.75000000,2.90000000,1.96417000000,0.0274000000,,1034.00,4676.00,0.690000,0.710000,1,1
"Kepler-1678 b","Kepler-1678","Transit",2020,10.90000000,3.30422249,147.97400000000,0.5302000000,0.000000,329.00,5754.00,0.834976,1.030000,1,1
"HD 224018 b","HD 224018","Radial Velocity",2025,4.10000000,0.91000000,10.64130000000,0.0952000000,0.060000,968.00,5784.00,1.147000,1.013000,1,3
"Kepler-1334 b","Kepler-1334","Transit",2016,5.86000000,2.29000000,15.64591713000,0.1229000000,0.000000,710.00,5614.00,0.910000,0.940000,1,1
"Kepler-480 b","Kepler-480","Transit",2016,8.15000000,2.78000000,4.91958379500,0.0602400000,0.000000,1312.00,6322.00,1.340000,1.250000,1,1
"Kepler-1382 b","Kepler-1382","Transit",2016,4.19000000,1.88000000,16.35830550000,0.1402300000,0.000000,959.00,6161.00,1.720000,1.360000,1,1
"TOI-2068 b","TOI-2068","Transit",2024,3.97000000,1.82100000,7.76891500000,0.0632000000,,520.62,3710.00,0.535000,0.559000,1,1
"Kepler-1030 b","Kepler-1030","Transit",2016,6.71000000,2.48000000,19.32952416000,0.1338000000,0.000000,529.00,4983.00,0.760000,0.800000,1,1
"HD 153950 b","HD 153950","Radial Velocity",2008,937.59850000,13.20000000,499.39999000000,1.2800000000,0.340000,295.30,6124.00,1.280000,1.250000,1,1
"CoRoT-11 b","CoRoT-11","Transit",2010,740.51000000,16.03000000,2.99433000000,0.0436000000,0.000000,1657.00,6440.00,1.370000,1.270000,1,1
"TOI-286 c","TOI-286","Transit",2024,3.72000000,1.88000000,39.36182600000,0.2130000000,0.000000,475.00,5152.00,0.780000,0.832000,1,2
"TOI-1806.01","TOI-1806","Transit",2024,11.50000000,3.40953670,15.14546930000,0.0877350440,,337.47,3272.00,0.401575,0.392935,1,1
"TOI-4443.01","TOI-4443","Transit",2024,3.60000000,1.71932650,1.84985670000,0.0299626450,,1638.82,5834.00,1.017330,1.049133,1,1
"K2-141 c","K2-141","Transit",2018,8.00000000,7.00000000,7.74850000000,0.0683000000,0.092000,695.00,4570.00,0.681000,0.708000,1,2
"K2-232 b","K2-232","Transit",2018,126.49634000,11.20900000,11.16845400000,0.1035600000,0.258000,1030.00,6154.00,1.161000,1.188000,1,1
"GJ 1132 c","GJ 1132","Radial Velocity",2018,2.91000000,1.52000000,8.92900000000,0.0476000000,0.190000,300.00,3090.00,0.226000,0.198000,1,2
"55 Cnc b","55 Cnc","Radial Velocity",1996,263.97850000,13.90000000,14.65155200000,0.1180000000,0.002900,700.00,5198.00,0.980000,1.015000,2,7
"55 Cnc c","55 Cnc","Radial Velocity",2004,54.47380000,8.51000000,44.39360000000,0.2470000000,0.088000,499.27,5198.00,0.980000,1.015000,2,7
"55 Cnc d","55 Cnc","Radial Velocity",2002,1232.49300000,13.00000000,4799.00000000000,5.6000000000,0.091300,104.85,5198.00,0.980000,1.015000,2,7
"55 Cnc e","55 Cnc","Radial Velocity",2004,7.99000000,1.87500000,0.73654740000,0.0154400000,0.050000,1958.00,5172.00,0.943000,0.905000,2,7
"55 Cnc f","55 Cnc","Radial Velocity",2007,44.81200000,7.59000000,260.58000000000,0.8020000000,0.063000,277.07,5198.00,0.980000,1.015000,2,7
"GJ 1214 b","GJ 1214","Transit",2009,8.41000000,2.73300000,1.58040453100,0.0150500000,0.006200,567.00,3101.00,0.216200,0.182000,1,1
"GJ 436 b","GJ 436","Radial Velocity",2004,22.10000000,4.17000000,2.64388312000,0.0291000000,0.138270,686.00,3586.11,0.455000,0.470000,1,1
"HAT-P-12 b","HAT-P-12","Transit",2009,67.05900000,10.74900000,3.21305980000,0.0384000000,0.000000,963.00,4650.00,0.701000,0.733000,1,1
"HAT-P-13 b","HAT-P-13","Transit",2009,270.46200000,14.25800000,2.91625000000,0.0438300000,0.013300,1740.00,5653.00,1.756000,1.320000,1,2
"HAT-P-13 c","HAT-P-13","Radial Velocity",2009,4538.42100000,12.30000000,446.27000000000,1.2580000000,0.661600,340.00,5653.00,1.756000,1.320000,1,2
"HAT-P-14 b","HAT-P-14","Transit",2010,1093.33520000,15.91678000,4.62767000000,0.0596000000,0.110000,1624.00,6600.00,1.820000,2.650000,2,1
"HAT-P-17 b","HAT-P-17","Transit",2012,184.34140000,11.76945000,10.33852000000,0.0892000000,0.350000,800.00,5246.00,0.870000,0.990000,1,2
"HAT-P-17 c","HAT-P-17","Radial Velocity",2012,1080.60000000,13.10000000,5584.00000000000,5.6000000000,0.390000,99.59,5336.96,0.838682,0.920000,1,2
"HAT-P-18 b","HAT-P-18","Transit",2010,55.52462270,10.70457657,5.50802910000,0.0559000000,0.030000,841.00,4870.00,0.717000,0.770000,1,1
"HAT-P-1 b","HAT-P-1","Transit",2006,166.86075000,14.78467100,4.46529976000,0.0556100000,0.000000,1322.00,5980.00,1.174000,1.151000,2,1
"HAT-P-26 b","HAT-P-26","Transit",2010,22.24810000,7.06167000,4.23452000000,0.0474800000,0.120000,1080.00,5079.00,0.870000,1.120000,1,1
"HAT-P-30 b","HAT-P-30","Transit",2011,263.79890000,16.14096000,2.81060000000,0.0419000000,0.040000,1630.00,6304.00,1.310000,1.550000,2,1
"HAT-P-32 b","HAT-P-32","Transit",2011,216.12440000,22.19382000,2.15000820000,0.0339700000,0.159000,1835.70,6001.00,1.367000,1.132000,2,1
"HD 149026 b","HD 149026","Radial Velocity",2005,120.77540000,8.29466000,2.87589000000,0.0436400000,0.000000,1626.00,6179.00,1.410000,1.420000,1,1
"HD 189733 b","HD 189733","Radial Velocity",2005,359.14790000,12.66617000,2.21857567000,0.0312600000,0.000000,1209.00,5052.00,0.750000,0.790000,2,1
"HD 209458 b","HD 209458","Radial Velocity",1999,232.01590000,15.58051000,3.52474859000,0.0470700000,0.000000,1459.00,6091.00,1.190000,1.230000,1,1
"HD 80606 b","HD 80606","Radial Velocity",2001,1323.46926959,11.56766808,111.43676500000,0.4603000000,0.931830,405.00,5565.00,1.050000,1.050000,2,1
"HD 86226 b","HD 86226","Radial Velocity",2009,143.02350000,14.30000000,1628.00000000000,2.7300000000,0.059000,176.00,5863.00,1.053000,1.019000,1,2
"TrES-4 b","TrES-4","Transit",2007,247.90740000,18.04649000,3.55395000000,0.0508400000,0.000000,1778.00,6200.00,1.660000,1.080000,2,1
"WASP-12 b","WASP-12","Transit",2008,467.21010000,22.02564708,1.09141890100,0.0234000000,0.044700,2601.00,6265.00,1.690000,1.325000,3,1
"WASP-15 b","WASP-15","Transit",2009,171.62820000,15.80469000,3.75210000000,0.0516500000,0.000000,1676.00,6300.00,1.480000,1.180000,1,1
"WASP-17 b","WASP-17","Transit",2009,247.90740000,20.96083000,3.73543000000,0.0515000000,0.000000,1755.00,6550.00,1.490000,2.280000,1,1
"WASP-18 b","WASP-18","Transit",2009,3241.84975140,13.89913607,0.94145223000,0.0202400000,0.005100,2429.00,6432.00,1.319000,1.294000,2,1
"WASP-19 b","WASP-19","Transit",2009,366.77398168,15.86070769,0.78883852000,0.0165200000,0.012600,2113.00,5616.00,1.006000,0.965000,1,1
"WASP-25 b","WASP-25","Transit",2010,179.25522155,13.80946422,3.76483370000,0.0473000000,0.000000,1217.00,5697.00,0.884000,0.962000,1,1
"WASP-39 b","WASP-39","Transit",2011,89.31023000,14.33631100,4.05529410000,0.0482800000,0.000000,1166.00,5485.00,0.939000,0.913000,1,1
"WASP-43 b","WASP-43","Transit",2011,565.71400000,10.42400000,0.81347500000,0.0142000000,0.000000,1426.70,4400.00,0.600000,0.580000,1,1
"WASP-6 b","WASP-6","Transit",2009,148.42586607,12.54284940,3.36100260000,0.0421700000,0.054000,1167.00,5438.00,0.790000,0.854000,1,1
"GJ 3470 b","GJ 3470","Radial Velocity",2012,13.90000000,4.57000000,3.33664960000,0.0355000000,0.017000,593.50,3600.00,0.547000,0.539000,1,1
"WASP-47 b","WASP-47","Transit",2012,374.00000000,12.86000000,4.15915100000,0.0520000000,0.000600,1275.00,5565.00,1.156000,1.058000,1,4
"WASP-63 b","WASP-63","Transit",2012,117.59710000,15.80469000,4.37808000000,0.0574000000,0.000000,1469.91,5550.00,1.860000,1.280000,1,1
"WASP-52 b","WASP-52","Transit",2012,146.20000000,14.24000000,1.74977980000,0.0272000000,0.000000,1315.00,5000.00,0.790000,0.870000,1,1
"WASP-77 A b","WASP-77 A","Transit",2012,529.31142902,13.56000000,1.36002939500,0.0232336330,0.013530,1674.00,5617.00,0.910000,0.903000,2,1
"WASP-80 b","WASP-80","Transit",2012,170.99254000,11.19779100,3.06785234000,0.0344000000,0.002000,825.00,4143.00,0.586000,0.577000,1,1
"WASP-103 b","WASP-103","Transit",2014,473.54700000,17.12700000,0.92554200000,0.0198500000,0.000000,2508.00,6110.00,1.436000,1.220000,1,1
"WASP-96 b","WASP-96","Transit",2014,152.55000000,13.45000000,3.42526020000,0.0453000000,0.000000,1285.00,5540.00,1.050000,1.060000,1,1
"WASP-94 A b","WASP-94 A","Transit",2014,158.91500000,17.71022000,3.95019000000,0.0550000000,0.000000,1604.00,6170.00,1.480000,1.670000,2,2
"WASP-94 B b","WASP-94 B","Radial Velocity",2014,196.41100000,14.10000000,2.00839000000,0.0335000000,0.000000,1848.91,6040.00,1.350000,1.240000,2,2
"WASP-69 b","WASP-69","Transit",2014,82.58000000,11.21000000,3.86813881000,0.0453000000,0.000000,971.00,4792.00,0.801000,0.830000,1,1
"WASP-84 b","WASP-84","Transit",2014,220.00000000,10.72000000,8.52349648000,0.0778000000,0.000000,732.00,5280.00,0.768000,0.853000,1,2
"WASP-20 b","WASP-20","Transit",2015,98.84100000,15.46839337,4.89964477000,0.0599900000,0.000000,1362.00,5940.00,1.242000,1.200000,2,1
"HATS-6 b","HATS-6","Transit",2015,101.38777000,11.18658200,3.32527250000,0.0362300000,0.000000,712.80,3724.00,0.570000,0.574000,1,1
"KELT-7 b","KELT-7","Transit",2015,441.78370000,17.93440000,2.73477000000,0.0441500000,0.000000,2048.00,6768.00,1.810000,1.760000,1,1
"K2-18 b","K2-18","Transit",2015,8.92000000,2.37000000,32.93962300000,0.1429000000,0.200000,284.00,3457.00,0.411000,0.359000,1,2
"KELT-8 b","KELT-8","Transit",2015,209.76780000,18.15858000,3.24406000000,0.0455000000,0.040000,1675.00,5754.00,1.460000,0.810000,1,1
"K2-22 b","K2-22","Transit",2015,444.96200000,2.30000000,0.38107300000,0.0090000000,0.190000,2100.00,3879.00,0.580000,0.595292,2,1
"WASP-47 d","WASP-47","Transit",2015,15.50000000,3.65000000,9.03050100000,0.0850000000,0.001000,885.00,5565.00,1.156000,1.058000,1,4
"WASP-47 e","WASP-47","Transit",2015,9.00000000,1.83000000,0.78961000000,0.0167300000,0.000000,1992.00,5565.00,1.156000,1.058000,1,4
"GJ 1132 b","GJ 1132","Transit",2015,1.83704819,1.19151465,1.62892911000,0.0157000000,0.011800,583.80,3229.00,0.221100,0.194500,1,2
"WASP-76 b","WASP-76","Transit",2016,284.13859586,20.78145022,1.80988198000,0.0330000000,0.000000,2228.00,6329.00,1.756000,1.458000,2,1
"KELT-4 A b","KELT-4 A","Transit",2016,286.68266000,19.04409100,2.98959320000,0.0431700000,0.000000,1823.00,6206.00,1.603000,1.201000,3,1
"TRAPPIST-1 b","TRAPPIST-1","Transit",2016,1.37400000,1.11600000,1.51082600000,0.0115400000,0.006220,397.60,2566.00,0.119200,0.089800,1,7
"TRAPPIST-1 c","TRAPPIST-1","Transit",2016,1.30800000,1.09700000,2.42193700000,0.0158000000,0.006540,339.70,2566.00,0.119200,0.089800,1,7
"TRAPPIST-1 d","TRAPPIST-1","Transit",2016,0.38800000,0.78800000,4.04921900000,0.0222700000,0.008370,286.20,2566.00,0.119200,0.089800,1,7
"K2-34 b","K2-34","Transit",2016,539.67534000,13.75000000,2.99563480000,0.0442000000,0.000000,1687.00,6168.00,1.420000,1.160000,1,1
"WASP-121 b","WASP-121","Transit",2016,371.85923619,19.52604438,1.27492504000,0.0257100000,0.008500,2409.00,6628.00,1.461000,1.330000,1,1
"HIP 41378 b","HIP 41378","Transit",2016,6.90000000,2.64000000,15.57209000000,0.1303000000,0.050000,959.00,6290.00,1.300000,1.220000,1,6
"HIP 41378 c","HIP 41378","Transit",2016,5.97000000,2.74000000,31.70591000000,0.2093000000,0.044000,757.00,6290.00,1.300000,1.220000,1,6
"HIP 41378 d","HIP 41378","Transit",2016,6.53000000,3.65000000,278.36180000000,1.1700000000,0.063000,367.00,6290.00,1.300000,1.220000,1,6
"HIP 41378 e","HIP 41378","Transit",2016,7.62000000,5.19000000,393.00000000000,0.6800000000,0.065000,335.00,6290.00,1.300000,1.220000,1,6
"HIP 41378 f","HIP 41378","Transit",2016,25.00000000,9.47000000,542.07970000000,1.3940000000,0.052000,294.00,6290.00,1.300000,1.220000,1,6
"HD 3167 b","HD 3167","Transit",2016,4.84400000,1.60100000,0.95965451000,0.0181400000,0.000000,1781.00,5338.00,0.871000,0.864000,1,4
"HD 3167 c","HD 3167","Transit",2016,11.41000000,2.98300000,29.84651100000,0.1794000000,0.040000,567.00,5338.00,0.871000,0.864000,1,4
"HAT-P-65 b","HAT-P-65","Transit",2016,176.07693748,18.05766791,2.60544751000,0.0404200000,0.304000,1818.00,5872.00,1.666000,1.297000,1,1
"WASP-131 b","WASP-131","Transit",2016,86.76715511,13.74221034,5.32201250000,0.0608000000,0.000000,1460.00,5990.00,1.561000,1.060000,1,1
"WASP-139 b","WASP-139","Transit",2016,37.18611000,8.96720000,5.92426200000,0.0620000000,0.000000,910.00,5310.00,0.800000,0.920000,2,1
"WASP-127 b","WASP-127","Transit",2016,52.34660100,14.69499900,4.17806203000,0.0484000000,0.000000,1400.00,5620.00,1.333000,0.950000,2,1
"TRAPPIST-1 e","TRAPPIST-1","Transit",2017,0.69200000,0.92000000,6.10101300000,0.0292500000,0.005100,249.70,2566.00,0.119200,0.089800,1,7
"TRAPPIST-1 f","TRAPPIST-1","Transit",2017,1.03900000,1.04500000,9.20754000000,0.0384900000,0.010070,217.70,2566.00,0.119200,0.089800,1,7
"TRAPPIST-1 g","TRAPPIST-1","Transit",2017,1.32100000,1.12900000,12.35244600000,0.0468300000,0.002080,197.30,2566.00,0.119200,0.089800,1,7
"TRAPPIST-1 h","TRAPPIST-1","Transit",2017,0.32600000,0.75500000,18.77286600000,0.0618900000,0.005670,171.70,2566.00,0.119200,0.089800,1,7
"HD 106315 b","HD 106315","Transit",2017,12.60000000,2.44000000,9.55237000000,0.0907000000,0.093000,1153.00,6327.00,1.296000,1.091000,1,2
"HD 106315 c","HD 106315","Transit",2017,15.20000000,4.35000000,21.05704000000,0.1536000000,0.220000,886.00,6327.00,1.296000,1.091000,1,2
"LHS 1140 b","LHS 1140","Transit",2017,5.60000000,1.73000000,24.73723000000,0.0946000000,0.043000,226.00,3096.00,0.215900,0.184400,1,2
"KELT-11 b","KELT-11","Transit",2017,65.15482343,15.13212395,4.73620865000,0.0623000000,0.000000,1712.00,5375.00,2.690000,1.440000,1,1
"KELT-9 b","KELT-9","Transit",2017,915.34581216,21.70058664,1.48112350000,0.0336800000,0.000000,3921.00,9270.00,2.418000,2.320000,2,1
"HD 3167 d","HD 3167","Radial Velocity",2017,7.30000000,2.61000000,8.39670000000,0.0770000000,0.350000,865.00,5338.00,0.871000,0.864000,1,4
"WASP-107 b","WASP-107","Transit",2017,33.02237149,10.48039695,5.72148750000,0.0550000000,0.052000,736.00,4425.00,0.657000,0.683000,1,2
"GJ 9827 b","GJ 9827","Transit",2017,4.28000000,1.44000000,1.20897400000,0.0189000000,0.000000,1035.01,4236.00,0.580000,0.620000,1,3
"GJ 9827 c","GJ 9827","Transit",2017,1.86000000,1.13000000,3.64810300000,0.0395000000,0.000000,715.94,4236.00,0.580000,0.620000,1,3
"GJ 9827 d","GJ 9827","Transit",2017,3.02000000,1.98000000,6.20183000000,0.0530000000,0.000000,675.00,4236.00,0.580000,0.620000,1,3
"KELT-20 b","KELT-20","Transit",2017,1074.90106000,19.51486900,3.47410850000,0.0542000000,0.000000,2262.00,8720.00,1.565000,1.760000,1,1
"K2-18 c","K2-18","Radial Velocity",2017,7.51000000,2.65000000,8.96200000000,0.0600000000,0.470000,363.00,3457.00,0.411000,0.359000,1,2
"K2-141 b","K2-141","Transit",2018,4.97000000,1.51000000,0.28032440000,0.0074700000,0.000000,2103.00,4570.00,0.681000,0.708000,1,2
"HAT-P-11 c","HAT-P-11","Radial Velocity",2018,851.78013076,13.20000000,3361.00000000000,4.1000000000,0.652000,91.58,4653.00,0.683000,0.811000,1,2
"NGTS-2 b","NGTS-2","Transit",2018,235.19420000,17.87835500,4.51116400000,0.0630000000,0.000000,1468.00,6478.00,1.702000,1.640000,1,1
"WASP-164 b","WASP-164","Transit",2018,676.97790000,12.64375200,1.77712550000,0.0281800000,0.000000,1610.00,5806.00,0.932000,0.946000,1,1
"LHS 1140 c","LHS 1140","Transit",2018,1.91000000,1.27200000,3.77794000000,0.0270000000,0.050000,422.00,3096.00,0.215900,0.184400,1,2
"K2-287 b","K2-287","Transit",2018,100.11645000,9.49402300,14.89329100000,0.1206000000,0.478000,804.00,5695.00,1.070000,1.056000,1,1
"LHS 3844 b","LHS 3844","Transit",2019,2.37000000,1.28600000,0.46292970900,0.0062400000,0.000000,816.00,3080.00,0.189000,0.151000,1,1
"HD 15337 b","HD 15337","Transit",2019,6.51900000,1.77000000,4.75598040000,0.0524500000,0.058000,1001.00,5131.00,0.855000,0.829000,1,2
"HD 15337 c","HD 15337","Transit",2019,6.79200000,2.52600000,17.18054600000,0.1235000000,0.096000,656.10,5131.00,0.855000,0.829000,1,2
"L 98-59 b","L 98-59","Transit",2019,0.46000000,0.83700000,2.25311400000,0.0223000000,0.031000,620.00,3415.00,0.315500,0.292300,1,5
"L 98-59 c","L 98-59","Transit",2019,2.00000000,1.32900000,3.69067640000,0.0309000000,0.002000,526.00,3415.00,0.315500,0.292300,1,5
"L 98-59 d","L 98-59","Transit",2019,1.64000000,1.62700000,7.45072900000,0.0494000000,0.006000,416.00,3415.00,0.315500,0.292300,1,5
"V1298 Tau b","V1298 Tau","Transit",2019,13.10000000,9.41000000,24.14000600000,0.1685000000,0.007900,666.00,4970.00,1.320000,1.100000,3,4
"WASP-166 b","WASP-166","Transit",2019,32.10083000,7.06167000,5.44354000000,0.0641000000,0.000000,1270.00,6050.00,1.220000,1.190000,1,1
"TOI-270 b","TOI-270","Transit",2019,1.48000000,1.28000000,3.35992000000,0.0319700000,0.016700,600.00,3506.00,0.380000,0.386000,1,3
"TOI-270 c","TOI-270","Transit",2019,6.20000000,2.33000000,5.66051000000,0.0452600000,0.004400,489.00,3506.00,0.380000,0.386000,1,3
"TOI-270 d","TOI-270","Transit",2019,4.20000000,2.00000000,11.38194000000,0.0721000000,0.006600,383.00,3506.00,0.380000,0.386000,1,3
"GJ 357 b","GJ 357","Transit",2019,1.83000000,1.20000000,3.93060000000,0.0360000000,,518.00,3505.00,0.337000,0.342000,1,3
"GJ 357 c","GJ 357","Radial Velocity",2019,3.40000000,1.66000000,9.12470000000,0.0610000000,,401.20,3505.00,0.337000,0.342000,1,3
"GJ 357 d","GJ 357","Radial Velocity",2019,6.10000000,2.34000000,55.66100000000,0.2040000000,,219.60,3505.00,0.337000,0.342000,1,3
"LTT 1445 A b","LTT 1445 A","Transit",2019,2.73000000,1.34000000,5.35876350000,0.0381000000,0.180000,431.00,3562.00,0.271000,0.257000,3,2
"WASP-178 b","WASP-178","Transit",2019,527.59780000,20.28829000,3.34482850000,0.0558000000,0.000000,2470.00,9360.00,1.670000,2.070000,1,1
"V1298 Tau c","V1298 Tau","Transit",2019,4.70000000,5.08000000,8.24916400000,0.0824000000,0.009400,953.00,4970.00,1.320000,1.100000,3,4
"V1298 Tau d","V1298 Tau","Transit",2019,6.00000000,6.53000000,12.40139400000,0.1081000000,0.008700,831.00,4970.00,1.320000,1.100000,3,4
"V1298 Tau e","V1298 Tau","Transit",2019,15.30000000,10.17000000,48.67771400000,0.2689000000,0.012400,527.00,4970.00,1.320000,1.100000,3,4
"LP 791-18 b","LP 791-18","Transit",2019,1.94000000,1.21200000,0.94799810000,0.0097800000,0.000000,564.30,2960.00,0.182000,0.139000,1,3
"LP 791-18 c","LP 791-18","Transit",2019,7.16000000,2.48800000,4.98991000000,0.0296100000,0.000100,324.40,2960.00,0.182000,0.139000,1,3
"TOI-125 b","TOI-125","Transit",2019,9.50000000,2.72600000,4.65382000000,0.0518600000,0.194000,1037.00,5320.00,0.848000,0.859000,1,3
"TOI-125 c","TOI-125","Transit",2019,6.63000000,2.75900000,9.15059000000,0.0814000000,0.066000,827.80,5320.00,0.848000,0.859000,1,3
"L 168-9 b","L 168-9","Transit",2020,4.07000000,1.63000000,1.40152604000,0.0208000000,0.000000,998.00,3842.00,0.604000,0.614000,1,1
"TOI-125 d","TOI-125","Transit",2020,13.60000000,2.93000000,19.98000000000,0.1370000000,0.168000,638.10,5320.00,0.848000,0.859000,1,3
"HATS-48 A b","HATS-48 A","Transit",2020,77.23269000,8.96720000,3.13166660000,0.0376900000,0.162000,954.60,4546.00,0.715200,0.727900,2,1
"HATS-72 b","HATS-72","Transit",2020,39.85588200,8.09738160,7.32794740000,0.0665170000,0.013000,739.30,4656.10,0.721400,0.731100,1,1
"NGTS-10 b","NGTS-10","Transit",2020,687.14846000,13.89913607,0.76689440000,0.0143000000,0.000000,1508.00,4567.00,0.700000,0.696000,2,1
"TOI-1130 b","TOI-1130","Transit",2020,19.80000000,3.66000000,4.07455400000,0.0453000000,0.052162,825.00,4360.00,0.697000,0.745000,1,2
"TOI-1130 c","TOI-1130","Transit",2020,336.00000000,13.00000000,8.35018980000,0.0731000000,0.039800,650.00,4360.00,0.697000,0.745000,1,2
"TOI-677 b","TOI-677","Transit",2020,392.20025424,13.11450742,11.23659850000,0.1041000000,0.460000,1252.00,6295.00,1.280000,1.181000,1,1
"LTT 3780 b","LTT 3780","Transit",2020,2.46000000,1.32500000,0.76837931000,0.0119500000,0.000000,903.00,3358.00,0.380000,0.381000,2,2
"LTT 3780 c","LTT 3780","Transit",2020,8.04000000,2.39000000,12.25228400000,0.0757000000,0.024000,359.00,3358.00,0.380000,0.381000,2,2
"TOI-1338 b","TOI-1338 A","Transit",2020,11.30000000,7.66100000,95.40010000000,0.4607000000,0.033100,254.65,5723.20,1.313000,1.093600,2,2
"AU Mic b","AU Mic","Transit",2020,8.99000000,4.79000000,8.46344600000,0.0700000000,0.070000,554.80,3540.00,0.862000,0.635000,1,4
"WASP-148 b","WASP-148","Transit",2020,91.21675281,8.47398941,8.80380900000,0.0821500000,0.208000,940.00,5555.00,0.912000,0.954000,1,2
"WASP-148 c","WASP-148","Radial Velocity",2020,124.58873554,13.90000000,34.52400000000,0.2044000000,0.180900,590.00,5555.00,0.912000,0.954000,1,2
"NGTS-11 b","NGTS-11","Transit",2020,109.33352000,9.15775300,35.45533000000,0.2010000000,0.130000,435.00,5050.00,0.832000,0.862000,1,1
"TOI-849 b","TOI-849","Transit",2020,41.80000000,3.64000000,0.76554800000,0.0155000000,0.000000,1932.00,5257.00,0.970000,0.970000,1,1
"TOI-700 b","TOI-700","Transit",2020,0.70400000,0.91400000,9.97721900000,0.0677000000,0.075000,417.00,3459.00,0.421000,0.415000,1,4
"TOI-700 c","TOI-700","Transit",2020,7.27000000,2.60000000,16.05113700000,0.0929000000,0.068000,356.00,3459.00,0.421000,0.415000,1,4
"TOI-700 d","TOI-700","Transit",2020,1.25000000,1.07300000,37.42396000000,0.1633000000,0.042000,268.80,3459.00,0.421000,0.415000,1,4
"HIP 67522 b","HIP 67522","Transit",2020,71.40000000,9.98720180,6.95947310000,0.0748000000,0.064000,1175.00,5675.00,1.380000,1.220000,1,2
"TOI-1899 b","TOI-1899","Transit",2020,212.94503269,11.09689089,29.09031200000,0.1525000000,0.044000,378.00,3926.00,0.607000,0.632000,1,1
"HD 86226 c","HD 86226","Transit",2020,7.25000000,2.16000000,3.98442000000,0.0490000000,0.075000,1311.00,5863.00,1.053000,1.019000,1,2
"WD 1856+534 b","WD 1856+534","Transit",2020,4386.05400000,10.40000000,1.40794050000,0.0204000000,0.000000,163.00,4710.00,0.013100,0.518000,3,1
"LTT 9779 b","LTT 9779","Transit",2020,29.32000000,4.72000000,0.79205200000,0.0167900000,0.000000,1978.00,5443.00,0.949000,1.020000,1,1
"TOI-824 b","TOI-824","Transit",2020,18.46700000,2.92600000,1.39297800000,0.0217700000,,1253.00,4600.00,0.695000,0.710000,1,1
"TOI-421 b","TOI-421","Transit",2020,6.70000000,2.64000000,5.19757600000,0.0554000000,0.130000,922.00,5291.00,0.866000,0.833000,2,2
"TOI-421 c","TOI-421","Transit",2020,14.10000000,5.09000000,16.06754100000,0.1170000000,0.190000,635.00,5291.00,0.866000,0.833000,2,2
"GJ 3473 b","GJ 3473","Transit",2020,1.86000000,1.26400000,1.19800350000,0.0158900000,0.000000,773.00,3347.00,0.364000,0.360000,2,2
"GJ 3473 c","GJ 3473","Radial Velocity",2020,7.41000000,2.63000000,15.50900000000,0.0876000000,0.000000,329.10,3347.00,0.364000,0.360000,2,2
"WASP-107 c","WASP-107","Radial Velocity",2020,111.23994245,13.00000000,1091.00000000000,,0.315000,,4425.00,0.657000,0.683000,1,2
"TOI-776 b","TOI-776","Transit",2020,5.00000000,1.79800000,8.24662000000,0.0653000000,0.052000,520.00,3725.00,0.547000,0.542000,1,2
"TOI-776 c","TOI-776","Transit",2020,6.90000000,2.04700000,15.66532300000,0.1001000000,0.089000,420.00,3725.00,0.547000,0.542000,1,2
"TOI-561 b","TOI-561","Transit",2020,2.02000000,1.39700000,0.44656970000,0.0106400000,0.000000,2319.00,5342.00,0.843000,0.806000,1,4
"TOI-561 c","TOI-561","Transit",2020,5.93000000,2.86500000,10.77883800000,0.0889000000,0.023000,802.00,5342.00,0.843000,0.806000,1,4
"TOI-561 d","TOI-561","Transit",2020,13.33000000,2.61500000,25.71268000000,0.1587000000,0.111000,600.00,5342.00,0.843000,0.806000,1,4
"TOI-561 e","TOI-561","Transit",2020,12.40000000,2.51700000,77.14400000000,0.3300000000,0.074000,416.00,5342.00,0.843000,0.806000,1,4
"TOI-451 b","TOI-451","Transit",2020,4.70000000,1.84000000,1.85870330000,0.0274000000,0.000000,1474.00,5490.00,0.850000,0.930000,2,3
"TOI-451 c","TOI-451","Transit",2020,3.70000000,2.93000000,9.19246300000,0.0795000000,0.000000,865.00,5490.00,0.850000,0.930000,2,3
"TOI-451 d","TOI-451","Transit",2020,10.20000000,3.93000000,16.36496200000,0.1168000000,0.000000,714.00,5490.00,0.850000,0.930000,2,3
"TOI-178 b","TOI-178","Transit",2021,0.96000000,1.20000000,1.91456010000,0.0260700000,,1040.00,4316.00,0.662000,0.647000,1,6
"TOI-178 c","TOI-178","Transit",2021,4.64000000,1.75400000,3.23848600000,0.0370000000,0.000320,873.00,4316.00,0.662000,0.647000,1,6
"TOI-178 d","TOI-178","Transit",2021,5.20000000,2.69500000,6.55756900000,0.0592000000,0.006800,690.00,4316.00,0.662000,0.647000,1,6
"TOI-178 e","TOI-178","Transit",2021,3.48000000,2.30100000,9.96318000000,0.0783000000,0.000380,600.00,4316.00,0.662000,0.647000,1,6
"TOI-178 f","TOI-178","Transit",2021,5.63000000,2.41700000,15.23335000000,0.1039000000,0.000450,521.00,4316.00,0.662000,0.647000,1,6
"TOI-178 g","TOI-178","Transit",2021,4.40000000,2.93900000,20.71663000000,0.1275000000,0.000430,470.00,4316.00,0.662000,0.647000,1,6
"GJ 486 b","GJ 486","Radial Velocity",2021,2.77000000,1.28900000,1.46712127000,0.0171400000,0.000860,696.30,3317.00,0.324300,0.312000,1,1
"LHS 1478 b","LHS 1478","Transit",2021,2.33000000,1.24200000,1.94953780000,0.0184800000,,595.00,3381.00,0.246000,0.236000,1,1
"TOI-1231 b","TOI-1231","Transit",2021,15.40000000,3.65000000,24.24558600000,0.1288000000,0.087000,329.60,3553.00,0.476000,0.485000,1,1
"TOI-674 b","TOI-674","Transit",2021,23.60000000,5.25000000,1.97714300000,0.0250000000,0.000000,635.00,3514.00,0.420000,0.420000,1,1
"TOI-1685 b","TOI-1685","Transit",2021,3.07000000,1.42100000,0.66913923000,0.0116400000,0.000000,1000.00,3470.00,0.462000,0.466000,1,1
"TOI-1807 b","TOI-1807","Transit",2021,2.44000000,1.49681583,0.54937097000,0.0122000000,0.000000,1694.10,4914.00,0.746000,0.804800,1,1
"TOI-2076 b","TOI-2076","Transit",2021,6.70000000,2.59000000,10.35504000000,0.0878100000,0.011400,736.00,5187.00,0.758000,0.849000,1,4
"TOI-2076 c","TOI-2076","Transit",2021,7.20000000,3.54000000,21.01447000000,0.1407000000,0.036000,581.00,5187.00,0.758000,0.849000,1,4
"TOI-2076 d","TOI-2076","Transit",2021,7.30000000,3.27000000,35.12803000000,0.1982000000,0.027000,490.00,5187.00,0.758000,0.849000,1,4
"AU Mic c","AU Mic","Transit",2021,14.46000000,2.79000000,18.85902300000,0.1190000000,0.180000,424.70,3540.00,0.862000,0.635000,1,4
"TOI-431 b","TOI-431","Transit",2021,3.07000000,1.28000000,0.49004700000,0.0113000000,0.000000,1862.00,4850.00,0.731000,0.780000,1,3
"TOI-431 c","TOI-431","Radial Velocity",2021,2.83000000,1.49000000,4.84940000000,0.0520000000,0.000000,867.00,4850.00,0.731000,0.780000,1,3
"TOI-431 d","TOI-431","Transit",2021,9.90000000,3.29000000,12.46103000000,0.0980000000,0.000000,633.00,4850.00,0.731000,0.780000,1,3
"L 98-59 e","L 98-59","Radial Velocity",2021,2.82000000,1.49000000,12.82780000000,0.0712000000,0.012000,347.00,3415.00,0.315500,0.292300,1,5
"HD 63935 b","HD 63935","Transit",2021,10.50000000,2.91575244,9.05880700000,0.0830000000,0.000000,825.22,5513.00,0.959800,0.940600,1,2
"HD 63935 c","HD 63935","Radial Velocity",2021,11.10000000,3.06451296,21.40270000000,0.1480000000,0.000000,619.59,5513.00,0.959800,0.940600,1,2
"GJ 367 b","GJ 367","Transit",2021,0.50300000,0.73600000,0.32192260000,0.0071000000,0.000000,1329.00,3535.00,0.457000,0.451000,1,3
"TOI-2109 b","TOI-2109","Transit",2021,1595.49860314,15.09849700,0.67247414000,0.0179100000,,3646.00,6540.00,1.698000,1.453000,1,1
"HATS-75 b","HATS-75","Transit",2021,156.05374784,9.90873894,2.78865560000,0.0327420000,0.064000,772.30,3790.40,0.584800,0.601700,1,1
"LTT 1445 A c","LTT 1445 A","Transit",2022,1.54000000,1.14700000,3.12390350000,0.0266100000,0.223000,508.00,3340.00,0.265000,0.257000,3,2
"TOI-500 b","TOI-500","Transit",2022,1.42000000,1.16600000,0.54817700000,0.0118900000,0.063000,1617.00,4440.00,0.678000,0.740000,1,4
"TOI-1075 b","TOI-1075","Transit",2022,9.95000000,1.79100000,0.60473280000,0.0115900000,0.000000,1323.00,3875.00,0.581000,0.604000,1,1
"TOI-1442 b","TOI-1442","Transit",2022,1.71000000,1.17000000,0.40906770000,0.0071000000,,1072.00,3330.00,0.310000,0.290000,1,1
"TOI-2260 b","TOI-2260","Transit",2022,3.26000000,1.62000000,0.35247280000,0.0097000000,,2609.00,5534.00,0.940000,0.990000,1,1
"TOI-2445 b","TOI-2445","Transit",2022,2.10000000,1.25000000,0.37112810000,0.0064000000,,1060.00,3333.00,0.270000,0.250000,1,1
"GJ 3929 b","GJ 3929","Transit",2022,1.75000000,1.09000000,2.61623500000,0.0252000000,0.000000,568.00,3384.00,0.320000,0.313000,1,2
"WASP-189 b","WASP-189","Transit",2020,632.47852993,18.14733975,2.72403300000,0.0505300000,0.000000,3353.00,8000.00,2.360000,2.030000,1,1
"TOI-1670 b","TOI-1670","Transit",2022,41.31769291,2.06000000,10.98462000000,0.1030000000,0.590000,1062.00,6170.00,1.316000,1.210000,1,2
"TOI-1670 c","TOI-1670","Transit",2022,200.23189641,11.06326395,40.74976000000,0.2490000000,0.090000,684.00,6170.00,1.316000,1.210000,1,2
"TOI-500 c","TOI-500","Radial Velocity",2022,5.03000000,2.09000000,6.63560000000,,0.072000,,4440.00,0.678000,0.740000,1,4
"TOI-500 d","TOI-500","Radial Velocity",2022,33.12000000,6.35000000,26.23300000000,,0.016000,,4440.00,0.678000,0.740000,1,4
"TOI-500 e","TOI-500","Radial Velocity",2022,15.05000000,3.99000000,61.30000000000,,0.073000,,4440.00,0.678000,0.740000,1,4
"HD 260655 b","HD 260655","Transit",2022,2.14000000,1.24000000,2.76953000000,0.0293300000,0.039000,709.00,3803.00,0.439000,0.439000,1,2
"HD 260655 c","HD 260655","Transit",2022,3.09000000,1.53300000,5.70588000000,0.0474900000,0.038000,557.00,3803.00,0.439000,0.439000,1,2
"TOI-3714 b","TOI-3714","Transit",2022,222.47988490,11.32107051,2.15484900000,0.0270000000,0.030000,750.00,3660.00,0.510000,0.530000,2,1
"GJ 3929 c","GJ 3929","Radial Velocity",2022,5.71000000,2.26000000,15.04000000000,0.0810000000,0.000000,317.00,3384.00,0.320000,0.313000,1,2
"GJ 3090 b","GJ 3090","Transit",2022,4.52000000,2.18000000,2.85310198000,0.0316000000,0.250000,723.00,3707.00,0.516000,0.519000,1,2
"TOI-181 b","TOI-181","Transit",2023,46.16870000,6.95590000,4.53200000000,0.0539000000,0.154300,895.10,4994.00,0.745000,0.822000,1,1
"TOI-199 b","TOI-199","Transit",2023,54.03082919,9.07927437,104.85400000000,0.4254000000,0.090000,325.00,5255.00,0.820000,0.936000,1,2
"TOI-700 e","TOI-700","Transit",2023,0.81800000,0.95300000,27.80978000000,0.1340000000,0.059000,272.90,3459.00,0.421000,0.415000,1,4
"TOI-771 b","TOI-771","Transit",2024,2.47000000,1.36000000,2.32601550000,0.0208000000,0.055000,543.00,3370.00,0.232000,0.220000,1,2
"TOI-836.01","TOI-836","Transit",2021,9.60000000,2.58700000,8.59545000000,0.0750000000,0.078000,665.00,4552.00,0.665000,0.678000,1,2
"TOI-836 b","TOI-836","Transit",2023,4.53000000,1.70400000,3.81673000000,0.0422000000,0.053000,871.00,4552.00,0.665000,0.678000,1,2
"LHS 475 b","LHS 475","Transit",2023,0.94100000,0.99100000,2.02908800000,0.0203700000,0.000000,586.00,3300.00,0.278900,0.262000,1,1
"TOI-1136 d","TOI-1136","Transit",2022,8.35000000,4.62700000,12.51990000000,0.1062000000,0.042000,843.00,5770.00,0.968000,1.022000,1,6
"TOI-1136 c","TOI-1136","Transit",2022,6.32000000,2.87900000,6.25740000000,0.0669000000,0.110000,1062.00,5770.00,0.968000,1.022000,1,6
"TOI-1136 f","TOI-1136","Transit",2022,9.70000000,3.73591482,26.32100000000,0.1740000000,0.001000,658.00,5770.00,0.968000,1.022000,1,6
"TOI-1136 e","TOI-1136","Transit",2022,6.07000000,2.63900000,18.80100000000,0.1400000000,0.042500,737.00,5770.00,0.968000,1.022000,1,6
"TOI-1173 b","TOI-1173","Transit",2024,28.28672822,8.77663189,7.06439710000,0.0710000000,0.037000,868.00,5350.00,0.934000,0.911000,2,1
"TOI-1416 b","TOI-1416","Transit",2023,3.48000000,1.62000000,1.06975680000,0.0190000000,0.000000,1517.00,4884.00,0.793000,0.798000,1,1
"TOI-1420 b","TOI-1420","Transit",2023,25.10000000,11.89000000,6.95610630000,0.0710000000,0.170000,957.00,5510.00,0.923000,0.987000,1,1
"TOI-1468 c","TOI-1468","Transit",2022,4.10000000,2.12600000,15.53247700000,0.0860800000,0.111000,338.10,3376.00,0.371400,0.352700,1,2
"TOI-1468 b","TOI-1468","Transit",2022,3.04000000,1.40100000,1.88052010000,0.0210700000,0.009900,683.50,3376.00,0.371400,0.352700,1,2
"HIP 9618 b","HIP 9618","Transit",2023,8.30000000,3.82838127,20.77285800000,0.1450000000,0.000000,640.88,5649.00,0.959300,0.942000,1,2
"HIP 9618 c","HIP 9618","Transit",2023,7.00000000,3.42855926,52.56363000000,0.2690000000,0.000000,470.31,5649.00,0.959300,0.942000,1,2
"TOI-1801 b","TOI-1801","Transit",2023,5.73800000,2.07900000,10.64387000000,0.0750000000,0.000000,493.70,3863.00,0.547000,0.556000,2,1
"TOI-1823 b","TOI-1823","Transit",2024,67.40000000,7.54062410,38.80000000000,0.2120000000,0.000000,423.63,4927.00,0.804900,0.841400,1,1
"TOI-2031 A b","TOI-2031 A","Transit",2025,254.26272560,14.20177855,5.71548654000,0.0660000000,0.076000,1358.00,6490.00,1.241000,1.174000,2,1
"TOI-2134 b","TOI-2134","Transit",2023,9.37000000,2.73500000,9.22919800000,0.0780300000,0.067000,660.00,4580.00,0.709000,0.744000,1,2
"TOI-2134 c","TOI-2134","Transit",2023,58.30000000,7.35000000,95.85284000000,0.3715000000,0.312500,302.00,4580.00,0.709000,0.744000,1,2
"TOI-2374 b","TOI-2374","Transit",2024,61.65871096,7.48759911,4.31361930000,0.0481800000,0.130000,926.00,5002.00,0.711000,0.802000,2,1
"TOI-2431 b","TOI-2431","Transit",2026,6.20000000,1.53400000,0.22419578000,0.0063000000,0.000000,2063.00,4109.00,0.651000,0.661000,1,1
"TOI-3235 b","TOI-3235","Transit",2023,211.35589065,11.39953337,2.59261842000,0.0270900000,0.029000,604.00,3388.80,0.369700,0.393900,1,1
"TOI-3757 b","TOI-3757","Transit",2022,85.30000000,12.00000000,3.43875300000,0.0384500000,0.140000,759.00,3913.00,0.620000,0.640000,1,1
"TOI-3884 b","TOI-3884","Transit",2022,32.59000000,6.43000000,4.54458280000,0.0361000000,0.060000,441.00,3180.00,0.302000,0.298000,1,1
"TOI-3984 A b","TOI-3984 A","Transit",2023,44.00000000,7.90000000,4.35332600000,0.0410000000,0.230000,563.00,3476.00,0.470000,0.490000,2,1
"TOI-4010 c","TOI-4010","Transit",2023,20.31000000,5.93000000,5.41465400000,0.0580000000,0.030000,907.00,4960.00,0.830000,0.880000,1,4
"TOI-4010 d","TOI-4010","Transit",2023,38.15000000,6.18000000,14.70886000000,0.1130000000,0.070000,650.00,4960.00,0.830000,0.880000,1,4
"TOI-4010 b","TOI-4010","Transit",2023,11.00000000,3.02000000,1.34833500000,0.0229000000,0.030000,1441.00,4960.00,0.830000,0.880000,1,4
"LP 890-9 b","LP 890-9","Transit",2022,13.20000000,1.32000000,2.72990250000,0.0187500000,,396.00,2850.00,0.155600,0.118000,1,2
"TOI-4336 A b","TOI-4336 A","Transit",2024,3.33000000,2.13700000,16.33635100000,0.0849000000,0.000000,309.40,3307.00,0.326000,0.306000,3,2
"HD 20329 b","HD 20329","Transit",2022,7.42000000,1.72000000,0.92611800000,0.0180000000,0.000000,2141.00,5596.00,1.130000,0.900000,1,1
"Kepler-167 e","Kepler-167","Transit",2016,321.00669107,10.16000000,1071.23205000000,1.8830000000,0.290000,134.40,4884.00,0.749000,0.777000,2,4
"TOI-5205 b","TOI-5205","Transit",2023,343.00000000,11.60000000,1.63075700000,0.0199000000,0.020000,737.00,3430.00,0.394000,0.392000,1,1
"Kepler-167 c","Kepler-167","Transit",2014,3.44000000,1.67400000,7.40610600000,0.0684000000,0.000000,771.00,4884.00,0.749000,0.777000,2,4
"TOI-5293 A b","TOI-5293 A","Transit",2023,170.40000000,11.90000000,2.93028900000,0.0340000000,0.380000,675.00,3586.00,0.520000,0.540000,2,1
"KOI-94 d","KOI-94","Transit",2013,106.00000000,11.27000000,22.34298900000,0.1684000000,0.022000,806.00,6182.00,1.520000,1.277000,2,4
"LP 890-9 c","LP 890-9","Transit",2022,25.30000000,1.36700000,8.45746300000,0.0398400000,,272.00,2850.00,0.155600,0.118000,1,2
"HD 3167 e","HD 3167","Radial Velocity",2022,14.90000000,3.97000000,91.90000000000,0.3797000000,0.128000,389.00,5338.00,0.871000,0.864000,1,4
"TOI-1136 b","TOI-1136","Transit",2022,3.50000000,1.90000000,4.17270000000,0.0510600000,0.027000,1216.00,5770.00,0.968000,1.022000,1,6
"TOI-1136 g","TOI-1136","Transit",2022,5.60000000,2.53000000,39.54500000000,0.2290000000,0.040000,574.00,5770.00,0.968000,1.022000,1,6
"TOI-1338 c","TOI-1338 A","Radial Velocity",2023,75.40000000,10.30000000,215.79000000000,0.7940000000,0.037000,354.89,5723.20,1.313000,1.093600,2,2
"WASP-84 c","WASP-84","Transit",2023,15.20000000,1.95000000,1.44688490000,0.0235900000,,1329.00,5280.00,0.768000,0.853000,1,2
"TOI-6109 c","TOI-6109","Transit",2025,20.80000000,4.83260000,8.53887800000,0.0786000000,,786.00,5660.00,1.021000,1.030000,1,2
"TOI-6255 b","TOI-6255","Transit",2024,1.44000000,1.07900000,0.23818244000,,0.000000,1256.46,3421.00,0.370000,0.353000,1,1
"WASP-193 b","WASP-193","Transit",2023,35.59678158,14.78464554,6.24634750000,0.0668000000,0.081000,1250.00,6080.00,1.213000,1.018000,2,1
"LP 791-18 d","LP 791-18","Transit",2023,0.91000000,1.03200000,2.75485000000,0.0199200000,0.001100,395.50,2960.00,0.182000,0.139000,1,3
"TOI-6324 b","TOI-6324","Transit",2025,1.17000000,1.05900000,0.27922100000,,0.000000,1216.00,3247.00,0.293000,0.269000,1,1
"HD 207496 b","HD 207496","Transit",2023,6.10000000,2.25000000,6.44100800000,0.0629000000,0.231000,743.00,4819.00,0.769000,0.800000,1,1
"TOI-4010 e","TOI-4010","Radial Velocity",2023,692.00000000,13.30000000,762.00000000000,1.5700000000,0.260000,174.00,4960.00,0.830000,0.880000,1,4
"GJ 367 c","GJ 367","Radial Velocity",2023,4.13000000,1.86000000,11.53010000000,,0.090000,,3522.00,0.458000,0.455000,1,3
"GJ 367 d","GJ 367","Radial Velocity",2023,6.03000000,2.33000000,34.36900000000,,0.140000,,3522.00,0.458000,0.455000,1,3
"TOI-6109 b","TOI-6109","Transit",2025,21.10000000,4.87040000,5.69047600000,0.0599000000,,700.00,5660.00,1.021000,1.030000,1,2
"TOI-199 c","TOI-199","Transit Timing Variations",2023,88.99195396,11.40000000,273.69000000000,0.8070000000,0.096000,255.43,5255.00,0.820000,0.936000,1,2
"AU Mic e","AU Mic","Radial Velocity",2025,21.10000000,4.87000000,33.11000000000,,,,3665.00,0.820000,0.600000,1,4
"AU Mic d","AU Mic","Transit Timing Variations",2023,1.05300000,1.02000000,12.73596000000,,0.003050,,3678.00,0.744000,0.510000,1,4
"GJ 806 b","GJ 806","Transit",2023,1.90000000,1.33100000,0.92632370000,0.0140600000,,940.00,3600.00,0.414400,0.413000,1,2
"GJ 806 c","GJ 806","Radial Velocity",2023,5.80000000,2.28000000,6.64064000000,0.0523000000,,490.00,3600.00,0.414400,0.413000,1,2
"HD 110067 b","HD 110067","Transit",2023,5.69000000,2.20000000,9.11367800000,0.0793000000,,800.00,5266.00,0.788000,0.798000,3,6
"HD 110067 c","HD 110067","Transit",2023,6.30000000,2.38800000,13.67369400000,0.1039000000,,699.00,5266.00,0.788000,0.798000,3,6
"HD 110067 d","HD 110067","Transit",2023,8.52000000,2.85200000,20.51961700000,0.1362000000,,602.00,5266.00,0.788000,0.798000,3,6
"HD 110067 e","HD 110067","Transit",2023,3.90000000,1.94000000,30.79309100000,0.1785000000,,533.00,5266.00,0.788000,0.798000,3,6
"HD 110067 f","HD 110067","Transit",2023,5.04000000,2.60100000,41.05854000000,0.2163000000,,489.00,5266.00,0.788000,0.798000,3,6
"HD 110067 g","HD 110067","Transit",2023,8.40000000,2.60700000,54.76992000000,0.2621000000,,440.00,5266.00,0.788000,0.798000,3,6
"GJ 341 b","GJ 341","Transit",2025,4.00000000,0.88000000,7.57686000000,,0.000000,629.00,3770.00,0.506600,0.480000,1,1
"TOI-6894 b","TOI-6894","Transit",2025,53.39517238,9.58367850,3.37077196000,0.0260400000,0.029000,417.90,3007.00,0.227600,0.207000,1,1
"IRAS 04125+2902 b","IRAS 04125+2902","Transit",2024,80.80000000,10.73820351,8.83497800000,0.0770000000,,854.00,4080.00,1.450000,0.700000,2,1
"HIP 67522 c","HIP 67522","Transit",2024,48.30000000,7.93595834,14.33489200000,0.1228000000,0.077000,917.00,5675.00,1.380000,1.220000,1,2
"Kepler-51 e","Kepler-51","Transit Timing Variations",2024,5.40000000,2.18000000,264.28400000000,,0.020000,,5674.00,0.870000,0.960000,1,4
"TOI-771 c","TOI-771","Radial Velocity",2025,2.87000000,1.50000000,7.61000000000,0.0460000000,0.065000,365.00,3370.00,0.232000,0.220000,1,2
"TOI-2076 e","TOI-2076","Transit",2025,4.70000000,1.30100000,3.02237530000,0.0386300000,0.000000,1110.00,5187.00,0.758000,0.849000,1,4
"L 98-59 f","L 98-59","Radial Velocity",2025,2.80000000,1.48000000,23.06400000000,0.1052000000,0.044000,285.00,3415.00,0.315500,0.292300,1,5
"HIP 41378 g","HIP 41378","Radial Velocity",2025,6.81000000,2.50000000,63.19000000000,,0.055000,605.00,6290.00,1.300000,1.220000,1,6
"55 Cnc B b","55 Cnc B","Radial Velocity",2025,3.50000000,1.69000000,6.79940000000,0.0440000000,0.000000,395.41,3286.00,0.274000,0.260000,2,7
"55 Cnc B c","55 Cnc B","Radial Velocity",2025,5.30000000,2.16000000,33.74700000000,0.1300000000,0.000000,230.04,3286.00,0.274000,0.260000,2,7
"GJ 3090 c","GJ 3090","Radial Velocity",2026,10.00000000,3.14000000,15.94070000000,0.0997000000,0.000000,407.20,3707.00,0.516000,0.519000,1,2
"TOI-4336 A c","TOI-4336 A","Transit",2026,1.55000000,1.25100000,7.58726600000,0.0509200000,0.000000,399.50,3307.00,0.326000,0.306000,3,2
"TOI-260 b","TOI-260","Transit",2024,4.23000000,1.71000000,13.47585300000,0.0943000000,0.000000,493.00,4026.00,0.607000,0.616000,1,1
"HD 278555 b","HD 278555","Transit",2026,266.97586188,11.02963701,28.84243800000,0.1985000000,0.085000,853.00,6047.00,1.624000,1.255000,1,1
"Kepler-12 b","Kepler-12","Transit",2011,137.30256000,19.66058600,4.43796290000,0.0553000000,0.000000,1480.00,5947.00,1.483000,1.166000,1,1
"KOI-94 b","KOI-94","Transit",2013,10.50000000,1.71000000,3.74320800000,0.0511900000,0.250000,1486.00,6182.00,1.520000,1.277000,2,4
"Kepler-167 d","Kepler-167","Transit",2016,2.06000000,1.23800000,21.80379000000,0.1404000000,0.000000,538.00,4884.00,0.749000,0.777000,2,4
"Kepler-51 d","Kepler-51","Transit",2014,7.60000000,9.70000000,130.19400000000,0.5090000000,0.008000,381.00,6018.00,0.940000,1.040000,1,4
"Kepler-51 c","Kepler-51","Transit",2012,4.00000000,9.00000000,85.31200000000,0.3840000000,0.014000,439.00,6018.00,0.940000,1.040000,1,4
"Kepler-51 b","Kepler-51","Transit",2012,2.10000000,7.10000000,45.15400000000,0.2514000000,0.040000,543.00,6018.00,0.940000,1.040000,1,4
"Kepler-167 b","Kepler-167","Transit",2014,3.60000000,1.71800000,4.39315390000,0.0482500000,0.000000,918.00,4884.00,0.749000,0.777000,2,4
"KOI-94 c","KOI-94","Transit",2013,15.60000000,4.32000000,10.42364800000,0.1013000000,0.430000,1012.00,6182.00,1.520000,1.277000,2,4
"KOI-94 e","KOI-94","Transit",2013,35.00000000,6.56000000,54.32031000000,0.3046000000,0.019000,584.00,6182.00,1.520000,1.277000,2,4
"PH2 b","PH2","Transit",2013,87.08498352,9.33708092,282.52542000000,0.8330000000,0.215000,295.10,5734.00,0.949000,0.966000,1,1
"K2-33 b","K2-33","Transit",2016,1175.97100000,5.04000000,5.42486500000,0.0409000000,0.000000,850.00,3540.00,1.050000,0.560000,1,1
"HAT-P-11 b","HAT-P-11","Transit",2010,25.00000000,4.36000000,4.88800000000,0.0525800000,0.251000,838.00,4653.00,0.683000,0.811000,1,2
"K2-136 b","K2-136","Transit",2017,4.30000000,1.01400000,7.97525000000,0.0707000000,0.140000,610.00,4500.00,0.677000,0.742000,2,3
"HAT-P-52 b","HAT-P-52","Transit",2015,259.98494000,11.30988100,2.75359530000,0.0369400000,0.047000,1218.00,5131.00,0.893000,0.887000,1,1
"TOI-4747 b","TOI-4747","Transit",2026,14.80000000,3.95803201,5.21924158592,,,1035.00,5595.08,0.988751,1.010000,1,1
"Kepler-891 b","Kepler-891","Transit",2016,33.60000000,6.41000000,53.44945593000,0.2881000000,0.000000,486.00,5887.00,1.070000,1.060000,1,1
"Kepler-1159 b","Kepler-1159","Transit",2016,6.21000000,2.37000000,22.70816791000,0.1603000000,0.000000,677.00,6217.00,1.280000,1.190000,1,1
"HATS-18 b","HATS-18","Transit",2016,629.14448500,14.89676100,0.83784000000,0.0174000000,0.166000,2069.48,5600.00,1.020000,1.037000,1,1
"GJ 676 A e","GJ 676 A","Radial Velocity",2012,6.67439655,2.47000000,35.47358000000,0.1810000000,0.152000,351.55,3734.00,0.690000,0.626000,2,4
"Kepler-48 c","Kepler-48","Transit",2012,14.61000000,2.71000000,9.67395000000,0.0863300000,0.000000,736.00,5194.00,0.890000,0.880000,1,5
"Kepler-889 b","Kepler-889","Transit",2016,1.32000000,1.09000000,3.74443900000,0.0497500000,0.000000,1328.00,5961.00,1.250000,1.140000,1,1
"HR 2562 b","HR 2562","Imaging",2016,6992.22495400,12.44199000,,22.2000000000,0.340000,1255.00,6597.00,1.334000,1.300000,1,1
"Kepler-1804 b","Kepler-1804","Transit",2021,3.18000000,1.59615726,12.28849983000,0.1017000000,0.000000,913.00,5109.00,1.671000,0.929000,1,1
"Kepler-1188 b","Kepler-1188","Transit",2016,4.98000000,2.08000000,17.13695430000,0.1350000000,0.000000,775.00,5913.00,1.060000,1.040000,1,1
"HD 21411 b","HD 21411","Radial Velocity",2019,65.90000000,9.52000000,84.28800000000,0.3620000000,0.400000,408.17,5605.00,0.825605,0.890000,1,1
"Kepler-1281 b","Kepler-1281","Transit",2016,3.33000000,1.64000000,3.11602791000,0.0415000000,0.000000,1123.00,5353.00,0.830000,0.870000,1,1
"Kepler-128 b","Kepler-128","Transit",2013,3.79000000,1.42100000,15.00000000000,0.1254500000,0.000000,968.00,6072.00,1.659000,1.184000,1,2
"Kepler-1693 b","Kepler-1693","Transit",2020,2.21000000,1.28938413,12.09990000000,0.1011000000,0.000000,807.00,5432.34,0.878295,0.950000,1,2
"Kepler-104 b","Kepler-104","Transit",2014,19.60000000,3.10000000,11.42754800000,0.0940000000,0.000000,852.00,5711.00,1.349000,0.818000,2,3
"Kepler-1849 b","Kepler-1849","Transit",2021,6.29000000,2.38685349,57.29290009000,0.2597000000,0.000000,355.00,4806.00,0.729000,0.709000,1,1
"Kepler-1036 b","Kepler-1036","Transit",2016,9.32000000,3.01000000,122.88080580000,0.4772600000,0.000000,326.00,5533.00,0.890000,0.950000,1,1
"Kepler-419 c","Kepler-419","Transit Timing Variations",2014,2320.10000000,12.60000000,675.47000000000,1.6800000000,0.184000,315.55,6430.00,1.740000,1.390000,1,2
"2MASS J22362452+4751425 b","2MASS J22362452+4751425","Imaging",2016,3972.87500000,12.30000000,,230.0000000000,,10.30,4045.00,0.641152,0.600000,1,1
"Kepler-1191 b","Kepler-1191","Transit",2016,2.89000000,1.51000000,5.60014851000,0.0587000000,0.000000,952.00,5308.00,0.810000,0.850000,1,1
"Kepler-511 c","Kepler-511","Transit",2021,16.50000000,4.20964327,26.62949944000,0.1717700000,0.000000,742.00,5866.00,1.417000,0.958000,1,2
"XO-5 b","XO-5","Transit",2008,378.20000000,12.78000000,4.18775580000,0.0515000000,0.000000,1230.00,5430.00,1.130000,1.040000,1,1
"Kepler-1825 b","Kepler-1825","Transit",2021,2.61000000,1.42200732,1.02586996600,0.0187000000,0.000000,1520.00,5123.00,0.847000,0.828000,1,1
"Kepler-1074 b","Kepler-1074","Transit",2016,2.10000000,1.25000000,5.94566534000,0.0536000000,0.000000,568.00,4002.00,0.570000,0.600000,1,1
"pi Men c","HD 39091","Transit",2018,3.63000000,2.01890000,6.26783990000,0.0683900000,0.000000,1169.80,5998.00,1.170000,1.070000,1,3
"TIC 183374187 b","TIC 183374187","Transit",2026,177.98390792,14.03364384,5.05907000000,,0.506000,1379.00,5768.00,1.344000,0.853000,1,1
"GJ 1061 d","GJ 1061","Radial Velocity",2020,1.67000000,1.16000000,13.06600000000,0.0540000000,0.040000,242.03,2953.00,0.156000,0.120000,1,3
"Kepler-1987 d","Kepler-1987","Transit",2023,7.56000000,2.66000000,5.64491415400,0.0571000000,0.000000,744.00,4769.00,0.714000,0.799000,1,4
"Kepler-245 b","Kepler-245","Transit",2014,146.78000000,2.57000000,7.49019000000,0.0710000000,0.000000,753.00,5100.00,0.795000,0.856000,1,4
"Kepler-131 c","Kepler-131","Transit",2014,8.25000000,0.84000000,25.51690000000,0.1739100000,0.000000,615.00,5685.00,1.030000,1.020000,1,2
"Kepler-144 c","Kepler-144","Transit",2014,2.39000000,1.35000000,10.10466500000,0.0940000000,0.000000,1046.00,6075.00,1.235000,1.154000,1,2
"HD 93385 c","HD 93385","Radial Velocity",2021,7.10000000,2.56000000,13.18000000000,0.1120000000,0.200000,937.43,5977.00,1.184840,1.040000,1,3
"Kepler-431 c","Kepler-431","Transit",2015,0.22900000,0.66800000,8.70300000000,0.0847000000,0.000000,951.00,6004.00,1.092000,1.071000,1,3
"HD 106270 b","HD 106270","Radial Velocity",2011,3623.24383980,12.40000000,1888.00000000000,3.3400000000,0.185000,237.07,5509.00,2.660000,1.390000,1,1
"TOI-5720 b","TOI-5720","Transit",2024,4.30000000,1.09000000,1.43445550000,0.0182880000,,708.00,3325.00,0.383000,0.383000,1,1
"Kepler-203 d","Kepler-203","Transit",2014,33.90000000,1.44000000,11.32972000000,0.1000000000,0.000000,855.00,5821.00,1.114000,1.060000,1,3
"Kepler-230 c","Kepler-230","Transit",2014,4.82000000,2.04000000,91.77324200000,0.3800000000,0.000000,359.00,5588.00,0.817000,0.784000,1,2
"Kepler-1091 b","Kepler-1091","Transit",2016,2.73000000,1.46000000,1.43474156400,0.0252000000,0.000000,1664.00,5851.00,1.030000,1.010000,1,1
"Kepler-1129 b","Kepler-1129","Transit",2016,9.06000000,2.96000000,24.33978040000,0.1648100000,0.000000,737.00,5831.00,1.000000,1.000000,1,2
"Kepler-472 b","Kepler-472","Transit",2016,10.50000000,3.22000000,4.17625551400,0.0482300000,0.000000,876.00,4996.00,0.780000,0.850000,1,1
"Kepler-1275 b","Kepler-1275","Transit",2016,2.79000000,1.48000000,3.65691115000,0.0488000000,0.000000,1368.00,6296.00,1.360000,1.230000,1,1
"Kepler-1690 b","Kepler-1690","Transit",2020,8.30000000,2.81109223,234.63600000000,0.7097000000,0.000000,267.00,5404.00,0.862346,0.940000,1,1
"HD 75898 c","HD 75898","Radial Velocity",2024,2698.36317543,12.60000000,6717.00000000000,7.3900000000,0.080000,135.20,6122.00,1.550000,1.295000,1,2
"K2-386 b","K2-386","Transit",2022,5.99000000,2.32000000,7.47322300000,,,,5749.00,0.970000,0.911000,1,1
"TOI-7510 c","TOI-7510","Transit",2025,131.00000000,10.81000000,22.56874230000,0.1595000000,0.009100,702.00,5720.00,1.035000,1.063000,1,3
"Kepler-1342 b","Kepler-1342","Transit",2016,3.39000000,1.66000000,2.21571035800,0.0313000000,0.000000,1283.00,5527.00,0.900000,0.930000,1,1
"WASP-174 b","WASP-174","Transit",2018,104.88337431,16.10730527,4.23370050000,0.0550300000,0.000000,1528.00,6399.00,1.347000,1.240000,1,1
"Kepler-1713 b","Kepler-1713","Transit",2021,3.59000000,1.71673535,18.01160049000,0.1418500000,0.000000,900.00,6477.00,1.459000,1.300000,1,1
"Kepler-1121 b","Kepler-1121","Transit",2016,4.31000000,1.91000000,13.15141081000,0.1181800000,0.000000,1008.00,6231.00,1.590000,1.290000,1,1
"Kepler-197 c","Kepler-197","Transit",2014,5.30000000,1.23000000,10.34969500000,0.0900000000,0.080000,930.00,6004.00,1.120000,0.857000,2,4
"TOI-1294 b","TOI-1294","Transit",2024,63.90000000,10.12369881,3.91529200000,0.0510000000,0.000000,1392.74,5718.00,1.556600,1.157800,1,2
"Kepler-1195 b","Kepler-1195","Transit",2016,4.98000000,2.08000000,8.49642241000,0.0726000000,0.000000,702.00,4965.00,0.710000,0.740000,1,1
"GJ 328 b","GJ 328","Radial Velocity",2013,797.74930157,13.30000000,3771.00000000000,4.1100000000,0.227000,73.57,3897.00,0.630000,0.650000,1,2
"EPIC 212737443 c","EPIC 212737443","Transit",2019,7.70000000,2.69000000,65.55000000000,0.2800000000,0.200000,316.00,4684.00,0.673000,0.690000,1,2
"Kepler-1783 b","Kepler-1783","Transit",2021,2.30000000,1.31946731,8.27744007100,0.0759500000,0.000000,1088.00,5129.00,1.781000,0.887000,1,1
"HD 50499 c","HD 50499","Radial Velocity",2019,931.24190000,13.20000000,8619.90000000000,9.0200000000,0.000000,116.69,6099.00,1.420000,1.310000,1,2
"Kepler-874 b","Kepler-874","Transit",2016,14.70000000,3.94000000,40.06867270000,0.2234000000,0.000000,560.00,6020.00,1.130000,1.090000,1,1
"Kepler-235 b","Kepler-235","Transit",2014,5.60000000,2.23000000,3.34022200000,0.0370000000,0.000000,731.00,4255.00,0.554000,0.581000,1,4
"HD 98219 b","HD 98219","Radial Velocity",2011,624.21812000,13.40000000,433.80000000000,1.2600000000,0.079000,453.77,4925.00,4.600000,1.410000,1,1
"Kepler-625 b","Kepler-625","Transit",2016,4.62000000,1.99000000,7.75192492000,0.0813700000,0.000000,852.00,5789.00,0.960000,1.040000,1,2
"Kepler-1178 b","Kepler-1178","Transit",2016,1.24000000,1.07000000,31.80634000000,0.1596000000,0.000000,378.00,4990.00,0.750000,0.800000,1,1
"K2-407 b","K2-407","Transit",2022,2.19000000,1.28300000,4.94190700000,,,,5563.00,0.927000,0.881000,1,2
"KOI-351 b","KOI-351","Transit",2013,2.27000000,1.31000000,7.00815100000,0.0740000000,0.000000,1062.00,6080.00,1.200000,1.200000,1,8
"WASP-151 b","WASP-151","Transit",2017,100.43377661,13.30506009,4.53347750000,0.0550000000,0.000000,1312.00,5871.00,1.181000,1.081000,1,1
"K2-289 b","K2-289","Transit",2019,61.00000000,9.10000000,13.15696900000,0.1070000000,,753.00,5529.00,1.025000,0.953000,1,1
"GJ 1002 b","GJ 1002","Radial Velocity",2022,1.08000000,1.03000000,10.34650000000,0.0457000000,,230.90,3024.00,0.137000,0.120000,1,2
"Kepler-1143 c","Kepler-1143","Transit",2016,12.60000000,3.60000000,210.63059100000,0.6477000000,0.000000,234.00,5053.00,0.770000,0.810000,1,2
"TOI-2587 A b","TOI-2587 A","Transit",2023,69.28659273,12.07207221,5.45664000000,0.0635000000,0.000000,1445.00,5760.00,1.726000,1.150000,2,1
"Kepler-1154 b","Kepler-1154","Transit",2016,6.08000000,2.34000000,5.18561420000,0.0631000000,0.000000,1314.00,6327.00,1.430000,1.260000,1,2
"Kepler-60 b","Kepler-60","Transit",2012,4.19000000,1.71000000,7.13340000000,0.0725500000,0.000000,1102.00,5905.00,1.257000,1.041000,1,3
"Kepler-85 c","Kepler-85","Transit",2012,2.15000000,1.97800000,12.51000000000,0.1036300000,0.027000,706.00,5505.20,0.875000,0.928000,1,4
"TOI-2081 b","TOI-2081","Transit",2022,4.82000000,2.04000000,10.50534000000,0.0752000000,,488.00,3800.00,0.534000,0.540000,1,1
"Kepler-1780 b","Kepler-1780","Transit",2021,12.70000000,3.60600667,109.44499970000,0.4276000000,0.000000,340.00,5403.00,0.868000,0.868000,1,1
"Kepler-1818 b","Kepler-1818","Transit",2021,3.58000000,1.71360684,4.64490985900,0.0550000000,0.000000,1209.00,6047.00,1.129000,1.021000,1,1
"TOI-871 b","TOI-871","Transit",2024,3.41000000,1.66400000,14.36256500000,0.1054000000,,621.00,4929.00,0.719000,0.758000,1,1
"GJ 251 c","GJ 251","Radial Velocity",2025,3.88000000,1.80000000,53.64700000000,0.1960000000,0.000000,216.00,3342.00,0.360000,0.350000,1,2
"Kepler-1518 c","Kepler-1518","Transit",2023,8.75000000,2.90000000,9.63102580000,0.0905000000,0.000000,1094.00,6432.00,1.345000,1.060000,1,2
"Kepler-1718 b","Kepler-1718","Transit",2021,7.12000000,2.56852070,135.18800350000,0.4841800000,0.000000,345.00,5731.00,0.906000,0.846000,1,1
"TOI-4914 b","TOI-4914","Transit",2024,227.00000000,12.87000000,10.60057000000,0.0980000000,0.408000,894.00,5805.00,1.000000,1.030000,1,1
"USco1556 b","USco1556 A","Imaging",2019,4767.45000000,12.30000000,,3500.0000000000,,2240.00,3410.00,0.668108,0.330000,1,1
"Kepler-109 c","Kepler-109","Transit",2014,8.20000000,2.65000000,21.22265000000,0.1546000000,0.098000,859.00,5950.00,1.387000,1.094000,1,2
"Kepler-101 c","Kepler-101","Transit",2014,3.78000000,1.25000000,6.02976000000,0.0684000000,0.000000,1413.00,5667.00,1.560000,1.170000,1,2
"Kepler-1200 b","Kepler-1200","Transit",2016,1.20000000,1.06000000,1.11854971700,0.0188000000,0.000000,1174.00,4612.00,0.700000,0.740000,1,1
"NY Vir b","NY Vir","Eclipse Timing Variations",2011,730.97800000,13.30000000,3160.00000000000,3.3000000000,0.150000,338.12,32780.00,0.151000,0.459000,2,2
"TOI-4137 b","TOI-4137","Transit",2022,457.67290608,13.57407563,3.80161220000,0.0522200000,0.000000,1570.00,6202.00,1.438000,1.313000,1,1
"Kepler-1630 b","Kepler-1630","Transit",2016,5.43000000,2.19000000,509.99740200000,1.1218000000,0.000000,182.00,4736.00,0.630000,0.660000,1,1
"Kepler-475 b","Kepler-475","Transit",2016,6.76000000,2.49000000,3.10550818900,0.0398900000,0.000000,980.00,5009.00,0.790000,0.860000,1,1
"Kepler-1978 b","Kepler-1978","Transit",2023,7.61000000,2.67000000,10.84969477000,0.0914000000,0.000000,676.00,5251.00,0.778000,0.869000,1,1
"Kepler-1836 b","Kepler-1836","Transit",2021,7.05000000,2.55303229,5.25416994100,0.0602000000,0.000000,1093.00,6123.00,0.987000,1.053000,1,1
"Kepler-887 c","Kepler-887","Transit",2016,1.51000000,1.13000000,7.63846023000,0.0801000000,0.000000,1089.00,6194.00,1.290000,1.190000,1,2
"Kepler-350 c","Kepler-350","Transit",2013,6.10000000,3.10000000,17.84900000000,0.1385000000,0.000000,888.00,6492.30,1.250000,1.000000,1,3
"Kepler-816 b","Kepler-816","Transit",2016,74.50000000,10.24000000,10.50682564600,0.0895000000,0.000000,668.00,5286.00,0.850000,0.900000,1,1
"HD 51608 b","HD 51608","Radial Velocity",2019,12.77000000,3.62000000,14.07260000000,0.1059000000,0.090000,759.92,5358.00,0.916136,0.800000,1,2
"HD 125390 b","HD 125390","Radial Velocity",2019,8646.20398403,11.90000000,1757.39151000000,3.4960000000,0.597000,320.26,4882.00,6.470000,1.820000,1,1
"Kepler-1947 b","Kepler-1947","Transit",2021,1.01000000,1.01016660,6.96363019900,0.0737500000,0.000000,1298.00,6040.00,1.686000,0.984000,1,1
"Kepler-81 d","Kepler-81","Transit",2014,1.92000000,1.21000000,20.83784600000,0.1280000000,0.000000,418.00,4500.00,0.595000,0.648000,1,3
"Kepler-1827 b","Kepler-1827","Transit",2021,4.10000000,1.85644292,3.70061993600,0.0464700000,0.000000,1329.00,5423.00,1.404000,0.915000,1,1
"TOI-1768.01","TOI-1768","Transit",2024,11.80000000,3.45300000,7.33770364900,0.0763810000,,1566.00,5994.00,1.100000,1.100000,1,1
"HIP 10090 c","HIP 10090","Radial Velocity",2026,270.15414595,13.90000000,321.82000000000,0.9000000000,0.188000,338.35,5661.00,1.382680,0.940000,1,2
"Kepler-855 b","Kepler-855","Transit",2016,52.70000000,8.35000000,7.88663110400,0.0762000000,0.000000,996.00,5835.00,1.030000,1.030000,1,1
"TOI-205 b","TOI-205","Transit",2026,6.81000000,2.50121142,4.25300773815,,,1799.55,6302.74,1.453820,1.200000,1,1
"Kepler-1886 b","Kepler-1886","Transit",2021,7.18000000,2.58158428,24.27580070000,0.1600000000,0.000000,580.00,5745.00,0.837000,0.928000,1,1
"Kepler-279 c","Kepler-279","Transit",2013,49.40000000,4.30000000,35.73600000000,0.2236000000,0.000000,774.00,6689.45,1.070000,1.100000,1,4
"K2-401 b","K2-401","Transit",2022,5.74000000,2.26200000,6.29309900000,,,,4213.00,0.675000,0.870000,1,1
"TOI-3807 b","TOI-3807","Transit",2023,330.54154328,18.49481816,2.89897270000,0.0421000000,0.000000,1646.00,5772.00,1.468000,1.181000,1,1
"Kepler-931 b","Kepler-931","Transit",2016,2.33000000,1.33000000,8.03755877000,0.0719000000,0.000000,744.00,5241.00,0.810000,0.860000,1,1
"TOI-286 b","TOI-286","Transit",2024,4.53000000,1.42000000,4.51172440000,0.0503000000,0.000000,979.00,5152.00,0.780000,0.832000,1,2
"Kepler-106 e","Kepler-106","Transit",2014,11.17000000,2.56000000,43.84450000000,0.2400600000,0.000000,531.00,5858.00,1.040000,1.000000,1,4
"GSC 06214-00210 b","GSC 06214-00210","Imaging",2010,5000.00000000,20.17620000,,320.0000000000,,2300.00,4200.00,0.904840,0.900000,1,1
"HD 89839 b","HD 89839","Radial Velocity",2023,1748.05623850,12.80000000,3391.20000000000,4.7130000000,0.185000,159.03,6314.00,1.285880,1.210000,1,1
"Kepler-520 b","Kepler-520","Transit",2016,3.39000000,1.66000000,19.67416124000,0.1462800000,0.000000,711.00,6112.00,1.090000,1.100000,1,2
"Kepler-19 b","Kepler-19","Transit",2011,6.10000000,2.20900000,9.28699000000,0.0846000000,0.410000,851.00,5541.00,0.859000,0.936000,1,3
"Kepler-1102 b","Kepler-1102","Transit",2016,7.56000000,2.66000000,51.32856230000,0.2731000000,0.000000,546.00,5724.00,0.940000,0.960000,1,1
"Kepler-371 c","Kepler-371","Transit",2014,3.82000000,1.78000000,67.96801500000,0.3130000000,0.000000,443.00,5666.00,0.992000,0.876000,1,2
"K2-338 b","K2-338","Transit",2021,1.08000000,1.03000000,3.85061400000,,,783.00,4558.00,0.630000,0.660000,1,1
"KELT-16 b","KELT-16","Transit",2017,874.03250000,15.86073500,0.96899510000,0.0204400000,0.000000,2453.00,6236.00,1.360000,1.211000,2,1
"Kepler-1681 b","Kepler-1681","Transit",2020,7.05000000,2.55321772,69.89560000000,0.3200000000,0.000000,442.00,5756.40,0.759000,0.893000,1,1
"TOI-544 c","TOI-544","Radial Velocity",2023,21.50000000,4.92000000,50.08900000000,,0.320000,,4169.00,0.623000,0.631000,1,2
"Kepler-251 d","Kepler-251","Transit",2014,8.10000000,2.77000000,30.13300100000,0.1820000000,0.000000,536.00,5526.00,0.890000,0.891000,1,4
"HD 180902 b","HD 180902","Radial Velocity",2009,535.54355000,13.50000000,510.90000000000,1.4000000000,0.107000,412.37,4961.00,4.160000,1.410000,2,1
"TOI-5624 e","TOI-5624","Transit",2026,8.90000000,3.24700000,21.48993600000,0.1439000000,0.000000,613.80,5327.00,0.820000,0.858000,1,5
"KOINTREAU-1 b","XEST 17-036","Imaging",2026,3368.98111420,12.40000000,,690.0000000000,,,3551.00,,0.260000,1,1
"K2-414 c","K2-414","Transit",2022,4.38000000,1.92870000,6.66900000000,0.0552000000,,762.62,4343.00,0.732000,0.814000,1,2
"Kepler-1154 c","Kepler-1154","Transit",2016,6.17000000,2.36000000,8.45808312000,0.0875000000,0.000000,1117.00,6327.00,1.430000,1.260000,1,2
"Kepler-863 b","Kepler-863","Transit",2016,8.75000000,2.90000000,15.59461874000,0.1220000000,0.000000,718.00,5678.00,0.950000,0.960000,1,1
"Kepler-278 c","Kepler-278","Transit",2014,34.90000000,3.26800000,51.11100000000,0.2870000000,0.616000,492.00,4965.00,2.861000,1.227000,1,2
"GJ 180 d","GJ 180","Radial Velocity",2020,7.56000000,2.66000000,106.30000000000,0.3090000000,0.140000,187.94,3371.00,0.413049,0.430000,1,3
"K2-86 b","K2-86","Transit",2016,4.50000000,1.96000000,8.77683000000,0.0770000000,,830.49,5482.00,0.760000,0.790000,1,1
"HD 196050 b","HD 196050","Radial Velocity",2002,1493.79351290,12.90000000,1392.00000000000,2.6500000000,0.200000,207.52,5879.00,1.420000,1.270000,3,1
"Kepler-564 b","Kepler-564","Transit",2016,19.40000000,4.63000000,3.75083228500,0.0484000000,0.000000,1129.00,5626.00,0.920000,0.950000,1,1
"Kepler-878 b","Kepler-878","Transit",2016,4.38000000,1.93000000,25.94220330000,0.1650000000,0.000000,501.00,5044.00,0.770000,0.810000,1,1
"HD 120084 b","HD 120084","Radial Velocity",2013,2034.10180480,12.70000000,2142.00000000000,4.2100000000,0.483000,369.24,4879.00,10.370000,2.160000,1,1
"TOI-2384 b","TOI-2384","Transit",2024,624.85064816,11.48920522,2.13570304000,0.0279300000,0.000000,889.70,3943.00,0.611300,0.635000,2,1
"Kepler-82 d","Kepler-82","Transit",2014,885.09800000,1.77000000,2.38296100000,0.0340000000,0.000000,1253.00,5428.00,0.945000,0.946000,1,5
"Kepler-338 b","Kepler-338","Transit",2014,30.60000000,2.44000000,13.72697600000,0.1170000000,0.040000,1005.00,5923.00,1.735000,1.105000,1,4
"KOI-884 e","Kepler-247","Transit Timing Variations",2014,66.05405000,9.54000000,31.10165900000,,0.041500,,5060.00,0.788000,0.887000,1,4
"K2-87 b","K2-87","Transit",2016,44.90000000,7.60000000,9.72661800000,0.0940000000,,979.00,5747.00,1.401000,1.164000,1,1
"Kepler-983 b","Kepler-983","Transit",2016,6.17000000,2.36000000,60.08550820000,0.3148000000,0.000000,485.00,6052.00,1.080000,1.130000,1,1
"Kepler-1948 b","Kepler-1948","Transit",2021,1.09000000,1.03283226,15.57129955000,0.1022000000,0.000000,399.00,3872.00,0.557000,0.585000,1,1
"Kepler-444 c","Kepler-444","Transit",2015,0.07930000,0.49700000,4.54588410000,0.0488100000,0.310000,868.00,5046.00,0.752000,0.758000,3,5
"Kepler-1173 b","Kepler-1173","Transit",2016,0.64000000,0.89000000,0.76985360000,0.0156000000,0.000000,1650.00,5252.00,0.820000,0.860000,1,1
"HD 219077 b","HD 219077","Radial Velocity",2012,3057.50927534,12.50000000,5478.68861000000,5.9350000000,0.768000,146.68,5362.00,1.910000,0.920000,1,1
"Kepler-458 c","KIC 9663113","Transit",2016,16.40000000,4.20000000,20.74028413000,0.1701200000,0.000000,798.00,6117.21,2.215620,1.150000,1,2
"Kepler-1608 b","Kepler-1608","Transit",2016,3.64000000,1.73000000,16.47356860000,0.1126000000,0.000000,612.00,4992.00,0.720000,0.750000,1,1
"TOI-2093 b","TOI-2093","Radial Velocity",2025,10.60000000,3.25000000,12.83600000000,0.0970000000,0.000000,535.00,4426.00,0.729000,0.745000,1,2
"EPIC 212499991 b","EPIC 212499991","Transit",2019,3.19000000,1.60000000,34.88500000000,,,,4982.79,0.757541,0.912000,1,1
"Kepler-759 b","Kepler-759","Transit",2016,5.77000000,2.27000000,41.80598500000,0.2329000000,0.000000,533.00,5860.00,1.040000,1.040000,1,1
"Kepler-563 b","Kepler-563","Transit",2016,9.75000000,3.09000000,22.18432708000,0.1418000000,0.000000,546.00,5066.00,0.770000,0.800000,1,1
"Kepler-296 f","Kepler-296","Transit",2014,3.89000000,1.80000000,63.33627000000,0.2550000000,0.330000,274.00,3740.00,0.480000,0.498000,2,5
"Kepler-534 b","Kepler-534","Transit",2016,5.65000000,2.24000000,15.95994513000,0.1272000000,0.000000,721.00,5884.00,0.980000,1.050000,1,2
"TOI-512 b","TOI-512","Transit",2025,3.57000000,1.54000000,7.18886000000,,0.020000,1009.00,5277.00,0.890000,0.740000,1,1
"HD 75784 b","HD 75784","Radial Velocity",2014,317.83000000,13.80000000,341.20000000000,1.0320000000,0.097000,425.98,4867.00,3.400000,1.260000,1,2
"Kepler-172 c","Kepler-172","Transit",2014,8.55000000,2.86000000,6.38899600000,0.0680000000,0.000000,970.00,5526.00,1.085000,1.081000,1,4
"Kepler-1340 b","Kepler-1340","Transit",2016,3.02000000,1.55000000,0.66502691600,0.0152300000,0.000000,2174.00,6331.00,1.420000,1.270000,1,1
"Kepler-1115 b","Kepler-1115","Transit",2016,3.53000000,1.70000000,23.55407250000,0.2134000000,0.000000,1381.00,8480.00,1.730000,1.600000,1,1
"KIC 5437945 b","KIC 5437945","Transit",2015,33.60000000,6.40000000,440.78130000000,1.1967100000,0.000000,308.00,6340.00,1.240000,1.070000,1,2
"Kepler-1859 c","Kepler-1859","Transit",2023,3.39000000,1.66000000,3.59645081000,0.0473000000,0.000000,1327.00,5887.00,1.235000,1.090000,1,2
"Kepler-1201 b","Kepler-1201","Transit",2016,5.86000000,2.29000000,15.18725932000,0.1183000000,0.000000,789.00,6177.00,1.240000,1.150000,1,1
"Kepler-232 c","Kepler-232","Transit",2014,14.00000000,3.83000000,11.37934900000,0.1010000000,0.000000,806.00,5847.00,0.968000,0.970000,1,2
"tau Cet g","tau Cet","Radial Velocity",2017,1.75000000,1.18000000,20.00000000000,0.1330000000,0.060000,639.65,5310.00,0.830000,0.783000,1,3
"Kepler-151 b","Kepler-151","Transit",2014,9.59000000,3.06000000,15.22895800000,0.1160000000,0.000000,639.00,5460.00,0.830000,0.870000,1,2
"TOI-201 b","TOI-201","Transit",2021,164.00000000,11.40000000,52.97860000000,0.3030000000,0.275000,759.00,6423.00,1.310000,1.320000,1,3
"Kepler-207 d","Kepler-207","Transit",2014,11.00000000,3.31000000,5.86807500000,0.0680000000,0.000000,1254.00,5920.00,1.588000,1.313000,1,3
"GJ 887 e","GJ 887","Radial Velocity",2026,1.46000000,1.12000000,4.42490000000,0.0417000000,,544.00,3688.00,0.468000,0.495000,1,4
"WASP-108 b","WASP-108","Transit",2020,283.50293904,15.13212395,2.67555212374,,0.000000,1589.00,6783.00,1.344150,1.167000,1,1
"Kepler-1521 b","Kepler-1521","Transit",2016,6.80000000,2.50000000,47.14840805000,0.2347600000,0.000000,391.00,5042.00,0.760000,0.810000,1,1
"Kepler-238 c","Kepler-238","Transit",2014,152.52200000,2.39000000,6.15555700000,0.0690000000,0.000000,1146.00,5751.00,1.430000,1.229000,1,5
"GJ 676 A d","GJ 676 A","Radial Velocity",2012,3.81394088,1.78000000,3.60076000000,0.0390000000,0.192000,757.36,3734.00,0.690000,0.626000,2,4
"Kepler-620 b","Kepler-620","Transit",2016,11.00000000,3.32000000,12.91375431000,0.1053000000,0.000000,849.00,6155.00,1.220000,1.150000,1,1
"TOI-2989 b","TOI-2989","Transit",2025,953.48522100,12.55405838,3.12283200000,0.0384000000,0.000000,1001.00,4672.00,0.760000,0.770000,1,1
"Kepler-349 c","Kepler-349","Transit",2014,4.50000000,1.96000000,12.24762900000,0.1050000000,0.000000,763.00,5956.00,0.927000,1.083000,1,2
"Kepler-1231 b","Kepler-1231","Transit",2016,2.60000000,1.42000000,10.41725184000,0.0914000000,0.000000,870.00,5778.00,1.000000,1.010000,1,1
"Kepler-274 b","Kepler-274","Transit",2014,2.99000000,1.54000000,11.63478800000,0.1010000000,0.000000,961.00,6023.00,1.007000,0.883000,1,2
"Kepler-832 b","Kepler-832","Transit",2016,4.90000000,2.06000000,7.13969410000,0.0750000000,0.000000,965.00,5596.00,0.900000,0.920000,1,1
"Kepler-1889 b","Kepler-1889","Transit",2021,8.98000000,2.94360686,37.30369949000,0.2082000000,0.000000,493.00,5646.00,0.817000,0.864000,1,1
"Kepler-988 b","Kepler-988","Transit",2016,4.94000000,2.07000000,17.76080053000,0.1085000000,0.000000,368.00,4005.00,0.530000,0.550000,1,1
"TOI-880 c","TOI-880","Transit",2025,21.70000000,4.95000000,6.38727030000,0.0635000000,,805.00,5050.00,0.830000,0.870000,1,2
"HD 12235 b","HD 12235","Radial Velocity",2022,10.48833743,3.23000000,4.36305000000,0.0540000000,0.376000,1667.37,5986.00,1.801850,1.100000,1,2
"Kepler-444 f","Kepler-444","Transit",2015,0.33200000,0.74100000,9.74048600000,0.0811000000,0.290000,673.00,5046.00,0.752000,0.758000,3,5
"GJ 887 c","GJ 887","Radial Velocity",2020,6.50000000,2.43000000,21.78400000000,0.1210000000,0.170000,320.00,3688.00,0.468000,0.495000,1,4
"Kepler-524 b","Kepler-524","Transit",2016,4.31000000,1.91000000,7.97419807000,0.0795500000,0.000000,974.00,6014.00,1.100000,1.090000,1,2
"Kepler-1075 b","Kepler-1075","Transit",2016,2.60000000,1.42000000,1.52372816000,0.0208000000,0.000000,818.00,3959.00,0.540000,0.560000,1,1
"Kepler-368 b","Kepler-368","Transit",2014,10.70000000,3.26000000,26.84768000000,0.1860000000,0.000000,800.00,5502.00,2.019000,1.165000,1,2
"Kepler-115 b","Kepler-115","Transit",2014,1.32000000,1.09000000,2.40367900000,0.0360000000,0.000000,1489.00,5979.00,1.205000,1.042000,1,2
"Kepler-1735 b","Kepler-1735","Transit",2021,1.84000000,1.19429134,7.71792984000,0.0621000000,0.000000,502.00,3975.00,0.509000,0.535000,1,1
"TOI-1898 b","TOI-1898","Transit",2024,129.00000000,9.39553231,45.52234000000,0.2690000000,0.485000,674.54,6241.00,1.613100,1.248400,1,1
"Kepler-1130 c","Kepler-1130","Transit",2021,0.42200000,0.79239584,3.26663994800,0.0423800000,0.000000,1072.00,5450.00,0.842000,0.944000,2,3
"HD 20782 b","HD 20782","Radial Velocity",2006,472.83000000,13.60000000,597.06430000000,1.3649000000,0.950000,253.34,5782.13,1.126810,1.040000,2,5
"Kepler-1376 b","Kepler-1376","Transit",2016,1.16000000,1.05000000,5.30880656000,0.0598000000,0.000000,1042.00,5659.00,0.970000,0.980000,1,1
"Kepler-1190 b","Kepler-1190","Transit",2016,2.33000000,1.33000000,10.45843441000,0.0845000000,0.000000,609.00,4730.00,0.720000,0.760000,1,1
"Kepler-450 b","Kepler-450","Transit",2015,19.40000000,6.14000000,28.45485100000,0.2009200000,0.020000,769.00,6197.21,1.641620,1.190000,1,3
"Kepler-758 d","Kepler-758","Transit",2016,5.14000000,2.12000000,20.49661970000,0.1527000000,0.000000,843.00,6228.00,1.420000,1.160000,1,4
"HAT-P-47 b","HAT-P-47","Transit",2026,65.47265184,14.71739166,4.73217441000,,,1605.00,6703.00,1.515000,1.387000,1,1
"HD 135625 b","HD 135625","Radial Velocity",2023,731.00533610,13.30000000,4055.00000000000,5.4000000000,0.160000,146.04,6040.64,1.357430,1.280000,1,1
"TOI-2211.01","TOI-2211","Transit",2024,3.06000000,1.56100000,3.09268675700,0.0401100000,,1056.92,5253.00,0.834000,0.900000,1,1
"Kepler-124 b","Kepler-124","Transit",2014,0.31500000,0.73000000,3.41049300000,0.0390000000,0.000000,892.00,4984.00,0.636000,0.706000,1,3
"Kepler-1259 b","Kepler-1259","Transit",2016,2.63000000,1.43000000,0.66308525800,0.0141000000,0.000000,1681.00,5053.00,0.770000,0.800000,1,1
"TOI-1859 b","TOI-1859","Transit",2023,68.60000000,9.75181321,63.48347000000,0.3370000000,0.570000,615.00,6341.00,1.360000,1.287000,1,1
"TOI-1836 b","TOI-1836","Transit",2024,38.45723725,8.00321222,20.38079900000,0.1597000000,0.000000,966.00,6380.00,1.577000,1.307000,1,2
"Kepler-616 b","Kepler-616","Transit",2016,6.48000000,2.43000000,9.99761851000,0.0927000000,0.000000,860.00,5753.00,0.970000,0.980000,1,3
"HD 141399 e","HD 141399","Radial Velocity",2014,209.76780000,14.10000000,5000.00000000000,5.0000000000,0.260000,142.24,5600.00,1.387236,1.070000,1,4
"Kepler-1008 b","Kepler-1008","Transit",2016,2.18000000,1.28000000,12.43931193000,0.0975500000,0.000000,627.00,5066.00,0.780000,0.810000,2,1
"TOI-2133 b","TOI-2133","Transit",2026,6.21000000,2.37000000,3.82664720000,0.0410000000,,798.00,4250.00,0.620000,0.644000,1,1
"TOI-2406 b","TOI-2406","Transit",2021,15.60000000,2.86000000,3.07668910000,0.0226700000,0.170000,449.00,3100.00,0.204000,0.166000,1,1
"WASP-157 b","WASP-157","Transit",2016,182.43442000,11.19000000,3.95162300000,0.0499000000,0.000000,1193.00,5772.00,1.100000,1.060000,1,1
"Kepler-1183 b","Kepler-1183","Transit",2016,8.35000000,2.82000000,28.50571890000,0.1793000000,0.000000,555.00,5765.00,0.990000,1.000000,1,1
"Kepler-331 d","Kepler-331","Transit",2014,3.33000000,1.64000000,32.13432800000,0.1590000000,0.000000,346.00,4347.00,0.492000,0.653000,1,3
"TOI-5322 b","TOI-5322","Transit",2025,184.02264765,16.61170940,5.42332070000,0.0604000000,0.055000,1350.00,5692.00,1.462000,0.998000,1,1
"HD 457 b","HD 457","Radial Velocity",2022,8445.33643080,11.90000000,20324.58153000000,15.3690000000,0.565000,85.15,6114.04,1.281940,1.150000,1,1
"HD 112640 b","HD 112640","Radial Velocity",2020,1589.15000000,12.90000000,613.20000000000,1.7000000000,0.240000,959.65,4155.00,39.000000,1.800000,1,1
"Kepler-1647 b","Kepler-1647","Transit",2016,483.00000000,11.87390000,1107.59230000000,2.7205000000,0.058100,242.92,6210.00,1.790300,1.220700,2,1
"Kepler-1197 b","Kepler-1197","Transit",2016,2.10000000,1.25000000,2.03231845000,0.0286900000,0.000000,1011.00,4708.00,0.720000,0.780000,1,1
"HD 153557 b","HD 153557","Radial Velocity",2022,20.34101805,4.77000000,7.29903000000,0.0680000000,0.065000,772.12,4837.00,0.745171,0.790000,1,3
"Kepler-1939 b","Kepler-1939","Transit",2021,1.68000000,1.16480773,2.79065990400,0.0334000000,0.000000,816.00,4353.00,0.603000,0.648000,1,1
"TIC 117642575 b","TIC 117642575","Transit",2026,8.38000000,2.82716337,4.94459060181,,,,5719.98,1.081020,1.060000,1,1
"Kepler-621 b","Kepler-621","Transit",2016,5.90000000,2.30000000,2.62811374600,0.0310000000,0.000000,737.00,4521.00,0.680000,0.720000,1,1
"Kepler-1113 b","Kepler-1113","Transit",2016,8.30000000,2.81000000,42.30049540000,0.2415000000,0.000000,558.00,5931.00,1.170000,1.120000,1,1
"Kepler-142 b","Kepler-142","Transit",2014,4.62000000,1.99000000,2.02415200000,0.0320000000,0.000000,1597.00,5790.00,1.269000,0.978000,1,3
"Kepler-662 b","Kepler-662","Transit",2016,5.39000000,2.18000000,21.67697486000,0.1408000000,0.000000,530.00,4897.00,0.740000,0.790000,1,1
"Kepler-1336 c","Kepler-1336","Transit",2016,3.57000000,1.71000000,5.77721211000,0.0627200000,0.000000,1260.00,5512.00,1.300000,0.940000,1,2
"TOI-216.02","TOI-216","Transit",2019,18.75187601,8.00000000,17.16073000000,0.1293000000,0.160000,628.00,5026.00,0.748000,0.770000,1,2
"Kepler-236 c","Kepler-236","Transit",2014,4.66000000,2.00000000,23.96812700000,0.1320000000,0.000000,329.00,3750.00,0.510000,0.596005,1,2
"HD 196067 b","HD 196067","Radial Velocity",2012,3623.24383980,12.40000000,3413.70000000000,4.7100000000,0.562920,176.42,6072.00,1.710000,1.160000,2,2
"Kepler-1210 b","Kepler-1210","Transit",2016,3.53000000,1.70000000,8.07124073000,0.0753000000,0.000000,856.00,5568.00,0.920000,0.940000,1,1
"Kepler-91 b","Kepler-91","Transit",2013,257.44230000,15.32270300,6.24658000000,0.0731000000,0.051900,2040.00,4550.00,6.300000,1.310000,1,1
"K2-290 b","K2-290","Transit",2019,10.90000000,3.06000000,9.21165000000,0.0923000000,0.000000,1230.00,6302.00,1.511000,1.194000,3,2
"Kepler-1766 b","Kepler-1766","Transit",2021,5.81000000,2.27904508,105.01499940000,0.4161000000,0.000000,406.00,5868.00,1.042000,0.915000,1,1
"K2-170 c","K2-170","Transit",2018,3.90000000,1.80176470,12.40004700000,,,,5748.00,0.981614,0.963657,1,2
"HD 72490 b","HD 72490","Radial Velocity",2018,561.92344000,13.50000000,858.00000000000,1.8800000000,0.124000,386.45,4934.00,4.960000,1.210000,1,1
"HD 12661 c","HD 12661","Radial Velocity",2002,899.45439181,13.20000000,1708.00000000000,2.8145000000,0.031000,174.06,5748.00,1.110000,1.020000,1,2
"Kepler-1061 b","Kepler-1061","Transit",2016,4.58000000,1.98000000,2.75798266600,0.0388000000,0.000000,1332.00,6067.00,1.070000,1.090000,1,1
"Kepler-1904 b","Kepler-1904","Transit",2021,2.51000000,1.39049940,4.57702016800,0.0436000000,0.000000,567.00,3805.00,0.497000,0.526000,1,1
"Kepler-473 b","Kepler-473","Transit",2016,15.60000000,4.08000000,14.55731705000,0.1204800000,0.000000,879.00,5816.00,1.340000,1.060000,1,1
"HD 14787 b","HD 14787","Radial Velocity",2018,356.28743000,13.70000000,676.60000000000,1.7000000000,0.155000,409.43,4946.00,5.010000,1.430000,1,1
"WASP-106 b","WASP-106","Transit",2014,613.40882551,12.10569916,9.28969000000,0.0901000000,0.023000,1140.00,6002.00,1.470000,1.175000,1,1
"TOI-6158 b","TOI-6158","Transit",2026,135.00000000,10.40000000,3.04468990000,0.0327500000,0.059000,636.00,3467.00,0.476000,0.503000,1,1
"Kepler-1840 b","Kepler-1840","Transit",2021,8.13000000,2.77771129,131.19000240000,0.4620600000,0.000000,284.00,4898.00,0.803000,0.774000,1,1
"kap And b","kap And","Imaging",2012,5498.43144110,15.91675259,,55.0000000000,,1791.00,11327.00,2.109000,2.768000,1,1
"Kepler-1751 b","Kepler-1751","Transit",2021,3.98000000,1.82417378,7.01731014300,0.0712000000,0.000000,984.00,6052.00,0.967000,0.974000,1,1
"Kepler-1067 b","Kepler-1067","Transit",2016,0.43700000,0.80000000,0.76212926100,0.0164000000,0.000000,1872.00,5592.00,0.930000,0.950000,1,2
"TOI-2578 b","TOI-2578","Transit",2026,167.17774208,19.66055215,3.45796670000,0.0495000000,0.098000,1778.00,6333.00,1.640000,1.270000,1,1
"Kepler-624 b","Kepler-624","Transit",2016,5.95000000,2.31000000,14.58649607000,0.1163800000,0.000000,852.00,6117.00,1.180000,1.100000,1,1
"TOI-5349 b","TOI-5349","Transit",2026,127.40000000,10.20000000,3.31792100000,0.0369000000,0.030000,719.00,3751.00,0.580000,0.610000,1,1
"TOI-1294 c","TOI-1294","Radial Velocity",2024,147.00000000,14.30000000,159.90000000000,0.6100000000,0.000000,440.45,5718.00,1.556600,1.157800,1,2
"Kepler-1039 b","Kepler-1039","Transit",2016,2.73000000,1.46000000,0.93488424200,0.0171400000,0.000000,2080.00,4870.00,0.740000,0.790000,1,1
"HAT-P-60 b","HAT-P-60","Transit",2021,182.43350562,18.28184752,4.79478130000,0.0627700000,0.250000,1772.00,6212.00,2.197000,1.435000,1,1
"HD 88986 b","HD 88986","Radial Velocity",2023,17.20000000,2.49000000,146.05000000000,0.5800000000,0.240000,460.00,5861.00,1.543000,1.250000,1,1
"Kepler-704 b","Kepler-704","Transit",2016,7.32000000,2.61000000,3.76182115000,0.0470000000,0.000000,1121.00,5616.00,0.960000,0.970000,1,1
"K2-385 b","K2-385","Transit",2022,2.98000000,1.53900000,2.38086700000,,,,4844.00,0.761000,0.927000,1,1
"Kepler-1432 b","Kepler-1432","Transit",2016,5.56000000,2.22000000,23.91090110000,0.1696000000,0.000000,709.00,6031.00,1.130000,1.090000,1,1
"Kepler-135 c","Kepler-135","Transit",2014,1.65000000,1.16000000,11.44870800000,0.1030000000,0.000000,975.00,6090.00,1.275000,1.047000,1,2
"Kepler-950 b","Kepler-950","Transit",2016,59.60000000,8.98000000,98.71804060000,0.3982000000,0.000000,360.00,5857.00,1.020000,1.020000,1,1
"HD 73526 b","HD 73526","Radial Velocity",2002,978.91640000,13.10000000,188.30000000000,0.6500000000,0.190000,414.37,5601.00,1.530000,1.140000,1,2
"HD 207897 b","HD 207897","Transit",2021,14.80000000,2.34302132,16.20166000000,0.1170000000,0.000000,581.75,5106.00,0.782700,0.820800,1,1
"Kepler-1459 b","Kepler-1459","Transit",2016,2.42000000,1.36000000,62.86916110000,0.2829000000,0.000000,349.00,4828.00,0.740000,0.780000,1,1
"Kepler-1358 b","Kepler-1358","Transit",2016,1.46000000,1.12000000,7.06317341000,0.0656000000,0.000000,827.00,5181.00,0.790000,0.820000,1,1
"HD 360 b","HD 360","Radial Velocity",2021,238.37130525,14.00000000,273.10000000000,0.9800000000,0.139000,765.69,4770.00,10.860000,1.690000,1,1
"TOI-4030 b","TOI-4030","Transit",2026,28.80000000,5.84625590,2.50900199461,,,1384.00,5640.37,0.991737,0.980000,1,1
"Kepler-741 b","Kepler-741","Transit",2016,9.11000000,2.97000000,7.03902374000,0.0744000000,0.000000,1051.00,6129.00,1.240000,1.160000,1,1
"Kepler-1299 b","Kepler-1299","Transit",2016,9.17000000,2.98000000,19.94008740000,0.1357000000,0.000000,588.00,5609.00,0.910000,0.940000,1,1
"Kepler-1806 b","Kepler-1806","Transit",2021,6.15000000,2.35560189,9.03332042700,0.0813000000,0.000000,729.00,5311.00,0.788000,0.884000,1,1
"TOI-375 c","TOI-375","Radial Velocity",2026,669.34662514,13.40000000,115.50000000000,0.5240000000,,596.00,5259.90,2.900000,1.441000,1,3
"Kepler-1048 b","Kepler-1048","Transit",2016,3.22000000,1.61000000,6.92101021000,0.0590000000,0.000000,619.00,4651.00,0.700000,0.750000,1,1
"Kepler-749 b","Kepler-749","Transit",2016,9.80000000,3.10000000,17.31716585000,0.1054000000,0.000000,454.00,5009.00,0.750000,0.790000,1,1
"HD 102329 b","HD 102329","Radial Velocity",2011,2593.49280000,12.60000000,778.09998000000,1.8100000000,0.210000,532.95,4745.00,9.820000,3.210000,1,2
"TOI-1194 b","TOI-1194","Transit",2023,120.00000000,8.71664516,2.31064460000,0.0340000000,0.000000,1264.29,5394.00,0.960800,0.983500,1,1
"Barnard d","Barnard's star","Radial Velocity",2025,0.26300000,0.69400000,2.34020000000,0.0188000000,0.040000,483.00,3195.00,0.185000,0.162000,1,4
"Kepler-1951 b","Kepler-1951","Transit",2021,6.00000000,2.32107188,20.65780067000,0.1435000000,0.000000,728.00,5468.00,1.306000,0.923000,1,1
"HIP 114933 b","HIP 114933","Radial Velocity",2021,616.58710958,13.40000000,1481.60000000000,2.8400000000,0.210000,316.81,4823.00,5.270000,1.390000,1,1
"Kepler-1305 b","Kepler-1305","Transit",2016,4.19000000,1.88000000,13.56309720000,0.1109000000,0.000000,733.00,5701.00,0.960000,0.970000,1,1
"Kepler-598 b","Kepler-598","Transit",2016,2.86000000,1.50000000,3.70175428000,0.0448700000,0.000000,1050.00,5307.00,0.860000,0.870000,1,2
"HD 185283 b","HD 185283","Radial Velocity",2023,413.17692910,13.60000000,4060.00000000000,4.6000000000,0.070000,93.97,4848.00,0.743303,0.800000,1,1
"Kepler-1920 b","Kepler-1920","Transit",2021,9.03000000,2.95415848,30.25410080000,0.2043000000,0.000000,660.00,6277.00,1.161000,1.239000,1,1
"HD 65216 b","HD 65216","Radial Velocity",2003,411.58985000,13.60000000,577.60000000000,1.3010000000,0.270000,222.56,5612.00,0.880000,0.874000,3,2
"Kepler-954 b","Kepler-954","Transit",2016,5.99000000,2.32000000,16.78176602000,0.1202000000,0.000000,545.00,4990.00,0.760000,0.820000,1,1
"EPIC 206042996 c","EPIC 206042996","Transit",2021,1.87000000,1.20000000,0.35488400000,,,,4114.00,0.500000,0.565000,1,2
"HATS-38 b","HATS-38","Transit",2020,23.51942000,6.88232600,4.37502100000,0.0503600000,0.000000,1294.00,5732.00,1.105000,0.890000,1,1
"Kepler-1388 c","Kepler-1388","Transit",2016,5.73000000,2.26000000,5.53608151000,0.0519000000,0.000000,566.00,4098.00,0.610000,0.630000,1,4
"TIC 178172313 b","TIC 178172313","Transit",2026,8.27000000,2.80405322,4.37318161360,,,,5405.59,0.843450,0.910000,1,1
"Gliese 12 b","Gliese 12","Transit",2024,0.95000000,0.93000000,12.76141800000,0.0670000000,0.240000,314.60,3328.00,0.265000,0.255000,1,1
"Kepler-266 c","Kepler-266","Transit",2014,14.40000000,3.89000000,107.72360100000,0.4570000000,0.000000,421.00,5885.00,1.028000,0.947000,1,2
"NGTS-30 b","NGTS-30","Transit",2024,305.11527072,10.40193409,98.29838000000,0.4080000000,0.294000,500.00,5455.00,0.913000,0.940000,1,1
"Kepler-1388 e","Kepler-1388","Transit",2016,6.62000000,2.46000000,37.63270840000,0.1861000000,0.000000,299.00,4098.00,0.610000,0.630000,1,4
"Kepler-1311 b","Kepler-1311","Transit",2016,2.07000000,1.24000000,11.17269940000,0.1008200000,0.000000,1019.00,5748.00,1.400000,1.050000,1,3
"Kepler-1991 c","Kepler-1991","Transit",2023,7.13000000,2.57000000,22.79020351000,0.1528000000,0.000000,634.00,5478.00,1.053000,0.914000,1,2
"Kepler-126 d","Kepler-126","Transit",2014,54.59018723,2.50000000,100.28313400000,0.4480000000,0.020000,475.00,6239.00,1.358000,1.108000,1,3
"TOI-4029 b","TOI-4029","Transit",2026,36.60000000,6.73756618,5.88498234631,,,1142.00,5662.53,1.178340,1.018000,1,1
"Kepler-2001 b","Kepler-2001","Transit",2023,1.12000000,1.04000000,1.09001100300,0.0197000000,0.000000,1402.00,5081.00,0.770000,0.864000,1,2
"Kepler-1247 b","Kepler-1247","Transit",2016,6.04000000,2.33000000,13.71220213000,0.1091000000,0.000000,676.00,5303.00,0.820000,0.860000,1,1
"Kepler-68 e","Kepler-68","Radial Velocity",2023,86.44932670,11.20000000,3455.00000000000,4.6000000000,0.330000,147.35,5847.00,1.256400,1.057000,2,4
"Kepler-1406 b","Kepler-1406","Transit",2016,1.37000000,1.10000000,11.62905828000,0.0987000000,0.000000,854.00,5892.00,1.120000,1.050000,1,1
"Kepler-1682 b","Kepler-1682","Transit",2020,8.70000000,2.88940836,14.83340000000,0.1134000000,0.000000,694.00,5619.12,0.842301,0.990000,1,1
"Kepler-174 d","Kepler-174","Transit",2014,5.43000000,2.19000000,247.35373000000,0.6770000000,0.000000,212.00,4880.00,0.622000,0.602000,1,3
"Kepler-326 b","Kepler-326","Transit",2014,44.60000000,1.52000000,2.24832900000,0.0320000000,0.000000,1127.00,5105.00,0.801000,0.910000,1,3
"GJ 3998 d","GJ 3998","Radial Velocity",2025,6.07000000,2.34000000,41.78000000000,0.1890000000,0.000000,292.23,3726.00,0.500000,0.520000,1,3
"HD 205158 b","HD 205158","Radial Velocity",2022,124.58873554,13.90000000,25.33798000000,0.1770000000,0.145000,963.25,6133.55,1.877410,1.160000,1,1
"HD 219134 h","HD 219134","Radial Velocity",2015,108.06220000,12.70000000,2247.00000000000,3.1100000000,0.060000,117.88,4913.00,0.770000,0.794000,1,6
"K2-183 c","K2-183","Transit",2018,5.90000000,2.30000000,10.78799200000,0.0932000000,,787.00,5482.00,0.870000,0.942219,1,3
"NGTS-21 b","NGTS-21","Transit",2022,750.07504052,14.90794433,1.54338970000,0.0236000000,0.000000,1357.00,4660.00,0.860000,0.720000,1,1
"Kepler-1519 b","Kepler-1519","Transit",2016,39.60000000,7.06000000,240.79893970000,0.7655000000,0.000000,342.00,5644.00,0.910000,0.940000,1,1
"TCP J05074264+2447555 b","TCP J05074264+2447555","Microlensing",2018,20.00000000,4.72000000,,0.9400000000,,344.63,5805.00,1.424870,0.586000,1,1
"TOI-2459 b","TOI-2459","Transit",2023,9.03000000,2.95310000,19.10471800000,,,445.01,4195.00,0.675100,0.660000,1,1
"Kepler-784 b","Kepler-784","Transit",2016,3.12000000,1.58000000,31.59226460000,0.2211100000,0.000000,688.00,5674.00,1.320000,1.000000,1,2
"TOI-2641 b","TOI-2641","Transit",2023,122.68176510,18.10250383,4.88097400000,0.0607000000,0.180000,1387.00,6100.00,1.336000,1.160000,1,1
"Kepler-255 c","Kepler-255","Transit",2014,9.22000000,2.99000000,9.94604700000,0.0920000000,0.000000,807.00,5573.00,0.933000,0.867000,1,3
"HD 51608 c","HD 51608","Radial Velocity",2019,14.31000000,3.87000000,95.94460000000,0.3809000000,0.140000,400.69,5358.00,0.916136,0.800000,1,2
"TIC 434398831 c","TIC 434398831","Transit",2025,27.00000000,5.63000000,6.21029100000,0.0657200000,0.013000,1050.00,5638.00,0.909000,0.992000,1,2
"TOI-3082 b","TOI-3082","Transit",2023,13.00000000,3.66210000,1.92690700000,,,1032.78,4263.00,0.684700,0.664000,1,1
"Kepler-1037 b","Kepler-1037","Transit",2016,2.18000000,1.28000000,1.06378867300,0.0198000000,0.000000,1650.00,5105.00,0.780000,0.820000,1,1
"TOI-2141 d","TOI-2141","Radial Velocity",2025,14.90000000,3.97000000,60.45000000000,0.2906000000,,491.40,5635.00,0.950000,0.896000,1,3
"HD 88133 b","HD 88133","Radial Velocity",2004,324.18660000,13.80000000,3.41488400000,0.0479000000,0.031000,1762.08,5392.00,2.200000,1.260000,1,1
"TOI-1448 b","TOI-1448","Transit",2024,19.50000000,2.74900000,8.11224500000,0.0567000000,0.360000,426.00,3412.00,0.380000,0.372000,1,1
"TIC 294329732 b","TIC 294329732","Transit",2026,4.97000000,2.07692266,9.75658761810,,,,5201.93,0.920172,0.890000,1,1
"WISPIT 2 c","WISPIT 2","Imaging",2026,3178.28407000,17.93436912,,14.0000000000,,2050.00,4530.00,1.300000,1.080000,1,2
"K2-272 b","K2-272","Transit",2018,9.96000000,3.13000000,14.45367560000,0.1007000000,,747.00,5397.00,0.830000,0.860000,1,1
"TOI-3474 b","TOI-3474","Transit",2025,193.87532827,14.67255574,3.87951050000,0.0502000000,0.130000,1451.00,6020.00,1.256000,1.121000,1,1
"Kepler-825 c","Kepler-825","Transit",2016,4.04000000,1.84000000,8.18182460000,0.0759000000,0.000000,981.00,5976.00,1.080000,1.030000,1,2
"Kepler-382 b","Kepler-382","Transit",2014,2.30000000,1.32000000,5.26215500000,0.0550000000,0.000000,1166.00,5600.00,0.945000,1.002000,1,2
"Kepler-266 b","Kepler-266","Transit",2014,6.71000000,2.48000000,6.61833000000,0.0710000000,0.000000,1066.00,5885.00,1.028000,0.947000,1,2
"Kepler-1962 b","Kepler-1962","Transit",2021,1.95000000,1.21463929,7.99145984600,0.0783000000,0.000000,901.00,5700.00,1.006000,1.003000,1,1
"TOI-1266 d","TOI-1266","Transit Timing Variations",2025,3.68000000,1.74000000,32.50900000000,0.1513000000,0.087000,288.00,3563.00,0.423200,0.437000,1,3
"Kepler-691 b","Kepler-691","Transit",2016,5.02000000,2.09000000,8.11437900000,0.0649000000,0.000000,460.00,3715.00,0.500000,0.530000,1,1
"HD 142415 b","HD 142415","Radial Velocity",2003,530.77610000,13.50000000,386.29999000000,1.0600000000,0.500000,283.72,5940.00,1.040000,1.070000,1,1
"WASP-167 b","WASP-167","Transit",2017,2542.64000000,17.71022000,2.02195960000,0.0365000000,,2329.00,7000.00,1.790000,1.590000,1,1
"K2-412 b","K2-412","Transit",2022,5.13000000,2.11600000,5.93820000000,0.0586000000,,1100.64,5590.00,0.977000,0.893000,1,1
"Kepler-1441 b","Kepler-1441","Transit",2016,2.27000000,1.31000000,39.44198390000,0.2346000000,0.000000,682.00,5802.00,1.000000,1.000000,1,1
"CoRoT-28 b","CoRoT-28","Transit",2015,153.82972000,10.70459500,5.20851000000,0.0603000000,0.047000,1349.25,5150.00,1.780000,1.010000,1,1
"Kepler-37 c","Kepler-37","Transit",2013,1.30000000,0.75500000,21.30184800000,0.1390000000,0.099000,615.00,5357.00,0.789000,0.790000,1,4
"Kepler-138 c","Kepler-138","Transit",2014,2.30000000,1.51000000,13.78150000000,0.0913000000,0.017000,410.00,3841.00,0.535000,0.535000,1,4
"Kepler-46 d","Kepler-46","Transit",2014,3.33000000,1.64000000,6.76658900000,0.0670000000,0.000000,845.00,5309.00,0.790000,0.883000,1,3
"Kepler-1755 b","Kepler-1755","Transit",2021,29.40000000,5.91688317,24.81209946000,0.1668000000,0.000000,631.00,6086.00,0.921000,1.003000,1,1
"Teegarden's Star c","Teegarden's Star","Radial Velocity",2019,1.05000000,1.02000000,11.41600000000,0.0455000000,0.040000,209.00,3034.00,0.120000,0.097000,1,3
"HD 219828 b","HD 219828","Radial Velocity",2007,19.06970442,4.59000000,3.83483000000,0.0490000000,0.091000,1602.83,5891.00,1.560000,1.040000,1,2
"Kepler-835 b","Kepler-835","Transit",2016,8.20000000,2.79000000,11.41909375000,0.1070000000,0.000000,921.00,5954.00,1.110000,1.080000,1,1
"Kepler-1666 c","Kepler-1666","Transit",2020,10.50000000,3.23564749,40.71570000000,0.2383000000,0.000000,578.00,6293.00,1.145860,1.230000,1,2
"Kepler-1143 b","Kepler-1143","Transit",2016,3.43000000,1.67000000,2.88890484900,0.0371000000,0.000000,976.00,5053.00,0.770000,0.810000,1,2
"KOI-4777.01","KOI-4777","Transit",2022,99.20000000,0.51000000,0.41200000000,0.0080000000,0.000000,1180.00,3515.00,0.400000,0.410000,1,1
"Kepler-79 d","Kepler-79","Transit",2014,5.30000000,7.15000000,52.08970000000,0.2937000000,0.051000,592.00,6389.00,1.316000,1.244000,1,4
"Kepler-190 b","Kepler-190","Transit",2014,3.05000000,1.56000000,2.01999900000,0.0300000000,0.000000,1166.00,5106.00,0.795000,0.834000,1,2
"NGTS-17 b","NGTS-17","Transit",2021,242.82090295,13.89913607,3.24253000000,0.0391000000,0.000000,1457.00,5650.00,1.337000,1.025000,1,1
"Kepler-354 c","Kepler-354","Transit",2014,2.27000000,1.31000000,16.93440200000,0.1150000000,0.000000,508.00,4648.00,0.674000,0.652000,1,3
"TIC 198190129 b","TIC 198190129","Transit",2026,8.87000000,2.92284949,7.94804910667,,,,4377.53,0.640675,0.638000,1,1
"Kepler-1933 b","Kepler-1933","Transit",2021,1.76000000,1.17984089,4.94329023400,0.0560500000,0.000000,1058.00,5661.00,1.008000,0.964000,1,1
"TOI-5811 B b","TOI-5811 B","Transit",2026,257.44100967,21.96960217,6.25663000000,0.0731000000,,1530.00,4840.00,3.730000,1.080000,3,1
"Kepler-1041 b","Kepler-1041","Transit",2016,8.96000000,2.94000000,24.75764210000,0.1688000000,0.000000,644.00,5957.00,1.080000,1.060000,1,1
"KIC 10525077 b","KIC 10525077","Transit",2015,25.90000000,5.50000000,854.08300000000,,,,6091.00,1.010000,1.010000,1,1
"K2-70 b","K2-70","Transit",2016,8.70000000,2.89000000,13.97896000000,0.1112000000,,783.99,5622.00,0.930000,0.940000,1,1
"TOI-5704 b","TOI-5704","Transit",2023,10.50000000,3.22740000,3.77111600000,,,949.07,4590.00,0.757500,0.730000,1,1
"HATS-4 b","HATS-4","Transit",2014,420.47100000,11.43300000,2.51672900000,0.0362000000,0.013000,1315.00,5403.00,0.925000,1.001000,1,1
"Kepler-121 b","Kepler-121","Transit",2014,6.08000000,2.34000000,3.17742200000,0.0390000000,0.000000,997.00,5311.00,0.701000,0.859000,1,2
"HD 163607 b","HD 163607","Radial Velocity",2012,249.05158800,13.90000000,75.22030000000,0.3620000000,0.744100,587.13,5522.00,1.760000,1.120000,1,2
"TOI-1453 b","TOI-1453","Transit",2025,2.32000000,1.17300000,4.31352250000,,0.000000,944.20,4975.00,0.720000,0.715000,2,2
"Kepler-395 c","Kepler-395","Transit",2014,2.30000000,1.32000000,34.98926200000,0.1770000000,0.000000,341.00,4262.00,0.556000,0.622827,1,2
"TOI-7393 b","TOI-7393","Transit",2026,194.78000000,11.30000000,3.33708000000,0.0366400000,0.119800,747.00,3927.00,0.582000,0.600000,1,1
"HIP 81991 b","HIP 81991","Radial Velocity",2026,3019.36986650,12.50000000,5860.00000000000,6.4000000000,,163.28,5100.00,2.821110,1.090000,2,1
"Kepler-1965 b","Kepler-1965","Transit",2021,2.40000000,1.35415138,41.86869812000,0.2297100000,0.000000,492.00,5852.00,0.837000,0.928000,1,1
"DMPP-8 b","DMPP-8","Radial Velocity",2026,81.09000000,10.80000000,62.91500000000,0.3098000000,0.275000,579.70,6009.00,1.240000,0.990000,1,1
"Kepler-501 b","Kepler-501","Transit",2016,17.10000000,4.30000000,5.64067757200,0.0627000000,0.000000,1125.00,5904.00,1.040000,1.030000,1,2
"TOI-892 b","TOI-892","Transit",2020,301.93850000,11.99363000,10.62656000000,0.0920000000,0.125000,1397.00,6261.00,1.390000,1.280000,1,1
"Kepler-1898 b","Kepler-1898","Transit",2021,0.76000000,0.93353523,4.76562023200,0.0506300000,0.000000,1167.00,5702.00,1.125000,0.837000,1,1
"Kepler-1274 b","Kepler-1274","Transit",2016,2.60000000,1.42000000,6.98152703000,0.0816100000,0.000000,1384.00,6179.00,2.170000,1.450000,1,1
"G 9-40 b","G 9-40","Transit",2019,4.00000000,1.90000000,5.74599820000,0.0418000000,0.000000,440.60,3395.00,0.302600,0.295200,1,1
"K2-46 b","K2-46","Transit",2016,4.86000000,2.05000000,19.15410000000,0.1382100000,,889.00,6256.00,1.290000,0.960000,1,1
"K2-199 c","K2-199","Transit",2018,12.40000000,2.85000000,7.37448970000,0.0662000000,0.030000,694.00,4491.00,0.682000,0.711000,1,2
"TOI-2005 b","TOI-2005","Transit",2025,2034.10180480,11.99360935,17.30590400000,0.1600000000,0.597000,1221.39,7130.00,2.020000,1.590000,1,1
"Kepler-1065 b","Kepler-1065","Transit",2016,13.40000000,3.73000000,3.60930890700,0.0455000000,0.000000,1092.00,5635.00,0.930000,0.940000,1,2
"TOI-7394 B b","TOI-7394 B","Transit",2026,668.74000000,11.50000000,1.25299500000,0.0191300000,0.027100,986.00,3717.00,0.609000,0.624000,2,1
"HD 112300 b","HD 112300","Radial Velocity",2023,5031.22368281,12.20000000,466.63000000000,1.3300000000,0.360000,1240.35,3657.00,65.800000,1.400000,1,1
"TOI-5614 b","TOI-5614","Transit",2026,10.40000000,3.21759316,4.17221328949,,,817.00,4553.00,0.734919,0.674000,1,1
"Kepler-793 b","Kepler-793","Transit",2016,2.45000000,1.37000000,4.24153639000,0.0491000000,0.000000,1177.00,5745.00,0.970000,0.980000,1,1
"Kepler-307 c","Kepler-307","Transit",2013,3.64000000,2.20000000,13.07290000000,0.1089600000,0.000000,739.00,5367.00,0.814000,0.907000,1,2
"Kepler-613 b","Kepler-613","Transit",2016,5.86000000,2.29000000,15.77979614000,0.1232000000,0.000000,713.00,5723.00,0.960000,0.980000,1,1
"K2-138 g","K2-138","Transit",2021,4.32000000,3.01300000,41.96797000000,0.2310900000,0.059000,445.00,5356.30,0.863000,0.935000,1,6
"HD 128311 b","HD 128311","Radial Velocity",2002,562.24127000,13.50000000,453.01900000000,1.0840000000,0.303000,200.47,4965.00,0.760000,0.828000,1,2
"Kepler-20 b","Kepler-20","Transit",2011,9.70000000,1.77300000,3.69610490000,0.0456500000,0.083000,1187.00,5495.00,0.916400,0.929000,2,6
"Kepler-1634 b","Kepler-1634","Transit",2016,10.30000000,3.19000000,374.87623900000,1.0525000000,0.000000,282.00,5474.00,0.890000,0.920000,1,1
"MOA-2020-BLG-108L b","MOA-2020-BLG-108L","Microlensing",2026,3391.22910269,12.40000000,,3.6900000000,,,,,0.580000,1,1
"HD 715 b","HD 715","Transit",2026,201.82103844,11.99360935,56.40000000000,0.3360000000,0.210000,798.00,6070.00,2.500000,1.600000,2,1
"Kepler-445 d","Kepler-445","Transit",2015,2.10000000,1.25000000,8.15275000000,0.0439000000,0.000000,305.00,3157.00,0.210000,0.180000,1,3
"Kepler-1701 b","Kepler-1701","Transit",2020,5.57000000,2.22186207,169.13400000000,0.5738000000,0.000000,273.00,5146.00,0.840217,0.870000,1,1
"Kepler-1835 b","Kepler-1835","Transit",2021,12.20000000,3.53387773,11.96409988000,0.0997000000,0.000000,808.00,5903.00,0.961000,0.922000,1,1
"Kepler-1024 b","Kepler-1024","Transit",2016,14.50000000,3.91000000,66.41621330000,0.3033000000,0.000000,376.00,5143.00,0.780000,0.810000,1,1
"Kepler-1545 b","Kepler-1545","Transit",2016,7.75000000,2.70000000,163.69234900000,0.5442000000,0.000000,274.00,5201.00,0.800000,0.840000,1,1
"Kepler-1774 b","Kepler-1774","Transit",2021,10.20000000,3.18179549,59.77080154000,0.2949600000,0.000000,522.00,6214.00,1.122000,1.101000,1,1
"KOBE-1 b","KOBE-1","Radial Velocity",2025,8.80000000,2.91000000,8.53990000000,0.0700600000,0.000000,594.40,4135.00,0.619000,0.629000,1,2
"Kepler-1852 b","Kepler-1852","Transit",2021,4.22000000,1.88610592,7.97094011300,0.0762000000,0.000000,760.00,5237.00,0.826000,0.927000,1,1
"Kepler-1196 b","Kepler-1196","Transit",2016,5.60000000,2.23000000,66.18490310000,0.3179000000,0.000000,436.00,5756.00,0.970000,0.980000,1,1
"TOI-1221 b","TOI-1221","Transit",2023,1112.39942450,2.91000000,91.68278000000,0.3870000000,0.210000,440.00,5592.00,1.031000,0.930000,1,1
"Kepler-324 c","Kepler-324","Transit",2014,6.20000000,3.15000000,51.80561200000,0.2600000000,0.000000,410.00,5194.00,0.840000,0.901000,1,4
"Kepler-1122 b","Kepler-1122","Transit",2016,4.82000000,2.04000000,42.19173570000,0.2315000000,0.000000,526.00,5544.00,0.890000,0.920000,1,1
"Kepler-1826 b","Kepler-1826","Transit",2021,2.78000000,1.47519116,1.61536002200,0.0213000000,0.000000,806.00,3821.00,0.486000,0.490000,1,1
"HD 134606 c","HD 134606","Radial Velocity",2024,11.31000000,3.37000000,58.88300000000,0.3007000000,0.055000,527.65,5576.00,1.158000,1.046000,1,5
"TIC 150070085 b","TIC 150070085","Transit",2026,12.80000000,3.62000000,10.47423000000,,,945.06,5999.00,1.086000,1.160000,1,1
"HIP 75092 b","HIP 75092","Radial Velocity",2021,568.91284853,13.50000000,926.40000000000,2.0200000000,0.420000,353.19,4891.00,4.530000,1.280000,1,1
"Kepler-828 b","Kepler-828","Transit",2016,2.89000000,1.51000000,0.56785713600,0.0122800000,0.000000,1848.00,5039.00,0.770000,0.810000,1,1
"HD 5278 b","HD 5278","Transit",2021,7.80000000,2.45000000,14.33915600000,0.1202000000,0.080000,943.00,6203.00,1.194000,1.126000,1,2
"Kepler-1157 b","Kepler-1157","Transit",2016,1.32000000,1.09000000,4.45743164000,0.0448000000,0.000000,732.00,4679.00,0.710000,0.760000,1,1
"Kepler-1610 b","Kepler-1610","Transit",2016,3.22000000,1.61000000,8.70181574000,0.0777000000,0.000000,750.00,5383.00,0.870000,0.910000,1,2
"Kepler-1245 c","Kepler-1245","Transit",2016,2.67000000,1.44000000,2.93658468100,0.0372000000,0.000000,1190.00,5306.00,0.830000,0.860000,1,2
"Kepler-431 b","Kepler-431","Transit",2015,0.37000000,0.76400000,6.80300000000,0.0719000000,0.000000,1032.00,6004.00,1.092000,1.071000,1,3
"DMPP-4 b","DMPP-4","Radial Velocity",2023,12.20000000,3.53000000,3.49820000000,0.0485300000,0.063000,1645.69,6400.00,1.380000,1.250000,1,1
"Kepler-184 d","Kepler-184","Transit",2014,6.76000000,2.49000000,29.02235800000,0.1790000000,0.000000,559.00,5788.00,0.873000,0.872000,1,3
"Kepler-1140 b","Kepler-1140","Transit",2016,8.10000000,2.77000000,24.08627070000,0.1478000000,0.000000,500.00,4850.00,0.730000,0.760000,1,1
"TOI-1799 b","TOI-1799","Transit",2024,4.00000000,1.64200000,7.09457086500,0.0725020000,0.000000,922.72,5690.00,0.957000,1.010000,1,1
"Kepler-1696 b","Kepler-1696","Transit",2020,8.29000000,2.80982017,65.94090000000,0.3244000000,0.000000,454.00,5712.00,1.198110,1.020000,1,1
"Kepler-928 b","Kepler-928","Transit",2016,3.15000000,1.59000000,3.93246130200,0.0444000000,0.000000,894.00,4700.00,0.700000,0.730000,1,1
"Kepler-153 c","Kepler-153","Transit",2014,6.94000000,2.53000000,46.90232000000,0.2370000000,0.000000,458.00,5404.00,0.892000,0.756000,1,2
"HD 73256 c","HD 73256","Radial Velocity",2023,5085.25451200,12.20000000,2690.00000000000,3.8000000000,0.160000,133.92,5570.00,0.944723,1.000000,1,1
"HD 175541 b","HD 175541","Radial Velocity",2007,190.06234000,14.10000000,298.43000000000,0.9750000000,0.110000,501.11,5013.00,4.190000,1.390000,1,1
"HD 219134 g","HD 219134","Radial Velocity",2015,10.80622000,3.28000000,94.20000000000,0.3753000000,0.000000,339.34,4913.00,0.770000,0.794000,1,6
"Kepler-708 b","Kepler-708","Transit",2016,8.91000000,2.93000000,3.16789193800,0.0426000000,0.000000,1221.00,5692.00,0.960000,0.970000,1,1
"WASP-54 b","WASP-54","Transit",2012,187.51970000,17.71022000,3.69364000000,0.0498800000,0.070000,1759.00,6100.00,1.760000,1.080000,2,1
"K2-250 b","K2-250","Transit",2018,7.81000000,2.71257333,4.01392000000,0.0460600000,0.210000,1003.00,5003.00,0.797000,0.809000,1,1
"Kepler-1325 b","Kepler-1325","Transit",2016,8.55000000,2.86000000,33.87868380000,0.2004000000,0.000000,564.00,5550.00,0.910000,0.930000,1,1
"Kepler-703 b","Kepler-703","Transit",2016,51.10000000,8.20000000,4.58352175600,0.0535000000,0.000000,1038.00,6185.00,1.270000,1.180000,1,1
"TOI-1533 c","TOI-1533","Transit",2026,36.60000000,7.50000000,8.06379260000,0.0760000000,0.000000,628.00,5146.00,0.849000,0.880000,1,2
"Kepler-957 b","Kepler-957","Transit",2016,25.90000000,5.50000000,5.90741353700,0.0559000000,0.000000,769.00,4963.00,0.750000,0.810000,1,1
"TOI-3856 b","TOI-3856","Transit",2025,171.62733978,13.59649359,2.04360352000,0.0325000000,0.083000,1544.00,5622.00,1.055000,1.096000,1,1
"Kepler-1740 b","Kepler-1740","Transit",2021,11.00000000,3.32321414,8.17240047500,0.0779000000,0.000000,858.00,5705.00,0.905000,0.943000,1,1
"Kepler-176 d","Kepler-176","Transit",2014,1.72000000,2.51000000,25.75197400000,0.1630000000,0.000000,501.00,5232.00,0.891000,0.860000,1,4
"K2-150 b","K2-150","Transit",2018,4.66000000,2.00000000,10.59357000000,0.0727000000,,413.19,3499.00,0.436000,0.457000,1,1
"Kepler-307 b","Kepler-307","Transit",2013,7.44000000,2.43000000,10.42080000000,0.0935900000,0.000000,797.00,5367.00,0.814000,0.907000,1,2
"Kepler-755 c","Kepler-755","Transit",2016,2.13000000,1.26000000,2.85313364400,0.0370000000,0.000000,1016.00,5043.00,0.770000,0.820000,2,2
"Kepler-607 c","Kepler-607","Transit",2021,8.05000000,2.76001201,39.67679977000,0.2150700000,0.000000,473.00,5244.00,0.888000,0.808000,1,2
"TOI-540 b","TOI-540","Transit",2020,0.67400000,0.90300000,1.23914910000,0.0122300000,0.000000,611.00,3216.00,0.189500,0.159000,1,1
"K2-320 b","K2-320","Transit",2020,7.37000000,2.62000000,1.99500000000,0.0142000000,,698.00,3157.00,0.300000,0.117000,1,1
"Kepler-1523 b","Kepler-1523","Transit",2016,3.12000000,1.58000000,0.93875077000,0.0186700000,0.000000,1676.00,5708.00,0.960000,0.970000,1,1
"GJ 463 b","GJ 463","Radial Velocity",2022,1080.61658380,13.10000000,3459.00000000000,3.5300000000,0.146000,63.55,3563.00,0.483000,0.486000,1,1
"Kepler-62 c","Kepler-62","Transit",2013,4.00000000,0.54000000,12.44170000000,0.0929000000,0.000000,578.00,4925.00,0.640000,0.690000,1,5
"HD 222582 b","HD 222582","Radial Velocity",1999,2660.23710000,12.60000000,572.38000000000,1.3400000000,0.730000,256.39,5790.00,1.130000,1.120000,2,1
"Kepler-210 c","Kepler-210","Transit",2014,12.80000000,3.62000000,7.97251300000,0.0700000000,0.000000,497.00,4559.00,0.650000,0.770000,1,2
"Kepler-1551 b","Kepler-1551","Transit",2016,7.56000000,2.66000000,24.49736980000,0.1772000000,0.000000,722.00,6136.00,1.220000,1.140000,1,1
"TIC 188624430 b","TIC 188624430","Transit",2026,12.90000000,3.64811843,6.21860433132,,,,5369.46,0.786574,0.929000,1,1
"Kepler-1174 b","Kepler-1174","Transit",2016,3.15000000,1.59000000,6.89225223000,0.0732000000,0.000000,1156.00,5936.00,1.040000,1.040000,1,1
"Kepler-269 c","Kepler-269","Transit",2014,3.50000000,1.69000000,8.12789900000,0.0810000000,0.000000,875.00,5847.00,0.959000,0.920000,1,2
"Kepler-607 b","Kepler-607","Transit",2016,0.59000000,0.87000000,0.63816320400,0.0137000000,0.000000,1874.00,5196.00,0.800000,0.840000,1,2
"Kepler-1981 b","Kepler-1981","Transit",2023,62.50000000,9.23000000,453.54212000000,1.3292000000,0.000000,390.00,5874.00,3.006000,1.519000,1,1
"TOI-6041 c","TOI-6041","Radial Velocity",2025,77.90000000,10.50000000,88.00000000000,0.3721000000,,403.50,5445.00,0.879000,0.885000,1,2
"HD 109833 c","HD 109833","Transit",2022,7.22000000,2.59000000,13.90014800000,,0.300000,756.70,5881.00,1.000000,1.080000,1,2
"Kepler-1082 b","Kepler-1082","Transit",2016,1.46000000,1.12000000,1.54320660400,0.0257100000,0.000000,1827.00,5923.00,1.140000,1.030000,1,1
"Kepler-431 d","Kepler-431","Transit",2015,1.41000000,1.11000000,11.92200000000,0.1045000000,0.000000,856.00,6004.00,1.092000,1.071000,1,3
"WASP-170 b","WASP-170","Transit",2018,508.52800000,12.28506400,2.34478022000,0.0337000000,,1422.00,5600.00,0.938000,0.930000,1,1
"K2-74 b","K2-74","Transit",2016,5.95000000,2.31000000,19.56660000000,0.1402000000,,772.58,6060.00,0.980000,0.960000,1,1
"TOI-1246 d","TOI-1246","Transit",2022,5.40000000,3.43139739,18.65487400000,0.1320000000,0.000000,587.77,5213.00,0.864900,0.888900,1,4
"Kepler-372 d","Kepler-372","Transit",2014,3.50000000,1.69000000,30.09256800000,0.2010000000,0.000000,660.00,6509.00,1.137000,1.202000,1,3
"HD 25723 b","HD 25723","Radial Velocity",2020,794.57101750,13.30000000,457.01000000000,1.4900000000,0.040000,698.40,4766.00,13.760000,2.120000,1,1
"TOI-7155 b","TOI-7155","Transit",2026,6.38000000,2.40821473,3.89489711981,,,914.00,4673.03,0.670748,0.755000,1,1
"Kepler-84 b","Kepler-84","Transit",2012,40.00000000,2.23000000,8.72600000000,0.0827000000,0.000000,985.00,6039.00,1.430000,1.000000,1,5
"TOI-3353.01","TOI-3353","Transit",2024,7.59000000,2.66675550,4.66579650000,0.0601182180,,1264.36,6365.00,1.020700,1.332089,1,1
"Kepler-1555 b","Kepler-1555","Transit",2016,3.22000000,1.61000000,8.10501635000,0.0805000000,0.000000,959.00,5866.00,1.060000,1.040000,1,1
"Kepler-1725 b","Kepler-1725","Transit",2021,8.31000000,2.81251770,16.71990013000,0.1326300000,0.000000,767.00,6020.00,1.085000,1.049000,1,1
"TOI-2104 b","TOI-2104","Transit",2026,2.95000000,1.52898127,5.90437045700,,,846.00,4856.13,0.723757,0.800000,1,1
"Kepler-120 b","Kepler-120","Transit",2014,8.50000000,2.15000000,6.31250100000,0.0550000000,0.000000,575.00,4096.00,0.534000,0.654000,1,2
"Kepler-627 b","Kepler-627","Transit",2016,13.40000000,3.73000000,40.69944430000,0.2266100000,0.000000,685.00,6424.00,1.490000,1.300000,1,1
"Kepler-1326 b","Kepler-1326","Transit",2016,16.30000000,4.18000000,42.35142670000,0.2743000000,0.000000,938.00,6725.00,1.740000,1.450000,1,1
"TOI-1184 b","TOI-1184","Transit",2024,6.80000000,2.39000000,5.74843380300,0.0560270000,0.000000,715.47,4534.00,0.690000,0.710000,1,1
"G 192-15 b","G 192-15","Radial Velocity",2025,1.03000000,1.02000000,2.27476000000,0.0172300000,0.000000,453.60,2999.00,0.170718,0.132000,1,2
"HATS-61 b","HATS-61","Transit",2018,1080.62200000,13.39475500,7.81795300000,0.0790800000,0.092000,1226.10,5542.00,1.664000,1.076000,1,1
"Kepler-684 b","Kepler-684","Transit",2016,11.20000000,3.36000000,6.77030200800,0.0640000000,0.000000,812.00,5493.00,0.860000,0.890000,1,1
"WASP-159 b","WASP-159","Transit",2018,174.80650000,15.46842000,3.84040100000,0.0538000000,0.000000,1850.00,6120.00,2.110000,1.410000,1,1
"K2-26 b","K2-26","Transit",2016,7.61000000,2.67000000,14.56650000000,0.0962000000,,430.00,3785.00,0.520000,0.560000,1,1
"TIC 9344899 b","TIC 9344899","Transit",2026,6170.00000000,9.16000000,8.58215660000,0.0815000000,0.029000,923.00,5800.00,1.060000,0.980000,1,1
"WASP-194 b","WASP-194","Transit",2025,373.13054982,15.47960235,3.18338700000,0.0470000000,0.000000,1693.00,6405.00,1.409000,1.290000,1,1
"Kepler-1956 b","Kepler-1956","Transit",2021,1.32000000,1.08940238,5.94371986400,0.0563000000,0.000000,674.00,4391.00,0.682000,0.671000,1,1
"K2-335 b","K2-335","Transit",2021,5.52000000,2.21000000,12.28321100000,,,949.00,6222.00,1.330000,1.230000,1,1
"Kepler-352 c","Kepler-352","Transit",2014,2.07000000,1.24000000,16.33299500000,0.1180000000,0.000000,591.00,5212.00,0.781000,0.798000,1,3
"Kepler-1175 b","Kepler-1175","Transit",2016,9.22000000,2.99000000,37.94563000000,0.2181000000,0.000000,515.00,5453.00,0.860000,0.900000,1,1
"TOI-2453 b","TOI-2453","Transit",2026,10.60000000,3.24380341,4.44143463188,,,550.78,3720.23,0.502498,0.500519,1,1
"TOI-3523 A b","TOI-3523 A","Transit",2025,435.42491759,15.97279750,2.30458952000,0.0355900000,0.047000,1984.00,6450.00,1.448000,1.131000,3,1
"Kepler-1586 b","Kepler-1586","Transit",2016,2.92000000,1.52000000,15.60492120000,0.1220800000,0.000000,1013.00,6681.00,1.750000,1.450000,1,1
"TOI-1062 c","TOI-1062","Radial Velocity",2021,9.78000000,3.10000000,7.97200000000,0.0800000000,0.140000,859.00,5328.00,0.840000,0.940000,1,2
"Kepler-30 b","Kepler-30","Transit",2012,11.30000000,3.90000000,29.33434000000,0.1800000000,0.042000,524.00,5498.00,0.950000,0.990000,1,3
"Kepler-1285 b","Kepler-1285","Transit",2016,0.87100000,0.97000000,14.79674580000,0.1275800000,0.000000,874.00,6170.00,1.280000,1.200000,1,1
"TOI-1230.01","TOI-1230","Transit",2021,6.29000000,2.38627705,25.05734661842,,,1046.51,5696.00,1.152810,1.140000,1,1
"Kepler-416 b","Kepler-416","Transit",2014,58.20000000,2.48000000,6.31900000000,0.0674000000,0.000000,986.00,5718.00,1.075000,1.000000,1,3
"Kepler-416 c","Kepler-416","Transit",2014,6.13000000,2.35200000,12.20900000000,0.1045400000,0.000000,791.00,5718.00,1.075000,1.000000,1,3
"KOI-142 c","KOI-142","Transit Timing Variations",2013,214.10000000,14.00000000,22.26492000000,0.1541210030,0.057240,635.87,5466.00,0.897000,0.990000,1,3
"HD 114082 b","HD 114082","Transit",2022,508.52545120,11.72459381,225.55040000000,0.7910000000,0.000000,949.67,6610.00,1.482000,1.280000,1,1
"Kepler-103 c","Kepler-103","Transit",2014,58.47000000,5.45390000,179.60978000000,0.6679000000,0.103000,434.00,6047.00,1.492000,1.212000,1,2
"Kepler-433 b","Kepler-433","Transit",2015,896.24000000,16.25000000,5.33408384000,0.0679000000,0.119000,1776.00,6360.00,2.260000,1.460000,1,1
"CoRoT-8 b","CoRoT-8","Transit",2010,69.92000000,6.39000000,6.21229000000,0.0630000000,0.000000,870.00,5080.00,0.770000,0.880000,1,1
"Kepler-361 c","Kepler-361","Transit",2014,6.90000000,2.52000000,55.18802300000,0.3000000000,0.000000,568.00,6169.00,1.343000,1.191000,1,2
"TOI-5728 b","TOI-5728","Transit",2025,2.27000000,1.31000000,11.49761000000,,,382.00,3419.00,0.370000,0.360000,1,1
"Kepler-568 b","Kepler-568","Transit",2016,5.73000000,2.26000000,11.02347475000,0.0794000000,0.000000,429.00,3768.00,0.530000,0.550000,1,1
"Kepler-1923 b","Kepler-1923","Transit",2021,4.50000000,1.95958179,52.60969925000,0.2846000000,0.000000,553.00,5881.00,1.294000,1.109000,1,1
"Kepler-1208 b","Kepler-1208","Transit",2016,5.99000000,2.32000000,11.08507637000,0.0901000000,0.000000,665.00,5001.00,0.760000,0.800000,1,1
"Kepler-406 c","Kepler-406","Transit",2014,2.71000000,0.85000000,4.62332000000,0.0553100000,0.000000,1050.00,5538.00,1.070000,1.070000,1,2
"Kepler-1910 b","Kepler-1910","Transit",2021,1.78000000,1.18400000,5.68876981700,0.0536000000,0.000000,645.00,4234.00,0.639000,0.636000,1,1
"Kepler-1655 b","Kepler-1655","Transit",2018,5.40000000,2.21300000,11.87287870000,0.1029000000,0.190000,938.00,6148.00,1.030000,1.030000,1,1
"HD 191939 g","HD 191939","Radial Velocity",2022,13.50000000,3.74000000,284.00000000000,0.8120000000,0.030000,278.00,5348.00,0.940000,0.810000,1,6
"HD 87816 c","HD 87816","Radial Velocity",2025,3877.50656540,12.40000000,7596.00000000000,10.1400000000,0.190000,226.65,4989.00,9.000000,2.410000,1,2
"Kepler-185 c","Kepler-185","Transit",2014,4.74000000,2.02000000,20.72904200000,0.1390000000,0.000000,530.00,5208.00,0.806000,0.763000,1,2
"TOI-707 b","TOI-707","Transit",2026,6.42000000,2.41600000,52.79918000000,0.2750000000,,491.70,5424.00,0.978000,0.990000,1,1
"Kepler-738 b","Kepler-738","Transit",2016,6.80000000,2.50000000,24.58721573000,0.1552000000,0.000000,530.00,5327.00,0.820000,0.860000,1,1
"Kepler-725 c","Kepler-725","Transit Timing Variations",2025,9.70000000,3.08000000,207.54100000000,0.6744000000,0.436000,268.00,5395.00,0.880000,0.950000,1,2
"Kepler-658 b","Kepler-658","Transit",2016,3.29000000,1.63000000,1.28707676200,0.0188000000,0.000000,871.00,4103.00,0.600000,0.630000,1,1
"HD 235088 b","HD 235088","Transit",2023,4.15000000,1.98200000,7.43413250000,0.0706000000,0.000000,805.00,5075.00,0.772000,0.849000,1,1
"Kepler-93 b","Kepler-93","Transit",2014,4.66000000,1.47800000,4.72673978000,0.0534300000,0.000000,1133.00,5669.00,0.919000,0.911000,1,2
"Kepler-596 b","Kepler-596","Transit",2016,11.80000000,3.46000000,21.30022655000,0.1516100000,0.000000,725.00,6267.00,1.320000,1.210000,1,1
"K2-174 b","K2-174","Transit",2018,7.27000000,2.60000000,19.56230700000,0.1260000000,,455.00,4455.00,0.676000,0.700000,1,1
"TOI-2154 b","TOI-2154","Transit",2023,292.40213444,16.28664896,3.82408010000,0.0513000000,0.117000,1580.00,6280.00,1.396000,1.233000,1,1
"Kepler-1357 b","Kepler-1357","Transit",2016,2.18000000,1.28000000,3.00913240000,0.0410000000,0.000000,1177.00,5597.00,0.900000,0.930000,1,1
"Kepler-1807 b","Kepler-1807","Transit",2021,7.77000000,2.70393215,10.86060047000,0.0988000000,0.000000,1108.00,6455.00,1.496000,1.087000,1,1
"GJ 3378 b","GJ 3378","Radial Velocity",2026,2.30000000,1.32000000,21.45000000000,0.0967300000,0.000000,272.00,3340.00,0.275000,0.262000,1,1
"Kepler-256 b","Kepler-256","Transit",2014,3.15000000,1.59000000,1.62049300000,0.0270000000,0.000000,1681.00,5551.00,1.301000,1.037000,1,4
"NGTS-31 b","NGTS-31","Transit",2025,355.96781584,18.04645893,4.16273400000,0.0640000000,0.000000,1410.00,5710.00,1.700000,0.960000,1,1
"TOI-2525 c","TOI-2525","Transit",2023,208.81326340,10.13291855,49.25190000000,0.2490000000,0.157000,399.96,5096.00,0.785000,0.849000,1,2
"Kepler-574 b","Kepler-574","Transit",2016,6.30000000,2.39000000,7.65880414000,0.0723000000,0.000000,858.00,5612.00,0.910000,0.950000,1,1
"Kepler-1062 b","Kepler-1062","Transit",2016,3.75000000,1.76000000,9.30412078000,0.0748000000,0.000000,583.00,4597.00,0.700000,0.750000,1,1
"HD 28185 c","HD 28185","Radial Velocity",2022,1906.97044200,12.80000000,9090.00000000000,8.5000000000,0.150000,94.85,5602.00,1.048000,0.974000,1,2
"TOI-1836 c","TOI-1836","Transit",2024,8.00000000,2.59987579,1.77274710000,0.0308900000,0.000000,2007.60,6237.00,1.645400,1.251800,1,2
"Kepler-414 b","Kepler-414","Transit",2014,3.50000000,1.71000000,4.70000000000,0.0543000000,0.000000,1024.00,5536.00,0.946000,0.890000,1,2
"Kepler-411 d","Kepler-411","Transit",2018,15.20000000,3.31900000,58.02035000000,0.2790000000,0.128000,410.00,4974.00,0.820000,0.870000,2,4
"Kepler-247 c","Kepler-247","Transit",2014,15.70000000,4.09000000,9.43945200000,0.0840000000,0.000000,686.00,5100.00,0.768000,0.887000,1,4
"Kepler-725 b","Kepler-725","Transit",2016,521.76244000,10.80000000,39.64372000000,0.2238000000,0.231000,514.00,5395.00,0.880000,0.950000,1,2
"K2-317 b","K2-317","Transit",2020,8.91000000,2.93000000,6.22000000000,0.0542000000,,432.00,3387.00,0.379000,0.403000,1,1
"Kepler-1375 b","Kepler-1375","Transit",2016,3.68000000,1.74000000,3.30041920000,0.0471000000,0.000000,1543.00,6704.00,1.780000,1.470000,1,1
"TOI-6478 b","TOI-6478","Transit",2025,19.20000000,4.60000000,34.00501900000,0.1136000000,,204.40,3230.00,0.234000,0.230000,2,1
"Kepler-1338 b","Kepler-1338","Transit",2016,0.72100000,0.92000000,0.93511805700,0.0193700000,0.000000,2124.00,5909.00,1.050000,1.040000,1,1
"WASP-59 b","WASP-59","Transit",2012,274.27600000,8.68700000,7.91958500000,0.0697000000,0.100000,670.00,4650.00,0.613000,0.719000,1,1
"K2-63 c","K2-63","Transit",2016,14.50000000,3.90000000,25.45560000000,0.1890000000,,958.85,6771.00,1.630000,1.400000,1,2
"KOI-4978 b","KOI-4978","Transit",2024,0.27100000,0.70000000,0.94196700000,,,,5050.28,0.966000,0.859000,1,1
"Kepler-1539 b","Kepler-1539","Transit",2016,7.75000000,2.70000000,133.30367410000,0.4765000000,0.000000,301.00,5176.00,0.800000,0.840000,1,1
"Kepler-614 b","Kepler-614","Transit",2016,6.30000000,2.39000000,14.03491514000,0.1027000000,0.000000,641.00,5268.00,0.810000,0.850000,1,1
"Kepler-257 c","Kepler-257","Transit",2014,25.20000000,5.41000000,6.58148400000,0.0660000000,0.000000,881.00,5180.00,1.037000,0.916000,1,3
"TOI-5398 b","TOI-5398","Transit",2022,58.70000000,10.30000000,10.59054700000,0.0980000000,0.130000,947.00,6000.00,1.051000,1.146000,1,2
"TOI-1820 b","TOI-1820","Transit",2022,731.00533610,12.77823800,4.86067400000,0.0610000000,0.043000,1375.00,5734.00,1.510000,1.040000,1,1
"Kepler-1220 b","Kepler-1220","Transit",2016,2.92000000,1.52000000,7.42693741000,0.0734000000,0.000000,899.00,5842.00,0.990000,1.000000,1,1
"TOI-938 b","TOI-938","Transit",2026,20.80000000,4.82401567,8.80733882211,,,1073.00,5829.42,0.985134,1.100000,1,1
"Kepler-192 d","Kepler-192","Transit",2016,1.04000000,1.02000000,6.47027579000,0.0686000000,0.000000,926.00,5487.00,0.940000,0.940000,1,3
"Kepler-825 b","Kepler-825","Transit",2016,2.96000000,1.53000000,3.77360059000,0.0453000000,0.000000,1270.00,5976.00,1.080000,1.030000,1,2
"Kepler-1414 b","Kepler-1414","Transit",2016,2.04000000,1.23000000,3.51576315000,0.0426000000,0.000000,1033.00,4951.00,0.750000,0.800000,1,1
"HD 86950 b","HD 86950","Radial Velocity",2016,1144.18800000,13.00000000,1270.00000000000,2.7200000000,0.170000,416.76,4805.00,8.800000,1.660000,1,1
"Kepler-1150 b","Kepler-1150","Transit",2016,1.04000000,1.02000000,2.78786838600,0.0382000000,0.000000,1432.00,4754.00,0.720000,0.760000,2,1
"Kepler-1765 b","Kepler-1765","Transit",2021,6.78000000,2.49508857,10.41889954000,0.0917000000,0.000000,855.00,5692.00,1.064000,0.946000,1,1
"Kepler-831 b","Kepler-831","Transit",2016,2.15000000,1.27000000,5.62153941000,0.0598400000,0.000000,992.00,5732.00,0.970000,0.990000,1,1
"K2-257 b","K2-257","Transit",2018,0.49800000,0.83000000,1.60588000000,0.0216000000,,789.00,3725.00,0.500000,0.520000,1,1
"Kepler-27 d","Kepler-27","Transit",2021,7.78000000,2.70619460,6.54628992100,0.0657800000,0.000000,810.00,5251.00,0.817000,0.926000,1,3
"HIP 29442 d","TOI-469","Radial Velocity",2023,5.14000000,1.53800000,6.42957500000,0.0673000000,,920.00,5289.00,0.980000,0.901000,1,3
"Kepler-196 b","Kepler-196","Transit",2014,4.27000000,1.90000000,20.73988600000,0.1380000000,0.000000,536.00,5128.00,0.782000,0.839000,1,3
"Kepler-806 b","Kepler-806","Transit",2016,1.55000000,1.14000000,8.09219642000,0.0768400000,0.000000,1089.00,5770.00,1.160000,0.990000,1,1
"Kepler-1854 b","Kepler-1854","Transit",2021,7.21000000,2.58746104,39.83110046000,0.2089400000,0.000000,420.00,5026.00,0.759000,0.800000,1,1
"TOI-5624 b","TOI-5624","Transit",2026,9.40000000,2.31400000,3.39034730000,0.0420100000,0.000000,1136.00,5327.00,0.820000,0.858000,1,5
"Kepler-739 b","Kepler-739","Transit",2016,11.00000000,3.32000000,12.53248465000,0.1054000000,0.000000,775.00,5601.00,0.900000,0.930000,1,1
"HD 204313 b","HD 204313","Radial Velocity",2010,1466.77809830,12.90000000,2041.11539000000,3.1850000000,0.100000,163.43,5767.00,1.100000,1.030000,1,3
"Kepler-129 d","Kepler-129","Radial Velocity",2021,2637.97577810,12.60000000,2646.00000000000,4.0000000000,0.150000,178.86,5770.00,1.653000,1.178000,1,3
"Kepler-389 c","Kepler-389","Transit",2014,2.73000000,1.46000000,14.51143000000,0.1100000000,0.000000,636.00,5376.00,0.792000,0.765000,1,2
"K2-158 c","K2-158","Transit",2018,2.18000000,1.28000000,5.90279000000,0.0622000000,,948.00,5503.00,0.950000,0.920000,1,2
"Kepler-864 c","Kepler-864","Transit",2023,3.26000000,1.62000000,2.42150341000,0.0382000000,0.000000,1532.00,6213.00,1.195000,1.270000,1,2
"TOI-5800 b","TOI-5800","Transit",2025,9.50000000,2.46000000,2.62788380000,0.0344000000,0.300000,1108.00,4850.00,0.773000,0.778000,1,1
"TOI-2803 A b","TOI-2803 A","Transit",2023,309.88269682,18.11371281,1.96229325000,0.0318500000,0.000000,1893.00,6280.00,1.245000,1.118000,2,1
"Kepler-1462 b","Kepler-1462","Transit",2016,14.00000000,3.82000000,65.64883410000,0.3094000000,0.000000,390.00,5756.00,1.000000,1.000000,1,1
"HD 191939 b","HD 191939","Transit",2020,10.00000000,3.41000000,8.88032560000,0.0804000000,0.031000,880.00,5348.00,0.940000,0.810000,1,6
"HD 212771 b","HD 212771","Radial Velocity",2009,759.61370000,13.30000000,380.70000000000,1.1900000000,0.076000,507.69,5003.00,5.270000,1.560000,1,1
"Kepler-1695 b","Kepler-1695","Transit",2020,1.46000000,1.11948901,4.73290000000,0.0529000000,0.000000,957.00,5473.19,0.987155,0.960000,1,1
"TOI-1782.02","TOI-1782","Transit",2024,4.04000000,1.83900000,1.82902422700,0.0257390000,,974.95,4336.00,0.669000,0.680000,1,2
"WASP-119 b","WASP-119","Transit",2016,390.93090000,15.69260000,2.49979000000,0.0363000000,0.058000,1600.00,5650.00,1.200000,1.020000,1,1
"Kepler-893 b","Kepler-893","Transit",2016,9.43000000,3.03000000,6.33855761000,0.0699000000,0.000000,1034.00,5820.00,0.990000,1.000000,1,1
"Kepler-1487 c","Kepler-1487","Transit",2023,48.70000000,7.97000000,35.80071120000,0.2588000000,0.000000,991.00,5745.00,3.955000,1.801000,1,2
"KOI-7913 b","KOI-7913 A","Transit",2022,6.08000000,2.34000000,24.27855300000,0.1456000000,0.000000,432.00,4324.00,0.788000,0.760000,2,1
"TOI-1472 c","TOI-1472","Radial Velocity",2025,21.13000000,3.33400000,15.53817470000,0.1160000000,0.172000,662.00,5100.00,0.840000,0.870000,1,2
"Kepler-1239 b","Kepler-1239","Transit",2016,8.75000000,2.90000000,5.19104016000,0.0625000000,0.000000,1183.00,6564.00,1.570000,1.400000,1,1
"Kepler-1902 b","Kepler-1902","Transit",2021,1.74000000,1.17563613,3.82222008700,0.0385000000,0.000000,601.00,3729.00,0.514000,0.520000,1,1
"Kepler-297 b","Kepler-297","Transit",2014,48.50000000,2.87000000,38.87182600000,0.2170000000,0.000000,509.00,5619.00,0.915000,0.927000,1,3
"Kepler-351 d","Kepler-351","Transit",2016,7.85000000,2.72000000,142.54424700000,0.5177000000,0.000000,318.00,5225.00,0.780000,0.810000,1,3
"K2-136 d","K2-136","Transit",2017,3.00000000,1.56500000,25.57500000000,0.1538000000,0.071000,420.00,4500.00,0.677000,0.742000,2,3
"Kepler-789 b","Kepler-789","Transit",2016,5.14000000,2.12000000,8.63847725000,0.0951000000,0.000000,1419.00,5870.00,1.020000,1.010000,1,1
"K2-279 b","K2-279","Transit",2018,1.92000000,1.21000000,7.12260500000,0.0670000000,,879.00,5558.00,0.860000,0.790000,1,1
"nu Oph c","nu Oph","Radial Velocity",2012,7838.32346000,12.00000000,3180.60000000000,5.8290000000,0.179000,341.48,4887.00,12.240000,2.610000,1,2
"KOI-1599.02","KOI-1599","Transit",2019,9.00000000,1.90000000,13.60880000000,0.1122930000,0.011400,755.00,5833.00,0.972000,1.020000,1,2
"HD 109833 b","HD 109833","Transit",2022,8.69000000,2.88800000,9.18852600000,,0.180000,786.00,5881.00,1.000000,1.080000,1,2
"HIP 71135 b","HIP 71135","Radial Velocity",2019,18.80000000,4.55000000,87.19000000000,0.3350000000,0.210000,285.11,4146.00,0.681296,0.660000,1,1
"K2-147 b","K2-147","Transit",2018,2.77000000,1.47286006,0.96193900000,0.0157500000,0.380000,1077.00,3690.00,0.578000,0.563000,1,1
"Kepler-11 d","Kepler-11","Transit",2010,7.30000000,3.12000000,22.68450000000,0.1550000000,0.004000,653.00,5663.00,1.065000,0.961000,1,6
"K2-131 b","K2-131","Transit",2017,7.90000000,1.69000000,0.36930380000,0.0093600000,0.000000,2223.00,5120.00,0.759500,0.803000,1,1
"Kepler-218 d","Kepler-218","Transit",2016,7.56000000,2.66000000,124.52446470000,0.4988400000,0.000000,356.00,5542.00,1.020000,1.010000,1,3
"TOI-6054.01","TOI-6054","Transit",2024,12.50000000,2.64000000,7.50142800000,0.0763000000,0.164000,1360.00,6047.00,1.662000,1.107000,1,2
"Kepler-1937 b","Kepler-1937","Transit",2021,9.39000000,3.02291330,9.68859958600,0.0915000000,0.000000,1014.00,6457.00,1.196000,1.190000,1,1
"HAT-P-56 b","HAT-P-56","Transit",2015,734.18730000,16.92559000,2.79083000000,0.0423000000,0.290000,1840.00,6566.00,1.470000,1.420000,1,1
"HD 8574 b","HD 8574","Radial Velocity",2002,645.19490000,13.40000000,227.00000000000,0.7600000000,0.300000,394.03,6064.00,1.380000,1.340000,1,1
"HATS-71 b","HATS-71","Transit",2020,117.59710000,11.47801600,3.79552020000,0.0374500000,0.000000,586.80,3405.00,0.478300,0.486100,1,1
"K2-341 b","K2-341","Transit",2021,10.40000000,3.21000000,36.55255100000,,,598.00,5817.00,1.160000,0.980000,1,1
"GJ 1061 b","GJ 1061","Radial Velocity",2020,1.11000000,1.04000000,3.20730000000,0.0210000000,0.050000,388.11,2953.00,0.156000,0.120000,1,3
"Kepler-102 b","Kepler-102","Transit",2014,1.10000000,0.46000000,5.28696500000,0.0552100000,0.100000,857.00,4909.00,0.724000,0.803000,1,5
"K2-194 b","K2-194","Transit",2018,12.90000000,3.64229858,39.72138600000,,,,5979.00,1.281115,1.110086,1,1
"Kepler-915 b","Kepler-915","Transit",2016,2.86000000,1.50000000,4.59489604000,0.0565500000,0.000000,1319.00,6173.00,1.380000,1.210000,1,1
"TIC 241249530 b","TIC 241249530","Transit",2024,1582.78546686,13.29385111,165.77190000000,0.6410000000,0.941200,438.94,6166.00,1.397000,1.271000,2,1
"TOI-5795 b","TOI-5795","Transit",2025,23.66000000,5.62000000,6.14063250000,0.0640000000,0.250000,1136.78,5715.00,1.082000,0.901000,1,1
"K2-196 b","K2-196","Transit",2018,12.60000000,3.59970536,48.32422200000,,,,6045.00,1.538801,1.162095,1,1
"Kepler-1315 b","Kepler-1315","Transit",2016,2.48000000,1.38000000,0.84338011000,0.0161700000,0.000000,1541.00,4861.00,0.750000,0.800000,1,2
"TOI-5599 b","TOI-5599","Transit",2026,40.90000000,7.18882120,5.43691503941,,,1496.00,6137.02,1.913340,1.210000,1,1
"Kepler-1912 b","Kepler-1912","Transit",2021,2.41000000,1.35670508,6.05921983700,0.0648900000,0.000000,976.00,5734.00,0.962000,0.977000,1,1
"TOI-1260 c","TOI-1260","Transit",2021,13.20000000,2.76000000,7.49313400000,0.0657000000,0.000000,651.00,4227.00,0.672000,0.679000,1,3
"Kepler-306 e","Kepler-306","Transit",2014,5.77000000,2.27000000,44.84097500000,0.2270000000,0.000000,390.00,4954.00,0.719000,0.750000,1,4
"K2-396 b","K2-396","Transit",2022,3.12000000,1.57900000,0.67386200000,,,,5236.00,0.920000,0.954000,1,2
"HD 10442 b","HD 10442","Radial Velocity",2014,472.61321000,13.60000000,1032.30000000000,2.0100000000,0.132000,234.49,4912.00,1.970000,1.010000,1,1
"Kepler-198 c","Kepler-198","Transit",2014,6.66000000,2.47000000,49.56741600000,0.2590000000,0.000000,465.00,5574.00,0.940000,0.995000,1,3
"Kepler-129 b","Kepler-129","Transit",2014,20.00000000,2.40000000,15.79000000000,0.1300000000,0.010000,910.00,5770.00,1.653000,1.178000,1,3
"Kepler-1549 b","Kepler-1549","Transit",2016,7.13000000,2.57000000,214.88654500000,0.6687000000,0.000000,286.00,5324.00,0.840000,0.880000,1,1
"HD 8326 b","HD 8326","Radial Velocity",2019,66.60000000,9.58000000,158.99100000000,0.5330000000,0.200000,287.23,4914.00,0.783181,0.800000,1,1
"Kepler-1800 b","Kepler-1800","Transit",2021,0.96100000,0.99679734,4.56202983900,0.0509800000,0.000000,1533.00,5343.00,2.506000,1.330000,1,1
"TOI-1742 b","TOI-1742","Transit",2024,9.70000000,2.36507598,21.26908400000,0.1540000000,0.300000,694.09,5815.00,1.131000,1.086100,1,1
"BD+45 564 b","BD+45 564","Radial Velocity",2021,432.24663352,13.60000000,307.88000000000,0.8300000000,0.120000,238.82,5004.00,0.813064,0.810000,1,1
"HD 11343 c","HIP 8541","Radial Velocity",2022,255.53403923,13.90000000,228.53731000000,0.9230000000,0.169000,613.29,4672.00,6.840000,2.009000,2,2
"TOI-2295 b","TOI-2295","Transit",2024,278.09985612,16.47720163,30.03330200000,0.1992000000,0.334000,747.00,5730.00,1.459000,1.168000,1,2
"Kepler-656 c","Kepler-656","Transit",2023,2.57000000,1.41000000,5.25449393000,0.0602000000,0.000000,975.00,5550.00,0.954000,1.050000,1,2
"Kepler-1941 b","Kepler-1941","Transit",2021,7.51000000,2.64976949,31.33510017000,0.2054000000,0.000000,666.00,6404.00,1.142000,1.175000,1,1
"Kepler-1311 d","Kepler-1311","Transit",2021,67.50000000,9.65837605,197.51100160000,0.6843400000,0.000000,391.00,5616.00,1.674000,1.032000,1,3
"Kepler-1316 b","Kepler-1316","Transit",2016,12.30000000,3.54000000,87.97321360000,0.3976500000,0.000000,446.00,5884.00,1.120000,1.040000,1,1
"TOI-6954 b","TOI-6954","Transit",2026,12.80000000,3.63524486,4.02074127419,,,930.00,5170.87,0.947112,0.834000,1,1
"WASP-7 b","WASP-7","Transit",2008,305.11680000,14.90797000,4.95464160000,0.0617000000,0.034000,1487.00,6400.00,1.432000,1.276000,1,1
"DS Tuc A b","DS Tuc A","Transit",2019,413.17900000,5.70000000,8.13826800000,,0.000000,850.00,5428.00,0.964000,1.010000,2,1
"TOI-128.01","TOI-128","Transit",2024,5.56000000,2.21898000,4.94046810000,0.0538101900,,1344.51,6086.00,1.130000,0.851969,1,1
"TOI-209 b","TOI-209","Transit",2026,6.32000000,2.39472090,4.37943587445,,,845.78,4806.66,0.742779,0.810000,1,1
"TOI-261.01","TOI-261","Transit",2021,9.51000000,3.04498630,3.36392540000,0.0347921890,,1722.49,5890.30,1.280180,0.496728,1,2
"TOI-261.02","TOI-261","Transit",2021,11.20000000,3.34822227,13.03935862135,,,1007.53,5890.30,1.313830,1.069000,1,2
"TOI-262 b","TOI-262","Transit",2023,4.94000000,2.07000000,11.14529000000,0.1630000000,,584.00,5310.00,0.853000,0.913000,1,1
"TOI-2040 b","TOI-2040","Transit",2026,248.22398587,10.32347122,3.86085760000,0.0473000000,0.109000,1070.00,5132.00,0.870000,0.920000,1,1
"TOI-2227 b","TOI-2227","Transit",2026,9.79000000,3.09885187,4.22175815648,,,1539.88,5889.54,1.208470,1.030000,1,1
"TOI-2977 b","TOI-2977","Transit",2023,533.95172376,13.15934334,2.35056140000,0.0338600000,0.000000,1544.00,5691.00,1.073000,0.936000,1,1
"Kepler-256 d","Kepler-256","Transit",2014,6.71000000,2.48000000,5.83917200000,0.0640000000,0.000000,1097.00,5551.00,1.301000,1.037000,1,4
"K2-90 c","K2-90","Transit",2016,2.24000000,1.30000000,2.90070600000,0.0350000000,0.190000,908.07,4421.98,0.634754,0.704613,1,2
"HD 11506 d","HD 11506","Radial Velocity",2022,4068.20360960,12.30000000,26500.00000000000,18.2000000000,0.290000,77.07,6123.00,1.240000,1.220000,1,3
"Kepler-1118 b","Kepler-1118","Transit",2016,7.95000000,2.74000000,38.67150750000,0.2079000000,0.000000,502.00,5688.00,0.970000,0.960000,1,1
"K2-247 c","K2-247","Transit",2018,5.43000000,2.19000000,6.49424000000,0.0615000000,,688.00,4667.00,0.690000,0.740000,1,2
"K2-322 b","K2-322","Transit",2020,4.35000000,1.92000000,8.20500000000,0.0594000000,,635.00,4141.00,0.602000,0.630000,1,1
"HD 141004 b","HD 141004","Radial Velocity",2021,13.63483866,3.77000000,15.50830000000,0.1238000000,0.160000,950.73,5885.38,1.389372,1.051904,1,1
"Kepler-168 c","Kepler-168","Transit",2014,7.70000000,2.69000000,13.19324200000,0.1160000000,0.000000,862.00,6282.00,1.107000,1.113000,1,2
"Kepler-419 b","Kepler-419","Transit",2014,794.50000000,10.80000000,69.75460000000,0.3700000000,0.833000,613.00,6430.00,1.740000,1.390000,1,2
"TOI-4153 b","TOI-4153","Transit",2024,365.50266805,16.11851425,4.61741410000,0.0631100000,0.039000,1669.00,6860.00,1.605000,1.572000,1,1
"TOI-1422 c","TOI-1422","Radial Velocity",2025,14.00000000,2.61000000,34.56330000000,0.2050000000,0.200000,628.00,5840.00,1.019000,0.990300,1,2
"TOI-4155 b","TOI-4155","Transit",2025,10.40000000,3.21000000,3.32072900000,,,1255.00,5724.00,0.950000,1.160000,1,1
"GJ 9689 b","GJ 9689","Radial Velocity",2020,9.65000000,3.07000000,18.27000000000,0.1139000000,0.290000,453.04,3836.00,0.570000,0.590000,1,1
"Kepler-169 d","Kepler-169","Transit",2014,2.10000000,1.25000000,8.34812500000,0.0750000000,0.000000,702.00,4997.00,0.763000,0.825000,1,5
"Kepler-191 d","Kepler-191","Transit",2016,5.82000000,2.28000000,5.94504101700,0.0610400000,0.000000,857.00,5215.00,0.800000,0.840000,1,3
"K2-8 b","K2-8","Transit",2015,12.50000000,3.58000000,10.35239000000,0.0856000000,,631.00,4870.00,0.740000,0.780000,1,2
"HATS-33 b","HATS-33","Transit",2016,378.85336000,13.78707000,2.54955510000,0.0372700000,0.080000,1429.00,5659.00,1.022000,1.062000,1,1
"Kepler-1464 b","Kepler-1464","Transit",2016,3.39000000,1.66000000,31.77859010000,0.2006600000,0.000000,564.00,5828.00,1.010000,1.020000,1,2
"Kepler-805 b","Kepler-805","Transit",2016,8.70000000,2.89000000,30.86389310000,0.1985200000,0.000000,743.00,6112.00,1.650000,1.190000,1,1
"17 Sco b","17 Sco","Radial Velocity",2020,1373.01871824,12.90000000,578.38000000000,1.4500000000,0.060000,847.51,4157.00,25.920000,1.220000,1,1
"Kepler-264 c","Kepler-264","Transit",2014,8.40000000,2.83000000,140.10126100000,0.5660000000,0.000000,511.00,6158.00,1.550000,1.426000,1,2
"HR 858 b","HR 858","Transit",2019,3.55000000,2.00400000,3.58528700000,0.0488800000,0.000000,1552.00,6354.00,1.258000,1.204000,2,3
"Kepler-941 b","Kepler-941","Transit",2016,9.69000000,3.08000000,17.42395198000,0.1311000000,0.000000,722.00,5539.00,0.860000,0.890000,1,1
"Kepler-1832 b","Kepler-1832","Transit",2021,2.02000000,1.22719556,3.13878989200,0.0370000000,0.000000,1022.00,5242.00,0.722000,0.684000,1,1
"TOI-833 b","TOI-833","Transit",2022,2.15000000,1.27000000,1.04187770000,0.0171000000,,1118.00,3920.00,0.600000,0.610000,1,1
"HD 38283 b","HD 38283","Radial Velocity",2010,127.13200000,14.00000000,363.20001000000,1.0200000000,0.410000,348.58,5981.00,1.490000,1.370000,1,1
"Kepler-341 b","Kepler-341","Transit",2014,1.76000000,1.18000000,5.19552800000,0.0600000000,0.000000,1085.00,6012.00,1.024000,0.976000,1,4
"TIC 153919886 b","TIC 153919886","Transit",2026,7.78000000,2.70601108,2.10510492329,,,,4137.16,0.591697,0.581261,1,1
"Kepler-1669 b","Kepler-1669","Transit",2020,8.15000000,2.78043818,9.51216000000,0.0745000000,0.000000,530.00,4303.00,0.714145,0.670000,1,3
"Kepler-295 c","Kepler-295","Transit",2014,1.71000000,1.17000000,21.52625800000,0.1420000000,0.000000,621.00,5603.00,0.898000,0.890000,1,3
"NN Ser c","NN Ser","Eclipse Timing Variations",2010,2329.60000000,12.60000000,6987.00000000000,5.3500000000,0.089000,,57000.00,,0.535000,2,2
"Kepler-1802 b","Kepler-1802","Transit",2021,3.43000000,1.67100000,15.45020008000,0.0662000000,0.000000,581.00,4245.00,0.637000,0.649000,1,2
"TOI-6008 b","TOI-6008","Transit",2024,4.00000000,1.03000000,0.85743470000,0.0107770000,,707.00,3075.00,0.242000,0.230000,1,1
"Kepler-1437 b","Kepler-1437","Transit",2016,2.45000000,1.37000000,10.92954610000,0.0951000000,0.000000,770.00,5557.00,0.900000,0.930000,1,1
"Kepler-330 b","Kepler-330","Transit",2014,2.39000000,1.35000000,8.25978000000,0.0750000000,0.000000,714.00,5117.00,0.722000,0.848000,1,2
"Kepler-100 c","Kepler-100","Transit",2014,7.05000000,2.20000000,12.81590000000,0.1106100000,0.020000,939.00,5825.00,1.490000,1.080000,1,4
"K2-377 b","K2-377","Transit",2022,3.51000000,1.69300000,12.83223500000,,,,4200.00,0.691000,0.821000,1,1
"Kepler-554 b","Kepler-554","Transit",2016,17.00000000,4.29000000,1.90220855600,0.0302200000,0.000000,1346.00,5447.00,0.920000,0.930000,1,1
"Kepler-208 e","Kepler-208","Transit",2014,2.79000000,1.48000000,16.25945800000,0.1320000000,0.000000,880.00,6092.00,1.314000,1.082000,1,4
"Kepler-1287 b","Kepler-1287","Transit",2016,2.99000000,1.54000000,11.47685909000,0.0976000000,0.000000,796.00,5715.00,0.940000,0.960000,1,1
"Kepler-646 b","Kepler-646","Transit",2016,4.62000000,1.99000000,15.87364565000,0.1125100000,0.000000,632.00,5634.00,0.910000,0.930000,1,1
"Kepler-1880 b","Kepler-1880","Transit",2021,5.13000000,2.11686218,6.30921983700,0.0540000000,0.000000,606.00,4380.00,0.530000,0.524000,1,1
"Kepler-587 b","Kepler-587","Transit",2016,5.60000000,2.23000000,10.94027841000,0.0952000000,0.000000,764.00,5549.00,0.890000,0.920000,1,1
"EPIC 201238110 b","EPIC 201238110","Transit",2019,4.16000000,1.87000000,28.16560000000,,,,3587.00,0.374000,0.410000,1,1
"K2-240 c","K2-240","Transit",2018,3.89000000,1.80000000,20.52300000000,0.1159000000,,389.00,3810.00,0.540000,0.580000,1,2
"Kepler-1495 b","Kepler-1495","Transit",2016,8.96000000,2.94000000,85.27325600000,0.3677000000,0.000000,443.00,5831.00,1.040000,1.030000,1,1
"Kepler-508 b","Kepler-508","Transit",2016,3.33000000,1.64000000,25.30889748000,0.1727400000,0.000000,710.00,6025.00,1.250000,1.160000,1,1
"HD 191939 f","HD 191939","Radial Velocity",2022,915.34581216,13.20000000,2898.00000000000,3.7100000000,0.000000,125.00,5348.00,0.940000,0.810000,1,6
"HN Peg b","HN Peg","Imaging",2006,6991.57000000,11.77680000,,773.0000000000,,10.77,6186.00,1.006954,1.080000,1,1
"K2-413 b","K2-413","Transit",2022,0.36300000,0.75990000,0.80940000000,0.0117000000,,1535.20,4116.00,0.700000,0.808000,1,2
"KOI-351 h","KOI-351","Transit",2013,203.00000000,11.25200000,331.60296000000,0.9706200000,0.027600,294.00,6031.13,1.185000,1.242000,1,8
"HD 60779 c","HD 60779","Radial Velocity",2026,28.30000000,5.79000000,104.79000000000,,0.041000,,6081.00,1.129000,1.050000,1,2
"K2-19 c","K2-19","Transit",2015,11.00000000,4.10000000,11.90600000000,0.0982000000,0.100000,679.00,5322.00,0.820000,0.880000,1,3
"TOI-3160 A b","TOI-3160 A","Transit",2025,378.21580433,13.76462830,3.97128100000,0.0505000000,0.180000,1539.00,6190.00,1.346000,1.088000,2,1
"Kepler-1333 b","Kepler-1333","Transit",2016,8.30000000,2.81000000,109.64718420000,0.4382000000,0.000000,428.00,5628.00,0.920000,0.940000,1,1
"Kepler-1715 b","Kepler-1715","Transit",2021,16.00000000,4.14042267,35.59730148000,0.2242900000,0.000000,646.00,6212.00,1.209000,1.082000,1,1
"Kepler-1885 b","Kepler-1885","Transit",2021,2.89000000,1.51110555,2.52255988100,0.0360000000,0.000000,1205.00,5591.00,0.860000,0.977000,1,1
"TOI-1803 c","TOI-1803","Transit",2025,8.00000000,4.29000000,12.88577900000,0.0970000000,0.000000,588.00,4687.00,0.715000,0.756000,1,2
"Kepler-1116 b","Kepler-1116","Transit",2016,6.99000000,2.54000000,41.69778270000,0.2330000000,0.000000,488.00,5641.00,0.930000,0.950000,1,1
"Kepler-232 b","Kepler-232","Transit",2014,9.69000000,3.08000000,4.43122200000,0.0540000000,0.000000,1104.00,5847.00,0.968000,0.970000,1,2
"HD 141399 d","HD 141399","Radial Velocity",2014,375.03940000,13.70000000,1069.80000000000,2.0900000000,0.074000,220.00,5600.00,1.387236,1.070000,1,4
"Kepler-398 d","Kepler-398","Transit",2016,0.61500000,0.88000000,6.83437001000,0.0618000000,0.000000,636.00,4557.00,0.670000,0.720000,1,3
"HD 158259 b","HD 158259","Radial Velocity",2020,2.22000000,1.28228000,2.17800000000,,,1462.00,5801.89,1.210000,1.080000,1,5
"Kepler-577 b","Kepler-577","Transit",2016,7.04000000,2.55000000,25.69578251000,0.1348000000,0.000000,314.00,4984.00,0.730000,0.780000,1,1
"Kepler-953 b","Kepler-953","Transit",2016,16.50000000,4.21000000,88.40655258000,0.3920000000,0.000000,410.00,5416.00,0.990000,0.950000,1,2
"HD 124330 b","HD 124330","Radial Velocity",2021,238.37130525,14.00000000,270.66000000000,0.8600000000,0.340000,348.79,5873.00,1.304460,1.150000,1,1
"Kepler-1966 b","Kepler-1966","Transit",2021,1.39000000,1.10479327,8.61742973300,0.0763000000,0.000000,733.00,5009.00,0.840000,0.797000,1,1
"Kepler-212 c","Kepler-212","Transit",2014,7.95000000,2.74000000,31.80517400000,0.2070000000,0.000000,664.00,5852.00,1.455000,1.166000,1,2
"HD 238914 b","HD 238914","Radial Velocity",2018,1906.98000000,12.80000000,4100.00000000000,5.7000000000,0.560000,343.67,4769.00,12.730000,1.470000,1,1
"Kepler-44 b","Kepler-44","Transit",2011,317.82000000,12.22000000,3.24672930000,0.0446000000,0.066000,1544.00,5800.00,1.350000,1.120000,1,1
"Kepler-158 b","Kepler-158","Transit",2014,5.14000000,2.12000000,16.70918400000,0.1110000000,0.000000,500.00,4623.00,0.624000,0.655000,1,3
"Kepler-1080 b","Kepler-1080","Transit",2016,10.80000000,3.28000000,77.25483960000,0.3781000000,0.000000,548.00,5956.00,1.160000,1.100000,1,1
"Kepler-1228 b","Kepler-1228","Transit",2016,2.99000000,1.54000000,0.57736957900,0.0118600000,0.000000,1757.00,5063.00,0.740000,0.780000,1,1
"TOI-5786 b","TOI-5786","Transit",2025,73.00000000,8.54000000,12.77910700000,0.1140000000,,1040.00,6235.00,1.360000,1.230000,2,1
"Kepler-1850 b","Kepler-1850","Transit",2021,0.31300000,0.72909663,1.38580000400,0.0206000000,0.000000,1008.00,4239.00,0.600000,0.611000,1,1
"75 Cet c","75 Cet","Radial Velocity",2023,289.85950718,13.90000000,2051.62000000000,3.9290000000,0.023000,376.92,4809.00,10.380000,1.920000,2,2
"TOI-2345 b","TOI-2345","Transit",2025,3.49000000,1.50400000,1.05285730000,0.0170500000,,1478.00,4687.00,0.729000,0.727000,1,2
"DMPP-1 e","DMPP-1","Radial Velocity",2019,4.13000000,1.86000000,5.51600000000,0.0651000000,0.070000,1314.00,6196.00,1.260000,1.210000,1,4
"Kepler-260 c","Kepler-260","Transit",2014,3.68000000,1.74000000,76.05017800000,0.3320000000,0.000000,372.00,5250.00,0.862000,1.013000,1,2
"Kepler-1460 b","Kepler-1460","Transit",2016,4.50000000,1.96000000,29.96332470000,0.1614000000,0.000000,391.00,4422.00,0.670000,0.700000,1,1
"HD 133131 B b","HD 133131 B","Radial Velocity",2016,794.57500000,13.30000000,5769.00000000000,6.1500000000,0.610000,112.28,5805.00,0.989538,0.930000,2,3
"HD 158259 d","HD 158259","Radial Velocity",2020,5.41000000,2.18000000,5.19808140000,,,,5801.89,1.210000,1.080000,1,5
"WASP-138 b","WASP-138","Transit",2016,387.75260000,12.21781000,3.63443300000,0.0494000000,,1590.00,6272.00,1.360000,1.220000,1,1
"TOI-5181 A b","TOI-5181 A","Transit",2025,330.54154328,13.34989601,3.89222950000,0.0522000000,0.150000,1585.00,6060.00,1.530000,1.250000,2,1
"Kepler-599 b","Kepler-599","Transit",2016,8.45000000,2.84000000,15.65562652000,0.1128000000,0.000000,623.00,5127.00,0.790000,0.830000,1,1
"Kepler-158 d","Kepler-158","Transit",2024,0.04720000,0.43000000,0.64508800000,,,,4895.97,0.668000,0.656000,1,3
"Kepler-575 b","Kepler-575","Transit",2016,6.30000000,2.39000000,9.37891944000,0.0788000000,0.000000,803.00,5710.00,0.950000,0.970000,1,1
"EPIC 246851721 b","EPIC 246851721","Transit",2018,953.49000000,11.78065900,6.18023500000,0.0722900000,,1401.00,6202.00,1.586000,1.317000,2,1
"HD 1461 b","HD 1461","Radial Velocity",2010,6.44000000,2.42000000,5.77152000000,0.0634000000,0.172000,1185.14,5765.00,1.152288,1.020000,1,2
"Gl 725 A b","Gl 725 A","Radial Velocity",2025,2.78000000,1.48000000,11.22010000000,0.0680000000,0.000000,376.10,3433.00,0.351000,0.330000,2,2
"Kepler-1218 b","Kepler-1218","Transit",2016,2.67000000,1.44000000,22.92212660000,0.1569800000,0.000000,684.00,5986.00,1.100000,1.060000,1,1
"Kepler-1891 b","Kepler-1891","Transit",2021,2.93000000,1.52139156,4.02229023000,0.0473000000,0.000000,1017.00,5516.00,0.827000,0.873000,1,1
"Kepler-782 b","Kepler-782","Transit",2016,10.40000000,3.21000000,158.68533080000,0.5449400000,0.000000,350.00,5867.00,1.010000,0.980000,1,1
"Kepler-330 c","Kepler-330","Transit",2014,4.46000000,1.95000000,15.95538700000,0.1160000000,0.000000,573.00,5117.00,0.722000,0.848000,1,2
"Kepler-987 b","Kepler-987","Transit",2016,10.70000000,3.26000000,105.30331480000,0.4238000000,0.000000,351.00,5637.00,0.910000,0.970000,1,1
"Kepler-385 d","Kepler-385","Transit",2020,7.36000000,2.61864480,56.41590000000,0.2872000000,0.000000,535.00,5829.00,1.157000,1.050000,1,3
"Kepler-115 c","Kepler-115","Transit",2014,7.27000000,2.60000000,8.99088900000,0.0870000000,0.000000,960.00,5979.00,1.205000,1.042000,1,2
"TOI-2120 b","TOI-2120","Transit",2024,6.80000000,2.12200000,5.79981640000,0.0377000000,0.320000,384.00,3131.00,0.245000,0.211000,1,1
"K2-395 b","K2-395","Transit",2022,7.26000000,2.59700000,4.80335200000,,,,5007.00,0.783000,0.952000,1,2
"KOI-1833 d","Kepler-968","Transit",2021,11.02000000,2.58000000,7.68500000000,0.0634000000,0.000000,613.00,4413.00,0.667000,0.681000,1,3
"Kepler-734 b","Kepler-734","Transit",2016,12.40000000,3.56000000,6.10485285600,0.0583000000,0.000000,784.00,5326.00,0.780000,0.850000,1,1
"HD 104067 c","HD 104067","Radial Velocity",2024,13.20000000,3.69000000,13.89920000000,0.1058000000,0.290000,648.36,4952.00,0.780000,0.820000,1,2
"Kepler-514 b","Kepler-514","Transit",2016,3.61000000,1.72000000,5.65179605000,0.0655900000,0.000000,1248.00,6106.00,1.440000,1.280000,2,1
"Kepler-1456 b","Kepler-1456","Transit",2016,1.55000000,1.14000000,18.13738290000,0.1132000000,0.000000,433.00,4231.00,0.620000,0.640000,1,1
"TOI-1411 b","TOI-1411","Transit",2022,2.00000000,1.19880592,1.45205270000,0.0212200000,0.000000,976.40,4115.00,0.614000,0.604500,1,1
"Kepler-1614 b","Kepler-1614","Transit",2016,2.83000000,1.49000000,3.94661410000,0.0471000000,0.000000,981.00,5121.00,0.760000,0.790000,1,1
"CoRoT-20 b","CoRoT-20","Transit",2011,1366.66900000,9.41556000,9.24285000000,0.0900000000,0.590000,1024.00,5880.00,1.020000,1.140000,1,2
"K2-187 d","K2-187","Transit",2018,6.35000000,2.40000000,7.14958400000,0.0720000000,,865.00,5438.00,0.830000,0.966999,1,4
"HD 44219 b","HD 44219","Radial Velocity",2010,184.34047606,14.10000000,472.00000000000,1.2600000000,0.410000,283.89,5752.00,1.320000,1.200000,1,1
"Kepler-142 c","Kepler-142","Transit",2014,8.55000000,2.86000000,4.76170200000,0.0570000000,0.000000,1201.00,5790.00,1.269000,0.978000,1,3
"HD 72659 b","HD 72659","Radial Velocity",2002,949.67128012,13.20000000,3549.00000000000,4.6070000000,0.239300,155.34,5929.00,1.360000,1.033000,1,2
"Kepler-652 b","Kepler-652","Transit",2016,6.76000000,2.49000000,4.18200253100,0.0495800000,0.000000,974.00,5490.00,0.880000,0.970000,1,1
"TOI-332 b","TOI-332","Transit",2023,57.20000000,3.20000000,0.77703800000,0.0159000000,0.000000,1871.00,5251.00,0.870000,0.880000,1,1
"K2-62 b","K2-62","Transit",2016,4.74000000,2.02000000,6.67199000000,0.0636000000,,666.00,4455.00,0.696000,0.670000,1,2
"K2-380 b","K2-380","Transit",2022,7.89000000,2.72900000,9.40131200000,,,,5911.00,1.320000,0.993000,1,1
"K2-224 b","K2-224","Transit",2018,3.05000000,1.56000000,4.47904000000,0.0516000000,,1002.00,5620.00,0.840000,0.910000,1,2
"Kepler-1066 b","Kepler-1066","Transit",2016,6.17000000,2.36000000,1.93155983900,0.0298000000,0.000000,1290.00,5762.00,0.980000,0.980000,1,1
"Kepler-1315 c","Kepler-1315","Transit",2021,4.06000000,1.84398883,6.56606006600,0.0635000000,0.000000,777.00,4818.00,0.856000,0.809000,1,2
"TOI-375 d","TOI-375","Radial Velocity",2026,445.59542661,13.60000000,297.90000000000,0.9840000000,,434.00,5259.90,2.900000,1.441000,1,3
"KIC 9663113 b","KIC 9663113","Transit",2015,19.20000000,4.60000000,572.38470000000,1.5534600000,0.000000,264.00,6065.00,1.030000,0.980000,1,2
"NGTS-12 b","NGTS-12","Transit",2020,66.10864000,11.74703200,7.53280600000,0.0757000000,0.000000,1257.00,5690.00,1.589000,1.021000,1,1
"Kepler-1240 b","Kepler-1240","Transit",2016,1.60000000,1.15000000,4.86638150000,0.0579100000,0.000000,1121.00,5682.00,0.960000,0.980000,1,1
"KIC 7917485 b","KIC 7917485","Pulsation Timing Variations",2016,3750.39400000,12.40000000,840.00000000000,,0.150000,,7067.00,2.009938,1.630000,1,1
"HD 26161 b","HD 26161","Radial Velocity",2021,9045.39646322,11.90000000,10942.29013000000,10.0870000000,0.922000,110.98,6057.62,1.455981,1.120000,1,1
"Kepler-1323 b","Kepler-1323","Transit",2016,2.92000000,1.52000000,0.92990667800,0.0191100000,0.000000,2291.00,6169.00,1.400000,1.180000,1,1
"TOI-2379 b","TOI-2379","Transit",2024,1830.69162432,11.72459381,5.46938270000,0.0526300000,0.342000,624.00,3707.00,0.622000,0.645000,1,1
"Kepler-657 b","Kepler-657","Transit",2016,12.20000000,3.52000000,24.54350418000,0.1733700000,0.000000,616.00,5808.00,1.010000,1.010000,1,1
"K2-198 c","K2-198","Transit",2019,2.61000000,1.42300000,3.35960550000,,,1229.90,5212.90,0.757000,0.799000,1,3
"HD 170469 b","HD 170469","Radial Velocity",2007,209.76780000,14.10000000,1145.00000000000,2.2400000000,0.110000,209.60,5842.00,1.240000,1.100000,2,1
"Kepler-139 d","Kepler-139","Transit",2023,2.00000000,1.69500000,7.30569992200,0.0755533961,0.000000,972.00,5622.00,1.045000,1.078000,1,5
"Kepler-1639 b","Kepler-1639","Transit",2016,7.18000000,2.58000000,9.87848200000,0.0932000000,0.000000,1003.00,6150.00,1.180000,1.120000,1,1
"TOI-2580 b","TOI-2580","Transit",2024,200.23189641,17.37392009,3.39775000000,0.0480000000,0.080000,2410.00,6120.00,1.810000,1.330000,1,1
"Kepler-1000 b","Kepler-1000","Transit",2016,20.30000000,4.76000000,120.01812720000,0.5326000000,0.000000,473.00,6453.00,1.510000,1.400000,1,1
"TOI-2088 b","TOI-2088","Transit",2024,37.00000000,3.68311790,124.72997000000,0.4720000000,0.000000,300.33,5081.00,0.848100,0.902700,1,1
"HIP 98599 b","HIP 98599","Radial Velocity",2026,2177.12458795,12.70000000,2656.00000000000,3.9600000000,0.169000,171.08,5978.00,1.394840,1.190000,1,1
"K2-154 b","K2-154","Transit",2018,4.62000000,1.99000000,3.67626000000,0.0405000000,,715.00,4097.00,0.630000,0.650000,1,2
"Kepler-240 b","Kepler-240","Transit",2014,2.45000000,1.37000000,4.14449500000,0.0480000000,0.000000,864.00,4985.00,0.739000,0.868000,1,2
"HIP 38594 c","HIP 38594","Radial Velocity",2020,48.40000000,7.94000000,3477.76800000000,3.8050000000,0.160000,79.96,4086.30,0.626646,0.610000,2,2
"Kepler-145 c","Kepler-145","Transit",2013,79.40000000,4.32000000,42.88200000000,0.2624400000,0.110000,709.00,6022.00,1.850000,1.320000,1,2
"Kepler-144 b","Kepler-144","Transit",2014,2.33000000,1.33000000,5.88527300000,0.0660000000,0.000000,1253.00,6075.00,1.235000,1.154000,1,2
"TOI-1846 b","TOI-1846","Transit",2025,3.87000000,1.79200000,3.93067370000,0.0364600000,,568.10,3568.00,0.397000,0.418000,1,1
"Kepler-1957 b","Kepler-1957","Transit",2021,0.79000000,0.94374867,2.18661999700,0.0299000000,0.000000,1099.00,4904.00,0.772000,0.745000,1,1
"Kepler-219 b","Kepler-219","Transit",2014,9.01000000,2.95000000,4.58551200000,0.0570000000,0.000000,1307.00,5786.00,1.491000,1.164000,1,3
"TIC 365102760 b","TIC 365102760","Transit",2024,19.20000000,6.21000000,4.21285367000,0.0622000000,0.406000,1676.12,4900.00,3.130000,1.170000,1,1
"Kepler-1153 b","Kepler-1153","Transit",2016,3.64000000,1.73000000,1.75583532700,0.0277000000,0.000000,1343.00,5470.00,0.880000,0.910000,1,1
"Kepler-327 b","Kepler-327","Transit",2014,1.41000000,1.11000000,2.54957500000,0.0290000000,0.000000,682.00,3799.00,0.492000,0.591913,1,3
"K2-72 b","K2-72","Transit",2016,1.28000000,1.08000000,5.57721200000,0.0400000000,0.110000,466.13,3360.47,0.330989,0.271365,1,4
"TOI-5126 c","TOI-5126","Transit",2023,14.20000000,3.86000000,17.89990000000,0.1439000000,0.000000,971.00,6150.00,1.241000,1.240000,1,2
"Kepler-405 b","Kepler-405","Transit",2014,4.98000000,2.08000000,10.61383900000,0.0950000000,0.000000,785.00,5818.00,0.893000,0.873000,1,2
"Kepler-451 d","2MASS J19383260+4603591","Eclipse Timing Variations",2022,559.37799632,13.50000000,43.00000000000,,0.000000,,29564.00,0.203000,0.480000,2,3
"Kepler-1421 b","Kepler-1421","Transit",2016,0.74900000,0.93000000,6.91311120000,0.0757600000,0.000000,1209.00,6335.00,1.420000,1.250000,1,1
"K2-332 b","K2-332","Transit",2021,5.48000000,2.20000000,17.70632000000,,,266.00,3315.00,0.280000,0.270000,1,1
"Kepler-1288 b","Kepler-1288","Transit",2016,1.46000000,1.12000000,2.76122421000,0.0413500000,0.000000,2017.00,6132.00,1.290000,1.200000,1,1
"GJ 1151 c","GJ 1151","Radial Velocity",2023,10.62000000,3.25000000,389.70000000000,0.5714000000,,88.30,3280.00,0.178100,0.163900,1,1
"Kepler-80 c","Kepler-80","Transit",2012,6.74000000,2.74000000,9.52355000000,0.0792000000,0.007900,495.00,4540.00,0.678000,0.730000,1,6
"Kepler-925 b","Kepler-925","Transit",2016,6.08000000,2.34000000,33.86785310000,0.1805000000,0.000000,394.00,4673.00,0.720000,0.770000,1,1
"Kepler-194 d","Kepler-194","Transit",2014,6.35000000,2.40000000,52.81497300000,0.2750000000,0.000000,562.00,6089.00,1.025000,0.940000,1,3
"Kepler-945 b","Kepler-945","Transit",2016,7.41000000,2.63000000,31.00338140000,0.2037000000,0.000000,616.00,5718.00,0.970000,0.970000,1,1
"HD 156846 b","HD 156846","Radial Velocity",2007,3391.24610000,12.40000000,359.51001000000,1.1200000000,0.850000,382.49,6090.00,1.900000,1.380000,2,1
"TOI-2025 b","TOI-2025","Transit",2022,1144.18226520,11.89272852,8.87209820000,0.0892000000,0.394000,1166.00,5977.00,1.459000,1.199000,1,1
"Kepler-1878 b","Kepler-1878","Transit",2021,8.86000000,2.92019781,4.44587993600,0.0521000000,0.000000,1063.00,5918.00,0.865000,0.956000,1,1
"Kepler-1447 b","Kepler-1447","Transit",2016,8.75000000,2.90000000,56.67472850000,0.2836000000,0.000000,522.00,5722.00,0.950000,0.970000,1,1
"Kepler-1805 b","Kepler-1805","Transit",2021,3.00000000,1.54502915,8.84794044500,0.0699000000,0.000000,479.00,3867.00,0.552000,0.581000,1,1
"HD 158259 f","HD 158259","Radial Velocity",2020,6.14000000,2.35000000,12.02800000000,,,,5801.89,1.210000,1.080000,1,5
"Kepler-370 b","Kepler-370","Transit",2014,3.15000000,1.59000000,4.57953000000,0.0540000000,0.000000,1040.00,5852.00,0.900000,0.982000,1,2
"Kepler-956 b","Kepler-956","Transit",2016,9.27000000,3.00000000,5.24867263100,0.0601700000,0.000000,1056.00,6040.00,1.150000,1.100000,1,1
"HD 63433 b","HD 63433","Transit",2020,21.75500000,2.14000000,7.10794750000,0.0720000000,0.240000,967.11,5553.00,0.934000,0.956000,1,3
"Kepler-1142 b","Kepler-1142","Transit",2016,2.76000000,1.47000000,18.30272480000,0.1343000000,0.000000,902.00,5685.00,0.960000,0.970000,1,1
"Kepler-853 b","Kepler-853","Transit",2016,3.50000000,1.69000000,7.16892463000,0.0790000000,0.000000,1187.00,6350.00,1.550000,1.300000,1,1
"Kepler-451 c","2MASS J19383260+4603591","Eclipse Timing Variations",2022,511.70373527,13.50000000,1460.00000000000,,0.290000,,29564.00,0.203000,0.480000,2,3
"WISPIT 1 b","WISPIT 1","Imaging",2025,3305.41543280,12.40000000,,338.0000000000,,12.94,4670.00,1.116100,0.720000,2,2
"TOI-2529 b","TOI-2529","Transit",2024,743.71847238,11.54525012,64.59490000000,0.3270000000,0.021000,636.00,5802.00,1.700000,1.110000,1,1
"KOI-1599.01","KOI-1599","Transit",2019,4.60000000,1.90000000,20.44150000000,0.1472800000,0.014000,660.00,5833.00,0.972000,1.020000,1,2
"Kepler-1759 b","Kepler-1759","Transit",2021,0.67600000,0.90377910,3.72023010300,0.0429000000,0.000000,954.00,5017.00,0.797000,0.760000,1,1
"Kepler-1215 b","Kepler-1215","Transit",2016,1.98000000,1.22000000,4.76703963000,0.0528000000,0.000000,1046.00,5616.00,0.930000,0.950000,1,1
"Kepler-1733 b","Kepler-1733","Transit",2021,12.80000000,3.63582354,9.22957992600,0.0933000000,0.000000,1021.00,6320.00,1.252000,1.273000,1,1
"Kepler-357 c","Kepler-357","Transit",2014,7.61000000,2.67000000,16.85837000000,0.1200000000,0.000000,576.00,5036.00,0.834000,0.794000,1,3
"Kepler-194 c","Kepler-194","Transit",2014,7.22000000,2.59000000,17.30803200000,0.1310000000,0.000000,815.00,6089.00,1.025000,0.940000,1,3
"Kepler-1056 b","Kepler-1056","Transit",2016,9.32000000,3.01000000,27.49560600000,0.1629000000,0.000000,590.00,6127.00,1.200000,1.120000,1,1
"Kepler-1424 b","Kepler-1424","Transit",2016,1.65000000,1.16000000,29.60917440000,0.1906800000,0.000000,629.00,5838.00,1.070000,1.020000,1,1
"Kepler-1642 c","Kepler-1642","Transit",2016,7.56000000,2.66000000,6.65138020000,0.0678000000,0.000000,1095.00,5355.00,0.840000,0.880000,1,2
"HD 164595 b","HD 164595","Radial Velocity",2015,16.14000000,4.16000000,40.00000000000,0.2300000000,0.088000,589.00,5790.00,1.023606,0.990000,2,1
"K2-24 c","K2-24","Transit",2016,16.40000000,7.93000000,42.34732000000,0.2620000000,0.028200,591.00,5726.00,1.185000,1.091000,1,2
"Kepler-235 d","Kepler-235","Transit",2014,4.86000000,2.05000000,20.06054800000,0.1220000000,0.000000,401.00,4255.00,0.554000,0.581000,1,4
"HD 97037 b","HD 97037","Radial Velocity",2022,6707.76852973,12.10000000,6449.08337000000,6.9250000000,0.357000,120.99,5874.10,1.263560,1.060000,1,1
"Kepler-776 b","Kepler-776","Transit",2016,2.18000000,1.28000000,4.89718784000,0.0523000000,0.000000,904.00,5071.00,0.780000,0.830000,1,1
"K2-352 b","K2-352","Transit",2021,2.45000000,1.37000000,3.66591200000,,,1160.00,5791.00,0.950000,0.980000,1,3
"TOI-3288 b","TOI-3288","Transit",2025,536.17652261,12.24020692,1.43386470000,0.0228500000,0.021000,973.00,4072.00,0.672000,0.643000,2,1
"Kepler-1420 b","Kepler-1420","Transit",2016,2.18000000,1.28000000,6.69960006000,0.0671000000,0.000000,806.00,5187.00,0.790000,0.820000,1,1
"K2-333 b","K2-333","Transit",2021,31.60000000,6.18000000,14.75928700000,,,826.00,5880.00,1.220000,1.060000,1,1
"Kepler-79 e","Kepler-79","Transit",2014,3.80000000,3.53000000,81.06650000000,0.3944500000,0.025000,511.00,6389.00,1.316000,1.244000,1,4
"Kepler-20 d","Kepler-20","Transit",2011,13.40000000,2.60600000,77.61145500000,0.3474000000,0.082000,430.00,5495.00,0.916400,0.929000,2,6
"DMPP-1 c","DMPP-1","Radial Velocity",2019,10.94000000,3.31000000,10.03000000000,0.0973000000,0.220000,1239.00,6196.00,1.260000,1.210000,1,4
"Kepler-947 b","Kepler-947","Transit",2016,5.82000000,2.28000000,26.96443170000,0.1773000000,0.000000,573.00,5508.00,0.870000,0.900000,1,1
"Kepler-689 b","Kepler-689","Transit",2016,8.70000000,2.89000000,22.36656079000,0.1449000000,0.000000,536.00,5518.00,0.880000,0.910000,1,1
"NGC 2682 YBP 1194 b","NGC 2682 YBP 1194","Radial Velocity",2014,101.70560000,12.30000000,6.95900000000,,0.300000,,5780.00,0.990000,1.010000,1,1
"HD 211970 b","HD 211970","Radial Velocity",2019,13.00000000,3.66000000,25.20100000000,0.1430000000,0.150000,398.77,4127.00,0.574175,0.610000,1,1
"Kepler-336 c","Kepler-336","Transit",2014,5.06000000,2.10000000,9.60000100000,0.0920000000,0.000000,967.00,5867.00,1.304000,1.090000,1,3
"Kepler-423 b","Kepler-423","Transit",2014,189.10100000,13.36100000,2.68432850000,0.0358500000,0.019000,1605.00,5560.00,0.950000,0.850000,1,1
"2M0437 b","2MASS J04372171+2651014","Imaging",2021,1271.31362800,13.00000000,,118.0000000000,,1450.00,3100.00,0.840000,0.170000,1,1
"Kepler-561 b","Kepler-561","Transit",2016,38.70000000,6.96000000,58.36204950000,0.2925600000,0.000000,446.00,5646.00,0.940000,0.960000,1,2
"24 Boo b","24 Boo","Radial Velocity",2018,280.64248338,13.90000000,30.33000000000,0.1940000000,0.032000,1840.86,4816.00,12.190000,1.050000,1,1
"HD 74156 c","HD 74156","Radial Velocity",2003,2753.98314665,12.50000000,2448.48726000000,3.6780000000,0.377000,187.52,6068.00,1.510576,1.100000,1,2
"Kepler-1365 c","Kepler-1365","Transit",2016,0.43700000,0.80000000,4.77468005000,0.0570100000,0.000000,1137.00,5770.00,1.050000,1.000000,1,2
"HD 20003 c","HD 20003","Radial Velocity",2019,14.44000000,3.89000000,33.92390000000,0.1964000000,0.100000,573.89,5494.00,0.921637,0.875000,1,2
"Kepler-716 b","Kepler-716","Transit",2016,8.75000000,2.90000000,10.37168453000,0.0862800000,0.000000,720.00,5099.00,0.780000,0.830000,1,2
"TOI-4562 b","TOI-4562","Transit",2023,732.00000000,12.53000000,225.10640000000,0.7680000000,0.760000,318.00,6096.00,1.152000,1.192000,1,2
"HD 134606 b","HD 134606","Radial Velocity",2024,9.09000000,2.97000000,12.08900000000,0.1046000000,0.092000,894.63,5576.00,1.158000,1.046000,1,5
"K2-66 b","K2-66","Transit",2016,21.30000000,2.49000000,5.06963000000,0.0598300000,0.000000,1372.00,5887.00,1.670000,1.110000,1,1
"TIC 437041147 b","TIC 437041147","Transit",2026,5.54000000,2.21526814,3.82301421497,,,,5224.36,0.961092,0.931000,1,1
"Kepler-583 b","Kepler-583","Transit",2016,5.82000000,2.28000000,6.51002530000,0.0689000000,0.000000,1017.00,5523.00,0.910000,0.940000,1,1
"Kepler-1649 c","Kepler-1649","Transit",2020,1.20000000,1.06000000,19.53527000000,0.0649000000,0.000000,234.00,3240.00,0.231700,0.197700,1,2
"WASP-57 b","WASP-57","Transit",2012,204.68252000,11.76945000,2.83891856000,0.0376900000,0.000000,1338.00,5600.00,0.927000,0.886000,1,1
"Kepler-381 d","Kepler-381","Transit",2021,1.23000000,1.06678650,8.25629997300,0.0836400000,0.000000,1387.00,6197.00,2.188000,1.198000,1,3
"TOI-1199 b","TOI-1199","Transit",2024,75.96098927,10.51402390,3.67146300000,0.0498800000,0.030000,1486.00,5710.00,1.450000,1.230000,1,1
"TOI-4961 b","TOI-4961","Transit",2025,572.09113260,12.34108775,7.47918200000,0.0726000000,0.182000,919.00,5380.00,0.912000,0.912000,1,1
"Kepler-118 c","Kepler-118","Transit",2014,45.70000000,7.68000000,20.17202000000,0.1410000000,0.000000,564.00,5274.00,1.094000,0.811000,1,2
"Kepler-278 b","Kepler-278","Transit",2014,56.00000000,3.95500000,30.15560000000,0.2020000000,0.696000,586.00,4965.00,2.861000,1.227000,1,2
"K2-268 e","K2-268","Transit",2021,2.33000000,1.33000000,6.13124300000,,,801.00,5106.00,0.780000,0.840000,1,5
"Kepler-1254 d","Kepler-1254","Transit",2016,2.27000000,1.31000000,5.72717226000,0.0575000000,0.000000,794.00,4985.00,0.750000,0.780000,1,3
"HD 167768 b","HD 167768","Radial Velocity",2022,270.15414595,13.90000000,20.65320000000,0.1512000000,0.149000,1873.59,4851.00,9.700000,1.080000,1,1
"TOI-1036 b","TOI-1036","Transit",2026,32.50000000,6.28499593,3.77952125496,,,1294.00,5664.68,1.175540,1.030000,1,1
"EPIC 212424622 b","EPIC 212424622","Transit",2019,5.35000000,2.17000000,18.09830000000,,,,5782.33,1.224700,1.106000,1,1
"Kepler-1915 b","Kepler-1915","Transit",2021,10.40000000,3.21798413,13.83539963000,0.1140000000,0.000000,809.00,6020.00,1.057000,1.030000,1,1
"Kepler-1734 b","Kepler-1734","Transit",2021,9.74000000,3.08851092,6.79685020400,0.0714000000,0.000000,985.00,6061.00,0.970000,1.050000,1,1
"Kepler-960 b","Kepler-960","Transit",2016,5.86000000,2.29000000,3.12686223000,0.0380700000,0.000000,1391.00,4755.00,0.720000,0.770000,1,1
"HD 208897 b","HD 208897","Radial Velocity",2017,379.48711796,13.70000000,358.27000000000,1.0630000000,0.020000,507.24,4860.00,4.980000,1.250000,1,1
"Kepler-1386 b","Kepler-1386","Transit",2016,2.07000000,1.24000000,6.73972381000,0.0680000000,0.000000,1011.00,5733.00,1.030000,1.020000,1,1
"Kepler-1921 c","Kepler-1921","Transit",2023,2.57000000,1.41000000,3.15722086000,0.0454000000,0.000000,1791.00,6120.00,2.000000,1.251000,1,2
"Kepler-1225 b","Kepler-1225","Transit",2016,3.97000000,1.82000000,7.01075434000,0.0771000000,0.000000,1453.00,6140.00,1.190000,1.130000,1,1
"Kepler-1708 b","Kepler-1708","Transit",2021,1462.01067220,9.96000000,737.11310000000,1.6400000000,0.400000,245.02,6157.00,1.117000,1.088000,1,1
"HD 96700 b","HD 96700","Radial Velocity",2021,8.90000000,2.93000000,8.12450000000,0.0777000000,0.138000,1089.02,5845.00,1.160000,0.890000,1,3
"Kepler-208 b","Kepler-208","Transit",2014,3.29000000,1.63000000,4.22864000000,0.0540000000,0.000000,1379.00,6092.00,1.314000,1.082000,1,4
"Kepler-1146 b","Kepler-1146","Transit",2016,2.04000000,1.23000000,2.35226579700,0.0325000000,0.000000,1019.00,4692.00,0.700000,0.740000,1,1
"WASP-100 b","WASP-100","Transit",2014,400.46580000,14.90797000,2.84938000000,0.0457400000,0.000000,2099.00,6900.00,1.570000,0.770000,2,1
"Kepler-1643 b","Kepler-1643","Transit",2016,5.99000000,2.32000000,5.34265700000,0.0531000000,0.000000,799.00,4916.00,0.855000,0.845000,1,1
"Kepler-215 d","Kepler-215","Transit",2014,23.60000000,2.39000000,30.86442300000,0.1850000000,0.000000,527.00,5739.00,1.027000,0.788000,1,4
"EPIC 212737443 b","EPIC 212737443","Transit",2019,7.20000000,2.58600000,13.60300000000,0.0980000000,0.200000,536.00,4684.00,0.673000,0.690000,1,2
"TOI-2169 A b","TOI-2169 A","Transit",2025,329.58805806,12.50922246,8.21482820000,0.0896000000,0.045000,1364.00,6270.00,1.820000,1.420000,2,1
"K2-259 b","K2-259","Transit",2018,5.99000000,2.32000000,15.48043000000,0.1271000000,,795.00,6059.00,1.130000,1.140000,1,1
"TOI-5292 A b","TOI-5292 A","Transit",2026,412.85910069,12.64373023,2.02191000000,0.0279000000,0.034000,809.00,3919.00,0.611000,0.596000,2,1
"Kepler-401 c","Kepler-401","Transit",2014,5.27000000,2.15000000,47.31821800000,0.2690000000,0.000000,598.00,6117.00,1.333000,1.173000,1,3
"Kepler-888 b","Kepler-888","Transit",2016,3.75000000,1.76000000,70.69790610000,0.3148100000,0.000000,417.00,5875.00,0.900000,0.970000,1,1
"Kepler-740 b","Kepler-740","Transit",2016,18.90000000,4.57000000,3.58410121600,0.0462000000,0.000000,1131.00,5438.00,0.870000,0.910000,1,1
"Kepler-1673 b","Kepler-1673","Transit",2020,8.93000000,2.93551940,33.78880000000,0.2136300000,0.000000,611.00,6014.95,1.131660,1.110000,1,1
"Kepler-1322 c","Kepler-1322","Transit",2021,5.29000000,2.15492527,6.45998001100,0.0652000000,0.000000,883.00,5704.00,0.804000,0.897000,1,2
"Kepler-1211 b","Kepler-1211","Transit",2016,7.04000000,2.55000000,11.01816836000,0.0976300000,0.000000,840.00,5705.00,0.940000,0.960000,1,1
"HIP 78530 b","HIP 78530","Imaging",2010,7300.00000000,12.00000000,,740.0000000000,,2700.00,10500.00,2.108760,2.500000,1,1
"Kepler-48 f","Kepler-48","Radial Velocity",2023,298.58099680,13.80000000,5219.68185400000,5.7191878770,0.015283,95.68,5190.00,0.836000,0.916000,1,5
"Kepler-1750 b","Kepler-1750","Transit",2021,30.10000000,6.00434637,205.91200260000,0.6785000000,0.000000,298.00,5644.00,0.969000,0.981000,1,1
"TOI-4308 b","TOI-4308","Transit",2023,6.43000000,2.41890000,9.15120100000,,,763.05,5243.00,0.793400,0.900000,1,1
"HD 18015 b","HD 18015","Radial Velocity",2018,1048.83374310,13.10000000,2278.00000000000,3.8700000000,0.148000,242.98,5603.00,3.130000,1.490000,1,1
"TOI-1798.02","TOI-1798","Transit",2024,5.60000000,1.46400000,0.43781182200,0.0107890000,0.000000,1935.83,5165.00,0.780000,0.870000,1,2
"Kepler-24 b","Kepler-24","Transit",2011,11.14000000,2.34800000,8.14000000000,0.0804500000,0.023000,1050.00,6028.00,1.099000,1.060000,1,4
"Kepler-1875 b","Kepler-1875","Transit",2021,10.50000000,3.22686692,34.45859909000,0.2039000000,0.000000,559.00,6161.00,0.862000,0.950000,1,1
"Kepler-1642 b","Kepler-1642","Transit",2016,10.30000000,3.20000000,12.20575130000,0.1016000000,0.000000,895.00,5355.00,0.840000,0.880000,1,2
"HD 33142 c","HD 33142","Radial Velocity",2016,282.86728223,13.90000000,810.20000000000,1.9550000000,0.081000,353.91,5025.40,4.170000,1.520000,1,3
"Kepler-864 b","Kepler-864","Transit",2016,6.35000000,2.40000000,5.83376092000,0.0687000000,0.000000,1143.00,5754.00,1.000000,1.000000,1,2
"HD 181720 b","HD 181720","Radial Velocity",2009,127.13200000,14.00000000,956.00000000000,1.8500000000,0.260000,249.06,5736.00,1.500000,1.030000,1,1
"TOI-6677 b","TOI-6677","Transit",2026,28.70000000,5.83507112,5.45060661625,,,334.00,6572.28,1.571670,1.450000,1,1
"Kepler-1394 b","Kepler-1394","Transit",2016,2.51000000,1.39000000,3.93766373000,0.0547400000,0.000000,1947.00,6481.00,2.550000,1.640000,1,1
"Kepler-1672 b","Kepler-1672","Transit",2020,9.11000000,2.97022762,150.87800000000,0.5537400000,0.000000,423.00,6131.95,1.088410,1.160000,1,1
"HD 331093 b","HD 331093","Radial Velocity",2021,476.74261050,13.60000000,621.62000000000,1.4400000000,0.590000,234.84,5544.00,1.111200,1.030000,1,1
"Kepler-58 d","Kepler-58","Transit",2014,245.34300000,2.94000000,40.10137100000,0.2360000000,0.000000,583.00,6099.00,1.127000,1.024000,1,4
"Kepler-404 c","Kepler-404","Transit",2014,3.61000000,1.72000000,14.75116600000,0.1180000000,0.000000,678.00,5654.00,0.884000,0.860000,1,2
"Kepler-1254 b","Kepler-1254","Transit",2016,3.02000000,1.55000000,9.99113313000,0.0833000000,0.000000,660.00,4985.00,0.750000,0.780000,1,3
"HD 37124 d","HD 37124","Radial Velocity",2005,221.20968000,14.00000000,1862.00000000000,2.8070000000,0.160000,159.79,5698.64,0.949168,0.850000,1,3
"WASP-3 b","WASP-3","Transit",2007,772.32690000,15.91678000,1.84683000000,0.0315000000,0.000000,2020.00,6400.00,1.440000,1.620000,3,1
"Kepler-1936 b","Kepler-1936","Transit",2021,10.20000000,3.16615594,126.55699920000,0.5266200000,0.000000,524.00,6501.00,1.854000,1.419000,1,1
"Kepler-1615 b","Kepler-1615","Transit",2016,4.90000000,2.06000000,47.31261920000,0.2788000000,0.000000,658.00,5865.00,1.050000,1.040000,1,1
"Kepler-327 d","Kepler-327","Transit",2014,3.64000000,1.73000000,13.96945700000,0.0900000000,0.000000,387.00,3799.00,0.492000,0.591913,1,3
"Kepler-1301 b","Kepler-1301","Transit",2016,2.54000000,1.40000000,9.08237046000,0.0815000000,0.000000,734.00,5188.00,0.810000,0.850000,1,1
"Kepler-784 c","Kepler-784","Transit",2023,3.02000000,1.55000000,17.15723600000,0.1309000000,0.000000,844.00,5676.00,1.487000,1.016000,1,2
"Kepler-1553 b","Kepler-1553","Transit",2016,1.60000000,1.15000000,4.24261881000,0.0481000000,0.000000,926.00,5288.00,0.810000,0.850000,1,1
"Kepler-1862 b","Kepler-1862","Transit",2021,5.49000000,2.20300000,16.05730057000,0.1199000000,0.000000,645.00,5644.00,0.806000,0.900000,1,1
"Kepler-990 b","Kepler-990","Transit",2016,7.27000000,2.60000000,9.91723428000,0.0859500000,0.000000,903.00,5948.00,1.080000,1.050000,1,2
"Kepler-1537 b","Kepler-1537","Transit",2016,1.76000000,1.18000000,1.44445379800,0.0245000000,0.000000,1800.00,5079.00,0.770000,0.810000,1,1
"HATS-28 b","HATS-28","Transit",2016,213.58176000,13.38354600,3.18107810000,0.0413100000,0.202000,1253.00,5498.00,0.922000,0.929000,1,1
"HR 858 d","HR 858","Transit",2019,7.10000000,2.00100000,11.23051100000,0.1046000000,0.000000,1061.00,6354.00,1.258000,1.204000,2,3
"TOI-2193 A b","TOI-2193 A","Transit",2022,298.75870258,19.83989584,2.12257350000,0.0331900000,0.000000,1763.00,5966.00,1.248000,1.082000,2,1
"GJ 9773 b","GJ 9773","Radial Velocity",2025,172.58082500,14.20000000,2965.00000000000,2.9210000000,0.218000,59.89,3528.00,0.362000,0.358000,1,1
"Kepler-1785 b","Kepler-1785","Transit",2021,7.77000000,2.70422447,19.58550072000,0.1391700000,0.000000,666.00,5618.00,0.996000,0.911000,1,1
"Kepler-130 d","Kepler-130","Transit",2014,3.33000000,1.64000000,87.51790500000,0.3770000000,0.800000,451.00,5884.00,1.127000,0.927000,2,3
"HD 13808 c","HD 13808","Radial Velocity",2021,9.96000000,3.13000000,53.75300000000,0.2554000000,0.156000,424.57,5035.00,0.781000,0.771000,1,2
"Kepler-340 b","Kepler-340","Transit",2014,6.94000000,2.53000000,14.84438700000,0.1340000000,0.000000,1092.00,6620.00,1.850000,1.650000,1,2
"HD 125271 b","HD 125271","Radial Velocity",2022,3465.60094993,12.40000000,14901.99295000000,10.8170000000,0.165000,59.78,4703.93,0.751364,0.750000,1,1
"Kepler-1085 b","Kepler-1085","Transit",2016,41.20000000,7.22000000,219.32175280000,0.7336100000,0.000000,313.00,6000.00,1.140000,1.110000,1,2
"Kepler-1404 b","Kepler-1404","Transit",2016,4.70000000,2.01000000,15.93147390000,0.1143000000,0.000000,596.00,5261.00,0.800000,0.840000,1,1
"K2-99 c","K2-99","Radial Velocity",2022,2669.75861880,12.60000000,522.20000000000,1.4300000000,0.210000,390.00,6069.00,2.550000,1.440000,1,2
"TOI-1728 b","TOI-1728","Transit",2020,26.78000000,5.05000000,3.49151000000,0.0391000000,0.057000,767.00,3980.00,0.624300,0.646000,1,1
"HATS-74 A b","HATS-74 A","Transit",2021,464.02947422,11.56766808,1.73185606000,0.0238400000,0.044000,895.10,3776.90,0.575800,0.601000,2,1
"Kepler-1207 b","Kepler-1207","Transit",2016,3.26000000,1.62000000,13.68237119000,0.1156000000,0.000000,802.00,5909.00,1.060000,1.060000,1,1
"Kepler-1636 b","Kepler-1636","Transit",2016,10.50000000,3.23000000,425.47785000000,1.1219100000,0.000000,248.00,5797.00,1.020000,1.010000,1,1
"Kepler-1267 b","Kepler-1267","Transit",2016,9.32000000,3.01000000,13.03139450000,0.1057000000,0.000000,774.00,6096.00,1.200000,1.150000,1,1
"K2-73 c","K2-73","Radial Velocity",2025,1142.00000000,13.00000000,1000.00000000000,,,186.10,5867.00,1.058000,1.020000,1,2
"Kepler-1795 b","Kepler-1795","Transit",2021,3.40000000,1.66301611,13.36019993000,0.1002000000,0.000000,520.00,4500.00,0.688000,0.768000,1,1
"K2-285 b","K2-285","Transit",2018,9.68000000,2.59000000,3.47174500000,0.0381700000,0.000000,1088.90,4975.00,0.787000,0.830000,1,4
"WISPIT 1 c","WISPIT 1","Imaging",2025,1684.49055710,12.80000000,,840.0000000000,,8.21,4670.00,1.116100,0.720000,2,2
"TIC 349520724 b","TIC 349520724","Transit",2026,8.38000000,2.82626313,7.94044635021,,,,5098.60,0.818771,0.890000,1,1
"LP 714-47 b","LP 714-47","Transit",2020,28.38000000,4.25000000,4.05203200000,0.0405600000,0.022000,722.80,4123.00,0.536000,0.542000,1,1
"Kepler-963 b","Kepler-963","Transit",2016,7.56000000,2.66000000,9.97683705000,0.0849000000,0.000000,802.00,5461.00,0.870000,0.910000,1,2
"XO-2 S b","XO-2 S","Radial Velocity",2014,82.63538582,10.90000000,18.22000000000,0.1347000000,0.150000,706.59,5325.00,1.020000,0.980000,2,4
"Kepler-1748 b","Kepler-1748","Transit",2021,7.81000000,2.71275017,5.82352018400,0.0615000000,0.000000,955.00,5774.00,0.864000,0.916000,1,1
"Kepler-336 d","Kepler-336","Transit",2014,6.21000000,2.37000000,20.67877200000,0.1540000000,0.000000,749.00,5867.00,1.304000,1.090000,1,3
"Kepler-712 b","Kepler-712","Transit",2016,11.50000000,3.41000000,21.02247699000,0.1361500000,0.000000,521.00,5148.00,0.780000,0.840000,1,2
"TOI-4364 b","TOI-4364","Transit",2025,4.70000000,2.01000000,5.42401900000,0.0475300000,0.290000,488.00,3528.00,0.468400,0.487000,1,1
"Kepler-247 b","Kepler-247","Transit",2014,3.33000000,1.64000000,3.33616000000,0.0420000000,0.000000,970.00,5100.00,0.768000,0.887000,1,4
"TOI-5628 A b","TOI-5628 A","Transit",2026,28.60455663,8.29464572,4.34166120000,0.0368000000,0.000000,492.00,3310.00,0.350000,0.360000,2,1
"EPIC 201427007 b","EPIC 201427007","Transit",2021,2.86000000,1.50000000,0.72091000000,,,,5633.00,0.940000,0.930000,1,1
"TOI-2992 b","TOI-2992","Transit",2025,1058.36859531,13.75341932,3.00781200000,0.0434000000,0.089000,1726.00,6000.00,1.545000,1.210000,1,1
"K2-268 b","K2-268","Transit",2018,2.86000000,1.50000000,2.15167600000,0.0308000000,,1136.00,5106.00,0.780000,0.840000,1,5
"Kepler-1096 b","Kepler-1096","Transit",2016,2.07000000,1.24000000,2.89221750600,0.0340000000,0.000000,794.00,4306.00,0.630000,0.660000,1,1
"TOI-615 b","TOI-615","Transit",2023,138.25535705,18.97680433,4.66159830000,0.0678000000,0.390000,1666.00,6850.00,1.732000,1.449000,1,1
"HAT-P-28 b","HAT-P-28","Transit",2011,198.95300000,13.58500000,3.25721500000,0.0434000000,0.051000,1384.00,5680.00,1.103000,1.025000,1,1
"Kepler-667 b","Kepler-667","Transit",2016,20.10000000,4.73000000,41.43962808000,0.2288000000,0.000000,516.00,5327.00,0.870000,0.910000,1,1
"Kepler-557 b","Kepler-557","Transit",2016,7.61000000,2.67000000,3.70598955100,0.0469000000,0.000000,1281.00,6068.00,1.160000,1.110000,1,1
"EPIC 206024342 d","EPIC 206024342","Transit",2021,7.27000000,2.60000000,14.64753100000,,,,5724.00,1.100000,0.928000,1,3
"rho CrB c","rho CrB","Radial Velocity",2016,27.44200000,5.68000000,102.03600000000,0.4206000000,0.048000,448.10,5817.00,1.361700,1.000000,1,3
"Kepler-483 b","Kepler-483","Transit",2016,10.40000000,3.21000000,30.22910400000,0.1947100000,0.000000,755.00,6346.00,1.470000,1.280000,1,1
"HD 73534 b","HD 73534","Radial Velocity",2008,353.42696000,13.70000000,1750.00000000000,2.9900000000,0.126000,220.25,4917.00,2.580000,1.160000,1,1
"HD 35843 b","HD 35843","Radial Velocity",2025,5.84000000,2.29000000,9.89910000000,0.0880000000,0.000000,872.30,5666.00,0.897000,0.940000,1,2
"Kepler-116 b","Kepler-116","Transit",2014,11.60000000,3.42000000,5.96873400000,0.0690000000,0.000000,1251.00,6142.00,1.454000,1.198000,1,2
"HAT-P-62 b","HAT-P-62","Transit",2021,241.86741773,12.02723629,2.64532350000,0.0377200000,0.101000,1512.00,5629.00,1.170000,1.023000,1,1
"TOI-3896 b","TOI-3896","Transit",2026,10.10000000,3.14949237,4.37730369667,,,966.00,5110.91,0.747752,0.860000,1,1
"Kepler-443 b","Kepler-443","Transit",2015,6.04000000,2.33000000,177.66930000000,0.4950000000,0.110000,233.00,4723.00,0.706000,0.738000,1,1
"TOI-4504 d","TOI-4504","Transit Timing Variations",2024,643.00000000,11.26000000,41.28719750000,0.2219000000,0.293000,524.80,5315.00,0.930000,0.875000,1,3
"HD 150010 b","HD 150010","Radial Velocity",2022,762.78817680,13.30000000,562.00000000000,1.4000000000,0.200000,681.22,4153.00,16.200000,1.300000,1,1
"Kepler-552 b","Kepler-552","Transit",2016,14.80000000,3.95000000,5.26341576500,0.0612000000,0.000000,1103.00,5863.00,1.040000,1.030000,1,1
"TOI-2719 b","TOI-2719","Transit",2025,29.90000000,5.98000000,3.37594000000,,,1710.00,5762.00,1.690000,1.020000,1,1
"HD 23596 b","HD 23596","Radial Velocity",2003,3786.60764100,12.40000000,1535.11912000000,2.6940000000,0.282000,219.49,6040.00,1.530000,1.100000,2,1
"K2-347 b","K2-347","Transit",2021,6.39000000,2.41000000,7.18725700000,,,640.00,4599.00,0.630000,0.660000,1,1
"Kepler-812 b","Kepler-812","Transit",2016,12.30000000,3.55000000,10.11716531000,0.1024000000,0.000000,1163.00,6761.00,1.710000,1.450000,1,1
"TOI-2266 b","TOI-2266","Transit",2024,2.99000000,1.54000000,2.32631800000,0.0200000000,,550.00,3200.00,0.240000,0.230000,1,1
"Kepler-1187 b","Kepler-1187","Transit",2016,7.32000000,2.61000000,18.87064068000,0.1401000000,0.000000,701.00,5975.00,1.090000,1.060000,1,1
"Kepler-1547 b","Kepler-1547","Transit",2016,0.66600000,0.90000000,0.69297967600,0.0155600000,0.000000,3186.00,6078.00,1.180000,1.120000,1,1
"Kepler-170 b","Kepler-170","Transit",2014,82.60000000,3.20000000,7.93059200000,0.0800000000,0.000000,899.00,5679.00,1.035000,1.066000,1,2
"GJ 15 A b","GJ 15 A","Radial Velocity",2014,3.03000000,1.55000000,11.44070000000,0.0720000000,0.094000,550.00,3607.00,0.380000,0.380000,2,2
"Kepler-100 b","Kepler-100","Transit",2014,4.01000000,1.34000000,6.88734000000,0.0730900000,0.130000,1155.00,5837.00,1.510000,1.130000,1,4
"Kepler-1258 b","Kepler-1258","Transit",2016,0.56600000,0.86000000,0.98494016700,0.0182400000,0.000000,2335.00,5839.00,0.990000,0.990000,1,1
"NSVS 14256825 b","NSVS 14256825","Eclipse Timing Variations",2019,4497.29450000,12.30000000,3225.00000000000,3.1200000000,0.120000,473.47,40000.00,0.188000,0.419000,2,1
"TOI-1266 b","TOI-1266","Transit",2020,4.46000000,2.52000000,10.89450000000,0.0730000000,0.039000,415.00,3563.00,0.423200,0.437000,1,3
"Kepler-659 b","Kepler-659","Transit",2016,6.80000000,2.50000000,17.67179600000,0.1204000000,0.000000,513.00,4870.00,0.740000,0.790000,1,1
"GJ 27.1 b","GJ 27.1","Radial Velocity",2014,13.00000000,3.66000000,15.81900000000,0.1010000000,0.080000,387.13,3542.00,0.518887,0.530000,1,1
"TOI-4495 c","TOI-4495","Transit",2024,23.20000000,4.03000000,5.18553000000,0.0632300000,0.023000,1365.00,6210.00,1.309000,1.247000,1,2
"Kepler-798 b","Kepler-798","Transit",2016,6.30000000,2.39000000,13.71933369000,0.1174000000,0.000000,864.00,6224.00,1.290000,1.190000,1,1
"TOI-5082.01","TOI-5082","Transit",2024,7.03000000,2.54811000,4.24012200000,0.0512048420,,1164.91,5670.00,0.930000,0.996650,1,1
"Kepler-364 c","Kepler-364","Transit",2014,5.27000000,2.15000000,59.98062700000,0.3120000000,0.000000,568.00,6108.00,1.284000,1.076000,1,2
"TOI-1260 d","TOI-1260","Transit",2022,11.84000000,3.12000000,16.60816400000,0.1116000000,0.000000,499.00,4227.00,0.672000,0.679000,1,3
"HD 50499 b","HD 50499","Radial Velocity",2005,519.96988000,13.50000000,2447.10000000000,3.8330000000,0.266000,174.69,6102.00,1.351000,1.253000,1,2
"HD 20794 f","HD 20794","Radial Velocity",2025,5.82000000,2.28000000,647.60000000000,1.3541000000,0.450000,214.52,5368.00,0.930000,0.790000,1,4
"Kepler-1595 b","Kepler-1595","Transit",2016,2.04000000,1.23000000,4.56380468000,0.0510000000,0.000000,980.00,5203.00,0.800000,0.840000,1,1
"HD 99109 b","HD 99109","Radial Velocity",2005,139.84520000,14.30000000,439.29999000000,1.1100000000,0.090000,239.32,5282.00,0.980000,0.760000,1,1
"KOI-3503 b","KOI-3503","Transit",2021,9.20000000,1.19000000,21.18500000000,0.1424700000,0.000000,785.00,6001.00,1.255000,0.858000,1,2
"Kepler-526 b","Kepler-526","Transit",2016,4.62000000,1.99000000,5.45849831600,0.0651800000,0.000000,1099.00,5894.00,1.140000,1.150000,1,1
"HD 28109 c","HD 28109","Transit",2022,9.20000000,4.13000000,55.99712000000,0.3080000000,0.003900,643.00,6189.00,1.425000,1.227000,1,3
"K2-11 b","K2-11","Transit",2015,44.40000000,7.55000000,39.93767000000,0.2257000000,,734.00,5433.00,5.150000,1.350000,1,1
"NGTS-26 b","NGTS-26","Transit",2024,92.80589484,14.88552637,4.51992790000,0.0490000000,0.000000,1331.00,5550.00,1.160000,0.960000,1,1
"KOI-319 b","KOI-319","Transit",2014,3178.28407000,10.67000000,46.14827000000,0.2668000000,0.034000,703.00,5880.00,2.064000,1.325000,1,2
"TOI-1743 b","TOI-1743","Transit",2025,4.01000000,1.83000000,4.26604600000,0.0358900000,,485.00,3277.00,0.338000,0.339000,1,1
"Kepler-1837 b","Kepler-1837","Transit",2021,4.92000000,2.06673842,5.90608978300,0.0650000000,0.000000,1012.00,5966.00,0.961000,1.049000,1,1
"Kepler-1986 b","Kepler-1986","Transit",2023,4.23000000,1.89000000,19.54896660000,0.1307000000,0.000000,579.00,5549.00,0.732000,0.776000,1,1
"Kepler-696 b","Kepler-696","Transit",2016,31.30000000,6.14000000,4.19042557500,0.0535000000,0.000000,1234.00,5903.00,1.080000,1.060000,1,1
"Kepler-189 c","Kepler-189","Transit",2014,22.70000000,2.38000000,20.13486600000,0.1370000000,0.000000,544.00,5235.00,0.750000,0.803000,1,2
"HD 105618 b","HD 105618","Radial Velocity",2022,25.42627256,5.44000000,10.02245000000,0.0910000000,0.455000,1023.19,5671.00,1.273990,1.010000,1,2
"TOI-1301.01","TOI-1301","Transit",2024,6.70000000,2.47700000,6.09640720900,0.0598660000,,737.36,4820.00,0.732000,0.770000,1,1
"Kepler-1497 b","Kepler-1497","Transit",2016,3.39000000,1.66000000,8.74199772000,0.0817000000,0.000000,924.00,5675.00,0.950000,0.960000,1,1
"EPIC 212624936 b","EPIC 212624936","Transit",2021,1.87000000,1.20000000,0.57865700000,,,,5765.00,0.930000,1.000000,1,2
"Kepler-194 b","Kepler-194","Transit",2014,2.89000000,1.51000000,2.09228100000,0.0320000000,0.000000,1648.00,6089.00,1.025000,0.940000,1,3
"Kepler-661 b","Kepler-661","Transit",2016,9.64000000,3.07000000,6.02930132100,0.0585000000,0.000000,678.00,4483.00,0.670000,0.700000,1,1
"Kepler-529 c","Kepler-529","Transit",2016,4.66000000,2.00000000,12.83450220000,0.1075000000,0.000000,891.00,6087.00,1.140000,1.070000,1,3
"HAT-P-61 b","HAT-P-61","Transit",2021,335.94462620,10.07687365,1.90231289000,0.0301000000,0.113000,1505.00,5587.00,0.938000,1.004000,1,1
"TOI-2589 b","TOI-2589","Transit",2023,1112.39942450,12.10569916,61.62770000000,0.3000000000,0.522000,592.00,5579.00,1.070000,0.930000,1,1
"HD 95872 b","HD 95872","Radial Velocity",2015,1188.68420000,13.00000000,4375.00000000000,5.1500000000,0.060000,103.45,5312.00,0.840000,0.700000,1,1
"Kepler-1412 b","Kepler-1412","Transit",2016,0.49800000,0.83000000,3.61460510000,0.0460800000,0.000000,1397.00,5880.00,1.270000,1.060000,1,1
"Kepler-760 c","Kepler-760","Transit",2016,2.79000000,1.48000000,2.46697439000,0.0348900000,0.000000,1139.00,5322.00,0.850000,0.890000,1,2
"2MASS J0249-0557 c","2MASS J0249-0557 A","Imaging",2018,3616.88727166,17.37392009,,1950.0000000000,,1723.00,2859.00,0.315959,0.046000,2,1
"TOI-4504 c","TOI-4504","Transit",2024,821.00000000,11.17000000,82.81909300000,0.3593000000,0.049870,412.50,5315.00,0.930000,0.875000,1,3
"Kepler-1540 b","Kepler-1540","Transit",2016,6.76000000,2.49000000,125.41311770000,0.4426000000,0.000000,266.00,4540.00,0.690000,0.740000,2,1
"TIC 445839811 b","TIC 445839811","Transit",2026,6.70000000,2.47771211,11.10862603180,,,,5408.25,0.850041,0.950000,1,1
"Kepler-225 c","Kepler-225","Transit",2014,4.04000000,1.84000000,18.79423400000,0.1110000000,0.000000,412.00,3682.00,0.480000,0.593000,1,2
"Kepler-180 b","Kepler-180","Transit",2014,2.86000000,1.50000000,13.81712400000,0.1090000000,0.000000,781.00,5731.00,1.063000,0.950000,1,2
"HD 18438 b","HD 18438","Radial Velocity",2023,6674.39654700,12.10000000,803.00000000000,2.1000000000,0.100000,1208.15,3860.00,88.475000,1.840000,1,1
"HD 154088 b","HD 154088","Radial Velocity",2021,6.60000000,2.46000000,18.56000000000,0.1340000000,0.344000,689.99,5374.00,0.950000,0.910000,1,1
"HD 24064 b","HD 24064","Radial Velocity",2015,4096.82870000,12.30000000,535.59998000000,1.2900000000,0.350000,1088.02,4052.00,40.000000,1.610000,1,1
"Kepler-1349 b","Kepler-1349","Transit",2016,0.27100000,0.70000000,2.12823928000,0.0342100000,0.000000,1668.00,6086.00,1.280000,1.160000,1,1
"HD 29399 b","HD 29399","Radial Velocity",2022,498.99059899,13.50000000,892.70000000000,1.9130000000,0.050000,358.32,4845.00,4.500000,1.170000,1,1
"TOI-4511 b","TOI-4511","Transit",2026,8.01000000,2.75304932,10.98090968596,,,1542.00,5418.77,1.001450,1.017000,1,1
"Kepler-411 e","Kepler-411","Transit Timing Variations",2018,10.80000000,3.28000000,31.50972800000,0.1860000000,0.016000,503.00,4974.00,0.820000,0.870000,2,4
"eps Ind A b","eps Ind A","Radial Velocity",2019,2065.88464550,12.70000000,25450.00000000000,15.7600000000,0.250000,275.00,4700.00,0.713000,0.800000,3,1
"Kepler-1306 b","Kepler-1306","Transit",2016,4.31000000,1.91000000,16.29595382000,0.1230000000,0.000000,678.00,5727.00,0.970000,0.980000,1,1
"TOI-2200 b","TOI-2200","Transit",2026,38.70000000,6.96310517,2.93602836512,,,1147.00,5036.17,0.826247,0.850000,1,1
"K2-285 c","K2-285","Transit",2018,15.68000000,3.53000000,7.13804800000,0.0824000000,0.000000,741.40,4975.00,0.787000,0.830000,1,4
"Kepler-345 b","Kepler-345","Transit",2014,0.48000000,0.74000000,7.41556300000,0.0660000000,0.000000,622.00,4504.00,0.623000,0.610000,1,2
"Kepler-539 c","Kepler-539","Transit Timing Variations",2016,762.79200000,13.30000000,1000.00000000000,2.4200000000,0.500000,253.00,5820.00,0.952000,1.048000,1,2
"HD 33844 b","HD 33844","Radial Velocity",2015,638.83830000,13.40000000,551.40002000000,1.6000000000,0.150000,430.22,4861.00,5.390000,1.840000,1,2
"GJ 317 c","GJ 317","Radial Velocity",2016,454.49462201,13.60000000,6500.00000000000,5.0400000000,0.217000,47.67,3496.00,0.403000,0.402000,1,2
"Kepler-467 b","Kepler-467","Transit",2016,5.69000000,2.25000000,24.99324193000,0.1684800000,0.000000,712.00,5809.00,1.370000,1.050000,1,1
"Kepler-964 b","Kepler-964","Transit",2016,5.14000000,2.12000000,13.52251060000,0.1073000000,0.000000,652.00,5427.00,0.840000,0.930000,1,1
"TOI-1386 c","TOI-1386","Radial Velocity",2024,75.20000000,10.30000000,232.00000000000,0.7500000000,0.380000,327.40,5735.00,1.023500,1.036300,1,2
"HD 99706 c","HD 99706","Radial Velocity",2016,1808.45270000,12.80000000,1278.00000000000,,0.411000,,4891.00,5.400000,1.720000,1,2
"Kepler-1262 b","Kepler-1262","Transit",2016,3.97000000,1.82000000,8.67900242000,0.0830000000,0.000000,949.00,5771.00,0.980000,0.990000,1,1
"BEBOP-3 b","BEBOP-3","Radial Velocity",2025,177.34825111,14.20000000,547.00000000000,1.4440000000,0.247000,287.88,6033.00,1.414000,1.083000,2,1
"Kepler-1071 b","Kepler-1071","Transit",2016,6.26000000,2.38000000,6.17998440000,0.0629000000,0.000000,814.00,5215.00,0.810000,0.860000,1,1
"Kepler-1515 b","Kepler-1515","Transit",2016,66.20000000,9.55000000,214.31141640000,0.7523500000,0.000000,380.00,6511.00,1.410000,1.300000,1,1
"Kepler-1809 b","Kepler-1809","Transit",2021,2.90000000,1.51300000,3.75729990000,0.0444400000,0.000000,877.00,4901.00,0.716000,0.807000,1,1
"K2-242 b","K2-242","Transit",2018,6.99000000,2.54000000,6.51389000000,0.0494000000,,416.00,3459.00,0.370000,0.380000,1,1
"TIC 77319217 b","TIC 77319217","Transit",2026,9.85000000,3.10879526,7.54830765124,,,,5961.52,1.184390,1.160000,1,1
"Kepler-649 b","Kepler-649","Transit",2016,5.73000000,2.26000000,29.90722674000,0.1752200000,0.000000,564.00,5871.00,0.940000,0.970000,1,1
"HAT-P-55 b","HAT-P-55","Transit",2015,189.42573057,14.84069045,3.58523130000,0.0462800000,0.170000,1367.00,5804.00,1.105000,1.028000,1,1
"Kepler-344 c","Kepler-344","Transit",2014,9.01000000,2.95000000,125.59680900000,0.4880000000,0.000000,360.00,5774.00,0.976000,0.931000,1,2
"HIP 65891 b","HIP 65891","Radial Velocity",2015,1938.75328270,12.70000000,1089.60000000000,2.8200000000,0.090000,429.05,5000.00,8.930000,2.500000,1,1
"GJ 4274 c","GJ 4274","Radial Velocity",2026,8.39000000,2.83000000,69.57000000000,0.1860000000,,157.32,3228.00,0.190000,0.180000,1,2
"Kepler-1111 b","Kepler-1111","Transit",2016,4.66000000,2.00000000,8.79617863000,0.0872000000,0.000000,938.00,6077.00,1.150000,1.100000,1,1
"Kepler-172 b","Kepler-172","Transit",2014,6.12000000,2.35000000,2.94030900000,0.0400000000,0.000000,1256.00,5526.00,1.085000,1.081000,1,4
"K2-139 b","K2-139","Transit",2017,123.00021000,9.11000000,28.38061900000,0.1796000000,0.120000,524.00,5370.00,0.880000,0.960000,1,1
"HD 64121 b","HD 64121","Radial Velocity",2022,813.64072192,13.20000000,623.00000000000,1.5100000000,0.110000,464.77,5078.00,5.440000,1.640000,1,1
"Kepler-902 b","Kepler-902","Transit",2016,6.99000000,2.54000000,40.10995470000,0.2230000000,0.000000,556.00,5647.00,0.930000,0.950000,1,1
"Kepler-894 b","Kepler-894","Transit",2016,8.15000000,2.78000000,9.80322400000,0.0916000000,0.000000,896.00,5603.00,0.850000,0.870000,1,1
"Kepler-1794 b","Kepler-1794","Transit",2021,3.87000000,1.79426276,9.76298046100,0.0821000000,0.000000,703.00,5052.00,0.816000,0.773000,1,1
"TOI-1064 b","TOI-1064","Transit",2022,13.50000000,2.58700000,6.44386800000,0.0615200000,0.047000,784.00,4734.00,0.726000,0.748000,1,2
"Kepler-884 b","Kepler-884","Transit",2016,2.04000000,1.23000000,5.69919514000,0.0611600000,0.000000,964.00,5715.00,0.940000,1.000000,1,1
"Kepler-1019 b","Kepler-1019","Transit",2016,2.73000000,1.46000000,1.41122984700,0.0221000000,0.000000,1164.00,4433.00,0.670000,0.700000,1,1
"WASP-28 b","WASP-28","Transit",2014,282.54945382,13.66374747,3.40883495000,0.0442000000,0.000000,1456.00,6084.00,1.083000,0.993000,1,1
"GJ 3341 b","GJ 3341","Radial Velocity",2015,6.60000000,2.46000000,14.20700000000,0.0890000000,0.310000,377.62,3526.00,0.439000,0.470000,1,1
"TOI-4552 b","TOI-4552","Transit",2026,1.83000000,1.11000000,0.30110032000,0.0056255000,0.000000,1122.00,3258.00,0.286900,0.261900,1,1
"GJ 1289 b","GJ 1289","Radial Velocity",2024,6.27000000,2.38000000,111.74000000000,0.2700000000,0.000000,150.00,3296.00,0.245012,0.210000,1,1
"Kepler-555 b","Kepler-555","Transit",2016,8.40000000,2.83000000,16.21775407000,0.1201000000,0.000000,664.00,5894.00,1.040000,1.030000,1,1
"Kepler-683 b","Kepler-683","Transit",2016,4.54000000,1.97000000,2.53918317900,0.0355000000,0.000000,1332.00,5703.00,0.950000,0.960000,1,1
"HATS-10 b","HATS-10","Transit",2015,167.17858000,10.86152100,3.31284600000,0.0449100000,0.501000,1407.00,5880.00,1.105000,1.101000,1,1
"Kepler-1977 b","Kepler-1977","Transit",2023,3.39000000,1.66000000,4.53702121000,0.0486000000,0.000000,798.00,4805.00,0.688000,0.769000,1,1
"Kepler-715 b","Kepler-715","Transit",2016,13.50000000,3.75000000,10.00652995000,0.0933000000,0.000000,876.00,5871.00,1.040000,1.040000,1,1
"TOI-1694 b","TOI-1694","Transit",2023,28.24000000,5.27000000,3.77013890000,0.0445000000,0.122000,1037.00,5005.00,0.812000,0.828000,1,2
"Kepler-164 d","Kepler-164","Transit",2014,6.57000000,2.45000000,28.98676900000,0.1870000000,0.000000,637.00,5888.00,1.148000,1.036000,1,4
"Kepler-786 b","Kepler-786","Transit",2016,6.48000000,2.43000000,53.52934870000,0.2548300000,0.000000,348.00,4838.00,0.740000,0.810000,1,1
"TOI-3785 b","TOI-3785","Transit",2023,14.95000000,5.14000000,4.67473730000,0.0430000000,0.110000,582.00,3576.00,0.500000,0.520000,1,1
"WASP-145 A b","WASP-145 A","Transit",2018,282.86870000,10.08810000,1.76903810000,0.0261000000,0.000000,1200.00,4900.00,0.680000,0.760000,2,1
"WASP-136 b","WASP-136","Transit",2016,479.92089457,16.81347105,5.21536178778,0.0661000000,0.000000,1630.00,6250.00,2.390140,1.410000,1,1
"HATS-12 b","HATS-12","Transit",2016,759.61370000,7.76000000,3.14270200000,0.0441000000,0.085000,1446.00,6357.00,1.170000,1.160000,1,1
"TOI-1296 b","TOI-1296","Transit",2021,95.30000000,14.11645916,3.94437360000,0.0510000000,0.000000,1414.84,5567.00,1.703100,1.157600,1,1
"HD 98736 b","HD 98736","Radial Velocity",2018,740.54390000,13.30000000,968.80000000000,1.8640000000,0.226000,179.53,5271.00,0.930000,0.920000,2,1
"Kepler-1136 b","Kepler-1136","Transit",2016,3.33000000,1.64000000,2.36172432900,0.0299000000,0.000000,922.00,4512.00,0.680000,0.720000,1,1
"GJ 667 C f","GJ 667 C","Radial Velocity",2013,2.70000000,1.45000000,39.02600000000,0.1560000000,0.030000,,3350.00,,0.330000,3,5
"Kepler-635 b","Kepler-635","Transit",2016,7.46000000,2.64000000,23.44971004000,0.1833200000,0.000000,802.00,6174.00,1.510000,1.330000,1,1
"TOI-1279 b","TOI-1279","Transit",2024,10.60000000,2.66146528,9.61419000000,0.0850000000,0.000000,759.00,5457.00,0.842600,0.878400,1,1
"DE CVn b","DE CVn","Eclipse Timing Variations",2018,3823.27330161,12.40000000,4098.10000000000,5.7500000000,0.000000,46.91,3579.00,0.424754,0.510000,2,1
"TOI-682.01","TOI-682","Transit",2021,13.50000000,3.74186000,6.83923880000,,,1090.00,5085.00,1.080000,0.850000,1,1
"USco CTIO 108 b","USco CTIO 108","Imaging",2008,4449.62000000,12.30000000,,670.0000000000,,2.96,2700.00,0.345365,0.060000,1,1
"Kepler-1496 b","Kepler-1496","Transit",2016,5.56000000,2.22000000,64.65880170000,0.3211000000,0.000000,535.00,6182.00,1.270000,1.180000,1,1
"HD 102272 b","HD 102272","Radial Velocity",2008,1570.08020000,12.90000000,127.58000000000,0.5100000000,0.050000,1038.01,4790.00,10.300000,1.450000,1,1
"Kepler-366 c","Kepler-366","Transit",2014,3.86000000,1.79000000,12.51616000000,0.1100000000,0.000000,848.00,6209.00,1.048000,1.088000,1,2
"KOI-2513.01","KOI-2513","Transit",2023,7310.05336100,2.80224517,19.00547000000,0.5000000000,0.360000,758.00,5900.00,1.200000,0.910000,1,1
"Kepler-537 b","Kepler-537","Transit",2016,2.57000000,1.41000000,3.24755521900,0.0431700000,0.000000,1181.00,5763.00,0.990000,1.070000,1,1
"GJ 3323 b","GJ 3323","Radial Velocity",2017,2.02000000,1.23000000,5.36360000000,0.0328200000,0.230000,290.06,3159.00,0.119000,0.164000,1,2
"TOI-4495 b","TOI-4495","Transit",2026,7.70000000,2.48300000,2.56699000000,0.0395700000,0.078000,1735.00,6210.00,1.309000,1.247000,1,2
"Kepler-1761 b","Kepler-1761","Transit",2021,2.51000000,1.39109603,4.04354000100,0.0413000000,0.000000,613.00,3871.00,0.532000,0.573000,1,1
"NGTS-6 b","NGTS-6","Transit",2019,425.57437000,14.86313400,0.88205900000,0.0167700000,0.000000,1283.90,4730.00,0.754000,0.767000,1,1
"Kepler-920 c","Kepler-920","Transit",2016,13.80000000,3.80000000,100.82741130000,0.4029000000,0.000000,364.00,5403.00,0.850000,0.890000,1,2
"Kepler-818 b","Kepler-818","Transit",2016,22.90000000,5.11000000,10.03538581400,0.0886000000,0.000000,786.00,5638.00,0.920000,0.940000,1,1
"Kepler-139 c","Kepler-139","Transit",2014,13.00000000,3.38000000,157.07287800000,0.5860000000,0.000000,350.00,5594.00,1.300000,1.078000,1,5
"Kepler-959 b","Kepler-959","Transit",2016,17.60000000,4.38000000,14.80074836000,0.1633000000,0.000000,1912.00,7005.00,2.010000,1.600000,1,1
"BD-210397 c","BD-210397","Radial Velocity",2023,1525.57635360,12.90000000,6240.00000000000,5.9000000000,0.430000,69.51,4051.00,0.747000,0.690000,1,2
"Kepler-1436 b","Kepler-1436","Transit",2016,2.27000000,1.31000000,9.70571600000,0.0907000000,0.000000,1001.00,5972.00,1.090000,1.060000,1,1
"HU Aqr AB c","HU Aqr","Eclipse Timing Variations",2011,1430.23500000,12.90000000,4368.00000000000,5.4000000000,0.510000,,5952.00,,0.880000,2,2
"Kepler-1597 b","Kepler-1597","Transit",2016,1.20000000,1.06000000,2.94654179000,0.0413600000,0.000000,1497.00,6377.00,1.390000,1.250000,1,1
"WASP-83 b","WASP-83","Transit",2015,95.34900000,11.65736000,4.97125200000,0.0590000000,0.000000,1120.00,5510.00,1.050000,1.110000,1,1
"HD 116029 c","HD 116029","Radial Velocity",2016,403.64410000,13.70000000,907.00000000000,,0.038000,,4951.00,4.600000,1.330000,2,2
"Kepler-282 e","Kepler-282","Transit",2013,56.20000000,3.10000000,44.34700000000,0.2333200000,0.000000,484.00,5656.00,0.890000,0.970000,1,4
"XO-2 S c","XO-2 S","Radial Velocity",2014,438.60320166,13.60000000,120.05900000000,0.4737000000,0.149000,376.79,5325.00,1.020000,0.980000,2,4
"Kepler-850 b","Kepler-850","Transit",2016,3.82000000,1.78000000,7.19303878000,0.0744000000,0.000000,995.00,5932.00,1.090000,1.060000,1,1
"Kepler-65 d","Kepler-65","Transit",2012,4.14000000,1.52000000,8.13123000000,0.0840000000,0.014000,1117.00,6211.00,1.410000,1.250000,1,4
"Kepler-1090 b","Kepler-1090","Transit",2016,5.69000000,2.25000000,198.68017900000,0.6332300000,0.000000,297.00,5321.00,0.820000,0.860000,1,2
"TOI-715 b","TOI-715","Transit",2023,3.02000000,1.55000000,19.28800400000,0.0830000000,,234.00,3075.00,0.240000,0.225000,1,1
"GJ 393 b","GJ 393","Radial Velocity",2021,1.71000000,1.17000000,7.02679000000,0.0540200000,,485.00,3579.00,0.426000,0.426000,1,1
"Kepler-1680 b","Kepler-1680","Transit",2020,2.42000000,1.35954736,8.77424000000,0.0764200000,0.000000,771.00,5021.00,0.723259,0.834000,1,1
"Gaia-2 b","Gaia-2","Transit",2022,259.66580852,14.81827249,3.69152240000,0.0467000000,,1213.23,5720.00,1.064000,1.000000,1,1
"WASP-124 b","WASP-124","Transit",2016,190.69800000,13.89916000,3.37265000000,0.0449000000,0.017000,1400.00,6050.00,1.020000,1.070000,1,1
"TOI-1439 b","TOI-1439","Transit",2024,38.50000000,4.24278610,27.64400000000,0.1920000000,0.157000,748.40,5841.00,1.618400,1.231300,1,1
"GJ 1061 c","GJ 1061","Radial Velocity",2020,1.81000000,1.19000000,6.68210000000,0.0342000000,0.020000,304.12,2953.00,0.156000,0.120000,1,3
"K2-50 b","K2-50","Transit",2016,3.15000000,1.59000000,8.75290000000,0.0705000000,,580.53,4326.00,0.546000,0.611000,1,2
"Kepler-23 b","Kepler-23","Transit",2011,2.56000000,1.63800000,7.10000000000,0.0721200000,0.017000,1157.00,5828.00,1.548000,1.078000,1,3
"Kepler-257 b","Kepler-257","Transit",2014,7.32000000,2.61000000,2.38266700000,0.0340000000,0.000000,1237.00,5180.00,1.037000,0.916000,1,3
"TOI-1736 c","TOI-1736","Radial Velocity",2023,2800.00000000,12.50000000,571.25000000000,1.3700000000,0.368500,249.00,5636.00,1.428600,1.037300,1,2
"Kepler-310 d","Kepler-310","Transit",2014,7.00000000,2.47000000,92.87612500000,0.3920000000,0.000000,353.00,5797.00,0.876000,0.854000,1,3
"WASP-192 b","WASP-192","Transit",2019,731.00900000,13.78707000,2.87867650000,0.0408000000,0.000000,1620.00,5910.00,1.320000,1.090000,1,1
"Kepler-184 b","Kepler-184","Transit",2014,6.17000000,2.36000000,10.68757600000,0.0920000000,0.000000,780.00,5788.00,0.873000,0.872000,1,3
"Kepler-1744 b","Kepler-1744","Transit",2021,13.60000000,3.76754004,37.10110092000,0.2094500000,0.000000,532.00,5986.00,0.850000,0.886000,1,1
"Kepler-1107 b","Kepler-1107","Transit",2016,2.36000000,1.34000000,0.57103851800,0.0128500000,0.000000,1897.00,5268.00,0.820000,0.860000,1,1
"Kepler-40 b","Kepler-40","Transit",2010,699.20000000,13.11000000,6.87349000000,0.0800000000,0.000000,1620.00,6510.00,2.130000,1.480000,1,1
"TOI-908 b","TOI-908","Transit",2023,16.13700000,3.18600000,3.18379200000,0.0416570000,0.132000,1317.00,5626.00,1.028000,0.950000,1,1
"Kepler-851 b","Kepler-851","Transit",2016,3.46000000,1.68000000,8.50699658000,0.0802000000,0.000000,900.00,5455.00,0.850000,0.890000,1,1
"HD 99492 c","HD 99492","Radial Velocity",2023,17.90000000,4.42000000,95.23300000000,,0.063000,,4929.00,0.822539,0.850000,2,2
"G 264-012 c","G 264-012","Radial Velocity",2021,3.75000000,1.76000000,8.05180000000,0.0525000000,,387.00,3326.00,0.305000,0.297000,1,2
"Kepler-827 b","Kepler-827","Transit",2016,27.00000000,5.63000000,51.92927591000,0.2742000000,0.000000,574.00,5602.00,0.910000,0.930000,1,1
"Kepler-228 c","Kepler-228","Transit",2014,7.75000000,2.70000000,4.13444400000,0.0520000000,0.000000,1160.00,6043.00,1.014000,1.006000,1,3
"K2-346 b","K2-346","Transit",2021,5.73000000,2.26000000,26.20144600000,,,450.00,4801.00,0.700000,0.710000,1,1
"Kepler-77 b","Kepler-77","Transit",2013,136.66100000,10.76100000,3.57878087000,0.0450100000,0.000000,1440.00,5520.00,0.990000,0.950000,1,1
"Kepler-1509 b","Kepler-1509","Transit",2016,4.08000000,1.85000000,25.43381970000,0.1707000000,0.000000,667.00,5780.00,0.990000,1.000000,1,1
"GJ 581 b","GJ 581","Radial Velocity",2005,20.50000000,4.79000000,5.36860000000,0.0399000000,0.034200,464.32,3500.00,0.302000,0.295000,1,3
"K2-403 b","K2-403","Transit",2022,24.60000000,5.33300000,33.58997900000,,,949.00,5511.00,0.886000,0.784000,1,1
"HD 43691 b","HD 43691","Radial Velocity",2007,810.46650000,13.20000000,36.99870000000,0.2380000000,0.079600,761.79,6093.00,1.600000,1.320000,3,1
"Kepler-1574 b","Kepler-1574","Transit",2016,2.21000000,1.29000000,6.94243340000,0.0743000000,0.000000,1003.00,5892.00,1.080000,1.060000,1,1
"Kepler-238 f","Kepler-238","Transit",2013,13.50000000,2.00000000,50.44700000000,0.2863500000,0.000000,568.00,5800.00,0.960000,1.060000,1,5
"Kepler-1290 b","Kepler-1290","Transit",2016,2.60000000,1.42000000,4.69500134000,0.0557000000,0.000000,1098.00,5660.00,0.930000,0.950000,1,1
"Kepler-68 d","Kepler-68","Radial Velocity",2013,267.00000000,13.90000000,632.62000000000,1.4690000000,0.102000,260.75,5847.00,1.256400,1.057000,2,4
"Kepler-218 b","Kepler-218","Transit",2014,2.79000000,1.48000000,3.61933700000,0.0460000000,0.000000,1156.00,5502.00,1.063000,1.019000,1,3
"Kepler-645 b","Kepler-645","Transit",2016,5.06000000,2.10000000,3.27582262100,0.0454100000,0.000000,1730.00,6170.00,1.210000,1.130000,1,1
"TOI-1450 A b","TOI-1450 A","Transit",2024,1.25800000,1.13000000,2.04392740000,,,722.00,3437.00,0.483000,0.480000,2,2
"HD 206610 b","HD 206610","Radial Velocity",2009,647.10188000,13.40000000,673.20000000000,1.7400000000,0.100000,437.88,4842.00,6.120000,1.550000,1,1
"Kepler-99 b","Kepler-99","Transit",2014,6.15000000,1.48000000,4.60358000000,0.0507100000,0.000000,810.00,4782.00,0.730000,0.790000,2,1
"Kepler-1010 b","Kepler-1010","Transit",2016,5.99000000,2.32000000,34.26857050000,0.1930000000,0.000000,477.00,5253.00,0.820000,0.860000,1,1
"Kepler-687 b","Kepler-687","Transit",2016,12.20000000,3.52000000,20.50586978000,0.1326000000,0.000000,518.00,4841.00,0.730000,0.770000,1,1
"Kepler-1855 b","Kepler-1855","Transit",2021,1.96000000,1.21620500,0.72733098300,0.0115000000,0.000000,849.00,3460.00,0.356000,0.385000,1,1
"UCAC4 328-061594 b","UCAC4 328-061594","Imaging",2024,6674.39654700,12.10000000,,19000.0000000000,,,,,1.190000,1,1
"Kepler-1363 b","Kepler-1363","Transit",2016,2.10000000,1.25000000,2.94194094000,0.0363000000,0.000000,988.00,4839.00,0.720000,0.760000,1,1
"Kepler-296 b","Kepler-296","Transit",2014,3.22000000,1.61000000,10.86438400000,0.0790000000,0.330000,495.00,3740.00,0.480000,0.498000,2,5
"BD+48 738 b","BD+48 738","Radial Velocity",2011,289.22530000,13.90000000,392.60000000000,1.0000000000,0.200000,705.93,4414.00,11.000000,0.740000,1,1
"HR 8799 c","HR 8799","Imaging",2008,3000.00000000,13.00000000,69000.00000000000,38.0000000000,0.500000,1200.00,7204.58,1.493380,1.500000,1,4
"Kepler-1773 b","Kepler-1773","Transit",2021,12.10000000,3.50469499,40.80970001000,0.2483100000,0.000000,623.00,6183.00,1.300000,1.241000,1,1
"Kepler-989 b","Kepler-989","Transit",2016,5.52000000,2.21000000,7.96431535200,0.0734000000,0.000000,805.00,5074.00,0.780000,0.820000,1,1
"Kepler-1508 b","Kepler-1508","Transit",2016,2.33000000,1.33000000,20.70565040000,0.1629000000,0.000000,967.00,6158.00,1.220000,1.140000,1,1
"TOI-7041 b","TOI-7041","Transit",2025,114.41822652,11.43316031,9.69100000000,,0.040000,882.37,4700.00,4.100000,1.070000,1,1
"K2-37 c","K2-37","Transit",2016,6.39000000,2.41000000,6.42966000000,0.0653400000,,839.00,5352.00,0.809000,0.840000,1,3
"2MASS J19383260+4603591 b","2MASS J19383260+4603591","Eclipse Timing Variations",2015,603.87700000,13.40000000,406.00000000000,0.9200000000,0.330000,669.65,29564.00,0.203000,0.480000,2,3
"TOI-1260 b","TOI-1260","Transit",2021,8.56000000,2.41000000,3.12746300000,0.0367000000,0.000000,871.00,4227.00,0.672000,0.679000,1,3
"HIP 39330 b","HIP 39330","Radial Velocity",2026,530.77343969,13.50000000,4650.00000000000,5.0500000000,0.078000,125.05,5748.00,1.027860,0.960000,1,1
"Kepler-52 c","Kepler-52","Transit",2012,45.40000000,1.84000000,16.38500210000,0.1037900000,0.012000,433.00,4075.00,0.520000,0.540000,1,3
"Kepler-1637 b","Kepler-1637","Transit",2016,0.64000000,0.89000000,6.10960324000,0.0596000000,0.000000,1093.00,5789.00,1.020000,1.020000,1,1
"Kepler-1990 b","Kepler-1990","Transit",2023,10.70000000,3.27000000,1.73513619000,0.0286000000,0.000000,1554.00,5751.00,1.071000,1.028000,1,2
"TOI-1749 c","TOI-1749","Transit",2021,14.00000000,2.12000000,4.49290000000,0.0443000000,0.019000,673.00,3985.00,0.550000,0.580000,1,3
"GJ 9714 b","GJ 9714","Radial Velocity",2022,2988.54051102,12.50000000,19240.75467000000,12.3190000000,0.155000,47.68,4263.00,0.662662,0.670000,1,1
"Kepler-312 b","Kepler-312","Transit",2014,2.21000000,1.29000000,1.77241900000,0.0310000000,0.000000,1685.00,6115.00,1.467000,1.314000,1,2
"Kepler-1671 b","Kepler-1671","Transit",2020,2.32000000,1.32557381,4.16787000000,0.0494600000,0.000000,962.00,5135.55,0.929771,0.866000,1,1
"Kepler-466 b","Kepler-466","Transit",2016,8.50000000,2.85000000,51.07926307000,0.2676900000,0.000000,503.00,5927.00,1.050000,1.040000,1,2
"HD 63765 b","HD 63765","Radial Velocity",2011,168.44990000,14.20000000,358.00000000000,0.9400000000,0.240000,246.90,5449.00,0.830000,0.650000,1,1
"TOI-7008 b","TOI-7008","Transit",2026,21.70000000,4.94735276,0.84069041367,,,1783.00,5116.06,0.952550,0.880000,1,1
"Kepler-1038 c","Kepler-1038","Transit",2021,2.59000000,1.41623380,7.12765979800,0.0692000000,0.000000,784.00,5159.00,0.821000,0.868000,1,2
"TOI-3877 b","TOI-3877","Transit",2025,99.79811980,11.67975789,4.12359600000,0.0529000000,0.220000,1445.00,5731.00,1.445000,1.160000,1,1
"Kepler-1699 b","Kepler-1699","Transit",2020,3.08000000,1.56671124,3.49082000000,0.0418000000,0.000000,1010.00,5575.53,0.725000,0.810000,1,1
"HD 143105 b","HD 143105","Radial Velocity",2016,384.57430000,13.70000000,2.19740000000,0.0379000000,0.070000,2028.25,6380.00,1.647304,1.510000,1,1
"HD 191939 e","HD 191939","Radial Velocity",2022,112.20000000,13.00000000,101.12000000000,0.4070000000,0.031000,390.00,5348.00,0.940000,0.810000,1,6
"Kepler-1569 b","Kepler-1569","Transit",2016,3.46000000,1.68000000,5.79180156000,0.0666900000,0.000000,1222.00,6319.00,1.400000,1.250000,1,1
"Kepler-859 b","Kepler-859","Transit",2016,9.75000000,3.09000000,20.38177573000,0.1315700000,0.000000,528.00,5020.00,0.770000,0.810000,1,1
"HD 83443 b","HD 83443","Radial Velocity",2002,127.76701961,14.10000000,2.98562800000,0.0406000000,0.012000,1262.68,5442.00,0.940000,1.000000,1,2
"Kepler-106 b","Kepler-106","Transit",2014,5.30000000,0.82000000,6.16486000000,0.0649100000,0.000000,1021.00,5858.00,1.040000,1.000000,1,4
"Kepler-834 b","Kepler-834","Transit",2016,4.74000000,2.02000000,13.32388301000,0.0862000000,0.000000,378.00,4554.00,0.660000,0.700000,1,1
"K2-249 b","K2-249","Transit",2018,8.20000000,2.79000000,12.40900000000,0.1151000000,,1061.00,6504.00,1.570000,1.320000,1,1
"Kepler-454 c","Kepler-454","Radial Velocity",2015,1433.40611557,12.90000000,524.19000000000,1.2870000000,0.005300,249.58,5687.00,1.066000,1.030000,2,3
"HD 33283 b","HD 33283","Radial Velocity",2006,104.56607000,12.50000000,18.19910000000,0.1508000000,0.399000,1034.40,5935.00,1.970000,1.380000,2,1
"Kepler-169 e","Kepler-169","Transit",2014,5.48000000,2.20000000,13.76710200000,0.1050000000,0.000000,595.00,4997.00,0.763000,0.825000,1,5
"GJ 536 b","GJ 536","Radial Velocity",2016,6.37000000,2.41000000,8.70874000000,0.0668000000,0.000000,451.00,3641.00,0.529000,0.528000,1,2
"Kepler-37 e","Kepler-37","Transit",2014,8.10000000,0.37000000,51.19600000000,0.2500000000,0.000000,401.00,5288.00,0.772000,0.800000,1,4
"Kepler-37 b","Kepler-37","Transit",2013,0.79000000,0.30980000,13.36702000000,0.1019000000,0.098000,718.00,5357.00,0.789000,0.790000,1,4
"TOI-2236 b","TOI-2236","Transit",2022,502.16888306,14.36991326,3.53159020000,0.0500900000,0.000000,1688.00,6248.00,1.573000,1.343000,1,1
"HD 159868 c","HD 159868","Radial Velocity",2012,244.09344000,14.00000000,351.00000000000,1.0320000000,0.184000,383.37,5534.00,2.130000,1.190000,1,2
"Kepler-1665 b","Kepler-1665","Transit",2020,8.44000000,2.83910787,11.95480000000,0.0960000000,0.000000,906.00,5049.84,0.777785,0.842000,1,1
"HIP 111909 b","HIP 111909","Radial Velocity",2025,384.57237247,13.70000000,487.08000000000,1.3200000000,,436.91,4891.00,4.530000,1.280000,1,2
"Kepler-1125 b","Kepler-1125","Transit",2016,4.04000000,1.84000000,17.67006420000,0.1348000000,0.000000,778.00,5683.00,0.940000,0.950000,1,1
"Kepler-384 b","Kepler-384","Transit",2014,1.46000000,1.12000000,22.59705300000,0.1480000000,0.000000,670.00,5577.00,0.882000,0.882000,1,2
"HD 37605 b","HD 37605","Radial Velocity",2004,854.96270000,13.20000000,55.01292000000,0.2770000000,0.674500,465.76,5329.00,0.910000,0.940000,1,2
"Kepler-1618 b","Kepler-1618","Transit",2016,2.13000000,1.26000000,6.10826019000,0.0710900000,0.000000,1267.00,6620.00,1.650000,1.410000,1,1
"Kepler-352 d","Kepler-352","Transit",2021,0.44900000,0.80628032,6.88727998700,0.0657400000,0.000000,788.00,5208.00,0.772000,0.796000,1,3
"K2-148 c","K2-148","Transit",2018,3.64000000,1.73000000,6.92260000000,0.0616000000,,630.02,4079.00,0.632000,0.650000,2,3
"NGTS-9 b","NGTS-9","Transit",2019,921.70700000,11.99363000,4.43527000000,0.0580000000,0.060000,1448.00,6330.00,1.380000,1.340000,1,1
"Kepler-584 b","Kepler-584","Transit",2016,16.50000000,4.21000000,35.18103040000,0.2281000000,0.000000,664.00,6195.00,1.240000,1.170000,1,1
"Kepler-92 b","Kepler-92","Transit",2013,64.30000000,3.51000000,13.74900000000,0.1223200000,0.170000,975.00,5883.00,1.700000,1.210000,1,3
"TOI-277 b","TOI-277","Transit",2022,7.51000000,2.65000000,3.99400000000,0.0269000000,,587.92,4031.00,0.362000,0.160000,1,1
"EPIC 212297394 b","EPIC 212297394","Transit",2019,2.79000000,1.48000000,2.28936300000,,,1149.00,5171.00,0.800000,0.830000,1,2
"TIC 67686059 b","TIC 67686059","Transit",2026,7.23000000,2.59125922,3.52163529551,,,,5090.09,0.820458,0.860000,1,1
"K2-270 b","K2-270","Transit",2018,2.48000000,1.38000000,1.54306900000,0.0247000000,,1203.00,4877.00,0.770000,0.850000,1,2
"TIC 160113658 b","TIC 160113658","Transit",2026,12.00000000,3.49015778,6.72952262077,,,,4817.31,0.789834,0.760000,1,1
"Kepler-533 b","Kepler-533","Transit",2016,11.40000000,3.38000000,28.51120525000,0.1670400000,0.000000,423.00,4758.00,0.720000,0.780000,1,1
"VHS J125601.92-125723.9 b","VHS J125601.92-125723.9","Imaging",2015,5085.25451200,13.67495645,5800000.00000000000,350.0000000000,0.680000,1194.00,2620.00,,0.070000,2,1
"HD 23079 c","HD 23079","Radial Velocity",2025,8.26000000,2.80000000,5.74891300000,,0.097000,,5994.00,1.080000,1.160000,1,2
"Kepler-55 e","Kepler-55","Transit",2014,3.02000000,1.55000000,4.61753400000,0.0480000000,0.000000,728.00,4503.00,0.619000,0.631000,1,5
"GJ 887 b","GJ 887","Radial Velocity",2020,3.90000000,1.80000000,9.26190000000,0.0683000000,0.140000,426.00,3688.00,0.468000,0.495000,1,4
"Kepler-1467 b","Kepler-1467","Transit",2016,10.90000000,3.30000000,47.05690430000,0.2388000000,0.000000,411.00,5332.00,0.820000,0.860000,1,1
"Kepler-199 c","Kepler-199","Transit",2014,10.60000000,3.25000000,67.09340800000,0.3160000000,0.000000,420.00,5644.00,0.967000,0.960000,1,2
"HD 222076 b","HD 222076","Radial Velocity",2016,495.81480000,13.50000000,871.00000000000,1.8300000000,0.080000,346.88,4806.00,4.100000,1.070000,1,1
"Kepler-282 b","Kepler-282","Transit",2014,1.01000000,1.01000000,9.22052400000,0.0820000000,0.000000,817.00,5602.00,0.904000,0.860000,1,4
"K2-388 b","K2-388","Transit",2022,14.50000000,3.90000000,6.33932000000,,,874.00,5310.00,0.910000,0.930000,1,1
"TOI-1224 b","TOI-1224","Transit",2024,5.08000000,2.10400000,4.17827450000,0.0355000000,,541.00,3326.00,0.404000,0.400000,1,2
"Kepler-623 b","Kepler-623","Transit",2016,9.32000000,3.01000000,9.07097734000,0.0854000000,0.000000,825.00,5443.00,0.860000,0.900000,1,1
"WASP-176 b","WASP-176","Transit",2020,271.74465000,16.86954500,3.89905200000,0.0535000000,0.000000,1721.00,5941.00,1.925000,1.345000,1,1
"Kepler-363 d","Kepler-363","Transit",2014,4.86000000,2.05000000,11.93212500000,0.1070000000,0.000000,905.00,5593.00,1.485000,1.226000,1,3
"HD 4917 b","HD 4917","Radial Velocity",2018,513.29545000,13.50000000,400.50000000000,1.1670000000,0.066000,479.78,4802.00,5.010000,1.320000,1,1
"KOBE-1 c","KOBE-1","Radial Velocity",2025,12.40000000,3.56000000,29.67100000000,0.1607100000,0.000000,392.50,4135.00,0.619000,0.629000,1,2
"Kepler-970 b","Kepler-970","Transit",2016,7.31000000,2.60900000,16.73652500000,0.1390000000,0.340000,464.00,4290.00,0.710000,0.670000,2,1
"HAT-P-70 b","HAT-P-70","Transit",2019,2154.88740000,20.96083000,2.74432452000,0.0473900000,0.000000,2562.00,8450.00,1.858000,1.890000,1,1
"Kepler-943 b","Kepler-943","Transit",2016,29.50000000,5.93000000,49.77014380000,0.2559000000,0.000000,455.00,5612.00,0.910000,0.930000,1,1
"Kepler-10 b","Kepler-10","Transit",2011,3.24000000,1.47000000,0.83749070000,0.0168500000,0.000000,2188.00,5708.00,1.065000,0.910000,1,3
"Kepler-271 d","Kepler-271","Transit",2016,0.21900000,0.66000000,5.24972541000,0.0555400000,0.000000,954.00,5555.00,0.870000,0.900000,1,3
"TOI-1233.01","HD 108236","Transit",2021,6.98000000,2.53900000,14.17568500000,0.1074000000,0.055000,708.00,5660.00,0.877000,0.869000,1,5
"HD 221585 b","HD 221585","Radial Velocity",2016,511.70630000,13.50000000,1173.00000000000,2.3060000000,0.123000,242.77,5620.00,1.850575,1.190000,1,1
"TIC 18942729 b","TIC 18942729","Transit",2026,4.66000000,2.00021315,0.99817838064,,,,4360.11,0.825257,0.652000,1,1
"HD 22496 b","HD 22496","Radial Velocity",2021,5.57000000,2.22000000,5.09071000000,0.0510000000,,573.00,4385.00,0.674000,0.684000,1,1
"Kepler-1640 b","Kepler-1640","Transit",2016,20.70000000,4.82000000,7.58441260000,0.0836000000,0.000000,1228.00,6324.00,1.430000,1.270000,1,1
"Kepler-589 c","Kepler-589","Transit",2021,1.45000000,1.11727238,3.52466011000,0.0426000000,0.000000,1098.00,5372.00,0.916000,0.832000,1,2
"Kepler-647 b","Kepler-647","Transit",2016,1.71000000,1.17000000,16.22546490000,0.1223700000,0.000000,788.00,6020.00,1.070000,1.030000,1,2
"Gaia-1 b","Gaia-1","Transit",2022,533.95172376,13.77583728,3.05252400000,0.0404700000,,1159.07,5470.00,0.952000,0.949000,1,1
"Kepler-1527 b","Kepler-1527","Transit",2016,20.40000000,4.77000000,160.12991800000,0.6276000000,0.000000,450.00,6224.00,1.320000,1.210000,1,1
"Kepler-1980 b","Kepler-1980","Transit",2023,5.52000000,2.21000000,33.02571790000,0.2049000000,0.000000,564.00,5819.00,0.990000,1.049000,1,1
"TOI-122 b","TOI-122","Transit",2020,7.85000000,2.72000000,5.07803000000,0.0392000000,0.000000,471.00,3403.00,0.334000,0.312000,1,1
"HATS-52 b","HATS-52","Transit",2017,711.93920000,15.49083800,1.36665436000,0.0249800000,0.246000,1834.00,6010.00,1.046000,1.111000,1,1
"Kepler-250 d","Kepler-250","Transit",2014,5.39000000,2.18000000,17.64831200000,0.1270000000,0.000000,579.00,5160.00,0.805000,0.806000,1,3
"Kepler-1298 b","Kepler-1298","Transit",2016,2.27000000,1.31000000,7.12811928000,0.0814000000,0.000000,1373.00,6339.00,2.000000,1.450000,1,1
"Kepler-1361 b","Kepler-1361","Transit",2016,0.56600000,0.86000000,3.57554956000,0.0430400000,0.000000,1061.00,5131.00,0.790000,0.830000,1,1
"Kepler-619 b","Kepler-619","Transit",2016,10.10000000,3.16000000,5.40427219700,0.0601400000,0.000000,1073.00,5980.00,1.110000,1.090000,1,3
"K2-99 b","K2-99","Transit",2016,276.51071409,11.88151954,18.24783000000,0.1530000000,0.220000,1184.00,6069.00,2.550000,1.440000,1,2
"TOI-532 b","TOI-532","Transit",2021,61.50000000,5.82000000,2.32665080000,0.0296000000,0.000000,867.00,3927.00,0.612000,0.639000,1,1
"HD 210277 b","HD 210277","Radial Velocity",1998,410.00070000,13.60000000,442.19000000000,1.1300000000,0.480000,259.86,5538.00,1.070000,1.010000,1,1
"Kepler-178 b","Kepler-178","Transit",2014,8.75000000,2.90000000,9.57669400000,0.0850000000,0.000000,846.00,5676.00,1.066000,0.852000,1,3
"Kepler-1604 b","Kepler-1604","Transit",2016,2.57000000,1.41000000,0.68368425600,0.0140600000,0.000000,2023.00,4976.00,0.760000,0.810000,1,1
"Kepler-984 b","Kepler-984","Transit",2016,5.14000000,2.12000000,43.03422720000,0.2368800000,0.000000,484.00,5610.00,0.930000,0.960000,1,1
"HD 13724 c","HD 13724","Radial Velocity",2022,50.85254512,8.18000000,142.22895000000,0.5340000000,0.651000,393.06,5835.31,1.041980,1.004000,1,1
"Kepler-1286 b","Kepler-1286","Transit",2016,5.27000000,2.15000000,11.25402929000,0.0991000000,0.000000,888.00,5753.00,0.980000,1.000000,1,1
"Kepler-318 b","Kepler-318","Transit",2014,19.90000000,4.71000000,4.66271500000,0.0560000000,0.000000,1039.00,5746.00,1.189000,1.073000,1,2
"Kepler-732 b","Kepler-732","Transit",2016,5.39000000,2.18000000,9.46781404800,0.0691000000,0.000000,407.00,3631.00,0.460000,0.490000,1,2
"HIP 109600 b","HIP 109600","Radial Velocity",2016,851.78440000,13.20000000,232.08000000000,0.7060000000,0.163000,312.88,5530.00,0.971958,0.870000,2,1
"Kepler-407 b","Kepler-407","Transit",2014,1.93000000,1.19000000,0.66931240000,0.0153100000,0.000000,1983.00,5487.00,1.040000,0.990000,1,2
"GJ 1148 c","GJ 1148","Radial Velocity",2017,68.06000000,9.71000000,532.58000000000,0.9120000000,0.342000,99.38,3287.00,0.358519,0.344045,1,2
"Kepler-897 b","Kepler-897","Transit",2016,6.30000000,2.39000000,8.04726420000,0.0770000000,0.000000,855.00,5839.00,1.040000,1.030000,1,1
"Kepler-435 b","Kepler-435","Transit",2015,266.97000000,22.31000000,8.60015360000,0.0948000000,0.114000,1729.00,6161.00,3.210000,1.538000,1,1
"HD 184010 d","HD 184010","Radial Velocity",2022,143.02278315,14.30000000,836.40000000000,1.9200000000,0.000000,381.37,4971.00,4.860000,1.350000,1,3
"WASP-70 A b","WASP-70 A","Transit",2014,187.51200000,13.04700000,3.71302030000,0.0485300000,0.000000,1387.00,5763.00,1.215000,1.106000,2,1
"TOI-1798.01","TOI-1798","Transit",2024,6.50000000,2.44800000,8.02152233100,0.0749840000,0.000000,734.31,5165.00,0.780000,0.870000,1,2
"TOI-444 b","TOI-444","Transit",2023,8.10000000,2.77000000,17.96360000000,0.1330000000,,609.00,5225.00,0.779000,0.960000,1,1
"TOI-2202 b","TOI-2202","Transit",2021,287.31687993,10.95117414,11.91260750000,0.0956400000,0.022000,652.07,5169.00,0.808000,0.841000,1,2
"TrES-1 b","TrES-1","Transit",2004,266.97720000,12.66617000,3.03007000000,0.0392500000,0.000000,1140.00,5230.00,0.850000,1.040000,2,1
"Kepler-1052 c","Kepler-1052","Transit",2023,5.90000000,2.30000000,180.92172900000,0.6135000000,0.000000,302.00,5818.00,0.848000,0.937000,1,2
"Kepler-206 b","Kepler-206","Transit",2014,1.87000000,1.20000000,7.78198700000,0.0780000000,0.000000,983.00,5764.00,1.185000,0.957000,1,3
"Kepler-763 b","Kepler-763","Transit",2016,1.98000000,1.22000000,1.19655156000,0.0205000000,0.000000,1414.00,5166.00,0.800000,0.840000,1,3
"Kepler-155 b","Kepler-155","Transit",2014,5.02000000,2.09000000,5.93119400000,0.0560000000,0.000000,614.00,4508.00,0.620000,0.635000,1,2
"ups And c","ups And","Radial Velocity",1999,4443.24112986,12.30000000,241.25800000000,0.8277740000,0.259600,407.56,6156.77,1.560000,1.300000,2,3
"NGTS-34 b","NGTS-34","Transit",2025,19.10000000,3.65000000,43.12655000000,0.2570000000,,624.00,6134.00,1.367000,1.266000,1,1
"K2-274 b","K2-274","Transit",2018,4.98000000,2.08000000,14.13303140000,0.0964000000,,655.00,5044.00,0.700000,0.790000,1,1
"DH Tau b","DH Tau","Imaging",2004,3496.00000000,30.26430000,,330.0000000000,,2200.00,4371.00,0.270000,0.330000,1,1
"HD 200964 c","HD 200964","Radial Velocity",2010,385.84562000,13.70000000,852.50000000000,1.9600000000,0.243000,380.62,4982.00,4.920000,1.390000,1,2
"TOI-1011 b","TOI-1011","Transit",2025,4.04000000,1.45000000,2.47049800000,,0.000000,1364.00,5475.00,0.920000,0.910000,1,1
"Kepler-1583 b","Kepler-1583","Transit",2016,0.15600000,0.60000000,9.32807355000,0.0830700000,0.000000,788.00,5645.00,0.910000,0.940000,1,1
"HATS-32 b","HATS-32","Transit",2016,292.40360000,14.00004100,2.81265480000,0.0402400000,0.471000,1437.00,5700.00,1.097000,1.099000,1,1
"ZTF J1828+2308 b","ZTF J1828+2308","Transit",2025,6356.56814000,11.13051784,0.11200670000,,,,15900.00,0.013100,0.610000,1,1
"Kepler-1876 b","Kepler-1876","Transit",2021,2.40000000,0.85300000,6.99205000000,0.0758000000,0.098000,1299.00,6104.00,1.477000,1.187000,1,1
"TOI-6564 b","TOI-6564","Transit",2026,222.16205649,16.39873876,3.98541300000,0.0542000000,0.000000,1445.00,5943.00,1.700000,1.180000,1,1
"K2-219 c","K2-219","Transit",2018,2.66000000,1.43839723,6.66767000000,,,,5753.00,1.189232,1.021545,1,3
"HD 37124 b","HD 37124","Radial Velocity",2002,214.53525000,14.00000000,154.37800000000,0.5336400000,0.054000,366.48,5698.64,0.949168,0.850000,1,3
"Kepler-881 b","Kepler-881","Transit",2016,3.82000000,1.78000000,4.44448017000,0.0552000000,0.000000,1217.00,5961.00,1.090000,1.060000,1,1
"TOI-333 b","TOI-333","Transit",2025,20.10000000,4.26000000,3.78525030000,0.0490000000,0.000000,1445.00,6241.00,1.100000,1.200000,1,1
"Kepler-60 c","Kepler-60","Transit",2012,3.85000000,1.90000000,8.91870000000,0.0842200000,0.039000,1023.00,5905.00,1.257000,1.041000,1,3
"Kepler-665 b","Kepler-665","Transit",2016,7.27000000,2.60000000,16.01310205000,0.1148000000,0.000000,593.00,4913.00,0.740000,0.790000,1,1
"Kepler-1848 b","Kepler-1848","Transit",2021,2.57000000,1.40885390,5.60402011900,0.0583500000,0.000000,774.00,4847.00,0.737000,0.756000,1,1
"TOI-2096 c","TOI-2096","Transit",2023,4.32000000,1.91400000,6.38784000000,0.0400000000,0.100000,349.00,3300.00,0.235000,0.231000,1,2
"Kepler-1698 b","Kepler-1698","Transit",2020,1.25000000,1.07315686,1.21070000000,0.0206500000,0.000000,1351.00,4975.03,0.741698,0.822000,1,1
"HIP 14810 c","HIP 14810","Radial Velocity",2006,416.35730000,13.60000000,147.74700000000,0.5490000000,0.156600,373.22,5544.00,1.070000,1.010000,1,3
"HD 25463 c","HD 25463","Transit",2023,4.30000000,1.36354953,3.04405000000,0.0443000000,0.000000,1585.57,6353.00,1.418200,1.251000,1,2
"Kepler-1869 c","Kepler-1869","Transit",2023,0.33000000,0.74000000,1.71682830400,0.0280000000,0.000000,1455.00,5808.00,0.902000,0.987000,1,2
"Kepler-292 b","Kepler-292","Transit",2014,2.30000000,1.32000000,2.58082700000,0.0350000000,0.000000,1130.00,5299.00,0.826000,0.865000,1,5
"Kepler-33 b","Kepler-33","Transit",2011,3.68000000,1.74000000,5.66793000000,0.0677000000,0.000000,1336.00,5904.00,1.820000,1.291000,1,5
"Kepler-601 b","Kepler-601","Transit",2016,4.27000000,1.90000000,5.37886844100,0.0549400000,0.000000,833.00,5160.00,0.790000,0.850000,1,1
"TOI-1347 b","TOI-1347","Transit",2024,11.10000000,1.80000000,0.84742346000,0.0171000000,0.000000,1400.00,5464.00,0.830000,0.913000,1,2
"K2-417 b","K2-417","Transit",2023,699.22249540,3.31000000,6.53500000000,0.0630000000,,558.00,3861.00,0.577600,0.569000,1,1
"Kepler-1020 b","Kepler-1020","Transit",2016,5.82000000,2.28000000,96.91514960000,0.3759400000,0.000000,325.00,5227.00,0.800000,0.870000,1,1
"Kepler-1346 b","Kepler-1346","Transit",2016,3.12000000,1.58000000,3.40165668000,0.0440000000,0.000000,1236.00,6133.00,1.210000,1.140000,1,1
"TOI-1750 b","TOI-1750","Transit",2026,8.19000000,2.78943837,11.33727129656,,,612.92,4683.75,0.768675,0.767000,1,1
"HD 180314 b","HD 180314","Radial Velocity",2010,7216.92963775,12.00000000,394.73000000000,1.4480000000,0.247000,597.64,4917.00,9.200000,2.600000,1,1
"Kepler-181 c","Kepler-181","Transit",2014,4.62000000,1.99000000,4.30214900000,0.0490000000,0.000000,937.00,5333.00,0.749000,0.810000,1,2
"Kepler-953 c","Kepler-953","Transit",2016,1.81000000,1.19000000,9.10967112000,0.0862000000,0.000000,873.00,5416.00,0.990000,0.950000,1,2
"TOI-1696 b","TOI-1696","Transit",2022,48.80000000,3.09000000,2.50031100000,0.0229000000,0.000000,489.00,3185.00,0.277500,0.255000,1,1
"TIC 77552382 b","TIC 77552382","Transit",2026,27.50000000,5.69176189,3.51025904942,,,1433.88,4981.07,0.886956,0.830000,1,1
"HD 96167 b","HD 96167","Radial Velocity",2009,227.88411000,14.00000000,498.04000000000,1.3320000000,0.685000,333.63,5733.00,1.940000,1.270000,2,1
"Kepler-1770 b","Kepler-1770","Transit",2021,8.45000000,2.84141754,16.84189987000,0.1261000000,0.000000,699.00,5602.00,1.009000,0.941000,1,1
"Kepler-292 e","Kepler-292","Transit",2014,7.61000000,2.67000000,11.97901000000,0.0970000000,0.000000,678.00,5299.00,0.826000,0.865000,1,5
"Kepler-154 b","Kepler-154","Transit",2014,5.73000000,2.26000000,33.04053200000,0.1980000000,0.000000,561.00,5690.00,1.001000,0.933000,1,5
"Kepler-1660 AB b","Kepler-1660 A","Eclipse Timing Variations",2023,1586.59940774,12.90000000,239.50440000000,0.8000000000,0.055410,415.08,6305.24,1.491000,1.136600,2,1
"Kepler-379 b","Kepler-379","Transit",2014,3.39000000,1.66000000,20.09838000000,0.1520000000,0.000000,775.00,6054.00,1.306000,1.125000,1,2
"HAT-P-33 b","HAT-P-33","Transit",2011,292.40360000,20.73665000,3.47447000000,0.0499500000,0.000000,1782.00,6446.00,1.790000,1.820000,2,1
"Kepler-567 b","Kepler-567","Transit",2016,5.69000000,2.25000000,16.54297375000,0.1229000000,0.000000,611.00,5148.00,0.790000,0.840000,1,1
"KIC 8121913 b","KIC 8121913","Orbital Brightness Modulation",2021,667.43965470,13.40000000,3.29460100000,,,,5975.30,2.233000,1.456000,1,1
"K2-198 d","K2-198","Transit",2019,6.52000000,2.43800000,7.45001770000,,,943.20,5212.90,0.757000,0.799000,1,3
"Kepler-176 e","Kepler-176","Transit",2016,0.52075000,1.45000000,51.16579000000,0.2565400000,0.000000,398.00,5295.00,0.830000,0.870000,1,4
"HD 109246 b","HD 109246","Radial Velocity",2010,273.33380000,13.90000000,68.27000000000,0.3300000000,0.120000,507.43,5844.00,1.070000,1.200000,1,1
"TOI-5489 c","TOI-5489","Transit",2025,2.18000000,1.28000000,4.92126000000,,,536.00,3547.00,0.420000,0.410000,1,2
"K2-415 b","K2-415","Transit",2023,7.50000000,1.01500000,4.01796940000,0.0270000000,,412.40,3173.00,0.196500,0.163500,1,1
"Kepler-800 b","Kepler-800","Transit",2016,8.50000000,2.85000000,14.13176026000,0.1106000000,0.000000,675.00,5315.00,0.820000,0.850000,1,1
"Kepler-327 c","Kepler-327","Transit",2014,20.30000000,1.03000000,5.21233300000,0.0470000000,0.000000,537.00,3799.00,0.492000,0.591913,1,3
"Kepler-28 c","Kepler-28","Transit",2011,2.06000000,1.85700000,8.99000000000,0.0751900000,0.017000,509.00,4499.30,0.664000,0.684000,1,2
"K2-271 b","K2-271","Transit",2018,41.80000000,7.28000000,8.56242100000,0.0770000000,,893.00,5644.00,0.990000,0.830000,1,1
"KMT-2018-BLG-0748L b","KMT-2018-BLG-0748L","Microlensing",2020,60.00000000,9.01000000,,0.6200000000,,,,,0.087000,1,1
"KMT-2024-BLG-1870L b","KMT-2024-BLG-1870L","Microlensing",2026,336.89811142,13.80000000,,3.1500000000,,,,,0.670000,1,1
"KMT-2017-BLG-0849L b","KMT-2017-BLG-0849L","Microlensing",2024,6.39000000,2.41000000,,2.7300000000,,,,,0.190000,1,1
"Kepler-1418 b","Kepler-1418","Transit",2016,3.39000000,1.66000000,22.47644250000,0.1310000000,0.000000,419.00,4770.00,0.720000,0.770000,1,1
"OGLE-2016-BLG-0613L AB b","OGLE-2016-BLG-0613L AB","Microlensing",2017,1330.00000000,13.00000000,,6.4000000000,,,,,0.720000,2,1
"TOI-1694 c","TOI-1694","Radial Velocity",2023,316.55709337,13.80000000,386.25000000000,0.9740000000,0.111000,222.00,5005.00,0.812000,0.828000,1,2
"HD 9446 c","HD 9446","Radial Velocity",2009,578.42600000,13.40000000,192.90000000000,0.6540000000,0.060000,345.42,5793.00,1.000000,1.000000,1,2
"MASCARA-4 b","MASCARA-4","Transit",2020,532.36258173,16.98160576,2.82409320000,0.0474000000,0.000000,2250.00,7800.00,1.790000,1.750000,2,1
"Kepler-1846 b","Kepler-1846","Transit",2021,3.76000000,1.76378826,14.82009983000,0.1105400000,0.000000,552.00,4825.00,0.732000,0.785000,1,1
"HD 147873 b","HD 147873","Radial Velocity",2016,1633.64620000,12.80000000,116.59600000000,0.5220000000,0.207000,603.16,5972.00,2.290000,1.380000,2,2
"Kepler-224 e","Kepler-224","Transit",2014,4.54000000,1.97000000,18.64357700000,0.1240000000,0.000000,517.00,5018.00,0.676000,0.777000,1,4
"Kepler-1670 b","Kepler-1670","Transit",2020,11.20000000,3.35648010,20.49980000000,0.1528000000,0.000000,731.00,5838.00,1.518890,1.050000,1,1
"Kepler-92 c","Kepler-92","Transit",2013,6.10000000,2.60000000,26.72300000000,0.1905400000,0.040000,781.00,5883.00,1.700000,1.210000,1,3
"Kepler-1799 b","Kepler-1799","Transit",2021,15.90000000,4.12801189,11.92969990000,0.1028000000,0.000000,770.00,5831.00,0.921000,1.016000,1,1
"KMT-2021-BLG-0736L b","KMT-2021-BLG-0736L","Microlensing",2025,21.00000000,4.86000000,,4.0000000000,,,,,0.600000,1,1
"PSR B1620-26 b","PSR B1620-26","Pulsar Timing",2003,794.57500000,13.30000000,,23.0000000000,,,,,1.350000,2,1
"TYC 8998-760-1 b","TYC 8998-760-1","Imaging",2020,6928.65927260,21.18497352,,146.0000000000,0.440000,2638.00,4573.00,1.020000,1.000000,1,2
"OGLE-2017-BLG-1434L b","OGLE-2017-BLG-1434L","Microlensing",2018,4.43000000,1.94000000,,1.1800000000,,,,,0.234000,1,1
"KMT-2019-BLG-2783L b","KMT-2019-BLG-2783L","Microlensing",2023,368.68095212,13.70000000,,1.8500000000,,,,,0.340000,1,1
"OGLE-2016-BLG-1093L b","OGLE-2016-BLG-1093L","Microlensing",2022,225.65816897,14.00000000,,2.1300000000,,,,,0.460000,1,1
"MOA-2010-BLG-117L b","MOA-2010-BLG-117L","Microlensing",2018,170.00000000,14.20000000,,2.4200000000,,,,,0.580000,1,1
"OGLE-2006-BLG-109L b","OGLE-2006-BLG-109L","Microlensing",2008,231.00000000,14.00000000,1788.50000000000,2.3000000000,,82.00,,,0.510000,1,2
"OGLE-2012-BLG-0406L b","OGLE-2012-BLG-0406L","Microlensing",2013,868.00000000,13.20000000,,3.4500000000,,,,,0.440000,1,1
"Kepler-1265 b","Kepler-1265","Transit",2016,2.39000000,1.35000000,6.49441289000,0.0612000000,0.000000,732.00,4630.00,0.690000,0.710000,1,1
"HD 332231 b","HD 332231","Transit",2020,74.10000000,9.07303305,18.71202400000,0.1450000000,0.000000,798.30,6128.00,1.266000,1.164200,1,1
"HD 233604 b","HD 233604","Radial Velocity",2013,2089.64400000,12.70000000,192.00000000000,0.7470000000,0.050000,882.50,4791.00,10.900000,1.500000,1,1
"Kepler-1591 b","Kepler-1591","Transit",2016,2.15000000,1.27000000,8.18504949000,0.0794000000,0.000000,892.00,6082.00,1.160000,1.100000,1,1
"HD 22532 b","HD 22532","Radial Velocity",2022,673.79622284,13.40000000,872.60000000000,1.9000000000,0.030000,420.41,5038.00,5.690000,1.570000,1,1
"TOI-7189 b","TOI-7189","Transit",2026,159.04000000,10.90000000,2.89055000000,0.0329400000,0.060100,738.00,3775.00,0.591000,0.612000,1,1
"TOI-7265 B b","TOI-7265 B","Transit",2026,224.95000000,10.70000000,4.17232000000,0.0400700000,0.037200,571.00,3503.00,0.497000,0.521000,2,1
"KMT-2021-BLG-0322L b","KMT-2021-BLG-0322L","Microlensing",2021,2034.10180480,12.70000000,,,,,,,0.620000,2,1
"MOA-2016-BLG-526L b","MOA-2016-BLG-526L","Microlensing",2024,14.93793513,3.97000000,,2.0700000000,,,,,0.370000,1,1
"TOI-6695 c","TOI-6695","Radial Velocity",2025,460.85119015,13.60000000,242.40000000000,0.8380000000,0.022000,415.00,6400.00,1.517000,1.338000,1,2
"Kepler-249 b","Kepler-249","Transit",2014,1.32000000,1.09000000,3.30653900000,0.0350000000,0.000000,554.00,3568.00,0.482000,0.510238,1,3
"OGLE-2018-BLG-1185L b","OGLE-2018-BLG-1185L","Microlensing",2021,8.40000000,2.83000000,,1.5400000000,,,,,0.370000,1,1
"WISEP J121756.91+162640.2 A b","WISEP J121756.91+162640.2 A","Imaging",2012,6992.00000000,10.46800000,,8.0000000000,,450.00,575.00,0.091000,0.029000,1,1
"KMT-2024-BLG-0176L b","KMT-2024-BLG-0176L","Microlensing",2026,241.54958932,14.00000000,,1.3200000000,,,,,0.103000,1,1
"KMT-2021-BLG-1150L b","KMT-2021-BLG-1150L","Microlensing",2023,279.68899816,13.90000000,,4.5000000000,,,,,0.730000,1,1
"KMT-2017-BLG-1146L b","KMT-2017-BLG-1146L","Microlensing",2019,230.00000000,14.00000000,,1.6000000000,,,,,0.330000,1,1
"MOA-2007-BLG-400L b","MOA-2007-BLG-400L","Microlensing",2008,540.30829190,13.50000000,,5.9000000000,,34.00,,,0.690000,1,1
"TWA 7 b","TWA 7","Imaging",2025,108.06165838,12.70000000,,52.0000000000,,316.00,3509.00,0.917173,0.460000,1,1
"Kepler-1222 b","Kepler-1222","Transit",2016,0.41800000,0.79000000,1.91694425400,0.0280100000,0.000000,1246.00,5239.00,0.800000,0.840000,1,1
"Kepler-463 b","Kepler-463","Transit",2016,9.53000000,3.05000000,8.98101683300,0.0792500000,0.000000,880.00,5661.00,0.900000,0.870000,1,1
"TOI-2337 b","TOI-2337","Transit",2022,508.52545120,10.08808263,2.99432000000,,0.019000,1272.46,4780.00,3.220000,1.325000,1,1
"HD 202206 c","HD 202206","Radial Velocity",2004,982.08977763,13.10000000,1299.22000000000,2.3900000000,0.171000,183.35,5764.23,1.040000,1.060000,1,2
"MOA-2010-BLG-477L b","MOA-2010-BLG-477L","Microlensing",2012,480.00000000,13.60000000,,2.0000000000,,,5950.00,,0.670000,1,1
"OGLE-2017-BLG-1522L b","OGLE-2017-BLG-1522L","Microlensing",2018,240.00000000,14.00000000,,0.5900000000,,,,,0.045000,1,1
"Kepler-566 b","Kepler-566","Transit",2016,5.27000000,2.15000000,18.42794624000,0.1247000000,0.000000,526.00,5132.00,0.790000,0.830000,1,1
"Kepler-1224 b","Kepler-1224","Transit",2016,2.33000000,1.33000000,13.32351601000,0.1162500000,0.000000,872.00,6155.00,1.220000,1.180000,1,1
"WASP-149 b","WASP-149","Transit",2025,314.96795134,15.24421375,1.33281300000,0.0240000000,0.000000,1855.00,5750.00,1.080000,1.050000,1,1
"KMT-2019-BLG-1042L b","KMT-2019-BLG-1042L","Microlensing",2022,60.38739733,9.05000000,,1.7000000000,,,,,0.300000,1,1
"KMT-2019-BLG-0298L b","KMT-2019-BLG-0298L","Microlensing",2023,575.26941667,13.40000000,,5.6700000000,,,,,0.700000,1,1
"WASP-60 b","WASP-60","Transit",2012,174.80650000,9.86392000,4.30500000000,0.0554800000,0.000000,1479.00,5900.00,1.170000,1.190000,1,1
"KMT-2019-BLG-0371L b","KMT-2019-BLG-0371L","Microlensing",2021,2447.27873390,12.60000000,,0.7900000000,,,,,0.090000,1,1
"TOI-5916 b","TOI-5916","Transit",2026,219.00000000,11.80000000,2.36712341000,0.0278900000,0.045000,716.00,3541.00,0.487000,0.518000,1,1
"OGLE-2017-BLG-1237L b","OGLE-2017-BLG-1237L","Microlensing",2024,1207.74794660,13.00000000,,2.5300000000,,,,,0.460000,1,1
"OGLE-2017-BLG-0640L b","OGLE-2017-BLG-0640L","Microlensing",2024,514.88201934,13.50000000,,1.1400000000,,,,,0.320000,1,1
"MXB 1658-298 b","MXB 1658-298","Eclipse Timing Variations",2017,7532.57100000,12.00000000,760.00000000000,1.6130000000,,,,,1.980000,2,1
"KMT-2018-BLG-0029L b","KMT-2018-BLG-0029L","Microlensing",2020,7.59000000,2.67000000,,4.2700000000,,,,,1.140000,1,1
"Kepler-619 c","Kepler-619","Transit",2016,3.50000000,1.69000000,1.20846502600,0.0221600000,0.000000,1767.00,5980.00,1.110000,1.090000,1,3
"Kepler-186 b","Kepler-186","Transit",2014,1.24000000,1.07000000,3.88679070000,0.0343000000,0.000000,571.00,3788.00,0.472000,0.478000,1,5
"K2-183 d","K2-183","Transit",2018,5.90000000,2.30000000,22.62034400000,0.1527000000,,615.00,5482.00,0.870000,0.942219,1,3
"Kepler-1677 b","Kepler-1677","Transit",2020,7.76000000,2.70216183,22.06400000000,0.1599000000,0.000000,712.00,6013.72,1.249590,1.110000,1,1
"KMT-2018-BLG-0087L b","KMT-2018-BLG-0087L","Microlensing",2022,73.10053361,10.10000000,,0.8700000000,,,,,0.100000,1,1
"KOI-55 c","KOI-55","Orbital Brightness Modulation",2011,0.65500000,0.86700000,0.34288700000,0.0076000000,,6910.74,27730.00,0.203000,0.496000,1,2
"KMT-2024-BLG-1044L b","KMT-2024-BLG-1044L","Microlensing",2024,7.75000000,2.70000000,,,,,,,0.069000,1,1
"KMT-2019-BLG-0297L b","KMT-2019-BLG-0297L","Microlensing",2023,6038.73973300,12.10000000,,0.9600000000,,,,,0.210000,1,1
"OGLE-2012-BLG-0724L b","OGLE-2012-BLG-0724L","Microlensing",2016,150.00000000,14.30000000,,1.6000000000,,,,,0.290000,1,1
"TOI-603 b","TOI-603","Transit",2026,33.00000000,7.37000000,16.17984600000,0.1282000000,,899.00,6027.00,1.477000,1.240000,1,1
"Kepler-1620 b","Kepler-1620","Transit",2016,3.22000000,1.61000000,101.95182900000,0.4322000000,0.000000,428.00,6157.00,1.230000,1.150000,1,1
"KMT-2019-BLG-0578L b","KMT-2019-BLG-0578L","Microlensing",2025,381.39408840,13.70000000,,2.0000000000,,,,,0.280000,1,1
"Kepler-85 e","Kepler-85","Transit",2014,0.60000000,1.27000000,25.21675100000,0.1630000000,0.000000,559.00,5436.00,0.893000,0.947000,1,4
"TOI-2128 b","TOI-2128","Transit",2024,4.50000000,2.08874836,16.34136000000,0.1270000000,0.000000,780.53,5968.00,1.117400,1.025100,1,1
"Kepler-1693 c","Kepler-1693","Transit",2021,0.89400000,0.97698289,5.36370992700,0.0588000000,0.000000,1059.00,5553.00,1.098000,0.941000,1,2
"TOI-5174 b","TOI-5174","Transit",2022,24.80000000,5.35100000,12.21428600000,,,808.37,5643.77,1.094570,1.000000,1,1
"WASP-172 b","WASP-172","Transit",2018,149.38010000,17.59813000,5.47743300000,0.0694000000,0.000000,1740.00,6900.00,1.910000,1.490000,1,1
"Kepler-403 b","Kepler-403","Transit",2014,2.10000000,1.25000000,7.03146200000,0.0760000000,0.000000,1194.00,6090.00,1.329000,1.299000,1,3
"KMT-2022-BLG-2286L b","KMT-2022-BLG-2286L","Microlensing",2024,6038.73973300,12.10000000,,2.0200000000,,,,,0.200000,1,1
"Kepler-1493 b","Kepler-1493","Transit",2016,2.57000000,1.41000000,15.02179830000,0.1197000000,0.000000,874.00,5863.00,1.290000,1.060000,1,1
"OGLE-2019-BLG-0249L b","OGLE-2019-BLG-0249L","Microlensing",2023,2262.93825784,12.70000000,,1.8400000000,,,,,0.910000,1,1
"Kepler-137 c","Kepler-137","Transit",2014,4.19000000,1.88000000,18.73575300000,0.1300000000,0.000000,568.00,5187.00,0.802000,0.850000,1,2
"TOI-2114 b","TOI-2114","Transit",2026,324.18497514,14.54925695,6.20995900000,0.0760000000,0.472000,1472.00,6400.00,1.970000,1.309000,1,1
"TOI-5806 b","TOI-5806","Transit",2026,721.47048389,15.13212395,3.18563810000,0.0484000000,,1621.00,6730.00,1.387000,1.333000,2,1
"OGLE-2018-BLG-1011L c","OGLE-2018-BLG-1011L","Microlensing",2019,890.00000000,13.20000000,,0.8000000000,,,,,0.180000,1,2
"TOI-7169 b","TOI-7169","Transit",2026,130.30964687,16.53324653,3.43731250000,0.0428000000,0.055000,1631.00,5714.00,1.500000,0.885000,1,1
"OGLE-2018-BLG-0677L b","OGLE-2018-BLG-0677L","Microlensing",2020,3.96000000,1.82000000,,0.6300000000,,,,,0.120000,1,1
"OGLE-2019-BLG-0679L b","OGLE-2019-BLG-0679L","Microlensing",2023,1061.54687938,13.10000000,,6.9900000000,,,,,0.660000,1,1
"MOA-bin-1L b","MOA-bin-1L","Microlensing",2012,1200.00000000,13.00000000,,8.3000000000,,,,,0.750000,1,1
"Kepler-365 b","Kepler-365","Transit",2014,4.82000000,2.04000000,10.66490300000,0.0980000000,0.000000,865.00,6012.00,1.048000,1.020000,1,2
"KMT-2020-BLG-0414L c","KMT-2020-BLG-0414L","Microlensing",2021,8581.36698900,11.90000000,,22.3000000000,,,,,0.490000,1,2
"HD 11977 b","HD 11977","Radial Velocity",2005,2080.00000000,12.70000000,711.00000000000,1.9300000000,0.400000,547.97,4970.00,10.090000,1.910000,1,1
"Kepler-1038 b","Kepler-1038","Transit",2016,12.20000000,3.53000000,148.46033820000,0.5238000000,0.000000,285.00,5335.00,0.830000,0.870000,1,2
"Kepler-250 c","Kepler-250","Transit",2014,5.82000000,2.28000000,7.15680400000,0.0690000000,0.000000,782.00,5160.00,0.805000,0.806000,1,3
"eps CrB b","eps CrB","Radial Velocity",2012,2129.46100000,12.70000000,417.90000000000,1.3000000000,0.110000,853.92,4406.00,21.000000,1.700000,1,1
"TOI-521 b","TOI-521","Transit",2025,5.30000000,1.98000000,1.54285047000,0.0195000000,0.000000,794.00,3544.00,0.421000,0.420000,1,1
"OGLE-2015-BLG-0954L b","OGLE-2015-BLG-0954L","Microlensing",2016,1100.00000000,13.10000000,,1.6000000000,,,,,0.300000,1,1
"KOI-134 c","KOI-134","Transit Timing Variations",2025,69.92224954,9.86000000,33.95000000000,0.2305000000,0.240000,798.82,6160.00,1.667000,1.407000,1,2
"HD 127195 c","HD 127195","Radial Velocity",2026,206.58846455,14.10000000,836.99000000000,,0.050000,,4981.00,4.160000,1.340000,1,2
"HD 125136 b","HD 125136","Radial Velocity",2026,718.29219982,13.30000000,849.77000000000,,0.050000,,4959.00,5.390000,1.550000,1,1
"KMT-2019-BLG-0953L b","KMT-2019-BLG-0953L","Microlensing",2022,15.50000000,4.06000000,,1.1000000000,,,,,0.280000,1,1
"OGLE-2017-BLG-1691L b","OGLE-2017-BLG-1691L","Microlensing",2022,14.62010672,3.92000000,,2.4100000000,,,,,0.450000,1,1
"alf Ari b","alf Ari","Radial Velocity",2010,572.07000000,13.40000000,380.80000000000,1.2000000000,0.250000,747.22,4553.00,13.900000,1.500000,1,1
"TOI-2180 b","TOI-2180","Transit",2022,875.61726129,11.32107051,260.79000000000,0.8280000000,0.368300,348.00,5695.00,1.636000,1.111000,1,1
"KMT-2024-BLG-0404L c","KMT-2024-BLG-0404L","Microlensing",2025,17.30000000,4.33000000,,,,,,,0.090000,1,2
"Kepler-122 e","Kepler-122","Transit",2014,27.70000000,2.60000000,37.99327300000,0.2270000000,0.000000,618.00,6050.00,1.216000,0.982000,1,5
"Kepler-411 c","Kepler-411","Transit",2016,26.40000000,4.42100000,7.83443500000,0.0739000000,0.108000,838.00,4974.00,0.820000,0.870000,2,4
"OGLE-2018-BLG-1428L b","OGLE-2018-BLG-1428L","Microlensing",2021,240.00000000,14.00000000,,3.3000000000,,,,,0.430000,1,1
"KMT-2021-BLG-1689L b","KMT-2021-BLG-1689L","Microlensing",2022,46.00000000,7.71000000,,2.5000000000,,,4570.00,,0.580000,1,1
"MOA-2010-BLG-073L b","MOA-2010-BLG-073L","Microlensing",2012,3500.00000000,12.40000000,,1.2100000000,,,,,0.160000,1,1
"KMT-2017-BLG-2197L b","KMT-2017-BLG-2197L","Microlensing",2025,2809.60311788,12.50000000,,15.9100000000,,,,,0.360000,1,1
"KMT-2018-BLG-1988L b","KMT-2018-BLG-1988L","Microlensing",2022,5.56000000,2.22000000,,3.0900000000,,,,,0.470000,1,1
"Kepler-302 b","Kepler-302","Transit",2014,15.50000000,4.06000000,30.18410400000,0.1930000000,0.000000,634.00,5740.00,1.220000,1.021000,1,2
"GJ 3779 b","GJ 3779","Radial Velocity",2018,8.00000000,2.75000000,3.02320000000,0.0260000000,0.070000,526.94,3324.00,0.281000,0.270000,1,1
"Kepler-985 b","Kepler-985","Transit",2016,9.17000000,2.98000000,116.33190100000,0.4466400000,0.000000,323.00,5434.00,0.850000,0.910000,1,1
"Kepler-248 b","Kepler-248","Transit",2014,9.38000000,3.02000000,6.30820500000,0.0660000000,0.000000,819.00,5190.00,0.831000,0.838000,1,2
"Kepler-836 b","Kepler-836","Transit",2016,7.90000000,2.73000000,11.36112327000,0.1013000000,0.000000,869.00,5895.00,1.040000,1.030000,1,1
"TOI-1224 c","TOI-1224","Transit",2024,8.67000000,2.88400000,17.94546600000,,0.000000,303.12,3326.00,0.404000,0.400000,1,2
"Kepler-142 d","Kepler-142","Transit",2014,5.31000000,2.16000000,41.80911800000,0.2420000000,0.000000,582.00,5790.00,1.269000,0.978000,1,3
"OGLE-2019-BLG-0304L b","OGLE-2019-BLG-0304L","Microlensing",2021,162.09248757,14.20000000,,1.2300000000,,,,,0.270000,2,1
"MOA-2022-BLG-563L b","MOA-2022-BLG-563L","Microlensing",2024,127.13136280,14.00000000,,2.1500000000,,,,,0.480000,1,1
"KMT-2021-BLG-2010L b","KMT-2021-BLG-2010L","Microlensing",2023,340.07639549,13.80000000,,1.7900000000,,,,,0.370000,1,1
"KMT-2024-BLG-1005L b","KMT-2024-BLG-1005L","Microlensing",2025,6674.39654700,12.10000000,,0.7800000000,,,,,0.055000,1,1
"KMT-2021-BLG-1077L c","KMT-2021-BLG-1077L","Microlensing",2022,79.45710175,10.60000000,,0.9300000000,,,,,0.140000,1,2
"Kepler-1676 b","Kepler-1676","Transit",2020,11.30000000,3.37695960,29.92210000000,0.1954000000,0.000000,782.00,5878.30,1.060660,1.070000,1,1
"K2-65 b","K2-65","Transit",2016,3.12000000,1.58000000,12.64750000000,0.1014000000,,723.51,5213.00,0.840000,0.870000,1,1
"OGLE-2018-BLG-0799L b","OGLE-2018-BLG-0799L","Microlensing",2022,82.63538582,10.90000000,,1.2800000000,,,,,0.093000,1,1
"KMT-2023-BLG-0466L b","KMT-2023-BLG-0466L","Microlensing",2026,1032.94232275,13.10000000,,2.6800000000,,,,,0.440000,1,1
"BD+63 1405 b","BD+63 1405","Radial Velocity",2021,3305.41543280,12.40000000,1198.48000000000,2.0600000000,0.880000,150.69,5000.00,0.804724,0.816000,1,1
"WASP-73 b","WASP-73","Transit",2014,908.99380000,15.91678000,4.08722000000,0.0551200000,0.000000,1790.00,6030.00,2.550000,2.520000,1,1
"Kepler-733 b","Kepler-733","Transit",2016,8.35000000,2.82000000,20.83424726000,0.1483000000,0.000000,595.00,5418.00,0.860000,0.900000,1,1
"Kepler-124 d","Kepler-124","Transit",2014,1.41000000,1.11000000,30.95085100000,0.1700000000,0.000000,428.00,4984.00,0.636000,0.706000,1,3
"Kepler-244 c","Kepler-244","Transit",2014,4.86000000,2.05000000,9.76729200000,0.0870000000,0.000000,791.00,5554.00,0.803000,0.933000,1,3
"Kepler-2001 c","Kepler-2001","Transit",2023,3.97000000,1.82000000,14.09258318900,0.1084000000,0.000000,597.00,5081.00,0.770000,0.864000,1,2
"KMT-2021-BLG-0852L b","KMT-2021-BLG-0852L","Microlensing",2026,155.73591943,14.20000000,,7.7800000000,,,,,0.750000,1,1
"Kepler-32 b","Kepler-32","Transit",2011,1303.00000000,2.20000000,5.90124000000,0.0500000000,0.000000,514.00,3900.00,0.530000,0.580000,1,5
"TOI-5108 b","TOI-5108","Transit",2025,32.00000000,6.60000000,6.75358100000,0.0730000000,,1180.00,5808.00,1.290000,1.100000,1,1
"KMT-2016-BLG-2605L b","KMT-2016-BLG-2605L","Microlensing",2021,245.04570180,14.00000000,,0.6810000000,,,,,0.064000,1,1
"OGLE-2018-BLG-0977L b","OGLE-2018-BLG-0977L","Microlensing",2022,6.40000000,2.41000000,,2.0000000000,,,,,0.470000,1,1
"OGLE-2007-BLG-368L b","OGLE-2007-BLG-368L","Microlensing",2009,20.00000000,4.72000000,,2.8000000000,,,,,0.640000,1,1
"MOA-2011-BLG-262L b","MOA-2011-BLG-262L","Microlensing",2014,17.00000000,4.29000000,,0.9500000000,,,,,0.110000,1,1
"Kepler-132 c","Kepler-132","Transit",2014,2.18000000,1.28000000,6.41491400000,0.0680000000,0.000000,1069.00,6003.00,1.178000,0.929000,2,4
"KMT-2025-BLG-0481L b","KMT-2025-BLG-0481L","Microlensing",2026,187.51876013,14.10000000,,2.1800000000,,,,,0.220000,1,1
"KMT-2019-BLG-1339L b","KMT-2019-BLG-1339L","Microlensing",2020,397.00000000,13.70000000,,2.1500000000,,,,,0.480000,1,1
"OGLE-2017-BLG-1140L b","OGLE-2017-BLG-1140L","Microlensing",2018,505.00000000,13.50000000,,1.0200000000,,,,,0.211000,1,1
"KMT-2022-BLG-1790L b","KMT-2022-BLG-1790L","Microlensing",2025,549.84314411,13.50000000,,5.2500000000,,,,,0.580000,1,1
"KMT-2018-BLG-1996L b","KMT-2018-BLG-1996L","Microlensing",2021,346.43296363,13.70000000,,4.2700000000,,,,,0.690000,1,1
"Kepler-47 b","Kepler-47","Transit",2012,2.07000000,3.05000000,49.46430000000,0.2877000000,0.021000,490.20,5636.00,0.936000,0.957000,2,3
"HD 190007 b","HD 190007","Radial Velocity",2020,15.50000000,4.06000000,11.72412800000,0.0920000000,0.136000,651.41,4610.00,0.790000,0.770000,1,1
"Kepler-1219 b","Kepler-1219","Transit",2016,5.14000000,2.12000000,16.10467749000,0.1414600000,0.000000,1159.00,5944.00,1.940000,1.250000,1,1
"Kepler-1808 b","Kepler-1808","Transit",2021,9.40000000,3.02511302,23.34040070000,0.1467000000,0.000000,601.00,5530.00,0.892000,0.773000,1,1
"Kepler-824 b","Kepler-824","Transit",2016,4.16000000,1.87000000,4.51436633000,0.0550000000,0.000000,1231.00,6035.00,1.220000,1.150000,1,1
"HD 95089 b","HD 95089","Radial Velocity",2009,400.46580000,13.70000000,464.40000000000,1.3600000000,0.119000,458.34,4918.00,5.080000,1.540000,1,2
"Kepler-610 c","Kepler-610","Transit",2016,10.90000000,3.30000000,151.86392000000,0.5594000000,0.000000,318.00,5943.00,1.130000,1.100000,1,2
"Kepler-410 A b","Kepler-410 A","Transit",2013,8.44000000,2.83800000,17.83364800000,0.1226000000,0.170000,866.00,6273.00,1.352000,1.214000,2,1
"DMPP-6 b","DMPP-6","Radial Velocity",2026,5.80000000,2.28000000,7.60270000000,0.0779000000,0.340000,1203.65,6182.09,1.270000,1.079000,1,2
"Gaia22dkvL b","Gaia22dkvL","Microlensing",2024,187.83658854,14.10000000,,1.4000000000,,,,,1.145000,1,1
"MOA-2022-BLG-249L b","MOA-2022-BLG-249L","Microlensing",2023,4.83000000,2.04000000,,1.6300000000,,,,,0.180000,1,1
"Kepler-1063 b","Kepler-1063","Transit",2016,2.83000000,1.49000000,14.07971466000,0.1176000000,0.000000,931.00,5945.00,1.140000,1.090000,2,1
"KMT-2021-BLG-1303L b","KMT-2021-BLG-1303L","Microlensing",2022,120.77479466,13.60000000,,2.8900000000,,,,,0.570000,1,1
"OGLE-2018-BLG-0596L b","OGLE-2018-BLG-0596L","Microlensing",2019,13.93000000,3.81000000,,0.9700000000,,,,,0.231000,1,1
"KMT-2023-BLG-0830L b","KMT-2023-BLG-0830L","Microlensing",2025,17.79839079,4.41000000,,1.7000000000,,,,,0.220000,1,1
"KMT-2023-BLG-0735L b","KMT-2023-BLG-0735L","Microlensing",2024,38.77506565,6.97000000,,2.9600000000,,,,,0.610000,1,1
"KMT-2021-BLG-0320L b","KMT-2021-BLG-0320L","Microlensing",2022,31.78284070,6.20000000,,1.5400000000,,,,,0.320000,1,1
"OGLE-2023-BLG-0766L b","OGLE-2023-BLG-0766L","Microlensing",2026,349.61124770,13.70000000,,2.5000000000,,,,,0.390000,1,1
"Kepler-1628 b","Kepler-1628","Transit",2016,33.80000000,6.43000000,76.37803300000,0.2952000000,0.000000,240.00,3724.00,0.520000,0.550000,1,1
"OGLE2-TR-L9 b","OGLE2-TR-L9","Transit",2008,1430.17500000,18.04600000,2.48553350000,0.0308000000,,2034.00,6933.00,1.530000,1.520000,1,1
"TOI-5736 b","TOI-5736","Transit",2025,3.05000000,1.56000000,0.64899000000,,,1311.00,3949.00,0.580000,0.570000,1,1
"Kepler-1577 b","Kepler-1577","Transit",2016,1.51000000,1.13000000,6.30560247000,0.0657000000,0.000000,1125.00,4862.00,0.740000,0.780000,1,1
"K2-13 b","K2-13","Transit",2015,4.23000000,1.89000000,39.91488000000,0.2114000000,,511.00,5698.00,0.780000,0.800000,1,1
"Kepler-122 f","Kepler-122","Transit",2014,36.00000000,1.75000000,56.26800000000,0.2857500000,0.000000,543.00,5917.00,0.949000,1.030000,1,5
"Kepler-414 c","Kepler-414","Transit",2014,29.90000000,3.01000000,7.17100000000,0.0719500000,0.000000,890.00,5536.00,0.946000,0.890000,1,2
"TOI-1533 b","TOI-1533","Transit",2026,28.10000000,2.89000000,3.64579740000,0.0445000000,0.000000,1011.00,5146.00,0.849000,0.880000,1,2
"Kepler-675 b","Kepler-675","Transit",2016,6.53000000,2.44000000,2.33743801000,0.0325000000,0.000000,1070.00,4945.00,0.750000,0.790000,1,1
"Kepler-1489 c","Kepler-1489","Transit",2024,0.08700000,0.51000000,0.68074100000,,,,5565.53,0.957000,0.977000,1,2
"K2-190 c","K2-190","Transit",2018,1.34000000,1.09308317,21.57402300000,,,,5631.00,0.912206,0.904597,1,2
"Kepler-276 c","Kepler-276","Transit",2013,16.60000000,2.90000000,31.88400000000,0.1861900000,0.000000,563.00,5693.00,1.030000,1.100000,1,3
"HD 148164 b","HD 148164","Radial Velocity",2018,390.93090000,13.70000000,328.55000000000,0.9930000000,0.587000,337.89,6032.00,1.340000,1.210000,1,2
"Kepler-1996 b","Kepler-1996","Transit",2023,5.73000000,2.26000000,32.37618300000,0.1789000000,0.000000,392.00,4580.00,0.675000,0.748000,1,2
"HIP 107772 b","HIP 107772","Radial Velocity",2020,12.90000000,3.64000000,55.19900000000,0.2430000000,0.180000,280.92,4006.00,0.513922,0.630000,1,1
"Kepler-446 c","Kepler-446","Transit",2015,1.41000000,1.11000000,3.03617900000,0.0283000000,0.000000,520.00,3359.00,0.240000,0.220000,1,3
"KIC 3526061 b","KIC 3526061","Radial Velocity",2022,5768.58558705,12.10000000,3552.00000000000,5.1400000000,0.850000,248.63,4829.00,5.860000,1.420000,1,1
"HD 11964 c","HD 11964","Radial Velocity",2008,25.00000000,5.38000000,37.91000000000,0.2290000000,0.300000,757.54,5303.00,2.009710,0.910000,2,2
"Kepler-1482 b","Kepler-1482","Transit",2016,1.01000000,1.01000000,12.25383217000,0.0996800000,0.000000,678.00,5381.00,0.840000,0.880000,1,1
"TOI-5515 b","TOI-5515","Transit",2026,7.53000000,2.65362762,8.59225810839,,,778.10,5483.65,0.835682,0.963000,1,1
"TOI-2184 b","TOI-2184","Transit",2022,206.58846455,11.39953337,6.90683000000,,0.080000,1676.05,5966.00,2.900000,1.530000,1,1
"HD 102329 c","HD 102329","Radial Velocity",2016,483.10160000,13.50000000,1123.00000000000,,0.209000,,4830.00,6.300000,1.300000,1,2
"HD 39194 b","HD 39194","Radial Velocity",2021,4.62000000,1.99000000,5.63692000000,0.0589500000,0.101000,915.16,5205.00,0.783742,0.860000,1,3
"HD 199509 b","HD 199509","Radial Velocity",2022,43.22466335,7.43000000,99.62167000000,0.4260000000,0.373000,410.73,5796.02,0.920000,1.040000,1,1
"Kepler-325 d","Kepler-325","Transit",2014,8.20000000,2.79000000,38.71518500000,0.2200000000,0.000000,498.00,5752.00,1.003000,0.914000,1,3
"Kepler-1940 b","Kepler-1940","Transit",2021,3.01000000,1.54732469,4.95061016100,0.0525000000,0.000000,885.00,5431.00,0.717000,0.802000,1,1
"TOI-2545 b","TOI-2545","Transit",2022,8.00000000,2.75000000,7.99403700000,,,1022.99,5846.29,1.253240,1.055000,1,1
"Kepler-1612 b","Kepler-1612","Transit",2016,1.08000000,1.03000000,3.91795101000,0.0482000000,0.000000,1030.00,5643.00,0.940000,0.960000,1,1
"HD 136352 c","HD 136352","Radial Velocity",2019,11.24000000,2.91600000,27.59221000000,0.1721000000,0.000000,677.00,5664.00,1.058000,0.870000,1,3
"EPIC 201615463 c","K2-166","Transit",2019,1.98000000,1.22000000,3.80464000000,,,,5960.00,1.610000,1.073000,1,2
"Kepler-225 b","Kepler-225","Transit",2014,1.87000000,1.20000000,6.73897500000,0.0560000000,0.000000,579.00,3682.00,0.480000,0.593000,1,2
"HD 20868 b","HD 20868","Radial Velocity",2008,397.28750000,13.70000000,380.85001000000,0.9500000000,0.750000,207.11,4802.00,0.760000,0.390000,1,1
"Kepler-1930 b","Kepler-1930","Transit",2021,2.95000000,1.52955541,13.02680016000,0.1023300000,0.000000,643.00,5083.00,0.844000,0.844000,1,1
"Kepler-1439 b","Kepler-1439","Transit",2016,2.73000000,1.46000000,8.07392849000,0.0594000000,0.000000,420.00,3578.00,0.430000,0.460000,1,1
"HD 155193 b","HD 155193","Radial Velocity",2021,238.37130525,14.00000000,352.65000000000,1.0400000000,0.210000,391.86,6239.00,1.764390,1.221000,1,1
"TOI-1266 c","TOI-1266","Transit",2020,3.17000000,1.98000000,18.80270000000,0.1050000000,0.071000,346.00,3563.00,0.423200,0.437000,1,3
"Kepler-1536 b","Kepler-1536","Transit",2016,10.00000000,3.14000000,364.75803100000,0.8507000000,0.000000,166.00,4434.00,0.670000,0.710000,1,1
"HD 134987 b","HD 134987","Radial Velocity",1999,511.70630000,13.50000000,258.17999000000,0.8100000000,0.230000,339.45,5736.00,1.220000,1.100000,1,2
"Kepler-961 b","Kepler-961","Transit",2016,7.04000000,2.55000000,16.87727414000,0.1258500000,0.000000,642.00,5582.00,0.900000,0.960000,1,1
"Kepler-539 b","Kepler-539","Transit",2016,308.29510000,8.37312300,125.63243000000,0.4988000000,0.390000,387.60,5820.00,0.952000,1.048000,1,2
"HD 5278 c","HD 5278","Radial Velocity",2021,18.40000000,4.49000000,40.87000000000,0.2416000000,0.070000,664.95,6203.00,1.194000,1.126000,1,2
"Kepler-319 c","Kepler-319","Transit",2014,7.41000000,2.63000000,6.94135700000,0.0690000000,0.000000,876.00,5526.00,0.903000,0.933000,1,3
"Kepler-1099 b","Kepler-1099","Transit",2016,8.40000000,2.83000000,2.16845259300,0.0337000000,0.000000,1558.00,5837.00,1.000000,1.010000,1,1
"Kepler-244 d","Kepler-244","Transit",2014,15.20000000,2.31000000,20.05040100000,0.1400000000,0.000000,622.00,5554.00,0.803000,0.933000,1,3
"NY Vir c","NY Vir","Eclipse Timing Variations",2019,1760.77820000,12.80000000,8799.00000000000,,0.150000,,32780.00,0.151000,0.459000,2,2
"Kepler-377 b","Kepler-377","Transit",2014,2.51000000,1.39000000,12.50952900000,0.1090000000,0.000000,875.00,5949.00,1.224000,1.043000,1,2
"Kepler-879 b","Kepler-879","Transit",2016,7.13000000,2.57000000,33.38559380000,0.2012000000,0.000000,580.00,5792.00,1.020000,1.020000,1,2
"Kepler-705 b","Kepler-705","Transit",2016,5.10000000,2.11000000,56.05605380000,0.2320000000,0.000000,265.00,3722.00,0.510000,0.530000,1,1
"Kepler-163 c","Kepler-163","Transit",2014,5.73000000,2.26000000,21.34726200000,0.1520000000,0.000000,648.00,5776.00,0.917000,0.882000,1,2
"TOI-778 b","TOI-778","Transit",2023,878.00000000,15.40000000,4.63361100000,0.0600000000,0.210000,1561.00,6643.00,1.710000,1.400000,1,1
"Kepler-1355 b","Kepler-1355","Transit",2016,2.73000000,1.46000000,1.28958811200,0.0224000000,0.000000,1448.00,5352.00,0.830000,0.880000,1,1
"KOI-134 b","KOI-134","Transit",2025,346.43296363,12.03844527,67.12770000000,0.3630000000,0.160000,659.00,6160.00,1.667000,1.407000,1,2
"Kepler-138 b","Kepler-138","Transit",2014,0.07000000,0.64000000,10.31340000000,0.0753000000,0.020000,452.00,3841.00,0.535000,0.535000,1,4
"Kepler-1542 e","Kepler-1542","Transit",2016,0.36300000,0.76000000,5.10115756000,0.0564900000,0.000000,1065.00,5564.00,0.990000,0.940000,1,4
"Kepler-1579 b","Kepler-1579","Transit",2016,0.52000000,0.84000000,0.84990788900,0.0140000000,0.000000,1139.00,4584.00,0.700000,0.750000,1,1
"K2-264 c","K2-264","Transit",2018,7.60000000,2.66800000,19.66030200000,0.1128300000,0.450000,331.00,3660.00,0.473000,0.496000,1,2
"Kepler-1073 d","Kepler-1073","Transit",2021,2.82000000,1.48770949,2.50476002700,0.0352000000,0.000000,1369.00,5509.00,1.116000,0.924000,1,3
"Kepler-510 b","Kepler-510","Transit",2016,6.66000000,2.47000000,19.55659418000,0.1352000000,0.000000,797.00,5746.00,1.410000,0.910000,1,1
"HD 164509 b","HD 164509","Radial Velocity",2012,140.79869000,14.30000000,280.17000000000,0.8700000000,0.238000,319.12,5859.00,1.110000,1.120000,2,1
"TIC 34085383 b","TIC 34085383","Transit",2026,14.60000000,3.91982296,3.47793368523,,,,4694.84,0.809951,0.733000,1,1
"TYC 3667-1280-1 b","TYC 3667-1280-1","Radial Velocity",2016,1716.28200000,12.80000000,26.46800000000,0.2100000000,0.036000,1350.00,5130.00,6.260000,1.870000,1,1
"HATS-59 c","HATS-59","Radial Velocity",2018,4036.44100000,12.30000000,1422.00000000000,2.5040000000,0.083000,175.90,5670.00,1.036000,1.038000,1,2
"Kepler-1605 b","Kepler-1605","Transit",2016,1.28000000,1.08000000,85.75654950000,0.3656700000,0.000000,528.00,5280.00,0.820000,0.860000,1,1
"Ross 458 c","Ross 458","Imaging",2010,1906.98000000,14.01125000,,1100.0000000000,,4.32,3965.42,0.562566,0.556419,2,1
"SR 12 AB c","SR 12 AB","Imaging",2010,4131.62000000,12.30000000,,,,,3828.93,1.103075,,2,1
"HD 187123 b","HD 187123","Radial Velocity",1998,166.21800000,14.20000000,3.09658280000,0.0426000000,0.010300,1450.90,5790.00,1.150430,1.040000,1,2
"OGLE-TR-132 b","OGLE-TR-132","Transit",2004,375.02000000,13.45000000,1.68986800000,0.0303500000,0.600000,2013.00,6210.00,1.320000,1.305000,1,1
"OGLE-TR-56 b","OGLE-TR-56","Transit",2002,441.77000000,15.27800000,1.21191890000,0.0238300000,0.000000,2212.00,6050.00,1.363000,1.228000,1,1
"WASP-156 b","WASP-156","Transit",2017,42.00000000,6.15000000,3.83616290000,0.0460000000,0.160000,934.50,5036.00,0.826800,0.871200,1,1
"HD 22781 b","HD 22781","Radial Velocity",2011,4338.20000000,12.30000000,528.07000000000,1.1670000000,0.819100,193.48,5027.00,0.743475,0.750000,1,1
"Kepler-16 b","Kepler-16","Transit",2011,105.83300000,8.44930000,228.77600000000,0.7048000000,0.006900,205.90,4450.00,0.648900,0.689700,2,1
"Kepler-27 c","Kepler-27","Transit",2011,4385.87000000,4.90000000,31.33090000000,0.1910000000,0.000000,481.00,5400.00,0.590000,0.650000,1,3
"WASP-23 b","WASP-23","Transit",2010,280.95000000,10.78300000,2.94442560000,0.0376000000,0.062000,1076.55,5150.00,0.765000,0.780000,1,1
"Kepler-27 b","Kepler-27","Transit",2011,2895.31000000,4.00000000,15.33480000000,0.1180000000,0.000000,610.00,5400.00,0.590000,0.650000,1,3
"HD 114783 b","HD 114783","Radial Velocity",2001,349.60000000,13.70000000,493.70000000000,1.1600000000,0.144000,210.79,5135.00,0.840622,0.853000,1,2
"HD 19994 b","HD 19994","Radial Velocity",2003,435.41000000,13.60000000,466.20000000000,1.3050000000,0.063000,350.10,6188.00,1.796470,1.365000,3,1
"47 UMa b","47 UMa","Radial Velocity",1996,804.08000000,13.20000000,1078.00000000000,2.1000000000,0.032000,215.23,5872.00,1.213340,1.060000,1,3
"Kepler-18 c","Kepler-18","Transit",2011,17.30000000,5.49000000,7.64159000000,0.0752000000,0.000000,899.00,5345.00,1.108000,0.972000,1,3
"Kepler-18 b","Kepler-18","Transit",2011,6.90000000,2.00000000,3.50472500000,0.0447000000,0.000000,1165.00,5345.00,1.108000,0.972000,1,3
"Kepler-31 c","Kepler-31","Transit",2011,1493.70000000,5.30000000,42.63180000000,0.2600000000,0.000000,615.00,6340.00,1.220000,1.210000,1,3
"Kepler-32 e","Kepler-32","Transit",2012,4.08181000,1.50000000,2.89600000000,0.0330000000,0.000000,652.00,3900.00,0.530000,0.580000,1,5
"61 Vir b","61 Vir","Radial Velocity",2009,5.10000000,2.11000000,4.21500000000,0.0502010000,0.120000,1177.85,5577.00,0.963000,0.942000,1,3
"61 Vir c","61 Vir","Radial Velocity",2009,18.20000000,4.46000000,38.02100000000,0.2175000000,0.140000,565.87,5577.00,0.963000,0.942000,1,3
"47 UMa d","47 UMa","Radial Velocity",2009,521.22000000,13.50000000,14002.00000000000,11.6000000000,0.160000,91.58,5872.00,1.213340,1.060000,1,3
"47 UMa c","47 UMa","Radial Velocity",2001,171.62100000,14.20000000,2391.00000000000,3.6000000000,0.098000,164.38,5872.00,1.213340,1.060000,1,3
"BD-08 2823 c","BD-08 2823","Radial Velocity",2009,104.00000000,12.50000000,237.60000000000,0.6800000000,0.190000,233.85,4746.00,0.710000,0.740000,1,2
"CoRoT-23 b","CoRoT-23","Transit",2011,889.90000000,11.77000000,3.63130000000,0.0480000000,0.160000,1660.00,5900.00,1.610000,1.140000,1,1
"Kepler-18 d","Kepler-18","Transit",2011,16.40000000,6.98000000,14.85888000000,0.1172000000,0.000000,720.00,5345.00,1.108000,0.972000,1,3
"HATS-1 b","HATS-1","Transit",2012,589.55000000,14.59400000,3.44645900000,0.0444000000,0.120000,1359.00,5870.00,1.038000,0.986000,1,1
"HD 47186 c","HD 47186","Radial Velocity",2008,111.42000000,13.00000000,1353.60000000000,2.3950000000,0.249000,183.18,5657.00,1.080000,0.960000,1,2
"HD 196885 A b","HD 196885 A","Radial Velocity",2007,819.97000000,13.20000000,1333.00000000000,2.3700000000,0.480000,224.21,6254.00,1.310000,1.280000,2,1
"CoRoT-6 b","CoRoT-6","Transit",2009,940.74000000,13.06800000,8.88659300000,0.0855000000,0.100000,1017.00,6090.00,1.025000,1.050000,1,1
"HR 8799 b","HR 8799","Imaging",2008,2000.00000000,13.00000000,170000.00000000000,68.0000000000,,1200.00,7204.58,1.493380,1.500000,1,4
"HAT-P-37 b","HAT-P-37","Transit",2011,371.52800000,13.20400000,2.79743600000,0.0379000000,0.058000,1271.00,5500.00,0.877000,0.929000,1,1
"Kepler-42 b","Kepler-42","Transit",2011,0.70594400,0.78000000,1.21376720000,0.0116000000,0.040000,519.00,3068.00,0.170000,0.130000,1,3
"Kepler-32 d","Kepler-32","Transit",2012,39.90890000,2.70000000,22.78020000000,0.1300000000,0.000000,328.00,3900.00,0.530000,0.580000,1,5
"Kepler-32 f","Kepler-32","Transit",2012,1862.11000000,0.82000000,0.74296000000,0.0130000000,0.000000,1026.00,3900.00,0.530000,0.580000,1,5
"BD+20 2457 b","BD+20 2457","Radial Velocity",2009,6807.63000000,12.10000000,379.63000000000,1.4500000000,0.150000,1159.67,4137.00,49.000000,2.800000,1,2
"HR 8799 d","HR 8799","Imaging",2008,3000.00000000,13.00000000,37000.00000000000,24.0000000000,0.600000,1300.00,7204.58,1.493380,1.500000,1,4
"GJ 179 b","GJ 179","Radial Velocity",2009,301.93698665,13.80000000,2288.00000000000,2.4100000000,0.210000,64.53,3370.00,0.380000,0.357000,1,1
"SWEEPS-4 b","SWEEPS-4","Transit",2006,1207.70000000,9.07900000,4.20000000000,0.0550000000,,,,1.180000,1.240000,1,1
"Kepler-42 c","Kepler-42","Transit",2011,60.33700000,0.73000000,0.45328509000,0.0060000000,0.000000,720.00,3068.00,0.170000,0.130000,1,3
"Kepler-33 c","Kepler-33","Transit",2011,0.39000000,3.20000000,13.17562000000,0.1189000000,0.000000,1009.00,5904.00,1.820000,1.291000,1,5
"Kepler-35 b","Kepler-35","Transit",2011,40.36300000,8.16000000,131.45800000000,0.6034700000,0.042000,352.89,5606.00,1.028400,0.887700,2,1
"CoRoT-16 b","CoRoT-16","Transit",2011,170.03200000,13.11000000,5.35227000000,0.0618000000,0.330000,1195.53,5650.00,1.190000,1.098000,1,1
"HD 240210 b","HD 240210","Radial Velocity",2009,1655.82000000,12.80000000,501.75000000000,1.1600000000,0.150000,970.67,4297.00,25.456816,0.820000,1,1
"BD+20 2457 c","BD+20 2457","Radial Velocity",2009,3963.17000000,12.40000000,621.99000000000,2.0100000000,0.180000,984.96,4137.00,49.000000,2.800000,1,2
"HD 110014 b","HD 110014","Radial Velocity",2009,3524.59000000,12.40000000,835.47700000000,2.1400000000,0.462000,669.84,4445.00,20.900000,2.170000,1,1
"HIP 5158 b","HIP 5158","Radial Velocity",2009,451.00000000,13.60000000,345.72000000000,0.8900000000,0.520000,219.65,4962.00,0.750000,0.780000,1,2
"Kepler-33 e","Kepler-33","Transit",2011,5.57000000,4.02000000,31.78440000000,0.2138000000,0.000000,752.00,5904.00,1.820000,1.291000,1,5
"Kepler-33 d","Kepler-33","Transit",2011,3.91000000,5.35000000,21.77596000000,0.1662000000,0.000000,853.00,5904.00,1.820000,1.291000,1,5
"BD+20 274 b","BD+20 274","Radial Velocity",2012,1334.88600000,13.00000000,578.20000000000,1.3000000000,0.210000,755.70,4296.00,17.300000,0.800000,1,1
"KELT-1 b","KELT-1","Transit",2012,8654.15000000,12.44200000,1.21751400000,0.0246600000,0.009900,2361.00,6516.00,1.471000,1.335000,1,1
"CoRoT-5 b","CoRoT-5","Transit",2009,148.42000000,15.55800000,4.03789620000,0.0494700000,0.090000,1438.00,6100.00,1.186000,1.000000,1,1
"HD 134987 c","HD 134987","Radial Velocity",2009,260.00000000,13.90000000,5000.00000000000,5.8000000000,0.120000,125.03,5585.00,1.250000,1.100000,1,2
"HD 147018 b","HD 147018","Radial Velocity",2009,674.00000000,13.40000000,44.23600000000,0.2388000000,0.468600,519.98,5441.00,0.937948,0.927000,1,2
"Kepler-33 f","Kepler-33","Transit",2011,9.60000000,4.46000000,41.02902000000,0.2535000000,0.000000,691.00,5904.00,1.820000,1.291000,1,5
"Kepler-31 b","Kepler-31","Transit",2011,36.74180000,5.50000000,20.86130000000,0.1600000000,0.000000,781.00,6340.00,1.220000,1.210000,1,3
"Kepler-34 b","Kepler-34","Transit",2011,69.92000000,8.56400000,288.82200000000,1.0896000000,0.182000,294.42,5913.00,1.161800,1.047900,2,1
"HD 45350 b","HD 45350","Radial Velocity",2004,568.89000000,13.50000000,963.60000000000,1.9200000000,0.778000,217.81,5566.00,1.264420,0.980000,1,1
"HD 147018 c","HD 147018","Radial Velocity",2009,2080.00000000,12.70000000,1008.00000000000,1.9220000000,0.133000,183.28,5441.00,0.937948,0.927000,1,2
"CFBDSIR J145829+101343 b","CFBDSIR J145829+101343","Imaging",2011,3337.10000000,12.40000000,10037.50000000000,2.6000000000,,370.00,580.50,,0.021000,1,1
"HD 220773 b","HD 220773","Radial Velocity",2011,460.80000000,13.60000000,3724.70000000000,4.9400000000,0.510000,167.02,5940.00,1.679696,1.160000,1,1
"HD 147513 b","HD 147513","Radial Velocity",2003,385.00000000,13.70000000,528.40000000000,1.3200000000,0.260000,244.43,5883.00,0.980000,1.110000,2,1
"HD 129445 b","HD 129445","Radial Velocity",2009,797.74930157,13.30000000,1840.00000000000,2.9000000000,0.700000,173.36,5646.00,1.175816,0.990000,1,1
"WASP-5 b","WASP-5","Transit",2008,502.15000000,12.18400000,1.62842790000,0.0267000000,0.038000,1706.00,5700.00,1.029000,0.960000,1,1
"OGLE-TR-111 b","OGLE-TR-111","Transit",2004,174.79900000,11.42197100,4.01444630000,0.0473000000,0.000000,1019.00,5040.00,0.830000,0.820000,1,1
"HD 8535 b","HD 8535","Radial Velocity",2010,216.12440000,14.00000000,1313.00000000000,2.4500000000,0.150000,206.21,6136.00,1.190000,1.130000,2,1
"MOA-2009-BLG-266L b","MOA-2009-BLG-266L","Microlensing",2011,10.40000000,3.21000000,2800.00000000000,3.2000000000,,,,,0.560000,1,1
"GJ 667 C b","GJ 667 C","Radial Velocity",2012,5.68000000,2.25000000,7.20300000000,0.0504310000,0.200000,,3350.00,,0.330000,3,5
"HIP 5158 c","HIP 5158","Radial Velocity",2011,4780.16320000,12.20000000,9017.76000000000,7.7000000000,0.140000,72.63,4813.00,0.754089,0.780000,1,2
"HAT-P-23 b","HAT-P-23","Transit",2010,664.23700000,15.33400000,1.21288400000,0.0232000000,0.106000,2056.00,5905.00,1.203000,1.130000,1,1
"HAT-P-20 b","HAT-P-20","Transit",2010,2302.89900000,9.71800000,2.87531700000,0.0361000000,0.015000,970.00,4595.00,0.694000,0.756000,1,1
"CoRoT-17 b","CoRoT-17","Transit",2011,772.29000000,11.43000000,3.76810000000,0.0461000000,0.000000,1626.00,5740.00,1.590000,1.040000,1,1
"HD 132563 b","HD 132563","Radial Velocity",2011,473.54700000,13.60000000,1544.00000000000,2.6200000000,0.220000,213.27,6289.00,1.295770,1.231000,3,1
"Kepler-45 b","Kepler-45","Transit",2011,160.49700000,10.76000000,2.45523900000,0.0300000000,0.110000,1000.00,3820.00,0.550000,0.590000,1,1
"HU Aqr AB b","HU Aqr","Eclipse Timing Variations",2011,1875.19700000,12.80000000,2390.00000000000,3.6000000000,0.000000,,5952.00,,0.880000,2,2
"Kepler-417 b","Kepler-417","Transit",2014,11.00000000,2.31000000,12.33100000000,0.1006000000,0.000000,671.00,5177.00,0.806000,0.900000,1,2
"Kepler-37 d","Kepler-37","Transit",2013,2.00000000,2.03000000,39.79226220000,0.2109000000,0.100000,499.00,5357.00,0.789000,0.790000,1,4
"GJ 3634 b","GJ 3634","Radial Velocity",2010,8.40000000,2.83000000,2.64561000000,0.0287000000,0.080000,656.45,3517.00,0.430000,0.450000,1,1
"Kepler-14 b","Kepler-14","Transit",2011,2669.66000000,12.73300000,6.79012300000,0.0771000000,0.035000,1605.00,6395.00,2.048000,1.512000,2,1
"CoRoT-18 b","CoRoT-18","Transit",2011,1102.82000000,14.68000000,1.90006930000,0.0295000000,0.080000,1550.00,5440.00,1.000000,0.950000,1,1
"Kepler-15 b","Kepler-15","Transit",2011,209.76000000,10.76000000,4.94278200000,0.0571400000,0.060000,1251.00,5515.00,0.992000,1.018000,1,1
"KOI-55 b","KOI-55","Orbital Brightness Modulation",2011,0.44000000,0.75900000,0.24010400000,0.0060000000,,7777.78,27730.00,0.203000,0.496000,1,2
"CoRoT-14 b","CoRoT-14","Transit",2010,2415.40000000,12.22000000,1.51214000000,0.0270000000,0.000000,1952.00,6035.00,1.210000,1.130000,1,1
"HD 11964 b","HD 11964","Radial Velocity",2005,198.00000000,14.10000000,1945.00000000000,3.1600000000,0.041000,203.93,5303.00,2.009710,0.910000,2,2
"HAT-P-4 b","HAT-P-4","Transit",2007,213.25500000,14.28000000,3.05653600000,0.0443800000,0.000000,1686.00,5860.00,1.596000,1.248000,2,1
"OGLE-TR-10 b","OGLE-TR-10","Transit",2004,197.04600000,14.01100000,3.10127800000,0.0434000000,0.000000,1702.00,5950.00,1.170000,1.140000,1,1
"OGLE-TR-113 b","OGLE-TR-113","Transit",2004,400.44900000,12.25100000,1.43247520000,0.0228900000,0.000000,1342.00,4790.00,0.774000,0.779000,1,1
"HD 192310 b","HD 192310","Radial Velocity",2011,16.90000000,4.27000000,74.72000000000,0.3200000000,0.130000,355.00,5166.00,0.857922,0.800000,1,2
"OGLE-2014-BLG-1760L b","OGLE-2014-BLG-1760L","Microlensing",2016,295.89824692,13.80000000,,1.8870000000,,,,,0.803000,1,1
"OGLE-2013-BLG-0132L b","OGLE-2013-BLG-0132L","Microlensing",2017,92.00000000,11.60000000,,3.6000000000,,,,,0.540000,1,1
"Kepler-277 b","Kepler-277","Transit",2013,87.30000000,2.92000000,17.32400000000,0.1416800000,0.000000,964.00,5946.00,1.690000,1.120000,1,2
"KMT-2017-BLG-1194L b","KMT-2017-BLG-1194L","Microlensing",2023,3.54000000,1.70000000,,1.7800000000,,,,,0.410000,1,1
"KMT-2017-BLG-2331L b","KMT-2017-BLG-2331L","Microlensing",2024,171.00000000,14.20000000,,2.1400000000,,,,,0.400000,1,1
"HD 41004 A b","HD 41004 A","Radial Velocity",2004,807.25000000,13.20000000,963.00000000000,,0.740000,,5310.00,0.850000,0.950000,2,2
"OGLE-2019-BLG-0299L b","OGLE-2019-BLG-0299L","Microlensing",2021,1976.89269154,12.70000000,,2.8000000000,,,,,0.590000,1,1
"Kepler-476 b","Kepler-476","Transit",2016,9.69000000,3.08000000,14.00640607000,0.1126000000,0.000000,807.00,5837.00,1.090000,1.030000,1,1
"KMT-2021-BLG-2294L b","KMT-2021-BLG-2294L","Microlensing",2022,22.24798849,5.02000000,,1.1500000000,,,,,0.140000,1,1
"KMT-2022-BLG-1013L b","KMT-2022-BLG-1013L","Microlensing",2023,98.52680617,12.10000000,,1.3800000000,,,,,0.180000,1,1
"Kepler-247 d","Kepler-247","Transit",2014,50.00000000,4.50000000,20.47370000000,0.1408100000,0.102000,530.00,5094.00,0.791000,0.884000,1,4
"WASP-155 b","WASP-155","Transit",2025,276.82854250,13.45077684,3.11041300000,0.0430000000,0.000000,1468.00,5660.00,1.240000,1.090000,1,1
"KMT-2019-BLG-0414L b","KMT-2019-BLG-0414L","Microlensing",2022,1452.47581999,12.90000000,,1.1600000000,,,,,0.740000,1,1
"HD 62509 b","HD 62509","Radial Velocity",2006,731.00000000,13.30000000,589.64000000000,1.6400000000,0.020000,549.60,4892.63,8.900000,2.000000,1,1
"Kepler-65 b","Kepler-65","Transit",2012,2.40000000,1.42000000,2.15491000000,0.0350000000,0.028000,1740.00,6211.00,1.410000,1.250000,1,4
"RR Cae b","RR Cae","Eclipse Timing Variations",2012,1334.88600000,13.00000000,4343.50000000000,5.3000000000,0.000000,35.94,3904.00,0.193119,0.440000,2,1
"WASP-65 b","WASP-65","Transit",2013,492.62000000,12.46400000,2.31142430000,0.0334000000,0.000000,1480.00,5600.00,1.010000,0.930000,1,1
"Kepler-30 c","Kepler-30","Transit",2012,640.00000000,12.30000000,60.32310500000,0.3000000000,0.011100,411.00,5498.00,0.950000,0.990000,1,3
"Kepler-38 b","Kepler-38","Transit",2012,122.00000000,4.30000000,105.59900000000,0.4632000000,0.032000,475.00,5623.00,1.752000,0.941000,2,1
"WASP-8 c","WASP-8","Radial Velocity",2013,3003.37000000,12.50000000,4323.00000000000,5.2800000000,0.000000,116.99,5690.00,0.960000,1.040000,2,2
"ROXs 42 B b","ROXs 42 B","Imaging",2013,2860.00000000,12.50000000,,157.0000000000,0.580000,1975.00,3433.00,1.336580,1.000000,2,1
"WASP-1 b","WASP-1","Transit",2007,271.41500000,16.62300000,2.51994540000,0.0388900000,0.000000,1812.00,6110.00,1.470000,1.240000,2,1
"Kepler-50 c","Kepler-50","Transit",2012,8.20000000,2.17000000,9.37647000000,0.0870000000,0.000000,1125.00,6225.00,1.580000,1.240000,1,2
"BD+15 2940 b","BD+15 2940","Radial Velocity",2013,352.78000000,13.70000000,137.48000000000,0.5390000000,0.260000,1207.75,4796.00,14.700000,1.100000,1,1
"Kepler-87 b","Kepler-87","Transit",2013,324.20000000,13.49000000,114.73635000000,0.4810000000,0.036000,478.00,5600.00,1.820000,1.100000,1,2
"WASP-75 b","WASP-75","Transit",2013,340.06000000,14.23500000,2.48419300000,0.0375000000,0.000000,1710.00,6100.00,1.260000,1.140000,2,1
"Kepler-87 c","Kepler-87","Transit",2013,6.40000000,6.14000000,191.23180000000,0.6760000000,0.039000,403.00,5600.00,1.820000,1.100000,1,2
"WTS-1 b","WTS-1","Transit",2012,1274.44000000,16.70000000,3.35205700000,0.0470000000,0.100000,1500.00,6250.00,1.150000,1.200000,1,1
"CoRoT-26 b","CoRoT-26","Transit",2013,165.26000000,14.12000000,4.20474000000,0.0526000000,0.000000,1600.00,5590.00,1.790000,1.090000,1,1
"91 Aqr b","91 Aqr","Radial Velocity",2013,1017.00000000,13.10000000,181.40000000000,0.7000000000,0.027000,891.73,4665.00,11.000000,1.400000,3,1
"tau Gem b","tau Gem","Radial Velocity",2013,6547.00000000,12.10000000,305.50000000000,1.1700000000,0.031000,1012.69,4388.00,26.800000,2.300000,1,1
"HAT-P-42 b","HAT-P-42","Transit",2012,331.80100000,14.34800000,4.64187800000,0.0575000000,0.000000,1428.00,5743.00,1.530000,1.178000,1,1
"Kepler-56 c","Kepler-56","Transit",2012,181.00000000,9.80000000,21.40239000000,0.1652000000,0.000000,1087.00,4840.00,4.230000,1.320000,1,3
"HD 40307 f","HD 40307","Radial Velocity",2013,5.20000000,2.13000000,51.76000000000,0.2470000000,0.020000,398.00,4956.00,0.716684,0.770000,1,5
"Kepler-186 e","Kepler-186","Transit",2014,2.15000000,1.27000000,22.40770400000,0.1100000000,0.000000,319.00,3788.00,0.472000,0.478000,1,5
"Kepler-186 c","Kepler-186","Transit",2014,2.10000000,1.25000000,7.26730200000,0.0451000000,0.000000,464.00,3788.00,0.472000,0.478000,1,5
"GJ 163 c","GJ 163","Radial Velocity",2013,6.80000000,2.50000000,25.63058000000,0.1254000000,0.099000,305.07,3500.00,0.409738,0.400000,1,3
"GJ 163 d","GJ 163","Radial Velocity",2013,29.40000000,5.92000000,603.95116000000,1.0304000000,0.373000,106.43,3500.00,0.409738,0.400000,1,3
"Kepler-56 b","Kepler-56","Transit",2012,22.10000000,6.51000000,10.50160000000,0.1028000000,0.040000,1378.00,4840.00,4.230000,1.320000,1,3
"HD 208527 b","HD 208527","Radial Velocity",2012,3146.40000000,12.50000000,875.50000000000,2.1000000000,0.080000,959.79,4035.00,51.100000,1.600000,1,1
"HD 40307 g","HD 40307","Radial Velocity",2013,7.10000000,2.56000000,197.80000000000,0.6000000000,0.290000,255.00,4956.00,0.716684,0.770000,1,5
"Kepler-186 d","Kepler-186","Transit",2014,2.54000000,1.40000000,13.34299600000,0.0781000000,0.000000,379.00,3788.00,0.472000,0.478000,1,5
"GU Psc b","GU Psc","Imaging",2014,3591.30000000,14.17900000,,2000.0000000000,,1050.00,4031.81,0.450458,0.325000,1,1
"HIP 63242 b","HIP 63242","Radial Velocity",2013,2917.56000000,12.50000000,124.60000000000,0.5650000000,0.230000,993.26,4830.00,10.275655,1.540000,1,1
"Kepler-11 b","Kepler-11","Transit",2010,1.90000000,1.80000000,10.30390000000,0.0910000000,0.045000,849.00,5663.00,1.065000,0.961000,1,6
"KOI-351 f","KOI-351","Transit",2013,8.65000000,2.88000000,124.91440000000,0.4800000000,0.000000,407.00,6080.00,1.200000,1.200000,1,8
"CoRoT-1 b","CoRoT-1","Transit",2008,327.35000000,16.70000000,1.50895570000,0.0275200000,0.000000,1898.00,5950.00,1.110000,0.950000,1,1
"HAT-P-45 b","HAT-P-45","Transit",2014,283.49200000,15.98400000,3.12899200000,0.0452000000,0.049000,1652.00,6330.00,1.319000,1.259000,1,1
"HAT-P-44 b","HAT-P-44","Transit",2014,111.87100000,13.92200000,4.30121900000,0.0507000000,0.044000,1108.00,5295.00,0.949000,0.942000,1,2
"Kepler-11 e","Kepler-11","Transit",2010,8.00000000,4.19000000,31.99960000000,0.1950000000,0.012000,582.00,5663.00,1.065000,0.961000,1,6
"HD 95086 b","HD 95086","Imaging",2013,1589.00000000,12.90000000,,55.7000000000,,1000.00,7595.00,1.486670,1.600000,1,1
"HD 103774 b","HD 103774","Radial Velocity",2013,116.00000000,13.30000000,5.88810000000,0.0700000000,0.090000,1487.08,6489.00,1.581047,1.335000,2,1
"HAT-P-44 c","HAT-P-44","Radial Velocity",2014,1271.30000000,13.00000000,872.20000000000,1.7520000000,0.494000,187.92,5295.00,0.949000,0.942000,1,2
"HATS-5 b","HATS-5","Transit",2014,75.32300000,10.22300000,4.76338700000,0.0542000000,0.019000,1025.00,5304.00,0.871000,0.936000,1,1
"Kepler-11 g","Kepler-11","Transit",2010,25.00000000,3.33000000,118.38070000000,0.4660000000,0.150000,376.00,5663.00,1.065000,0.961000,1,6
"KOI-351 e","KOI-351","Transit",2013,7.56000000,2.66000000,91.93913000000,0.4200000000,0.000000,450.00,6080.00,1.200000,1.200000,1,8
"KOI-351 c","KOI-351","Transit",2013,1.81000000,1.19000000,8.71937500000,0.0890000000,0.000000,987.00,6080.00,1.200000,1.200000,1,8
"HD 109271 b","HD 109271","Radial Velocity",2013,17.16200000,4.31000000,7.85430000000,0.0790000000,0.250000,1128.86,5783.00,1.294595,1.047000,1,2
"HD 109271 c","HD 109271","Radial Velocity",2013,24.15400000,5.27000000,30.93000000000,0.1960000000,0.150000,716.68,5783.00,1.294595,1.047000,1,2
"bet Cnc b","bet Cnc","Radial Velocity",2014,2479.00000000,12.60000000,605.20000000000,1.7000000000,0.080000,1039.74,4092.10,47.200000,1.700000,2,1
"mu Leo b","mu Leo","Radial Velocity",2014,762.80000000,13.30000000,357.80000000000,1.1000000000,0.090000,704.49,4538.20,11.400000,1.500000,1,1
"Kepler-11 c","Kepler-11","Transit",2010,2.90000000,2.87000000,13.02410000000,0.1070000000,0.026000,786.00,5663.00,1.065000,0.961000,1,6
"OGLE-2012-BLG-0358L b","OGLE-2012-BLG-0358L","Microlensing",2013,588.00000000,13.40000000,,0.8700000000,,,,,0.022000,1,1
"HD 166724 b","HD 166724","Radial Velocity",2012,1207.74794660,13.00000000,5144.00000000000,5.4200000000,0.734000,94.83,5127.00,0.797485,0.810000,1,1
"WASP-64 b","WASP-64","Transit",2012,403.94500000,14.24700000,1.57329180000,0.0264800000,0.000000,1689.00,5400.00,1.058000,1.004000,2,1
"Kepler-67 b","Kepler-67","Transit",2013,8.96000000,2.94000000,15.72590000000,0.1171000000,0.000000,602.00,5331.00,0.778000,0.865000,1,1
"GJ 667 C c","GJ 667 C","Radial Velocity",2013,3.80000000,1.77000000,28.14000000000,0.1250000000,0.020000,,3350.00,,0.330000,3,5
"HAT-P-38 b","HAT-P-38","Transit",2012,84.85700000,9.24700000,4.64038200000,0.0523000000,0.067000,1082.00,5330.00,0.923000,0.886000,1,1
"OGLE-2011-BLG-0251L b","OGLE-2011-BLG-0251L","Microlensing",2012,170.00000000,14.20000000,,2.7200000000,,,,,0.260000,1,1
"PH1 b","PH1","Transit",2012,169.00000000,6.18000000,138.31700000000,0.6520000000,0.070200,481.00,6407.00,1.734000,1.528000,4,1
"Kepler-415 b","Kepler-415","Transit",2014,119.90000000,1.21000000,4.17600000000,0.0426000000,0.000000,694.00,4362.00,0.643000,0.670000,1,2
"Kepler-338 c","Kepler-338","Transit",2014,6.08000000,2.34000000,24.31085600000,0.1720000000,0.030000,831.00,5923.00,1.735000,1.105000,1,4
"WASP-126 b","WASP-126","Transit",2016,90.30000000,10.51358773,3.28883000000,0.0449000000,0.180000,1480.00,5800.00,1.270000,1.120000,1,1
"Kepler-1544 b","Kepler-1544","Transit",2016,3.82000000,1.78000000,168.81117400000,0.5446500000,0.000000,269.00,4886.00,0.740000,0.810000,1,1
"GJ 667 C e","GJ 667 C","Radial Velocity",2013,2.70000000,1.45000000,62.24000000000,0.2130000000,0.020000,,3350.00,,0.330000,3,5
"HD 207832 c","HD 207832","Radial Velocity",2012,232.01590000,14.00000000,1155.70000000000,2.1120000000,0.270000,179.84,5710.00,0.901000,0.940000,3,2
"HAT-P-39 b","HAT-P-39","Transit",2012,190.37200000,17.60900000,3.54387000000,0.0509000000,0.000000,1752.00,6430.00,1.625000,1.404000,2,1
"HD 150706 b","HD 150706","Radial Velocity",2012,772.32302901,13.30000000,5894.00000000000,6.7000000000,0.380000,108.81,5961.00,0.960000,1.170000,1,1
"HIP 57274 d","HIP 57274","Radial Velocity",2011,167.40000000,14.20000000,431.70000000000,1.0100000000,0.270000,183.59,4640.00,0.680000,0.730000,1,3
"Kepler-82 e","Kepler-82","Transit",2014,254.02000000,2.47000000,5.90220600000,0.0630000000,0.000000,926.00,5428.00,0.945000,0.946000,1,5
"Kepler-417 c","Kepler-417","Transit",2014,7.70000000,2.69000000,15.94300000000,0.1194000000,0.000000,616.00,5177.00,0.806000,0.900000,1,2
"CoRoT-2 b","CoRoT-2","Transit",2008,1102.82000000,16.43200000,1.74299350000,0.0279800000,0.014300,1521.00,5625.00,0.906000,0.960000,2,1
"TOI-1272 b","TOI-1272","Transit",2022,24.10000000,4.26000000,3.31597650000,0.0410000000,0.345000,1051.00,4985.00,0.800000,0.828000,1,1
"Kepler-82 f","Kepler-82","Transit Timing Variations",2019,20.90000000,4.84000000,75.73200000000,0.3395000000,0.001400,423.57,5401.00,0.898000,0.910000,1,5
"TOI-1883 b","TOI-1883","Transit",2024,13.70000000,5.65000000,4.50800000000,0.0423000000,0.000000,544.00,3554.00,0.506000,0.495000,1,1
"Oph 11 b","Oph 11","Imaging",2006,4449.62000000,12.30000000,7300000.00000000000,243.0000000000,,2175.00,2375.00,0.232692,0.016000,1,1
"Kepler-338 d","Kepler-338","Transit",2014,9.27000000,3.00000000,44.43101400000,0.2570000000,0.030000,680.00,5923.00,1.735000,1.105000,1,4
"Kepler-418 b","Kepler-418","Transit",2014,349.61124770,13.45000000,86.67856000000,0.3924900000,0.200000,434.00,5820.00,1.090000,0.980000,1,2
"DP Leo b","DP Leo","Eclipse Timing Variations",2009,1995.88832000,12.70000000,10220.00000000000,8.1900000000,0.390000,24.39,13500.00,0.011500,0.690000,2,1
"Kepler-58 b","Kepler-58","Transit",2012,35.50000000,2.78000000,10.21849540000,0.0929100000,0.040000,920.00,5843.00,1.030000,0.950000,1,4
"Kepler-59 c","Kepler-59","Transit",2012,3.81000000,1.98000000,17.98012350000,0.1311400000,0.000000,752.00,6074.00,0.940000,1.040000,1,2
"Kepler-130 c","Kepler-130","Transit",2014,8.75000000,2.90000000,27.50868000000,0.1780000000,0.000000,683.00,5879.00,1.170000,1.000000,2,3
"CoRoT-27 b","CoRoT-27","Transit",2014,3302.11000000,11.28700000,3.57532000000,0.0476000000,0.065000,1500.00,5900.00,1.080000,1.050000,1,1
"HIP 105854 b","HIP 105854","Radial Velocity",2014,2606.10000000,12.60000000,184.20000000000,0.8100000000,0.020000,822.14,4780.00,10.305119,2.100000,1,1
"Kapteyn c","Kapteyn","Radial Velocity",2014,7.00000000,2.54000000,121.54000000000,0.3110000000,0.230000,165.59,3550.00,0.291000,0.281000,1,1
"2MASS J01225093-2439505 b","2MASS J01225093-2439505","Imaging",2013,7786.50000000,11.20900000,,52.0000000000,,1600.00,3530.00,0.366450,0.400000,1,1
"Kepler-63 b","Kepler-63","Transit",2013,120.00000000,6.11000000,9.43415050000,0.0800000000,0.450000,791.00,5576.00,0.901000,0.984000,1,1
"Kepler-53 c","Kepler-53","Transit",2012,36.00000000,3.17000000,38.55830380000,0.2209100000,0.000000,550.00,5858.00,0.890000,0.980000,1,3
"Kepler-54 c","Kepler-54","Transit",2012,0.70000000,1.23000000,12.07172490000,0.0809000000,0.000000,395.00,3705.00,0.500000,0.510000,1,3
"Kepler-83 c","Kepler-83","Transit",2012,2.03000000,2.36000000,20.09000000000,0.1179600000,0.000000,362.00,4082.00,0.610000,0.660000,2,3
"Kepler-81 b","Kepler-81","Transit",2012,17.20000000,2.42000000,5.95500000000,0.0522000000,0.000000,635.00,4385.00,0.590000,0.640000,1,3
"Kepler-55 c","Kepler-55","Transit",2012,69.80000000,2.21000000,42.15164180000,0.2095000000,0.000000,349.00,4362.00,0.580000,0.620000,1,5
"Kepler-59 b","Kepler-59","Transit",2012,4.10000000,1.10000000,11.86817070000,0.0994300000,0.000000,864.00,6074.00,0.940000,1.040000,1,2
"HD 82943 b","HD 82943","Radial Velocity",2003,534.25000000,13.50000000,441.47000000000,1.1830600000,0.162000,286.13,5935.00,1.182600,1.080000,1,2
"HD 154857 c","HD 154857","Radial Velocity",2014,819.97000000,13.20000000,3452.00000000000,5.3600000000,0.060000,154.88,5605.00,1.760000,1.718000,1,2
"Kepler-62 d","Kepler-62","Transit",2013,14.00000000,1.95000000,18.16406000000,0.1200000000,0.000000,510.00,4925.00,0.640000,0.690000,1,5
"Kepler-62 b","Kepler-62","Transit",2013,9.00000000,1.31000000,5.71493200000,0.0553000000,0.000000,750.00,4925.00,0.640000,0.690000,1,5
"Kepler-83 b","Kepler-83","Transit",2012,2.94000000,2.83000000,9.77000000000,0.0729500000,0.000000,460.00,4082.00,0.610000,0.660000,2,3
"POTS-1 b","POTS-1","Transit",2013,734.16000000,10.54800000,3.16062960000,0.0373400000,,841.95,4400.00,0.588000,0.695000,1,1
"Kepler-54 b","Kepler-54","Transit",2012,0.98000000,2.10000000,8.01094340000,0.0619000000,0.022000,453.00,3705.00,0.500000,0.510000,1,3
"Kepler-55 b","Kepler-55","Transit",2012,43.00000000,2.43000000,27.94814490000,0.1593000000,0.000000,400.00,4362.00,0.580000,0.620000,1,5
"HD 82943 c","HD 82943","Radial Velocity",2003,622.60300000,13.40000000,220.07800000000,0.7434500000,0.366300,360.95,5935.00,1.182600,1.080000,1,2
"Kepler-413 b","Kepler-413","Transit",2014,67.00000000,4.34700000,66.26200000000,0.3553000000,0.118100,334.96,4700.00,0.776100,0.820000,2,1
"Kepler-61 b","Kepler-61","Transit",2013,5.27000000,2.15000000,59.87756000000,0.2486100000,0.250000,273.00,4017.00,0.620000,0.635000,1,1
"HAT-P-27 b","HAT-P-27","Transit",2011,197.05000000,11.43000000,3.03957700000,0.0400000000,0.000000,1091.99,5316.00,0.864673,0.916000,2,1
"Qatar-4 b","Qatar-4","Transit",2017,1938.76300000,12.72221500,1.80535640000,0.0280300000,0.000000,1385.00,5215.00,0.849000,0.896000,1,1
"WTS-2 b","WTS-2","Transit",2014,355.96960000,15.27786700,1.01870680000,0.0185500000,0.000000,2000.00,5000.00,0.752000,0.820000,1,1
"HD 4203 c","HD 4203","Radial Velocity",2014,689.66000000,13.30000000,6700.00000000000,6.9500000000,0.240000,124.96,5582.00,1.497950,0.990000,1,2
"Kepler-193 c","Kepler-193","Transit",2014,8.00000000,2.75000000,50.69749400000,0.2860000000,0.000000,595.00,6335.00,1.147000,1.051000,1,2
"Kepler-207 b","Kepler-207","Transit",2014,3.09000000,1.57000000,1.61186500000,0.0290000000,0.000000,1930.00,5920.00,1.588000,1.313000,1,3
"Kepler-313 b","Kepler-313","Transit",2014,6.94000000,2.53000000,14.97041800000,0.1250000000,0.000000,883.00,5727.00,1.536000,1.114000,1,2
"Kepler-120 c","Kepler-120","Transit",2014,2.96000000,1.53000000,12.79458500000,0.0880000000,0.000000,455.00,4096.00,0.534000,0.654000,1,2
"Kepler-238 e","Kepler-238","Transit",2013,169.70000000,5.60000000,23.65400000000,0.1728600000,0.000000,731.00,5800.00,0.960000,1.060000,1,5
"Kepler-328 b","Kepler-328","Transit",2013,28.50000000,2.30000000,34.92100000000,0.2199000000,0.000000,602.00,6064.00,1.060000,1.150000,1,2
"Kepler-280 b","Kepler-280","Transit",2014,2.70000000,1.45000000,2.13954200000,0.0320000000,0.000000,1425.00,5744.00,0.886000,0.962000,1,2
"Kepler-275 c","Kepler-275","Transit",2014,11.40000000,3.38000000,16.08813400000,0.1320000000,0.000000,875.00,6165.00,1.383000,1.189000,1,3
"Kepler-214 b","Kepler-214","Transit",2014,7.32000000,2.61000000,15.66054400000,0.1300000000,0.000000,758.00,6169.00,1.352000,1.110000,1,2
"Kepler-219 c","Kepler-219","Transit",2014,12.50000000,3.58000000,22.71461300000,0.1650000000,0.000000,766.00,5786.00,1.491000,1.164000,1,3
"Kepler-331 b","Kepler-331","Transit",2014,3.97000000,1.82000000,8.45749600000,0.0650000000,0.000000,540.00,4347.00,0.492000,0.653000,1,3
"Kepler-340 c","Kepler-340","Transit",2014,11.30000000,3.37000000,22.82466900000,0.1780000000,0.000000,946.00,6620.00,1.850000,1.650000,1,2
"TOI-4438 b","TOI-4438","Transit",2024,4.11000000,2.40000000,7.44629500000,0.0523000000,0.070000,446.00,3501.00,0.365000,0.345000,1,1
"Kepler-293 b","Kepler-293","Transit",2014,9.64000000,3.07000000,19.25419600000,0.1440000000,0.000000,657.00,5804.00,0.957000,0.934000,1,2
"Kepler-291 b","Kepler-291","Transit",2014,5.31000000,2.16000000,3.54651100000,0.0470000000,0.000000,1212.00,6002.00,1.016000,1.023000,1,2
"Kepler-224 d","Kepler-224","Transit",2014,5.90000000,2.30000000,11.34939300000,0.0890000000,0.000000,610.00,5018.00,0.676000,0.777000,1,4
"Kepler-124 c","Kepler-124","Transit",2014,3.71000000,1.75000000,13.82137500000,0.1000000000,0.000000,560.00,4984.00,0.636000,0.706000,1,3
"DMPP-7 b","DMPP-7","Radial Velocity",2026,68.95800000,9.78000000,4.92666000000,0.0607000000,0.054000,1456.00,6096.00,1.490000,1.230000,1,1
"HD 127195 b","HD 127195","Radial Velocity",2026,212.94503269,14.00000000,534.50000000000,,0.040000,,4981.00,4.160000,1.340000,1,2
"Kepler-111 b","Kepler-111","Transit",2014,3.12000000,1.58000000,3.34181500000,0.0460000000,0.000000,1356.00,5952.00,1.157000,1.171000,1,2
"Kepler-148 c","Kepler-148","Transit",2014,12.60000000,3.60000000,4.18004300000,0.0500000000,0.000000,957.00,5272.00,0.851000,0.860000,1,3
"Kepler-179 b","Kepler-179","Transit",2014,3.33000000,1.64000000,2.73592600000,0.0360000000,0.000000,1075.00,5302.00,0.759000,0.893000,1,2
"Kepler-290 c","Kepler-290","Transit",2014,7.75000000,2.70000000,36.77031000000,0.2050000000,0.000000,437.00,5147.00,0.743000,0.756000,1,3
"Kepler-226 b","Kepler-226","Transit",2014,24.00000000,1.55000000,3.94099700000,0.0470000000,0.000000,1018.00,5571.00,0.802000,0.904000,1,3
"Kepler-333 b","Kepler-333","Transit",2014,28.20000000,1.32000000,12.55115800000,0.0870000000,0.000000,480.00,4259.00,0.534000,0.601000,2,2
"Kepler-343 b","Kepler-343","Transit",2014,6.39000000,2.41000000,8.96855000000,0.0880000000,0.000000,1024.00,5807.00,1.433000,1.055000,1,2
"Kepler-197 d","Kepler-197","Transit",2014,1.98000000,1.22000000,15.67756300000,0.1190000000,0.030000,810.00,6004.00,1.120000,0.857000,2,4
"TOI-762 A b","TOI-762 A","Transit",2024,79.77493016,8.33948164,3.47168260000,0.0341800000,0.083000,555.40,3266.00,0.425000,0.442000,2,1
"Kepler-125 b","Kepler-125","Transit",2014,6.21000000,2.37000000,4.16438900000,0.0410000000,0.000000,590.00,3810.00,0.512000,0.542101,1,2
"Kepler-306 c","Kepler-306","Transit",2014,6.12000000,2.35000000,7.24019300000,0.0670000000,0.000000,716.00,4954.00,0.719000,0.750000,1,4
"Kepler-53 d","Kepler-53","Transit",2014,166.50300000,2.12000000,9.75196200000,0.0910000000,0.000000,870.00,6085.00,0.958000,0.966000,1,3
"Kepler-238 d","Kepler-238","Transit",2014,23.10000000,3.07000000,13.23354900000,0.1150000000,0.000000,888.00,5751.00,1.430000,1.229000,1,5
"Kepler-127 d","Kepler-127","Transit",2014,7.46000000,2.64000000,48.63040800000,0.2800000000,0.030000,590.00,6106.00,1.359000,1.248000,1,3
"Kepler-222 c","Kepler-222","Transit",2014,19.40000000,4.64000000,10.08881000000,0.0910000000,0.000000,734.00,5433.00,0.869000,0.933000,1,3
"Kepler-257 d","Kepler-257","Transit",2014,21.70000000,4.95000000,24.66455100000,0.1600000000,0.000000,567.00,5180.00,1.037000,0.916000,1,3
"Kepler-308 b","Kepler-308","Transit",2014,5.14000000,2.12000000,9.69492800000,0.0900000000,0.000000,833.00,5895.00,0.941000,0.920000,1,2
"Kepler-310 c","Kepler-310","Transit",2014,11.40000000,3.38000000,56.47542000000,0.2810000000,0.000000,417.00,5797.00,0.876000,0.854000,1,3
"Kepler-242 c","Kepler-242","Transit",2014,4.66000000,2.00000000,14.49648100000,0.1090000000,0.000000,613.00,5020.00,0.850000,0.748000,1,2
"Kepler-241 c","Kepler-241","Transit",2014,7.13000000,2.57000000,36.06597800000,0.1890000000,0.000000,397.00,4699.00,0.668000,0.671000,1,2
"Kepler-351 c","Kepler-351","Transit",2014,11.10000000,3.19000000,57.24809000000,0.2870000000,0.000000,431.00,5643.00,0.854000,0.810000,1,3
"Kepler-341 c","Kepler-341","Transit",2014,3.53000000,1.70000000,8.01041000000,0.0800000000,0.000000,940.00,6012.00,1.024000,0.976000,1,4
"Kepler-166 c","Kepler-166","Transit",2014,6.26000000,2.38000000,34.26028100000,0.1950000000,0.000000,468.00,5413.00,0.742000,0.811000,1,3
"Kepler-108 c","Kepler-108","Transit",2014,50.90000000,8.18000000,190.32349400000,0.7210000000,0.040000,426.00,5854.00,2.192000,1.247000,2,2
"Kepler-311 b","Kepler-311","Transit",2014,3.53000000,1.70000000,9.17609200000,0.0870000000,0.000000,960.00,5905.00,1.188000,0.994000,1,3
"Kepler-276 b","Kepler-276","Transit",2014,731.20900000,2.87000000,14.12841000000,0.1190000000,0.000000,739.00,6105.00,1.046000,0.845000,1,3
"Kepler-254 c","Kepler-254","Transit",2014,3.20000000,2.15000000,12.41218300000,0.1050000000,0.000000,787.00,5957.00,0.910000,0.849000,1,3
"Kepler-268 c","Kepler-268","Transit",2014,11.40000000,3.38000000,83.44639300000,0.3910000000,0.000000,471.00,6081.00,1.274000,1.109000,1,2
"Kepler-321 c","Kepler-321","Transit",2014,5.99000000,2.32000000,13.09392100000,0.1100000000,0.000000,752.00,5740.00,1.194000,1.024000,1,2
"Kepler-349 b","Kepler-349","Transit",2014,94.50000000,1.90000000,5.92977800000,0.0650000000,0.000000,972.00,5956.00,0.927000,1.083000,1,2
"Kepler-108 b","Kepler-108","Transit",2014,56.00000000,8.65000000,49.18392100000,0.2920000000,0.220000,669.00,5854.00,2.192000,1.247000,2,2
"Kepler-264 b","Kepler-264","Transit",2014,11.10000000,3.33000000,40.80623100000,0.2490000000,0.000000,772.00,6158.00,1.550000,1.426000,1,2
"Kepler-279 b","Kepler-279","Transit",2014,4180.93000000,3.62000000,12.30968100000,0.1120000000,0.000000,1104.00,6363.00,1.746000,1.200000,1,4
"Kepler-286 c","Kepler-286","Transit",2014,2.45000000,1.37000000,3.46809500000,0.0420000000,0.000000,1098.00,5580.00,0.863000,0.830000,1,4
"Kepler-171 c","Kepler-171","Transit",2014,7.08000000,2.56000000,11.46346200000,0.0980000000,0.000000,752.00,5642.00,0.839000,0.978000,1,3
"Kepler-238 b","Kepler-238","Transit",2014,3305.02000000,1.73000000,2.09087600000,0.0340000000,0.000000,1642.00,5751.00,1.430000,1.229000,1,5
"Kepler-329 c","Kepler-329","Transit",2014,4.38000000,1.93000000,18.68473700000,0.1130000000,0.000000,402.00,4257.00,0.523000,0.602000,1,2
"Kepler-345 c","Kepler-345","Transit",2014,2.20000000,1.20000000,9.38742700000,0.0770000000,0.000000,575.00,4504.00,0.623000,0.610000,1,2
"Kepler-263 b","Kepler-263","Transit",2014,7.61000000,2.67000000,16.56808700000,0.1200000000,0.000000,548.00,5265.00,0.785000,0.793000,1,2
"Kepler-268 b","Kepler-268","Transit",2014,7.04000000,2.55000000,25.93413800000,0.1800000000,0.000000,695.00,6081.00,1.274000,1.109000,1,2
"Kepler-287 b","Kepler-287","Transit",2014,83.00000000,2.33000000,20.34219900000,0.1450000000,0.000000,667.00,5806.00,1.032000,0.963000,1,2
"Kepler-290 b","Kepler-290","Transit",2014,5.69000000,2.25000000,14.58934700000,0.1100000000,0.000000,594.00,5147.00,0.743000,0.756000,1,3
"TOI-4409 b","TOI-4409","Transit",2026,14.93793513,7.44000000,92.49178900000,,0.036000,305.05,4928.00,0.720000,0.763000,1,1
"Kepler-148 b","Kepler-148","Transit",2014,3.89000000,1.80000000,1.72936600000,0.0280000000,0.000000,1284.00,5272.00,0.851000,0.860000,1,3
"HD 13908 c","HD 13908","Radial Velocity",2013,1630.40000000,12.80000000,931.00000000000,2.0300000000,0.120000,273.57,6255.00,1.670000,1.290000,1,2
"HD 159243 b","HD 159243","Radial Velocity",2013,359.13000000,13.70000000,12.62000000000,0.1100000000,0.020000,942.13,6123.00,1.120000,1.125000,1,2
"Kepler-292 d","Kepler-292","Transit",2014,5.60000000,2.23000000,7.05567900000,0.0680000000,0.000000,808.00,5299.00,0.826000,0.865000,1,5
"Kepler-297 c","Kepler-297","Transit",2014,42.10000000,6.54000000,74.92013700000,0.3360000000,0.000000,409.00,5619.00,0.915000,0.927000,1,3
"Kepler-150 e","Kepler-150","Transit",2014,9.91000000,3.12000000,30.82655700000,0.1890000000,0.000000,544.00,5560.00,0.939000,0.956000,1,5
"Kepler-178 c","Kepler-178","Transit",2014,8.65000000,2.88000000,20.55280200000,0.1420000000,0.000000,656.00,5676.00,1.066000,0.852000,1,3
"HD 73526 c","HD 73526","Radial Velocity",2005,715.09000000,13.30000000,379.10000000000,1.0300000000,0.280000,329.17,5601.00,1.530000,1.014000,1,2
"HD 106906 b","HD 106906","Imaging",2013,3496.00000000,12.40000000,,650.0000000000,,1800.00,6516.00,2.123510,1.500000,1,1
"Kepler-267 b","Kepler-267","Transit",2014,37.90000000,1.98000000,3.35372800000,0.0370000000,0.000000,615.00,4258.00,0.555000,0.541571,1,3
"Kepler-273 b","Kepler-273","Transit",2014,2.86000000,1.50000000,2.93653200000,0.0370000000,0.000000,1209.00,5626.00,0.815000,0.756000,1,2
"Kepler-306 b","Kepler-306","Transit",2014,2.92000000,1.52000000,4.64618600000,0.0500000000,0.000000,830.00,4954.00,0.719000,0.750000,1,4
"Kepler-309 c","Kepler-309","Transit",2014,6.85000000,2.51000000,105.35638300000,0.4010000000,0.000000,204.00,4713.00,0.721000,0.816000,1,2
"Kepler-207 c","Kepler-207","Transit",2014,2.86000000,1.50000000,3.07157100000,0.0440000000,0.000000,1556.00,5920.00,1.588000,1.313000,1,3
"Kepler-224 b","Kepler-224","Transit",2014,2.51000000,1.39000000,3.13292400000,0.0380000000,0.000000,937.00,5018.00,0.676000,0.777000,1,4
"Kepler-265 c","Kepler-265","Transit",2014,7.41000000,2.63000000,17.02893700000,0.1270000000,0.000000,755.00,5835.00,1.103000,0.970000,1,4
"Kepler-269 b","Kepler-269","Transit",2014,6.66000000,2.47000000,5.32671800000,0.0610000000,0.000000,1007.00,5847.00,0.959000,0.920000,1,2
"Kepler-119 c","Kepler-119","Transit",2014,0.72100000,0.92000000,4.12510300000,0.0490000000,0.000000,1016.00,5595.00,0.839000,0.918000,1,2
"Kepler-130 b","Kepler-130","Transit",2014,1.04000000,1.02000000,8.45745800000,0.0790000000,0.150000,982.00,5884.00,1.127000,0.927000,2,3
"Kepler-235 e","Kepler-235","Transit",2014,5.56000000,2.22000000,46.18366900000,0.2130000000,0.000000,306.00,4255.00,0.554000,0.581000,1,4
"Kepler-228 b","Kepler-228","Transit",2014,2.96000000,1.53000000,2.56654600000,0.0380000000,0.000000,1360.00,6043.00,1.014000,1.006000,1,3
"Kepler-305 b","Kepler-305","Transit",2013,10.50000000,3.60000000,5.48700000000,0.0574600000,0.005000,836.00,5080.00,0.800000,0.760000,1,4
"Kepler-277 c","Kepler-277","Transit",2013,64.20000000,3.36000000,33.00600000000,0.2178100000,0.000000,778.00,5946.00,1.690000,1.120000,1,2
"Kepler-301 b","Kepler-301","Transit",2014,2.39000000,1.35000000,2.50855300000,0.0360000000,0.000000,1278.00,5815.00,0.900000,1.022000,1,3
"Kepler-300 c","Kepler-300","Transit",2014,5.69000000,2.25000000,40.71495500000,0.2320000000,0.000000,516.00,5986.00,0.900000,1.070000,1,2
"Kepler-133 b","Kepler-133","Transit",2014,3.75000000,1.76000000,8.12997600000,0.0830000000,0.000000,1041.00,5736.00,1.425000,1.020000,1,2
"Kepler-152 c","Kepler-152","Transit",2014,6.30000000,2.39000000,88.25505500000,0.3560000000,0.000000,326.00,5088.00,0.724000,0.779000,1,2
"TIC 46432937 b","TIC 46432937","Transit",2024,1017.05090240,13.31626907,1.44044527000,0.0206500000,0.009000,872.00,3572.00,0.529900,0.563000,2,1
"Kepler-138 e","Kepler-138","Transit Timing Variations",2022,0.43000000,0.79700000,38.23000000000,0.1803000000,0.112000,292.00,3841.00,0.535000,0.535000,1,4
"Kepler-299 c","Kepler-299","Transit",2014,7.51000000,2.65000000,6.88587500000,0.0700000000,0.000000,946.00,5617.00,1.032000,1.004000,1,4
"Kepler-298 b","Kepler-298","Transit",2014,4.50000000,1.96000000,10.47546400000,0.0800000000,0.000000,540.00,4465.00,0.582000,0.660000,1,3
"Kepler-157 b","Kepler-157","Transit",2014,2.30000000,1.32000000,1.73234200000,0.0280000000,0.000000,1546.00,5774.00,1.044000,0.950000,1,3
"Kepler-162 b","Kepler-162","Transit",2014,2.13000000,1.26000000,6.91979800000,0.0690000000,0.000000,961.00,5816.00,0.958000,1.053000,1,2
"Kepler-249 d","Kepler-249","Transit",2014,3.09000000,1.57000000,15.36845900000,0.0970000000,0.000000,332.00,3568.00,0.482000,0.510238,1,3
"Kepler-254 d","Kepler-254","Transit",2014,6.80000000,2.50000000,18.74647700000,0.1390000000,0.000000,686.00,5957.00,0.910000,0.849000,1,3
"Kepler-114 c","Kepler-114","Transit",2013,2.80000000,1.60000000,8.04100000000,0.0648200000,0.000000,507.00,4660.00,0.540000,0.560000,1,3
"Kepler-145 b","Kepler-145","Transit",2013,37.10000000,2.65000000,22.95100000000,0.1730800000,0.430000,873.00,6022.00,1.850000,1.320000,1,2
"Kepler-295 b","Kepler-295","Transit",2014,1.98000000,1.22000000,12.64516400000,0.0990000000,0.000000,741.00,5603.00,0.898000,0.890000,1,3
"Kepler-288 c","Kepler-288","Transit",2014,8.50000000,2.85000000,19.30577200000,0.1400000000,0.000000,815.00,5918.00,1.091000,0.842000,1,3
"Kepler-286 d","Kepler-286","Transit",2014,2.33000000,1.33000000,5.91432300000,0.0610000000,0.000000,919.00,5580.00,0.863000,0.830000,1,4
"Kepler-312 c","Kepler-312","Transit",2014,10.10000000,3.15000000,19.74741200000,0.1530000000,0.000000,754.00,6115.00,1.467000,1.314000,1,2
"Kepler-287 c","Kepler-287","Transit",2014,66.00000000,3.26000000,44.85189600000,0.2460000000,0.000000,513.00,5806.00,1.032000,0.963000,1,2
"Kepler-285 b","Kepler-285","Transit",2014,2.36000000,1.34000000,2.63386700000,0.0360000000,0.000000,1131.00,5411.00,0.808000,0.915000,1,2
"Kepler-178 d","Kepler-178","Transit",2014,14.80000000,3.95000000,96.67898800000,0.3970000000,0.000000,392.00,5676.00,1.066000,0.852000,1,3
"Kepler-183 b","Kepler-183","Transit",2014,4.90000000,2.06000000,5.68794500000,0.0640000000,0.000000,1088.00,5888.00,0.958000,0.990000,1,2
"Kepler-315 b","Kepler-315","Transit",2014,13.70000000,3.77000000,96.10114100000,0.4020000000,0.000000,409.00,5796.00,1.037000,0.831000,1,2
"Kepler-316 c","Kepler-316","Transit",2014,1.65000000,1.16000000,6.82776600000,0.0580000000,0.000000,577.00,4204.00,0.520000,0.587000,1,2
"Kepler-284 b","Kepler-284","Transit",2014,5.65000000,2.24000000,12.69914900000,0.1040000000,0.000000,686.00,5615.00,0.814000,0.766000,1,2
"Kepler-281 c","Kepler-281","Transit",2014,161.12400000,5.31000000,36.33737300000,0.2150000000,0.000000,513.00,5723.00,0.899000,0.950000,1,3
"Kepler-85 d","Kepler-85","Transit",2014,8.69679000,1.20000000,17.91323000000,0.1300000000,0.000000,626.00,5436.00,0.893000,0.947000,1,4
"Kepler-353 b","Kepler-353","Transit",2014,0.64000000,0.89000000,5.79527800000,0.0510000000,0.000000,534.00,3903.00,0.504000,0.553000,2,2
"Kepler-372 c","Kepler-372","Transit",2014,5.02000000,2.09000000,20.05376300000,0.1540000000,0.000000,755.00,6509.00,1.137000,1.202000,1,3
"Kepler-374 c","Kepler-374","Transit",2014,1.37000000,1.10000000,3.28280700000,0.0420000000,0.000000,1467.00,5977.00,0.911000,1.033000,1,3
"Kepler-151 c","Kepler-151","Transit",2014,5.02000000,2.09000000,24.67461200000,0.1600000000,0.000000,544.00,5460.00,0.830000,0.870000,1,2
"Kepler-386 c","Kepler-386","Transit",2014,3.12000000,1.58000000,25.19345800000,0.1550000000,0.000000,513.00,5178.00,0.767000,0.825000,1,2
"Kepler-213 c","Kepler-213","Transit",2014,6.08000000,2.34000000,4.82296200000,0.0570000000,0.000000,1060.00,5696.00,1.195000,1.070000,1,2
"Kepler-211 b","Kepler-211","Transit",2014,2.13000000,1.26000000,4.13857500000,0.0480000000,0.000000,954.00,5123.00,0.816000,0.867000,1,2
"Kepler-355 b","Kepler-355","Transit",2014,2.73000000,1.46000000,11.03189000000,0.1020000000,0.000000,840.00,6184.00,1.066000,0.933000,1,2
"Kepler-356 b","Kepler-356","Transit",2014,3.09000000,1.57000000,4.61269600000,0.0570000000,0.000000,1294.00,6133.00,1.335000,1.163000,1,2
"Kepler-355 c","Kepler-355","Transit",2014,7.80000000,2.71000000,25.76229400000,0.1790000000,0.000000,633.00,6184.00,1.066000,0.933000,1,2
"Kepler-356 c","Kepler-356","Transit",2014,3.93000000,1.81000000,13.12163200000,0.1150000000,0.000000,913.00,6133.00,1.335000,1.163000,1,2
"Kepler-387 b","Kepler-387","Transit",2014,1.08000000,1.03000000,6.79163600000,0.0680000000,0.000000,994.00,5774.00,1.046000,0.850000,1,2
"Kepler-388 b","Kepler-388","Transit",2014,0.45700000,0.81000000,3.17331500000,0.0360000000,0.000000,830.00,4498.00,0.586000,0.635000,1,2
"Kepler-404 b","Kepler-404","Transit",2014,2.15000000,1.27000000,11.82985100000,0.1020000000,0.000000,730.00,5654.00,0.884000,0.860000,1,2
"Kepler-221 d","Kepler-221","Transit",2014,3.61000000,2.73000000,10.04156000000,0.0870000000,0.000000,712.00,5243.00,0.821000,0.854000,1,4
"Kepler-357 b","Kepler-357","Transit",2014,4.04000000,1.84000000,6.47543400000,0.0630000000,0.000000,793.00,5036.00,0.834000,0.794000,1,3
"Kepler-358 b","Kepler-358","Transit",2014,7.85000000,2.72000000,34.06046700000,0.2100000000,0.000000,554.00,5908.00,0.954000,0.940000,1,2
"Kepler-376 c","Kepler-376","Transit",2014,3.86000000,1.79000000,14.17232700000,0.1150000000,0.000000,873.00,5900.00,1.175000,0.968000,1,2
"Kepler-378 b","Kepler-378","Transit",2014,0.34700000,0.75000000,16.09236100000,0.1120000000,0.000000,503.00,4661.00,0.671000,0.780000,1,2
"Kepler-389 b","Kepler-389","Transit",2014,2.89000000,1.51000000,3.24410700000,0.0410000000,0.000000,1047.00,5376.00,0.792000,0.765000,1,2
"Kepler-118 b","Kepler-118","Transit",2014,4.50000000,1.96000000,7.51849600000,0.0730000000,0.000000,784.00,5274.00,1.094000,0.811000,1,2
"Kepler-359 b","Kepler-359","Transit",2014,12.20000000,3.53000000,25.56322200000,0.1780000000,0.000000,671.00,6248.00,1.086000,0.827000,1,3
"Kepler-363 c","Kepler-363","Transit",2014,66.40000000,1.69000000,7.54242700000,0.0790000000,0.000000,1054.00,5593.00,1.485000,1.226000,1,3
"Kepler-379 c","Kepler-379","Transit",2014,5.86000000,2.29000000,62.78469700000,0.3260000000,0.000000,530.00,6054.00,1.306000,1.125000,1,2
"Kepler-112 c","Kepler-112","Transit",2014,6.35000000,2.40000000,28.57426300000,0.1720000000,0.000000,538.00,5544.00,0.841000,0.782000,1,2
"Kepler-163 b","Kepler-163","Transit",2014,1.16000000,1.05000000,7.81093700000,0.0780000000,0.000000,906.00,5776.00,0.917000,0.882000,1,2
"Kepler-390 b","Kepler-390","Transit",2014,0.47700000,0.82000000,6.73808800000,0.0650000000,0.000000,786.00,5166.00,0.776000,0.787000,2,2
"Kepler-52 d","Kepler-52","Transit",2014,88.87750000,1.95000000,36.44517100000,0.1820000000,0.000000,332.00,4263.00,0.556000,0.577000,1,3
"Kepler-231 b","Kepler-231","Transit",2014,35.40000000,1.73000000,10.06527500000,0.0740000000,0.000000,488.00,3767.00,0.490000,0.580000,1,2
"Kepler-357 d","Kepler-357","Transit",2014,11.60000000,3.43000000,49.49987500000,0.2460000000,0.000000,402.00,5036.00,0.834000,0.794000,1,3
"Kepler-358 c","Kepler-358","Transit",2014,8.50000000,2.85000000,83.48836900000,0.3810000000,0.000000,411.00,5908.00,0.954000,0.940000,1,2
"Kepler-139 b","Kepler-139","Transit",2014,7.00000000,2.94000000,15.77104400000,0.1270000000,0.000000,752.00,5594.00,1.300000,1.078000,1,5
"Kepler-172 d","Kepler-172","Transit",2014,5.69000000,2.25000000,14.62711900000,0.1180000000,0.000000,736.00,5526.00,1.085000,1.081000,1,4
"Kepler-237 b","Kepler-237","Transit",2014,2.57000000,1.41000000,4.71510600000,0.0500000000,0.000000,823.00,4861.00,0.725000,0.696000,1,2
"Kepler-235 c","Kepler-235","Transit",2014,2.18000000,1.28000000,7.82490400000,0.0650000000,0.000000,555.00,4255.00,0.554000,0.581000,1,4
"Kepler-363 b","Kepler-363","Transit",2014,1.65000000,1.16000000,3.61456800000,0.0480000000,0.000000,1347.00,5593.00,1.485000,1.226000,1,3
"Kepler-272 b","Kepler-272","Transit",2014,78.00000000,1.43000000,2.97135300000,0.0380000000,0.000000,1200.00,5297.00,0.929000,0.910000,1,3
"Kepler-353 c","Kepler-353","Transit",2014,2.48000000,1.38000000,8.41089400000,0.0650000000,0.000000,472.00,3903.00,0.504000,0.553000,2,2
"Kepler-359 c","Kepler-359","Transit",2014,2.90000000,4.30000000,57.68802000000,0.3070000000,0.000000,512.00,6248.00,1.086000,0.827000,1,3
"Kepler-173 b","Kepler-173","Transit",2014,2.21000000,1.29000000,4.26374200000,0.0480000000,0.000000,1179.00,6031.00,0.949000,1.067000,1,2
"Kepler-175 c","Kepler-175","Transit",2014,9.80000000,3.10000000,34.03525700000,0.2130000000,0.000000,583.00,6064.00,1.010000,0.969000,1,2
"Kepler-141 c","Kepler-141","Transit",2014,2.57000000,1.41000000,7.01060600000,0.0670000000,0.000000,738.00,4910.00,0.787000,0.878000,1,2
"Kepler-239 c","Kepler-239","Transit",2014,6.85000000,2.51000000,56.22809800000,0.2680000000,0.000000,366.00,4914.00,0.763000,0.757000,1,2
"Kepler-367 c","Kepler-367","Transit",2014,1.87000000,1.20000000,53.57863700000,0.2530000000,0.000000,357.00,4710.00,0.695000,0.768000,1,2
"Kepler-143 c","Kepler-143","Transit",2014,11.30000000,3.37000000,27.08251100000,0.1810000000,0.000000,703.00,5848.00,1.359000,0.982000,1,2
"Kepler-360 b","Kepler-360","Transit",2014,3.36000000,1.65000000,3.28967200000,0.0440000000,0.000000,1116.00,6053.00,1.058000,0.994000,1,2
"Kepler-49 e","Kepler-49","Transit",2014,1.03815000,1.56000000,18.59610800000,0.1160000000,0.000000,371.00,4252.00,0.559000,0.549000,1,4
"Kepler-140 b","Kepler-140","Transit",2014,3.22000000,1.61000000,3.25427000000,0.0450000000,0.000000,1301.00,6077.00,1.288000,1.044000,1,2
"Kepler-392 b","Kepler-392","Transit",2014,0.97200000,1.00000000,5.34185300000,0.0590000000,0.000000,1125.00,5938.00,1.129000,0.874000,1,2
"Kepler-122 b","Kepler-122","Transit",2014,6.08000000,2.34000000,5.76619300000,0.0640000000,0.000000,1159.00,6050.00,1.216000,0.982000,1,5
"Kepler-243 c","Kepler-243","Transit",2014,4.62000000,1.99000000,20.02621800000,0.1420000000,0.000000,559.00,5228.00,0.842000,0.904000,1,2
"Kepler-374 d","Kepler-374","Transit",2014,2.27000000,1.31000000,5.02821900000,0.0560000000,0.000000,1272.00,5977.00,0.911000,1.033000,1,3
"Kepler-375 b","Kepler-375","Transit",2014,2.70000000,1.45000000,12.12593400000,0.1010000000,0.000000,851.00,5826.00,0.837000,0.891000,1,2
"Kepler-116 c","Kepler-116","Transit",2014,5.90000000,2.30000000,13.07163000000,0.1160000000,0.000000,964.00,6142.00,1.454000,1.198000,1,2
"Kepler-280 c","Kepler-280","Transit",2014,4.70000000,2.01000000,4.80709100000,0.0560000000,0.000000,1088.00,5744.00,0.886000,0.962000,1,2
"TOI-3053 b","TOI-3053","Transit",2026,270.15414595,13.56286665,2.99199870000,0.0390000000,0.000000,1290.00,5378.00,0.970000,0.960000,1,1
"Kepler-133 c","Kepler-133","Transit",2014,8.45000000,2.84000000,31.51758600000,0.2040000000,0.000000,663.00,5736.00,1.425000,1.020000,1,2
"Kepler-246 c","Kepler-246","Transit",2014,2.86000000,1.50000000,11.18716100000,0.0950000000,0.000000,667.00,5206.00,0.831000,0.853000,1,2
"Kepler-251 e","Kepler-251","Transit",2014,8.10000000,2.77000000,99.64016100000,0.4040000000,0.000000,360.00,5526.00,0.890000,0.891000,1,4
"Kepler-326 c","Kepler-326","Transit",2014,17.40000000,1.40000000,4.58035800000,0.0510000000,0.000000,889.00,5105.00,0.801000,0.910000,1,3
"K2-24 b","K2-24","Transit",2016,20.60000000,5.63800000,20.88959610000,0.1673000000,0.049800,732.00,5726.00,1.185000,1.091000,1,2
"Kepler-281 b","Kepler-281","Transit",2014,324.00000000,2.82000000,14.64600800000,0.1170000000,0.000000,694.00,5723.00,0.899000,0.950000,1,3
"Kepler-288 b","Kepler-288","Transit",2014,3.43000000,1.67000000,6.09732600000,0.0650000000,0.000000,1197.00,5918.00,1.091000,0.842000,1,3
"Kepler-393 b","Kepler-393","Transit",2014,2.21000000,1.29000000,9.18241700000,0.0910000000,0.000000,1052.00,6189.00,1.382000,1.256000,1,2
"Kepler-394 b","Kepler-394","Transit",2014,3.19000000,1.60000000,8.00501300000,0.0830000000,0.000000,1035.00,6402.00,1.132000,0.870000,1,3
"Kepler-26 e","Kepler-26","Transit",2014,6.39000000,2.41000000,46.82791500000,0.2200000000,0.000000,276.00,4486.00,0.571000,0.593000,1,4
"Kepler-255 b","Kepler-255","Transit",2014,3.02000000,1.55000000,5.71460600000,0.0630000000,0.000000,971.00,5573.00,0.933000,0.867000,1,3
"Kepler-344 b","Kepler-344","Transit",2014,7.32000000,2.61000000,21.96394500000,0.1530000000,0.000000,643.00,5774.00,0.976000,0.931000,1,2
"Kepler-342 b","Kepler-342","Transit",2014,5.69000000,2.25000000,15.17031800000,0.1280000000,0.000000,905.00,6175.00,1.472000,1.213000,1,4
"Kepler-291 c","Kepler-291","Transit",2014,4.19000000,1.88000000,5.70078600000,0.0650000000,0.000000,1035.00,6002.00,1.016000,1.023000,1,2
"Kepler-293 c","Kepler-293","Transit",2014,14.00000000,3.83000000,54.15574300000,0.2860000000,0.000000,466.00,5804.00,0.957000,0.934000,1,2
"Kepler-189 b","Kepler-189","Transit",2014,1.92000000,1.21000000,10.39993100000,0.0880000000,0.000000,678.00,5235.00,0.750000,0.803000,1,2
"Kepler-191 c","Kepler-191","Transit",2014,4.12000000,1.86000000,17.73850600000,0.1280000000,0.000000,596.00,5282.00,0.789000,0.857000,1,3
"Kepler-258 c","Kepler-258","Transit",2014,12.70000000,3.61000000,33.65307900000,0.1930000000,0.000000,470.00,4942.00,0.915000,0.820000,1,2
"Kepler-337 c","Kepler-337","Transit",2014,4.86000000,2.05000000,9.69320100000,0.0930000000,0.000000,1017.00,5684.00,1.761000,1.081000,1,2
"Kepler-298 c","Kepler-298","Transit",2014,4.38000000,1.93000000,22.92881000000,0.1360000000,0.000000,416.00,4465.00,0.582000,0.660000,1,3
"Kepler-300 b","Kepler-300","Transit",2014,3.43000000,1.67000000,10.44634700000,0.0940000000,0.000000,812.00,5986.00,0.900000,1.070000,1,2
"Kepler-137 b","Kepler-137","Transit",2014,2.76000000,1.47000000,8.43638700000,0.0770000000,0.000000,742.00,5187.00,0.802000,0.850000,1,2
"Kepler-261 c","Kepler-261","Transit",2014,4.66000000,2.00000000,24.57085800000,0.1560000000,0.000000,505.00,5098.00,0.794000,0.834000,1,2
"Kepler-265 b","Kepler-265","Transit",2014,4.12000000,1.86000000,6.84626200000,0.0690000000,0.000000,1022.00,5835.00,1.103000,0.970000,1,4
"Kepler-339 b","Kepler-339","Transit",2014,2.60000000,1.42000000,4.97765600000,0.0550000000,0.000000,1023.00,5631.00,0.802000,0.870000,1,3
"Kepler-325 b","Kepler-325","Transit",2014,8.80000000,2.91000000,4.54443900000,0.0530000000,0.000000,1017.00,5752.00,1.003000,0.914000,1,3
"Kepler-126 b","Kepler-126","Transit",2014,4.11726105,1.52000000,10.49571100000,0.0990000000,0.070000,1009.00,6239.00,1.358000,1.108000,1,3
"Kepler-380 b","Kepler-380","Transit",2014,1.81000000,1.19000000,3.93082100000,0.0500000000,0.000000,1317.00,6045.00,1.224000,0.990000,1,2
"Kepler-397 c","Kepler-397","Transit",2014,31.60000000,6.18000000,135.49852700000,0.4800000000,0.000000,295.00,5307.00,0.767000,0.844000,1,2
"Kepler-411 b","Kepler-411","Transit",2013,25.60000000,2.40100000,3.00515600000,0.0375000000,0.146000,1138.00,4974.00,0.820000,0.870000,2,4
"TOI-2095 c","TOI-2095","Transit",2023,7.40000000,1.33000000,28.17232000000,0.1370000000,0.000000,297.00,3759.00,0.440000,0.440000,1,2
"Kepler-416 d","Kepler-416","Transit",2023,3.22000000,1.61000000,3.07644709000,0.0407000000,0.000000,1253.00,5670.00,1.022000,0.949000,1,3
"TOI-4504 b","TOI-4504","Transit",2024,140.00000000,2.65000000,2.42615160000,0.0338000000,0.840000,1345.00,5315.00,0.930000,0.875000,1,3
"Kepler-46 c","Kepler-46","Transit Timing Variations",2012,119.49900000,13.50000000,57.01100000000,0.2799000000,0.014600,455.00,5155.00,0.938000,0.902000,1,3
"Kepler-188 b","Kepler-188","Transit",2014,3.46000000,1.68000000,2.06189700000,0.0320000000,0.000000,1463.00,6021.00,1.141000,1.021000,1,2
"Kepler-362 c","Kepler-362","Transit",2014,2.70000000,1.45000000,37.86628100000,0.2070000000,0.000000,543.00,5788.00,0.722000,0.904000,1,2
"Kepler-136 c","Kepler-136","Transit",2014,4.62000000,1.99000000,16.39923500000,0.1330000000,0.000000,847.00,6165.00,1.355000,1.204000,2,2
"Kepler-381 c","Kepler-381","Transit",2014,1.46000000,1.12000000,13.39163500000,0.1170000000,0.000000,1180.00,6152.00,1.568000,1.144000,1,3
"Kepler-398 b","Kepler-398","Transit",2014,0.74900000,0.93000000,4.08142300000,0.0440000000,0.000000,755.00,4493.00,0.613000,0.649000,1,3
"Kepler-136 b","Kepler-136","Transit",2014,19.80000000,2.05000000,11.57890000000,0.1060000000,0.000000,951.00,6165.00,1.355000,1.204000,2,2
"Kepler-272 d","Kepler-272","Transit",2014,5.69000000,2.25000000,10.93730400000,0.0910000000,0.000000,777.00,5297.00,0.929000,0.910000,1,3
"Kepler-206 d","Kepler-206","Transit",2014,1.81000000,1.19000000,23.44281000000,0.1630000000,0.000000,681.00,5764.00,1.185000,0.957000,1,3
"Kepler-141 b","Kepler-141","Transit",2014,0.25700000,0.69000000,3.10767500000,0.0390000000,0.000000,968.00,4910.00,0.787000,0.878000,1,2
"Kepler-399 d","Kepler-399","Transit",2014,4.23000000,1.89000000,58.03461600000,0.2610000000,0.000000,486.00,5502.00,0.680000,0.902000,1,3
"Kepler-400 b","Kepler-400","Transit",2014,3.36000000,1.65000000,9.02438900000,0.0870000000,0.000000,939.00,5886.00,1.145000,1.080000,1,2
"Kepler-366 b","Kepler-366","Transit",2014,2.73000000,1.46000000,3.28195900000,0.0450000000,0.000000,1326.00,6209.00,1.048000,1.088000,1,2
"Kepler-367 b","Kepler-367","Transit",2014,2.24000000,1.30000000,37.81572400000,0.2010000000,0.000000,401.00,4710.00,0.695000,0.768000,1,2
"Kepler-135 b","Kepler-135","Transit",2014,3.93000000,1.81000000,6.00253000000,0.0670000000,0.000000,1209.00,6090.00,1.275000,1.047000,1,2
"Kepler-383 b","Kepler-383","Transit",2014,2.30000000,1.32000000,12.90453200000,0.0950000000,0.000000,545.00,4710.00,0.672000,0.669000,1,2
"Kepler-401 b","Kepler-401","Transit",2014,3.57000000,1.71000000,14.38303500000,0.1220000000,0.000000,889.00,6117.00,1.333000,1.173000,1,3
"Kepler-402 c","Kepler-402","Transit",2014,3.05000000,1.56000000,6.12482100000,0.0680000000,0.000000,1140.00,6090.00,1.264000,1.072000,1,4
"Kepler-351 b","Kepler-351","Transit",2014,4.80000000,3.06000000,37.05491900000,0.2140000000,0.000000,498.00,5643.00,0.854000,0.810000,1,3
"Kepler-350 b","Kepler-350","Transit",2014,16.90000000,1.85000000,11.18956200000,0.1040000000,0.000000,1037.00,6186.00,1.534000,1.190000,1,3
"Kepler-369 c","Kepler-369","Transit",2014,2.57000000,1.41000000,14.87157200000,0.0940000000,0.000000,391.00,3591.00,0.471000,0.500000,1,2
"Kepler-371 b","Kepler-371","Transit",2014,4.23000000,1.89000000,34.76327800000,0.2000000000,0.000000,554.00,5666.00,0.992000,0.876000,1,2
"Kepler-147 b","Kepler-147","Transit",2014,2.96000000,1.53000000,12.61058400000,0.1130000000,0.000000,953.00,6012.00,1.468000,1.145000,1,2
"Kepler-132 d","Kepler-132","Transit",2014,3.02000000,1.55000000,18.01019900000,0.1360000000,0.000000,758.00,6003.00,1.178000,0.929000,2,4
"Kepler-200 c","Kepler-200","Transit",2014,3.15000000,1.59000000,10.22215700000,0.0900000000,0.000000,806.00,5678.00,0.944000,0.972000,1,2
"Kepler-215 e","Kepler-215","Transit",2014,3.71000000,1.75000000,68.16101000000,0.3140000000,0.000000,405.00,5739.00,1.027000,0.788000,1,4
"Kepler-347 c","Kepler-347","Transit",2014,3.71000000,1.75000000,27.32087100000,0.1830000000,0.000000,705.00,6088.00,1.005000,0.922000,1,3
"Kepler-202 b","Kepler-202","Transit",2014,3.29000000,1.63000000,4.06942700000,0.0450000000,0.000000,802.00,4668.00,0.667000,0.683000,1,2
"Kepler-84 f","Kepler-84","Transit",2014,5.48000000,2.20000000,44.55216900000,0.2500000000,0.000000,572.00,6031.00,1.169000,1.060000,1,5
"Kepler-310 b","Kepler-310","Transit",2014,1.81000000,1.19000000,13.93069800000,0.1110000000,0.000000,665.00,5797.00,0.876000,0.854000,1,3
"Kepler-270 c","Kepler-270","Transit",2014,3.78000000,1.77000000,25.26288700000,0.1800000000,0.000000,756.00,6067.00,1.461000,1.170000,1,2
"Kepler-24 d","Kepler-24","Transit",2014,293.95900000,1.67000000,4.24438400000,0.0510000000,0.000000,1305.00,5897.00,1.289000,1.046000,1,4
"Kepler-217 c","Kepler-217","Transit",2014,4.08000000,1.85000000,8.58600400000,0.0890000000,0.000000,1208.00,6171.00,1.799000,1.342000,1,3
"Kepler-220 e","Kepler-220","Transit",2014,2.33000000,1.33000000,45.90273300000,0.2260000000,0.000000,341.00,4632.00,0.666000,0.729000,1,4
"Kepler-313 c","Kepler-313","Transit",2014,7.13000000,2.57000000,32.27327300000,0.2080000000,0.000000,683.00,5727.00,1.536000,1.114000,1,2
"Kepler-311 c","Kepler-311","Transit",2014,2.63000000,1.43000000,19.73828600000,0.1450000000,0.000000,744.00,5905.00,1.188000,0.994000,1,3
"Kepler-282 c","Kepler-282","Transit",2014,1.87000000,1.20000000,13.63872300000,0.1060000000,0.000000,717.00,5602.00,0.904000,0.860000,1,4
"Kepler-286 e","Kepler-286","Transit",2014,3.78000000,1.77000000,29.22128900000,0.1760000000,0.000000,539.00,5580.00,0.863000,0.830000,1,4
"Kepler-204 b","Kepler-204","Transit",2014,6.94000000,2.53000000,14.40097400000,0.1170000000,0.000000,828.00,5812.00,1.238000,1.038000,1,2
"Kepler-359 d","Kepler-359","Transit",2014,2.70000000,4.01000000,77.09569100000,0.3720000000,0.000000,464.00,6248.00,1.086000,0.827000,1,3
"Kepler-314 b","Kepler-314","Transit",2014,0.49800000,0.83000000,2.46106900000,0.0350000000,0.000000,1195.00,5378.00,0.950000,0.990000,1,2
"Kepler-316 b","Kepler-316","Transit",2014,1.20000000,1.06000000,2.24050800000,0.0270000000,0.000000,837.00,4204.00,0.520000,0.587000,1,2
"Kepler-288 d","Kepler-288","Transit",2014,7.61000000,2.67000000,56.63374200000,0.2870000000,0.000000,570.00,5918.00,1.091000,0.842000,1,3
"Kepler-149 b","Kepler-149","Transit",2014,16.50000000,4.21000000,29.19894300000,0.1840000000,0.000000,540.00,5381.00,0.953000,1.013000,1,3
"Kepler-372 b","Kepler-372","Transit",2014,2.42000000,1.36000000,6.84969200000,0.0750000000,0.000000,1081.00,6509.00,1.137000,1.202000,1,3
"Kepler-205 b","Kepler-205","Transit",2014,2.89000000,1.51000000,2.75564000000,0.0320000000,0.000000,757.00,4321.00,0.546000,0.592000,1,2
"Kepler-361 b","Kepler-361","Transit",2014,2.70000000,1.45000000,8.48661600000,0.0860000000,0.000000,1060.00,6169.00,1.343000,1.191000,1,2
"Kepler-317 c","Kepler-317","Transit",2014,3.61000000,1.72000000,8.77501000000,0.0830000000,0.000000,837.00,5497.00,0.941000,0.865000,1,2
"Kepler-319 d","Kepler-319","Transit",2014,5.86000000,2.29000000,31.78192500000,0.1910000000,0.000000,528.00,5526.00,0.903000,0.933000,1,3
"Kepler-295 d","Kepler-295","Transit",2014,2.42000000,1.36000000,33.88405400000,0.1920000000,0.000000,533.00,5603.00,0.898000,0.890000,1,3
"Kepler-308 c","Kepler-308","Transit",2014,5.31000000,2.16000000,15.38231000000,0.1230000000,0.000000,714.00,5895.00,0.941000,0.920000,1,2
"Kepler-234 b","Kepler-234","Transit",2014,13.20000000,3.70000000,2.71150600000,0.0400000000,0.000000,1420.00,6224.00,1.113000,1.129000,1,2
"Kepler-378 c","Kepler-378","Transit",2014,0.27100000,0.70000000,28.90600900000,0.1660000000,0.000000,414.00,4661.00,0.671000,0.780000,1,2
"Kepler-321 b","Kepler-321","Transit",2014,3.78000000,1.77000000,4.91537900000,0.0570000000,0.000000,1042.00,5740.00,1.194000,1.024000,1,2
"Kepler-322 b","Kepler-322","Transit",2014,1.01000000,1.01000000,1.65388800000,0.0270000000,0.000000,1373.00,5388.00,0.890000,0.908000,1,2
"Kepler-397 b","Kepler-397","Transit",2014,6.62000000,2.46000000,22.25094900000,0.1440000000,0.000000,539.00,5307.00,0.767000,0.844000,1,2
"Kepler-198 b","Kepler-198","Transit",2014,8.35000000,2.82000000,17.79003700000,0.1310000000,0.000000,655.00,5574.00,0.940000,0.995000,1,3
"Kepler-386 b","Kepler-386","Transit",2014,2.51000000,1.39000000,12.31043000000,0.0960000000,0.000000,651.00,5178.00,0.767000,0.825000,1,2
"Kepler-206 c","Kepler-206","Transit",2014,3.78000000,1.77000000,13.13747100000,0.1110000000,0.000000,825.00,5764.00,1.185000,0.957000,1,3
"Kepler-173 c","Kepler-173","Transit",2014,6.48000000,2.43000000,8.00577700000,0.0740000000,0.000000,956.00,6031.00,0.949000,1.067000,1,2
"Kepler-250 b","Kepler-250","Transit",2014,1.51000000,1.13000000,4.14814100000,0.0480000000,0.000000,938.00,5160.00,0.805000,0.806000,1,3
"Kepler-325 c","Kepler-325","Transit",2014,6.99000000,2.54000000,12.76217200000,0.1050000000,0.000000,721.00,5752.00,1.003000,0.914000,1,3
"Kepler-157 c","Kepler-157","Transit",2014,5.65000000,2.24000000,13.54050000000,0.1100000000,0.000000,779.00,5774.00,1.044000,0.950000,1,3
"Kepler-392 c","Kepler-392","Transit",2014,1.37000000,1.10000000,10.42311800000,0.0930000000,0.000000,901.00,5938.00,1.129000,0.874000,1,2
"Kepler-365 c","Kepler-365","Transit",2014,3.33000000,1.64000000,17.78412900000,0.1370000000,0.000000,729.00,6012.00,1.048000,1.020000,1,2
"Kepler-243 b","Kepler-243","Transit",2014,6.57000000,2.45000000,5.71544200000,0.0620000000,0.000000,850.00,5228.00,0.842000,0.904000,1,2
"Kepler-402 e","Kepler-402","Transit",2014,2.73000000,1.46000000,11.24286100000,0.1020000000,0.000000,931.00,6090.00,1.264000,1.072000,1,4
"Kepler-402 d","Kepler-402","Transit",2014,2.48000000,1.38000000,8.92109900000,0.0870000000,0.000000,1006.00,6090.00,1.264000,1.072000,1,4
"Kepler-147 c","Kepler-147","Transit",2014,6.48000000,2.43000000,33.41642300000,0.2160000000,0.000000,689.00,6012.00,1.468000,1.145000,1,2
"Kepler-183 c","Kepler-183","Transit",2014,35.70000000,2.27000000,11.63707100000,0.1030000000,0.000000,857.00,5888.00,0.958000,0.990000,1,2
"Kepler-244 b","Kepler-244","Transit",2014,8.05000000,2.76000000,4.31179200000,0.0500000000,0.000000,1038.00,5554.00,0.803000,0.933000,1,3
"Kepler-209 b","Kepler-209","Transit",2014,5.73000000,2.26000000,16.08784500000,0.1220000000,0.000000,668.00,5513.00,0.935000,0.971000,1,2
"Kepler-127 b","Kepler-127","Transit",2014,2.54000000,1.40000000,14.43588900000,0.1250000000,0.470000,884.00,6106.00,1.359000,1.248000,1,3
"Kepler-403 c","Kepler-403","Transit",2014,3.71000000,1.75000000,54.28074900000,0.2970000000,0.000000,604.00,6090.00,1.329000,1.299000,1,3
"Kepler-376 b","Kepler-376","Transit",2014,1.24000000,1.07000000,4.92019900000,0.0570000000,0.000000,1242.00,5900.00,1.175000,0.968000,1,2
"Kepler-331 c","Kepler-331","Transit",2014,4.04000000,1.84000000,17.28111000000,0.1050000000,0.000000,425.00,4347.00,0.492000,0.653000,1,3
"Kepler-256 e","Kepler-256","Transit",2014,6.12000000,2.35000000,10.68157200000,0.0960000000,0.000000,897.00,5551.00,1.301000,1.037000,1,4
"Kepler-209 c","Kepler-209","Transit",2014,9.80000000,3.10000000,41.74988200000,0.2310000000,0.000000,486.00,5513.00,0.935000,0.971000,1,2
"Kepler-229 d","Kepler-229","Transit",2014,14.20000000,3.85000000,41.19491200000,0.2200000000,0.000000,439.00,5120.00,0.728000,0.808000,1,3
"Kepler-237 c","Kepler-237","Transit",2014,4.98000000,2.08000000,8.10363600000,0.0710000000,0.000000,687.00,4861.00,0.725000,0.696000,1,2
"Kepler-383 c","Kepler-383","Transit",2014,2.07000000,1.24000000,31.20075100000,0.1720000000,0.000000,406.00,4710.00,0.672000,0.669000,1,2
"Kepler-333 c","Kepler-333","Transit",2014,1.41000000,1.11000000,24.08821000000,0.1350000000,0.000000,386.00,4259.00,0.534000,0.601000,2,2
"Kepler-334 d","Kepler-334","Transit",2014,2.57000000,1.41000000,25.09849000000,0.1680000000,0.000000,656.00,5828.00,1.068000,1.022000,1,3
"Kepler-156 c","Kepler-156","Transit",2014,7.04000000,2.55000000,15.90680100000,0.1170000000,0.000000,588.00,5094.00,0.807000,0.864000,1,2
"Kepler-405 c","Kepler-405","Transit",2014,19.60000000,4.66000000,29.72668200000,0.1880000000,0.000000,557.00,5818.00,0.893000,0.873000,1,2
"Kepler-274 c","Kepler-274","Transit",2014,4.04000000,1.84000000,33.19786100000,0.2040000000,0.000000,678.00,6023.00,1.007000,0.883000,1,2
"Kepler-315 c","Kepler-315","Transit",2014,16.10000000,4.15000000,265.46933500000,0.7910000000,0.000000,291.00,5796.00,1.037000,0.831000,1,2
"Kepler-387 c","Kepler-387","Transit",2014,0.64000000,0.89000000,11.83754900000,0.0980000000,0.000000,826.00,5774.00,1.046000,0.850000,1,2
"Kepler-388 c","Kepler-388","Transit",2014,0.56600000,0.86000000,13.29700400000,0.0930000000,0.000000,515.00,4498.00,0.586000,0.635000,1,2
"Kepler-337 b","Kepler-337","Transit",2014,2.99000000,1.54000000,3.29278100000,0.0450000000,0.000000,1458.00,5684.00,1.761000,1.081000,1,2
"Kepler-134 c","Kepler-134","Transit",2014,2.13000000,1.26000000,10.10578500000,0.0920000000,0.000000,892.00,5983.00,1.176000,0.956000,1,2
"Kepler-140 c","Kepler-140","Transit",2014,3.89000000,1.80000000,91.35328200000,0.4140000000,0.000000,428.00,6077.00,1.288000,1.044000,1,2
"Kepler-159 b","Kepler-159","Transit",2014,6.26000000,2.38000000,10.13962300000,0.0820000000,0.000000,447.00,4625.00,0.663000,0.628000,1,2
"Kepler-320 c","Kepler-320","Transit",2014,2.45000000,1.37000000,17.93493700000,0.1420000000,0.000000,1002.00,6435.00,1.108000,1.072000,1,2
"Kepler-292 c","Kepler-292","Transit",2014,2.76000000,1.47000000,3.71533500000,0.0450000000,0.000000,1001.00,5299.00,0.826000,0.865000,1,5
"Kepler-82 b","Kepler-82","Transit",2012,12.15000000,4.07000000,26.44000000000,0.1683000000,0.003300,562.00,5401.00,0.898000,0.910000,1,5
"Kepler-122 c","Kepler-122","Transit",2014,29.00000000,5.87000000,12.46598800000,0.1080000000,0.000000,897.00,6050.00,1.216000,0.982000,1,5
"Kepler-149 c","Kepler-149","Transit",2014,3.22000000,1.61000000,55.32832800000,0.2810000000,0.000000,436.00,5381.00,0.953000,1.013000,1,3
"Kepler-164 b","Kepler-164","Transit",2014,2.57000000,1.41000000,5.03503000000,0.0580000000,0.000000,1141.00,5888.00,1.148000,1.036000,1,4
"Kepler-320 b","Kepler-320","Transit",2014,1.55000000,1.14000000,8.37155400000,0.0850000000,0.000000,1292.00,6435.00,1.108000,1.072000,1,2
"Kepler-338 e","Kepler-338","Transit",2014,8.50000000,1.56000000,9.34100000000,0.0897900000,0.050000,1143.00,5999.00,1.735000,1.140000,1,4
"Kepler-395 b","Kepler-395","Transit",2014,1.08000000,1.03000000,7.05434600000,0.0610000000,0.000000,576.00,4262.00,0.556000,0.622827,1,2
"Kepler-341 d","Kepler-341","Transit",2014,4.08000000,1.85000000,27.66631300000,0.1820000000,0.000000,622.00,6012.00,1.024000,0.976000,1,4
"Kepler-341 e","Kepler-341","Transit",2014,4.62000000,1.99000000,42.47326900000,0.2420000000,0.000000,539.00,6012.00,1.024000,0.976000,1,4
"Kepler-169 b","Kepler-169","Transit",2014,1.51000000,1.13000000,3.25061900000,0.0400000000,0.000000,962.00,4997.00,0.763000,0.825000,1,5
"Kepler-169 f","Kepler-169","Transit",2014,7.18000000,2.58000000,87.09019500000,0.3590000000,0.000000,321.00,4997.00,0.763000,0.825000,1,5
"Kepler-332 c","Kepler-332","Transit",2014,1.32000000,1.09000000,15.99562200000,0.1140000000,0.000000,550.00,4955.00,0.720000,0.743000,1,3
"Kepler-143 b","Kepler-143","Transit",2014,6.39000000,2.41000000,16.00758300000,0.1270000000,0.000000,838.00,5848.00,1.359000,0.982000,1,2
"Kepler-299 b","Kepler-299","Transit",2014,2.30000000,1.32000000,2.92712800000,0.0400000000,0.000000,1258.00,5617.00,1.032000,1.004000,1,4
"Kepler-301 c","Kepler-301","Transit",2014,2.39000000,1.35000000,5.41902600000,0.0600000000,0.000000,989.00,5815.00,0.900000,1.022000,1,3
"Kepler-342 d","Kepler-342","Transit",2014,6.76000000,2.49000000,39.45935700000,0.2420000000,0.000000,658.00,6175.00,1.472000,1.213000,1,4
"Kepler-233 c","Kepler-233","Transit",2014,7.80000000,2.71000000,60.41895500000,0.2870000000,0.000000,390.00,5360.00,0.758000,0.855000,1,2
"Kepler-171 d","Kepler-171","Transit",2014,4.23000000,1.89000000,39.59551900000,0.2230000000,0.000000,497.00,5642.00,0.839000,0.978000,1,3
"HD 60779 b","HD 60779","Transit",2026,14.19000000,3.24600000,29.98617500000,0.1922000000,0.031000,650.00,6081.00,1.129000,1.050000,1,2
"Kepler-335 c","Kepler-335","Transit",2014,9.64000000,3.07000000,67.84446900000,0.3560000000,0.000000,592.00,5877.00,1.854000,1.367000,1,2
"Kepler-332 d","Kepler-332","Transit",2014,1.76000000,1.18000000,34.21154000000,0.1890000000,0.000000,427.00,4955.00,0.720000,0.743000,1,3
"Kepler-262 b","Kepler-262","Transit",2014,2.42000000,1.36000000,13.06085500000,0.1080000000,0.000000,734.00,5841.00,0.881000,0.816000,1,2
"Kepler-263 c","Kepler-263","Transit",2014,6.66000000,2.47000000,47.33277300000,0.2420000000,0.000000,386.00,5265.00,0.785000,0.793000,1,2
"Kepler-191 b","Kepler-191","Transit",2014,2.36000000,1.34000000,9.93963200000,0.0870000000,0.000000,722.00,5282.00,0.789000,0.857000,1,3
"Kepler-197 e","Kepler-197","Transit",2014,0.69300000,0.91000000,25.20971500000,0.1640000000,0.380000,691.00,6004.00,1.120000,0.857000,2,4
"Kepler-200 b","Kepler-200","Transit",2014,5.18000000,2.13000000,8.59480500000,0.0800000000,0.000000,854.00,5678.00,0.944000,0.972000,1,2
"Kepler-201 b","Kepler-201","Transit",2014,6.62000000,2.46000000,25.67208300000,0.1750000000,0.000000,683.00,6065.00,1.229000,1.098000,1,2
"Kepler-84 e","Kepler-84","Transit",2014,7.27000000,2.60000000,27.43438900000,0.1810000000,0.000000,672.00,6031.00,1.169000,1.060000,1,5
"Kepler-265 e","Kepler-265","Transit",2014,7.22000000,2.59000000,67.83102400000,0.3190000000,0.000000,476.00,5835.00,1.103000,0.970000,1,4
"Kepler-24 e","Kepler-24","Transit",2014,26.21180000,2.78000000,18.99835500000,0.1380000000,0.000000,792.00,5897.00,1.289000,1.046000,1,4
"Kepler-441 b","Kepler-441","Transit",2015,3.33000000,1.64000000,207.24820000000,0.6400000000,0.100000,189.00,4340.00,0.550000,0.572000,1,1
"Kepler-253 c","Kepler-253","Transit",2014,7.51000000,2.65000000,10.28195100000,0.0890000000,0.000000,680.00,5208.00,0.786000,0.860000,1,3
"Kepler-214 c","Kepler-214","Transit",2014,5.18000000,2.13000000,28.77980000000,0.1940000000,0.000000,619.00,6169.00,1.352000,1.110000,1,2
"Kepler-170 c","Kepler-170","Transit",2014,8.55000000,2.86000000,16.66586300000,0.1310000000,0.000000,702.00,5679.00,1.035000,1.066000,1,2
"Kepler-205 c","Kepler-205","Transit",2014,3.33000000,1.64000000,20.30654600000,0.1220000000,0.000000,389.00,4321.00,0.546000,0.592000,1,2
"CoRoT-22 b","CoRoT-22","Transit",2014,12.20000000,4.88000000,9.75598000000,0.0920000000,0.077000,885.00,5939.00,1.136000,1.099000,1,1
"Kepler-437 b","Kepler-437","Transit",2015,5.22000000,2.14000000,66.65062000000,0.2880000000,0.020000,308.00,4551.00,0.680000,0.707000,1,1
"Kepler-192 b","Kepler-192","Transit",2014,7.95000000,2.74000000,9.92674600000,0.0900000000,0.000000,803.00,5479.00,1.007000,1.028000,1,3
"Kepler-254 b","Kepler-254","Transit",2014,14.30000000,3.87000000,5.82666200000,0.0640000000,0.000000,1013.00,5957.00,0.910000,0.849000,1,3
"Kepler-196 c","Kepler-196","Transit",2014,5.65000000,2.24000000,47.42773700000,0.2400000000,0.000000,407.00,5128.00,0.782000,0.839000,1,3
"Kepler-101 b","Kepler-101","Transit",2014,51.10000000,5.77000000,3.48768120000,0.0474000000,0.086000,1513.00,5667.00,1.560000,1.170000,1,2
"Kepler-439 b","Kepler-439","Transit",2015,5.65000000,2.24000000,178.13960000000,0.5630000000,0.030000,291.00,5431.00,0.866000,0.884000,1,1
"Kepler-256 c","Kepler-256","Transit",2014,5.27000000,2.15000000,3.38802000000,0.0450000000,0.000000,1315.00,5551.00,1.301000,1.037000,1,4
"Kepler-216 c","Kepler-216","Transit",2014,9.48000000,3.04000000,17.40666900000,0.1360000000,0.000000,814.00,6091.00,1.260000,1.126000,1,2
"Kepler-184 c","Kepler-184","Transit",2014,8.80000000,1.97000000,20.30300500000,0.1410000000,0.000000,630.00,5788.00,0.873000,0.872000,1,3
"HD 113538 c","HD 113538","Radial Velocity",2010,295.57000000,13.80000000,1818.00000000000,2.4400000000,0.200000,100.28,4462.00,0.530000,0.585000,1,2
"HD 30669 b","HD 30669","Radial Velocity",2014,149.37000000,14.30000000,1684.00000000000,2.6900000000,0.180000,151.45,5400.00,0.910000,0.920000,1,1
"Kepler-217 b","Kepler-217","Transit",2014,5.60000000,2.23000000,5.37494300000,0.0650000000,0.000000,1413.00,6171.00,1.799000,1.342000,1,3
"Kepler-83 d","Kepler-83","Transit",2014,4.10000000,1.94000000,5.16979600000,0.0510000000,0.000000,569.00,4648.00,0.594000,0.580000,2,3
"Kepler-253 d","Kepler-253","Transit",2014,10.20000000,3.17000000,18.11986900000,0.1300000000,0.000000,563.00,5208.00,0.786000,0.860000,1,3
"Kepler-424 c","Kepler-424","Radial Velocity",2014,2215.18000000,12.70000000,223.30000000000,0.7300000000,,298.76,5460.00,0.940000,1.010000,1,2
"Kepler-422 b","Kepler-422","Transit",2014,136.66000000,12.89000000,7.89144830000,0.0820000000,0.000000,1028.00,5972.00,1.240000,1.150000,1,1
"Kepler-445 c","Kepler-445","Transit",2015,6.85000000,2.51000000,4.87122900000,0.0301000000,0.000000,341.00,3157.00,0.210000,0.180000,1,3
"Kepler-446 b","Kepler-446","Transit",2015,2.86000000,1.50000000,1.56540900000,0.0182000000,0.000000,648.00,3359.00,0.240000,0.220000,1,3
"Kepler-259 b","Kepler-259","Transit",2014,8.25000000,2.80000000,8.11531700000,0.0790000000,0.000000,879.00,5938.00,0.898000,0.867000,1,2
"Kepler-193 b","Kepler-193","Transit",2014,6.30000000,2.39000000,11.38848000000,0.1060000000,0.000000,979.00,6335.00,1.147000,1.051000,1,2
"Kepler-215 b","Kepler-215","Transit",2014,3.26000000,1.62000000,9.36067200000,0.0840000000,0.000000,784.00,5739.00,1.027000,0.788000,1,4
"Kepler-192 c","Kepler-192","Transit",2014,8.20000000,2.79000000,21.22340000000,0.1500000000,0.000000,623.00,5479.00,1.007000,1.028000,1,3
"Kepler-426 b","Kepler-426","Transit",2014,108.06000000,12.22000000,3.21751883000,0.0414000000,0.180000,1300.00,5725.00,0.920000,0.910000,1,1
"Kepler-424 b","Kepler-424","Transit",2014,327.35000000,9.98000000,3.31186440000,0.0440000000,0.000000,1116.00,5460.00,0.940000,1.010000,1,2
"Kepler-427 b","Kepler-427","Transit",2014,92.17000000,13.79000000,10.29099400000,0.0910000000,0.570000,1100.00,5800.00,1.350000,0.960000,1,1
"HD 103720 b","HD 103720","Radial Velocity",2014,197.04600000,14.10000000,4.55570000000,0.0498000000,0.086000,926.24,5017.00,0.730000,0.794000,1,1
"Kepler-434 b","Kepler-434","Transit",2015,908.96000000,12.67000000,12.87470990000,0.1143000000,0.131000,1000.00,5977.00,1.380000,1.198000,1,1
"Kepler-221 c","Kepler-221","Transit",2014,9.30000000,2.93000000,5.69058600000,0.0590000000,0.000000,860.00,5243.00,0.821000,0.854000,1,4
"Kepler-222 b","Kepler-222","Transit",2014,10.10000000,3.16000000,3.93698100000,0.0480000000,0.000000,1004.00,5433.00,0.869000,0.933000,1,3
"Kepler-94 c","Kepler-94","Radial Velocity",2014,3126.00000000,12.50000000,820.30000000000,1.5968066210,0.345931,159.05,4781.00,0.760000,0.810000,1,2
"Kepler-48 e","Kepler-48","Radial Velocity",2014,657.00000000,13.40000000,982.00000000000,1.8982747480,0.003142,171.49,5194.00,0.890000,0.880000,1,5
"Kepler-428 b","Kepler-428","Transit",2014,403.63000000,12.11000000,3.52563254000,0.0433000000,0.220000,1070.00,5150.00,0.800000,0.870000,1,1
"Kepler-425 b","Kepler-425","Transit",2014,79.45000000,10.96200000,3.79701816000,0.0464000000,0.330000,1070.00,5170.00,0.860000,0.930000,1,1
"Kepler-224 c","Kepler-224","Transit",2014,9.91000000,3.12000000,5.92500300000,0.0580000000,0.000000,758.00,5018.00,0.676000,0.777000,1,4
"Kepler-407 c","Kepler-407","Radial Velocity",2014,4000.00000000,12.30000000,3000.00000000000,3.2709036900,0.221479,146.73,5476.00,1.010000,1.000000,1,2
"Kepler-106 c","Kepler-106","Transit",2014,10.44000000,2.50000000,13.57080000000,0.1098700000,0.000000,785.00,5858.00,1.040000,1.000000,1,4
"TYC 1422-614-1 b","TYC 1422-614-1","Radial Velocity",2014,794.50000000,13.30000000,198.40000000000,0.6900000000,0.060000,730.19,4806.00,6.850000,1.150000,1,2
"TYC 1422-614-1 c","TYC 1422-614-1","Radial Velocity",2014,3178.00000000,12.50000000,559.30000000000,1.3700000000,0.048000,518.21,4806.00,6.850000,1.150000,1,2
"Kepler-445 b","Kepler-445","Transit",2015,3.12000000,1.58000000,2.98415100000,0.0217000000,0.000000,401.00,3157.00,0.210000,0.180000,1,3
"Kepler-446 d","Kepler-446","Transit",2015,2.39000000,1.35000000,5.14892100000,0.0403000000,0.000000,436.00,3359.00,0.240000,0.220000,1,3
"Kepler-164 c","Kepler-164","Transit",2014,7.90000000,2.73000000,10.94572300000,0.0970000000,0.000000,881.00,5888.00,1.148000,1.036000,1,4
"Kepler-165 b","Kepler-165","Transit",2014,5.99000000,2.32000000,8.18084800000,0.0720000000,0.000000,716.00,5211.00,0.770000,0.746000,1,2
"OGLE-2005-BLG-071L b","OGLE-2005-BLG-071L","Microlensing",2005,1200.00000000,13.00000000,,3.6000000000,,55.00,,,0.460000,1,1
"OGLE-2008-BLG-092L b","OGLE-2008-BLG-092L","Microlensing",2014,57.00000000,8.74000000,,15.0000000000,,,,,0.710000,2,1
"Kepler-246 b","Kepler-246","Transit",2014,6.08000000,2.34000000,4.60182000000,0.0520000000,0.000000,896.00,5206.00,0.831000,0.853000,1,2
"Kepler-226 c","Kepler-226","Transit",2014,45.20000000,2.27000000,5.34955500000,0.0580000000,0.000000,919.00,5571.00,0.802000,0.904000,1,3
"Kepler-227 b","Kepler-227","Transit",2014,9.85000000,3.11000000,9.48801500000,0.0900000000,0.000000,793.00,5854.00,1.091000,0.954000,1,2
"Kepler-113 b","Kepler-113","Transit",2014,11.70000000,1.82000000,4.75400000000,0.0512300000,0.000000,775.00,4725.00,0.690000,0.750000,1,2
"Kepler-48 d","Kepler-48","Transit",2014,7.93000000,2.04000000,42.89610000000,0.2330200000,0.000000,448.00,5194.00,0.890000,0.880000,1,5
"Qatar-2 b","Qatar-2","Transit",2011,792.63500000,14.05600000,1.33711647000,0.0215300000,0.000000,1344.00,4645.00,0.776000,0.743000,1,1
"Kepler-117 c","Kepler-117","Transit",2014,584.78000000,12.34100000,50.79039100000,0.2804000000,0.032300,704.00,6150.00,1.606000,1.129000,1,2
"Kepler-161 b","Kepler-161","Transit",2014,2.63000000,2.12000000,4.92135500000,0.0540000000,0.000000,868.00,5078.00,0.806000,0.853000,1,2
"Kepler-153 b","Kepler-153","Transit",2014,8.85000000,2.92000000,18.87022700000,0.1290000000,0.000000,621.00,5404.00,0.892000,0.756000,1,2
"Kepler-229 c","Kepler-229","Transit",2014,21.50000000,4.92000000,16.06863800000,0.1170000000,0.000000,600.00,5120.00,0.728000,0.808000,1,3
"Kepler-100 d","Kepler-100","Transit",2014,3.00000000,1.61000000,35.33310000000,0.2174700000,0.380000,670.00,5825.00,1.490000,1.080000,1,4
"Kepler-98 b","Kepler-98","Transit",2014,3.55000000,1.99000000,1.54168000000,0.0261400000,0.000000,1592.00,5539.00,1.110000,0.990000,1,1
"Kepler-117 b","Kepler-117","Transit",2014,29.87500000,8.05900000,18.79592280000,0.1445000000,0.049300,984.00,6150.00,1.606000,1.129000,1,2
"Kepler-430 b","Kepler-430","Transit",2015,10.60000000,3.25000000,35.96800000000,0.2244000000,0.000000,667.00,5884.00,1.485000,1.166000,1,2
"Kepler-230 b","Kepler-230","Transit",2014,16.80000000,4.26000000,32.62555500000,0.1910000000,0.000000,506.00,5588.00,0.817000,0.784000,1,2
"Kepler-166 b","Kepler-166","Transit",2014,5.77000000,2.27000000,7.65025400000,0.0720000000,0.000000,772.00,5413.00,0.742000,0.811000,1,3
"Kepler-131 b","Kepler-131","Transit",2014,16.13000000,2.41000000,16.09200000000,0.1278900000,0.000000,718.00,5685.00,1.030000,1.020000,1,2
"Kepler-406 b","Kepler-406","Transit",2014,6.35000000,1.43000000,2.42629000000,0.0359900000,0.000000,1302.00,5538.00,1.070000,1.070000,1,2
"Kepler-249 c","Kepler-249","Transit",2014,2.89000000,1.51000000,7.11370200000,0.0580000000,0.000000,429.00,3568.00,0.482000,0.510238,1,3
"Kepler-162 c","Kepler-162","Transit",2014,9.43000000,3.03000000,19.44635500000,0.1370000000,0.000000,681.00,5816.00,0.958000,1.053000,1,2
"Kepler-180 c","Kepler-180","Transit",2014,9.32000000,3.01000000,41.88577500000,0.2290000000,0.000000,540.00,5731.00,1.063000,0.950000,1,2
"Kepler-182 c","Kepler-182","Transit",2014,11.60000000,3.43000000,20.68434200000,0.1570000000,0.000000,729.00,6250.00,1.146000,1.114000,1,2
"Kepler-82 c","Kepler-82","Transit",2012,13.90000000,5.34000000,51.54000000000,0.2626000000,0.007000,450.00,5401.00,0.898000,0.910000,1,5
"Kepler-174 b","Kepler-174","Transit",2014,4.50000000,1.96000000,13.98179000000,0.1000000000,0.000000,553.00,4880.00,0.622000,0.602000,1,3
"Kepler-176 c","Kepler-176","Transit",2014,1.33000000,2.60000000,12.75971200000,0.1020000000,0.000000,633.00,5232.00,0.891000,0.860000,1,4
"Kepler-96 b","Kepler-96","Transit",2014,8.46000000,2.67000000,16.23850000000,0.1261000000,0.000000,711.00,5690.00,1.020000,1.000000,1,1
"Kepler-48 b","Kepler-48","Transit",2012,3.94000000,1.88000000,4.77800000000,0.0539400000,0.000000,932.00,5194.00,0.890000,0.880000,1,5
"HD 10180 e","HD 10180","Radial Velocity",2010,25.10000000,5.39000000,49.74800000000,0.2699000000,0.051000,577.77,5911.00,1.109000,1.060000,1,6
"Kepler-55 d","Kepler-55","Transit",2014,3.15000000,1.59000000,2.21109900000,0.0290000000,0.000000,931.00,4503.00,0.619000,0.631000,1,5
"Kepler-187 c","Kepler-187","Transit",2014,7.61000000,2.67000000,10.64026300000,0.0990000000,0.000000,963.00,6105.00,1.287000,1.081000,1,2
"Kepler-233 b","Kepler-233","Transit",2014,6.48000000,2.43000000,8.47238200000,0.0770000000,0.000000,751.00,5360.00,0.758000,0.855000,1,2
"Kepler-234 c","Kepler-234","Transit",2014,12.10000000,3.51000000,7.21205000000,0.0770000000,0.000000,1025.00,6224.00,1.113000,1.129000,1,2
"MOA-2011-BLG-322L b","MOA-2011-BLG-322L","Microlensing",2013,3690.00000000,12.40000000,,4.3000000000,,,,,0.390000,1,1
"CoRoT-24 b","CoRoT-24","Transit",2014,5.70000000,3.70000000,5.11340000000,0.0560000000,0.000000,1070.00,4950.00,0.860000,0.910000,1,2
"HD 10180 h","HD 10180","Radial Velocity",2010,64.40000000,9.40000000,2205.00000000000,3.3810000000,0.095000,163.24,5911.00,1.109000,1.060000,1,6
"Kepler-440 b","Kepler-440","Transit",2015,4.12000000,1.86000000,101.11141000000,0.2420000000,0.340000,229.00,4134.00,0.559000,0.575000,1,1
"Kepler-251 c","Kepler-251","Transit",2014,8.10000000,2.77000000,16.51404300000,0.1220000000,0.000000,655.00,5526.00,0.890000,0.891000,1,4
"Kepler-146 c","Kepler-146","Transit",2014,9.96000000,3.13000000,76.73217100000,0.3640000000,0.000000,473.00,5948.00,1.208000,1.079000,1,2
"Kepler-150 d","Kepler-150","Transit",2014,8.20000000,2.79000000,12.56093000000,0.1040000000,0.000000,734.00,5560.00,0.939000,0.956000,1,5
"OGLE-2008-BLG-355L b","OGLE-2008-BLG-355L","Microlensing",2014,1500.00000000,12.90000000,,1.7000000000,,,,,0.370000,1,1
"CoRoT-24 c","CoRoT-24","Transit",2014,28.00000000,5.00000000,11.75900000000,0.0980000000,0.000000,850.00,4950.00,0.860000,0.910000,1,2
"Kepler-186 f","Kepler-186","Transit",2014,1.71000000,1.17000000,129.94410000000,0.4320000000,0.040000,177.00,3755.00,0.523000,0.544000,1,5
"Kepler-252 c","Kepler-252","Transit",2014,5.27000000,2.15000000,10.84846300000,0.0800000000,0.000000,499.00,4208.00,0.549000,0.610000,1,2
"Kepler-213 b","Kepler-213","Transit",2014,3.26000000,1.62000000,2.46236000000,0.0360000000,0.000000,1326.00,5696.00,1.195000,1.070000,1,2
"Kepler-159 c","Kepler-159","Transit",2014,11.50000000,3.41000000,43.59579200000,0.2180000000,0.000000,275.00,4625.00,0.663000,0.628000,1,2
"Kepler-202 c","Kepler-202","Transit",2014,4.08000000,1.85000000,16.28249300000,0.1130000000,0.000000,505.00,4668.00,0.667000,0.683000,1,2
"HD 35759 b","HD 35759","Radial Velocity",2016,1195.04080000,13.00000000,82.46700000000,0.3890000000,0.389000,621.56,6060.00,1.759974,1.150000,1,1
"Kepler-477 b","Kepler-477","Transit",2016,4.94000000,2.07000000,11.11990653000,0.0911000000,0.000000,649.00,5240.00,0.790000,0.870000,2,1
"HD 67087 c","HD 67087","Radial Velocity",2015,1540.00000000,12.90000000,2374.00000000000,3.8600000000,0.760000,193.42,6330.00,1.550000,1.360000,1,2
"Kepler-6 b","Kepler-6","Transit",2009,212.31044000,14.61653600,3.23469960000,0.0485200000,0.000000,1460.00,5647.00,1.391000,1.209000,1,1
"HD 220842 b","HD 220842","Radial Velocity",2016,1010.69940000,13.10000000,218.47000000000,0.7400000000,0.404000,397.62,5960.00,1.416470,1.130000,2,1
"HIP 65407 c","HIP 65407","Radial Velocity",2016,249.17872000,13.90000000,67.30000000000,0.3160000000,0.120000,457.04,5460.00,0.952252,0.930000,1,2
"Kepler-505 b","Kepler-505","Transit",2016,7.27000000,2.60000000,27.52197994000,0.1445000000,0.000000,314.00,3931.00,0.530000,0.550000,1,1
"CoRoT-29 b","CoRoT-29","Transit",2015,270.15550000,10.08810000,2.85057000000,0.0386000000,0.082000,1224.75,5260.00,0.900000,0.970000,1,1
"tau Boo b","tau Boo","Radial Velocity",1996,1891.00000000,12.80000000,3.31245680000,0.0490000000,0.011000,1682.02,6466.27,1.425880,1.320000,2,1
"Kepler-412 b","Kepler-412","Transit",2014,299.07803000,15.03126900,1.72086040000,0.0289700000,0.003800,1850.00,5750.00,1.287000,1.167000,1,1
"HD 141399 b","HD 141399","Radial Velocity",2014,143.34133000,14.30000000,94.44000000000,0.4150000000,0.040000,493.71,5600.00,1.387236,1.070000,1,4
"HD 141399 c","HD 141399","Radial Velocity",2014,422.71390000,13.60000000,201.99000000000,0.6890000000,0.048000,383.17,5600.00,1.387236,1.070000,1,4
"Kepler-754 b","Kepler-754","Transit",2016,4.70000000,2.01000000,14.55962370000,0.1160000000,0.000000,758.00,5935.00,1.080000,1.060000,1,1
"Kepler-753 b","Kepler-753","Transit",2016,4.31000000,1.91000000,5.74772501200,0.0540000000,0.000000,641.00,4346.00,0.650000,0.680000,1,1
"HAT-P-54 b","HAT-P-54","Transit",2015,241.55080000,10.58129600,3.79984700000,0.0411700000,0.074000,818.00,4390.00,0.617000,0.645000,1,1
"TrES-5 b","TrES-5","Transit",2011,568.91570000,13.38354600,1.48224686000,0.0245900000,0.000000,1480.00,5171.00,0.868000,0.901000,1,1
"KOI-13 b","KOI-13","Transit",2011,2949.46240000,16.94800800,1.76358800000,0.0364100000,0.000640,2550.00,7650.00,1.740000,1.720000,3,1
"WASP-42 b","WASP-42","Transit",2012,167.49641000,12.57649800,4.98168190000,0.0561000000,0.062000,1021.00,5315.00,0.892000,0.951000,1,1
"Kepler-766 b","Kepler-766","Transit",2016,11.40000000,3.39000000,6.10027804000,0.0660000000,0.000000,990.00,5992.00,1.150000,1.100000,1,1
"Kepler-771 b","Kepler-771","Transit",2016,3.97000000,1.82000000,8.73485836000,0.0843000000,0.000000,890.00,5906.00,1.050000,1.030000,1,1
"HD 100546 b","HD 100546","Imaging",2014,2701.54145950,77.34210000,,53.0000000000,,94.67,10500.00,1.852880,2.400000,1,1
"Kepler-432 c","Kepler-432","Radial Velocity",2015,772.32690000,13.30000000,406.20000000000,,0.498000,,4995.00,4.060000,1.320000,2,2
"Kepler-76 b","Kepler-76","Orbital Brightness Modulation",2013,638.83830000,15.24424000,1.54492980000,0.0274000000,0.000000,2140.00,6409.00,1.320000,1.200000,1,1
"OGLE-2003-BLG-235L b","OGLE-2003-BLG-235L","Microlensing",2004,830.00000000,13.20000000,,4.3000000000,,,,,0.630000,1,1
"Kepler-765 b","Kepler-765","Transit",2016,6.48000000,2.43000000,27.66552260000,0.1754000000,0.000000,641.00,5901.00,1.060000,1.050000,1,1
"Kepler-432 b","Kepler-432","Transit",2015,1719.46030000,12.83430500,52.50112900000,0.3010000000,0.513400,812.00,4995.00,4.060000,1.320000,2,2
"Kepler-5 b","Kepler-5","Transit",2009,670.93913000,15.98403400,3.54846570000,0.0538000000,0.000000,1750.00,6297.00,1.793000,1.374000,1,1
"Kepler-7 b","Kepler-7","Transit",2009,140.16303000,18.18099800,4.88548920000,0.0606700000,0.000000,1630.00,5933.00,1.966000,1.359000,1,1
"HIP 74890 b","HIP 74890","Radial Velocity",2016,762.79200000,13.30000000,822.30000000000,2.1000000000,0.070000,387.66,4850.00,5.770000,1.740000,1,1
"K2-29 b","K2-29","Transit",2016,232.01590000,13.33871000,3.25883210000,0.0421700000,0.066000,1171.00,5358.00,0.860000,0.940000,2,1
"Kepler-767 b","Kepler-767","Transit",2016,35.70000000,6.64000000,161.52801010000,0.5874000000,0.000000,366.00,5694.00,0.940000,0.960000,1,1
"Kepler-773 b","Kepler-773","Transit",2016,2.63000000,1.43000000,3.74910006100,0.0468200000,0.000000,1160.00,5850.00,1.010000,1.040000,1,1
"Kepler-774 b","Kepler-774","Transit",2016,10.20000000,3.17000000,11.08957230000,0.1082000000,0.000000,1422.00,6403.00,2.420000,1.570000,1,1
"2MASS J02192210-3925225 b","2MASS J02192210-3925225","Imaging",2015,4417.83700000,16.14096000,,156.0000000000,,6.27,3064.00,0.281000,0.108000,1,1
"WASP-41 c","WASP-41","Radial Velocity",2015,1010.69940000,13.10000000,421.00000000000,1.0700000000,0.294000,241.00,5545.00,0.870000,0.930000,1,2
"HAT-P-50 b","HAT-P-50","Transit",2015,429.07050000,14.43719200,3.12201090000,0.0453000000,0.115000,1862.00,6280.00,1.698000,1.273000,1,1
"HD 133131 A b","HD 133131 A","Radial Velocity",2016,451.31860000,13.60000000,649.00000000000,1.4400000000,0.330000,227.72,5799.00,0.955014,0.950000,2,3
"HATS-17 b","HATS-17","Transit",2016,425.25654000,8.70939300,16.25461100000,0.1308000000,0.029000,814.00,5846.00,1.091000,1.131000,1,1
"Kepler-772 b","Kepler-772","Transit",2016,3.97000000,1.82000000,12.99207337000,0.1115300000,0.000000,866.00,5714.00,1.110000,0.980000,1,1
"Kepler-769 b","Kepler-769","Transit",2016,8.85000000,2.92000000,7.42608998000,0.0778000000,0.000000,1037.00,6186.00,1.280000,1.190000,1,2
"Kepler-449 c","Kepler-449","Transit",2015,8.07000000,2.76400000,33.67270000000,0.1979000000,0.050000,661.00,5649.18,1.467000,1.020000,1,2
"HD 133131 A c","HD 133131 A","Radial Velocity",2016,133.48860000,14.30000000,3568.00000000000,4.4900000000,0.490000,128.96,5799.00,0.955014,0.950000,2,3
"WASP-92 b","WASP-92","Transit",2016,255.85315000,16.37634900,2.17467420000,0.0348000000,0.000000,1871.00,6280.00,1.341000,1.190000,1,1
"Kepler-781 b","Kepler-781","Transit",2016,8.70000000,2.89000000,13.21407320000,0.1019000000,0.000000,629.00,5162.00,0.780000,0.810000,1,1
"Kepler-92 d","Kepler-92","Transit",2015,11.86668060,2.06700000,49.35680000000,0.2868200000,0.070000,637.00,5904.34,1.817190,1.070000,1,3
"Kepler-449 b","Kepler-449","Transit",2015,4.88000000,2.05600000,12.58242000000,0.1027000000,0.030000,917.00,5649.18,1.467000,1.020000,1,2
"HD 1461 c","HD 1461","Radial Velocity",2015,5.59000000,2.23000000,13.50520000000,0.1117000000,0.305000,892.87,5765.00,1.152288,1.020000,1,2
"WASP-93 b","WASP-93","Transit",2016,467.21010000,17.90077300,2.73253210000,0.0421100000,0.000000,1942.00,6700.00,1.524000,1.334000,1,1
"HD 128311 c","HD 128311","Radial Velocity",2005,1204.25787000,13.00000000,921.53800000000,1.7400000000,0.159000,158.23,4965.00,0.760000,0.828000,1,2
"alf Tau b","alf Tau","Radial Velocity",2015,2056.36010000,12.70000000,628.96000000000,1.4600000000,0.100000,1086.77,4055.00,45.100000,1.130000,2,1
"Kepler-450 d","Kepler-450","Transit",2015,17.60000000,0.83700000,7.51464000000,0.0827000000,0.140000,1199.00,6197.21,1.641620,1.190000,1,3
"OGLE-2005-BLG-169L b","OGLE-2005-BLG-169L","Microlensing",2006,14.10000000,3.84000000,,3.5000000000,,,,,0.690000,1,1
"WASP-46 b","WASP-46","Transit",2011,607.05530000,13.15936600,1.43036763000,0.0233500000,0.000000,1636.00,5600.00,0.858000,0.828000,1,1
"HD 60532 b","HD 60532","Radial Velocity",2008,336.89980000,13.80000000,201.90000000000,0.7700000000,0.260000,550.16,6245.00,2.570000,1.500000,1,2
"HD 60532 c","HD 60532","Radial Velocity",2008,797.75330000,13.30000000,600.10000000000,1.6000000000,0.030000,381.66,6245.00,2.570000,1.500000,1,2
"OGLE-2013-BLG-0102L b","OGLE-2013-BLG-0102L","Microlensing",2014,4100.00000000,12.30000000,,0.8000000000,,,,,0.096000,1,1
"Kepler-41 b","Kepler-41","Transit",2011,177.98000000,14.46000000,1.85555820000,0.0310100000,0.000000,1790.00,5750.00,1.290000,1.150000,1,1
"HIP 107773 b","HIP 107773","Radial Velocity",2015,629.30340000,13.40000000,144.30000000000,0.7200000000,0.090000,957.11,4945.00,11.600000,2.420000,1,1
"HATS-8 b","HATS-8","Transit",2015,43.86054000,9.78545700,3.58389300000,0.0466700000,0.376000,1324.00,5679.00,1.086000,1.056000,1,1
"Qatar-1 b","Qatar-1","Transit",2010,411.27202000,12.81188700,1.42002420000,0.0233200000,0.000000,1418.00,5013.00,0.803000,0.838000,1,1
"HAT-P-66 b","HAT-P-66","Transit",2016,248.86089000,17.82231000,2.97208600000,0.0436300000,0.090000,1896.00,6002.00,1.881000,1.255000,1,1
"Kepler-75 b","Kepler-75","Transit",2013,3209.90000000,11.77000000,8.88491160000,0.0818000000,0.570000,767.00,5200.00,0.890000,0.910000,1,1
"Kepler-453 b","Kepler-453","Transit",2015,16.00000000,6.20400000,240.50300000000,0.7903000000,0.035900,273.62,5527.00,0.833000,0.944000,2,1
"WASP-89 b","WASP-89","Transit",2015,1875.19700000,11.65736000,3.35642270000,0.0427000000,0.193000,1120.00,5130.00,0.880000,0.920000,1,1
"KIC 3558849 b","KIC 3558849","Transit",2015,38.10000000,6.90000000,1322.30000000000,,,,6175.00,1.010000,0.980000,1,1
"KIC 8540376 c","KOI-7892","Transit",2015,6.35000000,2.40000000,75.20000000000,,,,6474.00,1.260000,1.040000,1,3
"OGLE-2007-BLG-349L AB c","OGLE-2007-BLG-349L A","Microlensing",2016,80.00000000,10.70000000,2557.00000000000,2.5900000000,,,,,0.410000,2,1
"Kepler-56 d","Kepler-56","Radial Velocity",2016,1784.00000000,12.80000000,1002.00000000000,2.1600000000,0.200000,324.75,4819.44,4.217990,1.290000,1,3
"Kepler-444 b","Kepler-444","Transit",2015,0.03740000,0.40300000,3.60010530000,0.0417800000,0.160000,938.00,5046.00,0.752000,0.758000,3,5
"K2-6 b","K2-6","Transit",2015,6.80000000,2.50000000,30.94191000000,0.1898000000,,615.00,5850.00,0.960000,0.970000,1,1
"HD 42618 b","HD 42618","Radial Velocity",2016,14.40000000,3.89000000,149.61000000000,0.5540000000,0.190000,337.00,5727.00,0.999000,1.015000,1,1
"OGLE-2012-BLG-0950L b","OGLE-2012-BLG-0950L","Microlensing",2016,35.00000000,6.56000000,,2.6000000000,,,,,0.570000,1,1
"Kepler-444 e","Kepler-444","Transit",2015,0.10000000,0.54600000,7.74349300000,0.0696000000,0.100000,727.00,5046.00,0.752000,0.758000,3,5
"K2-15 b","K2-15","Transit",2015,6.71000000,2.48000000,11.81040000000,0.0910000000,,676.00,5131.00,0.680000,0.720000,1,1
"K2-14 b","K2-14","Transit",2015,20.70000000,4.81000000,8.36802000000,0.0627000000,0.140000,488.00,3789.00,0.450000,0.470000,1,1
"K2-17 b","K2-17","Transit",2015,5.60000000,2.23000000,17.96753000000,0.1190000000,0.180000,487.00,4320.00,0.660000,0.710000,1,1
"K2-9 b","K2-9","Transit",2015,5.69000000,2.25000000,18.44980000000,0.0910000000,,314.00,3390.00,0.310000,0.300000,1,1
"WASP-36 b","WASP-36","Transit",2011,750.39663000,14.87434300,1.53736596000,0.0267700000,0.000000,1733.00,5959.00,0.985000,1.081000,2,1
"Kepler-26 b","Kepler-26","Transit",2011,5.12000000,2.78000000,12.28000000000,0.0855100000,0.021000,431.00,3914.00,0.512000,0.544000,1,4
"HATS-13 b","HATS-13","Transit",2015,172.58169000,13.58530800,3.04404990000,0.0405700000,0.181000,1244.00,5523.00,0.887000,0.962000,1,1
"HATS-14 b","HATS-14","Transit",2015,340.39593000,11.64615100,2.76676410000,0.0381500000,0.142000,1276.00,5346.00,0.933000,0.967000,1,1
"WASP-90 b","WASP-90","Transit",2016,200.23290000,18.27067000,3.91624300000,0.0562000000,0.000000,1840.00,6430.00,1.980000,1.550000,1,1
"HD 5583 b","HD 5583","Radial Velocity",2016,1837.05740000,12.80000000,139.35000000000,0.5300000000,0.076000,964.55,4830.00,9.090000,1.010000,1,1
"Kepler-26 c","Kepler-26","Transit",2011,6.20000000,2.72000000,17.25590000000,0.1072500000,0.013000,385.00,3914.00,0.512000,0.544000,1,4
"Kepler-447 b","Kepler-447","Transit",2015,435.41000000,18.49000000,7.79430132000,0.0769000000,0.123000,882.00,5493.00,1.050000,1.000000,1,1
"OGLE-2011-BLG-0265L b","OGLE-2011-BLG-0265L","Microlensing",2015,280.00000000,13.90000000,,1.8900000000,,,,,0.211000,1,1
"HD 130322 b","HD 130322","Radial Velocity",1999,365.49000000,13.70000000,10.70871000000,0.0925000000,0.029000,720.00,5387.00,0.850000,0.920000,1,1
"OGLE-2012-BLG-0563L b","OGLE-2012-BLG-0563L","Microlensing",2015,120.00000000,13.60000000,,0.7400000000,,,,,0.340000,1,1
"Kepler-296 d","Kepler-296","Transit",2014,5.02000000,2.09000000,19.85029100000,0.1180000000,0.330000,403.00,3740.00,0.480000,0.498000,2,5
"Pr0211 c","Pr0211","Radial Velocity",2016,2475.89570000,12.60000000,4850.00000000000,5.5000000000,0.710000,99.10,5300.00,0.827000,0.935000,2,2
"BD+15 2375 b","BD+15 2375","Radial Velocity",2016,337.21763000,13.80000000,153.22000000000,0.5760000000,0.001000,883.68,4649.00,8.950000,1.080000,1,1
"Kepler-60 d","Kepler-60","Transit",2012,4.16000000,1.99000000,11.89810000000,0.1020300000,0.002000,929.00,5905.00,1.257000,1.041000,1,3
"HD 1666 b","HD 1666","Radial Velocity",2015,2040.00000000,12.70000000,270.00000000000,0.9400000000,0.630000,436.47,6317.00,1.930000,1.500000,1,1
"HD 67087 b","HD 67087","Radial Velocity",2015,973.00000000,13.10000000,352.20000000000,1.0800000000,0.170000,365.67,6330.00,1.550000,1.360000,1,2
"Kepler-296 e","Kepler-296","Transit",2014,2.96000000,1.53000000,34.14211000000,0.1690000000,0.330000,337.00,3740.00,0.480000,0.498000,2,5
"Kepler-872 b","Kepler-872","Transit",2016,4.62000000,1.99000000,2.57885506800,0.0362000000,0.000000,1230.00,5902.00,1.080000,1.050000,1,1
"Kepler-871 b","Kepler-871","Transit",2016,13.50000000,3.74000000,22.04590180000,0.1572000000,0.000000,640.00,5993.00,1.140000,1.110000,1,1
"Kepler-603 c","Kepler-603","Transit",2016,34.50000000,6.50000000,127.90757740000,0.5343900000,0.000000,401.00,5808.00,1.010000,1.010000,1,3
"Kepler-908 b","Kepler-908","Transit",2016,1.98000000,1.22000000,1.34059746800,0.0252600000,0.000000,1783.00,5973.00,1.120000,1.110000,3,1
"Kepler-499 b","Kepler-499","Transit",2016,5.35000000,2.17000000,5.63252845300,0.0598000000,0.000000,844.00,5312.00,0.830000,0.870000,1,1
"Kepler-801 b","Kepler-801","Transit",2016,4.66000000,2.00000000,11.41928253000,0.0795000000,0.000000,419.00,4435.00,0.630000,0.670000,1,1
"Kepler-799 b","Kepler-799","Transit",2016,37.90000000,6.88000000,133.46052350000,0.5167000000,0.000000,433.00,5681.00,0.930000,0.950000,1,2
"Kepler-870 b","Kepler-870","Transit",2016,8.15000000,2.78000000,21.35876210000,0.1539000000,0.000000,691.00,5857.00,1.020000,1.010000,1,1
"Kepler-869 b","Kepler-869","Transit",2016,12.70000000,3.61000000,40.42877550000,0.2244000000,0.000000,494.00,5664.00,0.950000,0.970000,1,1
"Kepler-907 b","Kepler-907","Transit",2016,1.87000000,1.20000000,15.86621821000,0.1225000000,0.000000,879.00,6106.00,1.380000,1.080000,1,1
"Kepler-912 b","Kepler-912","Transit",2016,8.25000000,2.80000000,2.53475627300,0.0339000000,0.000000,1218.00,5998.00,1.110000,1.070000,1,1
"Kepler-797 b","Kepler-797","Transit",2016,5.35000000,2.17000000,27.07237711000,0.1810000000,0.000000,605.00,5680.00,0.950000,0.960000,1,1
"Kepler-867 b","Kepler-867","Transit",2016,19.40000000,4.64000000,150.24212700000,0.5375000000,0.000000,327.00,5541.00,0.910000,0.920000,1,1
"Kepler-868 b","Kepler-868","Transit",2016,4.86000000,2.05000000,5.03251791000,0.0575000000,0.000000,1047.00,5614.00,0.890000,0.930000,1,1
"Kepler-866 b","Kepler-866","Transit",2016,3.29000000,1.63000000,2.61703253600,0.0331000000,0.000000,996.00,4751.00,0.710000,0.750000,1,1
"Kepler-913 b","Kepler-913","Transit",2016,4.90000000,2.06000000,10.29672521000,0.1009000000,0.000000,1129.00,4687.00,0.610000,0.630000,1,2
"Kepler-910 b","Kepler-910","Transit",2016,0.47700000,0.82000000,2.36436901500,0.0375200000,0.000000,1752.00,6230.00,1.500000,1.260000,1,1
"Kepler-847 b","Kepler-847","Transit",2016,1.76000000,1.18000000,2.34323189500,0.0315000000,0.000000,1054.00,4940.00,0.770000,0.830000,1,1
"Kepler-846 b","Kepler-846","Transit",2016,6.71000000,2.48000000,19.80792185000,0.1399000000,0.000000,624.00,5579.00,0.910000,0.940000,1,1
"Kepler-795 b","Kepler-795","Transit",2016,3.46000000,1.68000000,29.61934210000,0.1803000000,0.000000,580.00,5631.00,0.960000,0.940000,2,1
"Kepler-794 b","Kepler-794","Transit",2016,5.10000000,2.11000000,11.13125132000,0.1003600000,0.000000,952.00,5839.00,1.380000,1.190000,1,1
"Kepler-865 b","Kepler-865","Transit",2016,6.76000000,2.49000000,14.16399294000,0.1057000000,0.000000,694.00,5570.00,0.920000,0.930000,1,2
"Kepler-909 b","Kepler-909","Transit",2016,2.76000000,1.47000000,13.93290318000,0.1187300000,0.000000,852.00,6154.00,1.230000,1.170000,1,1
"Kepler-916 b","Kepler-916","Transit",2016,3.75000000,1.76000000,32.29687980000,0.1885000000,0.000000,503.00,5248.00,0.810000,0.850000,1,1
"Kepler-845 b","Kepler-845","Transit",2016,4.82000000,2.04000000,0.92785982100,0.0166800000,0.000000,1361.00,4913.00,0.750000,0.790000,1,1
"Kepler-844 b","Kepler-844","Transit",2016,3.46000000,1.68000000,2.61302085600,0.0298000000,0.000000,713.00,4128.00,0.570000,0.590000,1,1
"Kepler-792 b","Kepler-792","Transit",2016,4.50000000,1.96000000,11.30119217000,0.0988000000,0.000000,852.00,5971.00,1.120000,1.090000,1,1
"Kepler-791 b","Kepler-791","Transit",2016,9.53000000,3.05000000,14.55397590000,0.1256000000,0.000000,939.00,6383.00,1.470000,1.300000,1,1
"Kepler-862 b","Kepler-862","Transit",2016,5.52000000,2.21000000,3.14866453400,0.0390000000,0.000000,1097.00,5333.00,0.840000,0.880000,1,1
"Kepler-861 b","Kepler-861","Transit",2016,5.82000000,2.28000000,3.94963137500,0.0463000000,0.000000,966.00,5047.00,0.780000,0.820000,1,1
"Kepler-930 b","Kepler-930","Transit",2016,5.18000000,2.13000000,71.45177750000,0.3459300000,0.000000,561.00,6335.00,1.400000,1.250000,1,1
"Kepler-842 b","Kepler-842","Transit",2016,3.19000000,1.60000000,1.21956827000,0.0204000000,0.000000,1252.00,4848.00,0.730000,0.780000,1,1
"Kepler-841 b","Kepler-841","Transit",2016,23.80000000,5.23000000,124.41983980000,0.4790000000,0.000000,416.00,5324.00,0.810000,0.850000,1,1
"Kepler-790 b","Kepler-790","Transit",2016,5.39000000,2.18000000,13.73469807000,0.1010000000,0.000000,634.00,5208.00,0.800000,0.840000,1,1
"Kepler-788 b","Kepler-788","Transit",2016,7.04000000,2.55000000,8.39846269000,0.0835000000,0.000000,984.00,6159.00,1.230000,1.160000,1,1
"Kepler-860 b","Kepler-860","Transit",2016,10.60000000,3.24000000,5.10137945400,0.0580000000,0.000000,1050.00,5836.00,1.060000,1.040000,1,1
"Kepler-924 b","Kepler-924","Transit",2016,9.64000000,3.07000000,61.03701170000,0.3131800000,0.000000,610.00,6167.00,1.230000,1.140000,1,1
"Kepler-923 b","Kepler-923","Transit",2016,2.48000000,1.38000000,6.93366476000,0.0759200000,0.000000,1104.00,5988.00,1.260000,1.110000,1,1
"Kepler-838 b","Kepler-838","Transit",2016,7.90000000,2.73000000,15.74957994000,0.1266000000,0.000000,777.00,5770.00,0.960000,0.980000,1,1
"Kepler-837 b","Kepler-837","Transit",2016,7.08000000,2.56000000,16.56059504000,0.1144000000,0.000000,701.00,5403.00,0.810000,0.850000,1,1
"Kepler-787 b","Kepler-787","Transit",2016,2.18000000,1.28000000,0.92831049800,0.0159000000,0.000000,1115.00,4248.00,0.620000,0.650000,1,1
"Kepler-465 b","Kepler-465","Transit",2016,9.01000000,2.95000000,9.94067246600,0.0919500000,0.000000,996.00,6310.00,1.290000,1.230000,1,1
"Kepler-856 b","Kepler-856","Transit",2016,63.30000000,9.30000000,8.02768059500,0.0787000000,0.000000,824.00,5535.00,0.930000,0.960000,1,1
"Kepler-890 b","Kepler-890","Transit",2016,58.60000000,8.89000000,52.75875577000,0.2944000000,0.000000,540.00,5954.00,1.130000,1.090000,1,1
"Kepler-927 b","Kepler-927","Transit",2016,3.61000000,1.72000000,9.11499030000,0.0866000000,0.000000,906.00,5743.00,0.990000,0.990000,1,1
"Kepler-926 b","Kepler-926","Transit",2016,5.95000000,2.31000000,52.06886010000,0.2739000000,0.000000,524.00,5806.00,1.010000,1.010000,1,1
"Kepler-892 b","Kepler-892","Transit",2016,8.30000000,2.81000000,13.75210720000,0.1015000000,0.000000,556.00,4747.00,0.720000,0.750000,1,1
"Kepler-933 b","Kepler-933","Transit",2016,6.62000000,2.46000000,14.20443009000,0.1041000000,0.000000,602.00,5346.00,0.840000,0.870000,1,1
"Kepler-826 b","Kepler-826","Transit",2016,2.10000000,1.25000000,4.48758907000,0.0520200000,0.000000,1305.00,6079.00,1.150000,1.050000,1,1
"Kepler-830 b","Kepler-830","Transit",2016,3.53000000,1.70000000,11.29695137000,0.1033000000,0.000000,907.00,6037.00,1.110000,1.070000,1,1
"Kepler-829 b","Kepler-829","Transit",2016,5.10000000,2.11000000,6.88337562000,0.0678000000,0.000000,857.00,5698.00,0.970000,0.980000,1,1
"Kepler-895 b","Kepler-895","Transit",2016,2.99000000,1.54000000,2.80624232800,0.0328000000,0.000000,771.00,4315.00,0.610000,0.650000,1,1
"Kepler-743 b","Kepler-743","Transit",2016,1.92000000,1.21000000,3.17926292100,0.0416600000,0.000000,1101.00,5486.00,0.850000,0.940000,2,1
"Kepler-823 b","Kepler-823","Transit",2016,3.09000000,1.57000000,4.16809082000,0.0507000000,0.000000,1277.00,5643.00,0.960000,0.980000,1,1
"Kepler-487 c","Kepler-487","Transit",2016,7.65000000,2.68000000,38.65199760000,0.2186400000,0.000000,487.00,5444.00,0.880000,0.910000,1,3
"Kepler-898 b","Kepler-898","Transit",2016,2.83000000,1.49000000,5.87061910000,0.0545000000,0.000000,616.00,4223.00,0.620000,0.650000,1,1
"Kepler-899 b","Kepler-899","Transit",2016,7.65000000,2.68000000,19.17891293000,0.1392000000,0.000000,640.00,5595.00,0.910000,0.930000,1,1
"Kepler-747 b","Kepler-747","Transit",2016,24.10000000,5.27000000,35.61760587000,0.1916000000,0.000000,456.00,5096.00,0.780000,0.820000,1,1
"Kepler-821 b","Kepler-821","Transit",2016,2.27000000,1.31000000,1.92279873000,0.0290000000,0.000000,1215.00,5191.00,0.800000,0.840000,1,1
"Kepler-498 b","Kepler-498","Transit",2016,9.43000000,3.03000000,9.61375356000,0.0897000000,0.000000,931.00,5744.00,0.960000,0.980000,1,1
"Kepler-887 b","Kepler-887","Transit",2016,4.04000000,1.84000000,20.42228798000,0.1543100000,0.000000,785.00,6194.00,1.290000,1.190000,1,2
"Kepler-901 b","Kepler-901","Transit",2016,2.45000000,1.37000000,3.51749439400,0.0378000000,0.000000,704.00,4184.00,0.570000,0.590000,1,1
"Kepler-900 b","Kepler-900","Transit",2016,4.98000000,2.08000000,6.99130860000,0.0679000000,0.000000,716.00,4836.00,0.730000,0.780000,1,1
"Kepler-751 b","Kepler-751","Transit",2016,6.62000000,2.46000000,17.44490636000,0.1263000000,0.000000,679.00,5387.00,0.840000,0.870000,1,1
"Kepler-755 b","Kepler-755","Transit",2016,3.75000000,1.76000000,1.26909037400,0.0215600000,0.000000,1331.00,5043.00,0.770000,0.820000,2,2
"Kepler-820 b","Kepler-820","Transit",2016,30.80000000,6.09000000,127.83380980000,0.5600400000,0.000000,554.00,6260.00,1.360000,1.230000,1,1
"Kepler-817 b","Kepler-817","Transit",2016,60.20000000,9.03000000,3.99010622900,0.0493000000,0.000000,1124.00,5861.00,1.030000,1.030000,1,1
"Kepler-886 b","Kepler-886","Transit",2016,2.92000000,1.52000000,6.24146367000,0.0642800000,0.000000,1111.00,6098.00,1.160000,1.100000,1,1
"Kepler-885 b","Kepler-885","Transit",2016,6.80000000,2.50000000,18.11472949000,0.1440300000,0.000000,830.00,6187.00,1.350000,1.210000,1,1
"Kepler-904 b","Kepler-904","Transit",2016,3.78000000,1.77000000,3.02166863200,0.0417000000,0.000000,1332.00,6160.00,1.250000,1.160000,1,1
"Kepler-905 b","Kepler-905","Transit",2016,2.57000000,1.41000000,5.08274651700,0.0568900000,0.000000,928.00,5461.00,0.860000,0.950000,1,1
"Kepler-756 b","Kepler-756","Transit",2016,1.46000000,1.12000000,1.22486632200,0.0219000000,0.000000,1741.00,5282.00,0.790000,0.820000,1,1
"Kepler-757 b","Kepler-757","Transit",2016,2.42000000,1.36000000,1.02267882100,0.0190000000,0.000000,1734.00,6014.00,1.130000,1.080000,1,1
"Kepler-815 b","Kepler-815","Transit",2016,15.80000000,4.11000000,8.57503552000,0.0947300000,0.000000,1374.00,5028.00,3.420000,1.250000,1,1
"Kepler-852 b","Kepler-852","Transit",2016,6.99000000,2.54000000,44.93098040000,0.2796700000,0.000000,565.00,6100.00,1.160000,1.190000,1,1
"Kepler-883 b","Kepler-883","Transit",2016,3.82000000,1.78000000,12.98495573000,0.1028800000,0.000000,818.00,6116.00,1.090000,1.060000,1,1
"Kepler-509 b","Kepler-509","Transit",2016,6.76000000,2.49000000,41.74600392000,0.2370200000,0.000000,584.00,6060.00,1.200000,1.100000,1,1
"Kepler-466 c","Kepler-466","Transit",2016,2.10000000,1.25000000,3.70921384600,0.0465800000,0.000000,1206.00,5927.00,1.050000,1.040000,1,2
"Kepler-502 b","Kepler-502","Transit",2016,20.40000000,4.77000000,4.28686431000,0.0535000000,0.000000,1217.00,6125.00,1.220000,1.150000,1,1
"Kepler-758 b","Kepler-758","Transit",2016,6.71000000,2.48000000,12.10971040000,0.1075400000,0.000000,1005.00,6228.00,1.420000,1.160000,1,4
"Kepler-813 b","Kepler-813","Transit",2016,5.22000000,2.14000000,19.12947337000,0.1439000000,0.000000,817.00,5743.00,0.930000,0.950000,1,1
"Kepler-811 b","Kepler-811","Transit",2016,7.75000000,2.70000000,23.58447697000,0.1591100000,0.000000,730.00,5747.00,1.240000,1.010000,1,1
"Kepler-882 b","Kepler-882","Transit",2016,2.04000000,1.23000000,3.98953966600,0.0474100000,0.000000,903.00,5476.00,0.870000,0.900000,1,1
"Kepler-880 b","Kepler-880","Transit",2016,7.56000000,2.66000000,7.71468975000,0.0915000000,0.000000,1622.00,6761.00,1.740000,1.460000,1,2
"Kepler-474 b","Kepler-474","Transit",2016,9.59000000,3.06000000,5.66067293500,0.0609200000,0.000000,1115.00,5785.00,1.080000,0.990000,1,1
"Kepler-760 b","Kepler-760","Transit",2016,9.59000000,3.06000000,8.70419416000,0.0808700000,0.000000,748.00,5322.00,0.850000,0.890000,1,2
"Kepler-810 b","Kepler-810","Transit",2016,4.38000000,1.93000000,4.59725385000,0.0550000000,0.000000,1105.00,5803.00,1.040000,1.030000,1,1
"Kepler-809 b","Kepler-809","Transit",2016,9.32000000,3.01000000,55.63934000000,0.2901000000,0.000000,478.00,5734.00,0.980000,0.990000,1,1
"Kepler-877 b","Kepler-877","Transit",2016,5.14000000,2.12000000,18.45847097000,0.1301000000,0.000000,632.00,5261.00,0.810000,0.850000,1,1
"Kepler-750 c","Kepler-750","Transit",2016,3.26000000,1.62000000,4.08899022000,0.0500900000,0.000000,1537.00,6160.00,1.230000,1.150000,1,2
"Kepler-255 d","Kepler-255","Transit",2016,2.30000000,1.32000000,1.04562265800,0.0192000000,0.000000,1710.00,5431.00,0.860000,0.900000,1,3
"Kepler-775 b","Kepler-775","Transit",2016,1.81000000,1.19000000,0.97486892600,0.0183400000,0.000000,1612.00,5468.00,0.840000,0.920000,1,1
"Kepler-500 b","Kepler-500","Transit",2016,7.18000000,2.58000000,8.50832439800,0.0836100000,0.000000,909.00,5813.00,1.030000,1.020000,1,1
"Kepler-808 b","Kepler-808","Transit",2016,2.73000000,1.46000000,0.63133235300,0.0131400000,0.000000,1322.00,4653.00,0.710000,0.760000,1,1
"Kepler-875 b","Kepler-875","Transit",2016,8.75000000,2.90000000,27.50737990000,0.1771000000,0.000000,569.00,5958.00,1.110000,1.060000,1,1
"Kepler-732 c","Kepler-732","Transit",2016,2.15000000,1.27000000,0.89304123600,0.0143000000,0.000000,893.00,3631.00,0.460000,0.490000,1,2
"Kepler-777 b","Kepler-777","Transit",2016,2.76000000,1.47000000,5.72812599000,0.0519000000,0.000000,569.00,4043.00,0.560000,0.580000,1,1
"Kepler-779 b","Kepler-779","Transit",2016,0.72100000,0.92000000,7.09714223000,0.0533000000,0.000000,425.00,3804.00,0.440000,0.460000,2,1
"Kepler-804 b","Kepler-804","Transit",2016,4.42000000,1.94000000,14.37457351000,0.1128700000,0.000000,779.00,5817.00,1.050000,1.010000,1,2
"Kepler-803 b","Kepler-803","Transit",2016,13.80000000,3.79000000,50.28638192000,0.2672100000,0.000000,543.00,5919.00,1.120000,1.050000,1,1
"Kepler-1049 b","Kepler-1049","Transit",2016,0.80900000,0.95000000,3.27346073600,0.0349000000,0.000000,625.00,3864.00,0.490000,0.510000,1,1
"Kepler-969 b","Kepler-969","Transit",2016,4.94000000,2.07000000,34.17317140000,0.1972600000,0.000000,465.00,5214.00,0.820000,0.920000,1,2
"Kepler-1137 b","Kepler-1137","Transit",2016,5.48000000,2.20000000,23.92107910000,0.1871000000,0.000000,1020.00,6807.00,1.840000,1.500000,1,1
"Kepler-975 b","Kepler-975","Transit",2016,2.79000000,1.48000000,1.97034245700,0.0289800000,0.000000,1599.00,4897.00,0.750000,0.800000,1,2
"Kepler-995 b","Kepler-995","Transit",2016,7.75000000,2.70000000,28.26731672000,0.1701000000,0.000000,517.00,5206.00,0.800000,0.830000,1,1
"Kepler-1054 b","Kepler-1054","Transit",2016,7.41000000,2.63000000,4.30655689000,0.0554200000,0.000000,1177.00,6209.00,1.340000,1.220000,1,1
"Kepler-1033 b","Kepler-1033","Transit",2016,6.85000000,2.51000000,7.56052806000,0.0761000000,0.000000,914.00,5547.00,0.920000,0.940000,1,1
"Kepler-1040 b","Kepler-1040","Transit",2016,4.98000000,2.08000000,201.12140000000,0.6724900000,0.000000,300.00,5694.00,0.960000,0.980000,1,1
"Kepler-1138 b","Kepler-1138","Transit",2016,3.53000000,1.70000000,3.17060005000,0.0415000000,0.000000,1080.00,5582.00,0.920000,0.950000,1,1
"Kepler-1139 b","Kepler-1139","Transit",2016,1.81000000,1.19000000,0.81316671900,0.0166400000,0.000000,1693.00,5550.00,0.910000,0.940000,1,1
"Kepler-1060 b","Kepler-1060","Transit",2016,6.26000000,2.38000000,46.87793670000,0.2495000000,0.000000,484.00,5797.00,0.990000,0.990000,1,1
"Kepler-1003 b","Kepler-1003","Transit",2016,3.82000000,1.78000000,3.55485691500,0.0433300000,0.000000,1157.00,6109.00,1.170000,1.110000,1,1
"Kepler-1055 b","Kepler-1055","Transit",2016,2.04000000,1.23000000,2.29503623300,0.0335000000,0.000000,1304.00,5723.00,0.940000,0.980000,1,1
"Kepler-998 b","Kepler-998","Transit",2016,5.99000000,2.32000000,5.65377733000,0.0626000000,0.000000,1020.00,6058.00,1.180000,1.120000,1,1
"Kepler-1017 b","Kepler-1017","Transit",2016,4.62000000,1.99000000,7.23400469000,0.0719600000,0.000000,831.00,5473.00,0.870000,0.930000,1,1
"Kepler-974 b","Kepler-974","Transit",2016,3.09000000,1.57000000,4.19449651400,0.0419000000,0.000000,577.00,3687.00,0.500000,0.520000,1,2
"Kepler-1045 b","Kepler-1045","Transit",2016,7.70000000,2.69000000,26.41045478000,0.1616000000,0.000000,512.00,5301.00,0.820000,0.860000,1,1
"Kepler-980 b","Kepler-980","Transit",2016,7.61000000,2.67000000,11.55102504000,0.0999300000,0.000000,845.00,5935.00,1.060000,1.050000,1,1
"Kepler-991 b","Kepler-991","Transit",2016,6.99000000,2.54000000,82.53425190000,0.3104000000,0.000000,260.00,4392.00,0.610000,0.640000,1,1
"Kepler-1072 b","Kepler-1072","Transit",2016,3.12000000,1.58000000,1.56906650200,0.0274200000,0.000000,1849.00,6199.00,1.320000,1.200000,1,1
"Kepler-1018 b","Kepler-1018","Transit",2016,7.18000000,2.58000000,49.10135140000,0.2530000000,0.000000,498.00,5518.00,0.880000,0.910000,1,1
"Kepler-1004 b","Kepler-1004","Transit",2016,32.50000000,6.28000000,5.28789787000,0.0679100000,0.000000,1661.00,4972.00,3.390000,1.110000,1,1
"Kepler-997 b","Kepler-997","Transit",2016,2.42000000,1.36000000,2.70730671600,0.0402200000,0.000000,1709.00,6150.00,1.560000,1.220000,1,1
"Kepler-1151 b","Kepler-1151","Transit",2016,5.56000000,2.22000000,65.64784240000,0.3197000000,0.000000,485.00,5470.00,0.850000,0.880000,1,1
"Kepler-1064 b","Kepler-1064","Transit",2016,3.02000000,1.55000000,16.54080322000,0.1183000000,0.000000,570.00,5153.00,0.790000,0.850000,1,1
"Kepler-971 b","Kepler-971","Transit",2016,5.18000000,2.13000000,9.59070716000,0.0867900000,0.000000,1087.00,5431.00,0.850000,0.880000,1,1
"Kepler-1051 b","Kepler-1051","Transit",2016,11.50000000,3.40000000,25.96200249000,0.1839500000,0.000000,850.00,6675.00,1.730000,1.430000,1,1
"Kepler-1007 b","Kepler-1007","Transit",2016,2.67000000,1.44000000,5.18500207300,0.0480000000,0.000000,652.00,4587.00,0.700000,0.730000,1,1
"Kepler-968 b","Kepler-968","Transit",2016,4.66000000,2.00000000,3.69298372800,0.0389000000,0.000000,745.00,4598.00,0.700000,0.760000,1,3
"Kepler-1145 b","Kepler-1145","Transit",2016,2.54000000,1.40000000,3.97076766000,0.0443000000,0.000000,958.00,5064.00,0.750000,0.790000,1,1
"Kepler-1147 b","Kepler-1147","Transit",2016,7.32000000,2.61000000,10.62784997000,0.0961000000,0.000000,872.00,5941.00,1.140000,1.090000,1,1
"Kepler-1029 b","Kepler-1029","Transit",2016,2.13000000,1.26000000,4.41769647900,0.0470000000,0.000000,790.00,5030.00,0.770000,0.820000,1,1
"Kepler-996 b","Kepler-996","Transit",2016,4.58000000,1.98000000,3.77059058400,0.0474000000,0.000000,1272.00,6014.00,1.140000,1.090000,1,1
"Kepler-966 b","Kepler-966","Transit",2016,16.00000000,4.13000000,99.74762200000,0.3907000000,0.000000,391.00,5840.00,1.020000,1.020000,1,1
"Kepler-1047 b","Kepler-1047","Transit",2016,5.02000000,2.09000000,56.18868870000,0.2987100000,0.000000,503.00,5754.00,1.130000,1.080000,1,2
"Kepler-1149 b","Kepler-1149","Transit",2016,2.67000000,1.44000000,3.73089898000,0.0473000000,0.000000,1128.00,5833.00,1.010000,1.020000,1,1
"Kepler-1148 b","Kepler-1148","Transit",2016,3.50000000,1.69000000,1.10446350900,0.0188000000,0.000000,1397.00,5054.00,0.770000,0.810000,1,1
"Kepler-1057 b","Kepler-1057","Transit",2016,11.20000000,3.36000000,14.08827448000,0.1138000000,0.000000,724.00,5987.00,1.100000,1.070000,1,1
"Kepler-1059 b","Kepler-1059","Transit",2016,3.64000000,1.73000000,3.76419104800,0.0440000000,0.000000,908.00,4906.00,0.720000,0.750000,1,1
"Kepler-965 b","Kepler-965","Transit",2016,11.40000000,3.38000000,134.25272980000,0.5099800000,0.000000,393.00,5886.00,1.150000,1.050000,1,1
"Kepler-999 b","Kepler-999","Transit",2016,6.08000000,2.34000000,5.99185701700,0.0691800000,0.000000,1355.00,6237.00,1.650000,1.290000,1,1
"Kepler-1112 b","Kepler-1112","Transit",2016,9.38000000,3.02000000,14.36267939000,0.1239000000,0.000000,918.00,6496.00,1.540000,1.340000,1,1
"Kepler-952 b","Kepler-952","Transit",2016,45.40000000,7.65000000,130.35469190000,0.5183000000,0.000000,369.00,5730.00,0.990000,1.000000,1,1
"Kepler-479 b","Kepler-479","Transit",2016,5.14000000,2.12000000,12.49341307000,0.0963600000,0.000000,649.00,5247.00,0.810000,0.860000,1,1
"Kepler-934 b","Kepler-934","Transit",2016,5.02000000,2.09000000,55.67383090000,0.2658000000,0.000000,384.00,5001.00,0.770000,0.810000,1,1
"Kepler-977 b","Kepler-977","Transit",2016,7.37000000,2.62000000,26.85328322000,0.1620000000,0.000000,544.00,5315.00,0.830000,0.870000,1,1
"Kepler-1021 b","Kepler-1021","Transit",2016,6.04000000,2.33000000,13.47469571000,0.1034000000,0.000000,634.00,5431.00,0.860000,0.890000,1,1
"Kepler-979 b","Kepler-979","Transit",2016,7.85000000,2.72000000,8.08801350000,0.0753000000,0.000000,792.00,5310.00,0.830000,0.870000,1,1
"Kepler-982 b","Kepler-982","Transit",2016,5.69000000,2.25000000,15.77382210000,0.1277000000,0.000000,955.00,6139.00,1.290000,1.160000,1,1
"Kepler-936 b","Kepler-936","Transit",2016,2.70000000,1.45000000,10.56134221000,0.0954000000,0.000000,867.00,5482.00,0.890000,0.920000,1,1
"Kepler-938 b","Kepler-938","Transit",2016,5.56000000,2.22000000,52.62984170000,0.2689000000,0.000000,544.00,5533.00,0.890000,0.920000,1,1
"Kepler-1006 b","Kepler-1006","Transit",2016,2.99000000,1.54000000,19.76172042000,0.1464000000,0.000000,791.00,5328.00,0.740000,0.780000,1,1
"Kepler-1009 b","Kepler-1009","Transit",2016,5.35000000,2.17000000,11.35011917000,0.0796000000,0.000000,403.00,4027.00,0.570000,0.590000,1,1
"Kepler-976 b","Kepler-976","Transit",2016,14.90000000,3.96000000,105.95641480000,0.4217000000,0.000000,324.00,5232.00,0.830000,0.870000,1,1
"Kepler-1052 b","Kepler-1052","Transit",2016,8.91000000,2.93000000,34.85382760000,0.2098800000,0.000000,522.00,5888.00,1.030000,1.030000,1,2
"Kepler-1120 b","Kepler-1120","Transit",2016,2.48000000,1.38000000,2.94902905200,0.0369000000,0.000000,1027.00,4904.00,0.740000,0.780000,1,1
"Kepler-1123 b","Kepler-1123","Transit",2016,3.43000000,1.67000000,4.33946454000,0.0497000000,0.000000,1061.00,5500.00,0.900000,0.930000,1,1
"Kepler-940 b","Kepler-940","Transit",2016,11.10000000,3.34000000,59.62252570000,0.3059000000,0.000000,486.00,5769.00,0.960000,0.970000,1,1
"Kepler-1035 b","Kepler-1035","Transit",2016,1.71000000,1.17000000,2.71407755500,0.0388300000,0.000000,1301.00,5763.00,0.970000,0.980000,1,1
"Kepler-1027 b","Kepler-1027","Transit",2016,0.64000000,0.89000000,1.90780519900,0.0291100000,0.000000,1268.00,5436.00,0.820000,0.910000,2,1
"Kepler-986 b","Kepler-986","Transit",2016,6.17000000,2.36000000,56.43499380000,0.2913100000,0.000000,465.00,5642.00,0.980000,0.960000,1,1
"Kepler-1011 b","Kepler-1011","Transit",2016,8.60000000,2.87000000,5.75322197400,0.0633000000,0.000000,920.00,5416.00,0.880000,0.910000,1,1
"Kepler-1068 b","Kepler-1068","Transit",2016,12.80000000,3.63000000,16.92344113000,0.1303800000,0.000000,702.00,5806.00,1.010000,1.010000,1,1
"Kepler-917 b","Kepler-917","Transit",2016,4.31000000,1.91000000,2.97041437500,0.0378000000,0.000000,991.00,5418.00,0.760000,0.800000,1,1
"Kepler-918 b","Kepler-918","Transit",2016,3.68000000,1.74000000,4.85386933000,0.0569000000,0.000000,1052.00,6028.00,1.140000,1.110000,1,1
"Kepler-978 b","Kepler-978","Transit",2016,9.22000000,2.99000000,49.62215090000,0.2726000000,0.000000,546.00,6002.00,1.090000,1.070000,1,1
"Kepler-1002 b","Kepler-1002","Transit",2016,3.57000000,1.71000000,4.33642933100,0.0564000000,0.000000,1453.00,6144.00,1.570000,1.220000,1,1
"Kepler-1128 b","Kepler-1128","Transit",2016,12.90000000,3.65000000,61.61781670000,0.3020000000,0.000000,424.00,5543.00,0.910000,0.940000,1,1
"Kepler-920 b","Kepler-920","Transit",2016,6.44000000,2.42000000,6.53192704000,0.0650000000,0.000000,907.00,5403.00,0.850000,0.890000,1,2
"Kepler-919 b","Kepler-919","Transit",2016,5.69000000,2.25000000,11.04603384000,0.0981000000,0.000000,869.00,6113.00,1.210000,1.150000,1,1
"Kepler-921 b","Kepler-921","Transit",2016,8.60000000,2.87000000,51.30063400000,0.2716000000,0.000000,492.00,5663.00,0.910000,0.930000,1,1
"Kepler-1015 b","Kepler-1015","Transit",2016,12.30000000,3.55000000,16.00494214000,0.1345000000,0.000000,1040.00,6769.00,1.810000,1.490000,1,1
"Kepler-1005 b","Kepler-1005","Transit",2016,2.86000000,1.50000000,6.49801525000,0.0671700000,0.000000,1026.00,5782.00,1.060000,1.000000,1,1
"Kepler-972 b","Kepler-972","Transit",2016,19.50000000,4.65000000,7.03932553000,0.0734000000,0.000000,1060.00,6146.00,1.220000,1.150000,1,1
"Kepler-1130 b","Kepler-1130","Transit",2016,0.43700000,0.80000000,5.45298175000,0.0596300000,0.000000,904.00,5403.00,0.810000,0.900000,2,3
"Kepler-1131 b","Kepler-1131","Transit",2016,3.15000000,1.59000000,3.53232449000,0.0459000000,0.000000,1159.00,5851.00,1.040000,1.030000,1,1
"Kepler-1025 b","Kepler-1025","Transit",2016,4.58000000,1.98000000,37.32294930000,0.2160700000,0.000000,1654.00,6089.00,1.130000,1.090000,1,1
"Kepler-497 b","Kepler-497","Transit",2016,30.40000000,6.04000000,3.57320367100,0.0457000000,0.000000,1210.00,5834.00,1.110000,1.090000,1,1
"Kepler-994 b","Kepler-994","Transit",2016,3.19000000,1.60000000,1.15116650600,0.0177000000,0.000000,957.00,3934.00,0.540000,0.560000,1,1
"Kepler-1132 b","Kepler-1132","Transit",2016,6.12000000,2.35000000,62.89162280000,0.2881000000,0.000000,384.00,5298.00,0.830000,0.870000,1,1
"Kepler-1069 b","Kepler-1069","Transit",2016,3.19000000,1.60000000,23.89902960000,0.1658700000,0.000000,823.00,5722.00,0.980000,0.990000,1,1
"Kepler-1034 b","Kepler-1034","Transit",2016,5.73000000,2.26000000,12.12400943000,0.0965000000,0.000000,675.00,5198.00,0.800000,0.830000,1,1
"Kepler-944 b","Kepler-944","Transit",2016,7.41000000,2.63000000,43.31677370000,0.2288000000,0.000000,459.00,5409.00,0.830000,0.860000,1,1
"Kepler-942 b","Kepler-942","Transit",2016,5.18000000,2.13000000,44.96417488000,0.2273700000,0.000000,379.00,4861.00,0.750000,0.810000,1,1
"Kepler-946 b","Kepler-946","Transit",2016,4.38000000,1.93000000,11.79162572000,0.1002000000,0.000000,857.00,5665.00,0.930000,0.940000,1,1
"HD 50554 c","HD 50554","Transit",2026,5.30000000,1.31000000,5.96936200000,0.0652000000,0.000000,1090.83,5968.00,1.146000,1.040000,1,3
"Kepler-992 b","Kepler-992","Transit",2016,3.26000000,1.62000000,20.16034462000,0.1337200000,0.000000,510.00,4944.00,0.740000,0.800000,1,1
"Kepler-1134 b","Kepler-1134","Transit",2016,7.46000000,2.64000000,17.13263989000,0.1242000000,0.000000,611.00,5281.00,0.810000,0.840000,1,1
"Kepler-1135 b","Kepler-1135","Transit",2016,4.08000000,1.85000000,76.95785700000,0.3436000000,0.000000,451.00,5656.00,0.940000,0.960000,1,1
"Kepler-951 b","Kepler-951","Transit",2016,26.70000000,5.59000000,71.52530845000,0.3091000000,0.000000,340.00,4834.00,0.730000,0.770000,2,1
"Kepler-967 b","Kepler-967","Transit",2016,6.12000000,2.35000000,13.22713379000,0.1027000000,0.000000,638.00,5178.00,0.800000,0.840000,1,2
"Kepler-1013 b","Kepler-1013","Transit",2016,5.27000000,2.15000000,18.93054959000,0.1370000000,0.000000,766.00,4954.00,0.760000,0.810000,1,1
"Kepler-1233 b","Kepler-1233","Transit",2016,7.27000000,2.60000000,45.12630420000,0.2630000000,0.000000,604.00,6198.00,1.250000,1.160000,1,1
"Kepler-1234 b","Kepler-1234","Transit",2016,8.30000000,2.81000000,11.94014029000,0.0960000000,0.000000,625.00,4967.00,0.760000,0.800000,1,1
"Kepler-523 b","Kepler-523","Transit",2016,4.50000000,1.96000000,5.83598311100,0.0615900000,0.000000,884.00,5515.00,0.860000,0.930000,1,1
"Gl 725 B c","Gl 725 B","Radial Velocity",2026,3.40000000,1.66000000,37.90000000000,0.1390000000,,215.00,3379.00,0.280000,0.250000,2,2
"Kepler-1180 b","Kepler-1180","Transit",2016,4.62000000,1.99000000,16.86012860000,0.1246000000,0.000000,765.00,6077.00,1.140000,1.090000,1,1
"Kepler-1181 b","Kepler-1181","Transit",2016,3.09000000,1.57000000,4.89337519000,0.0621000000,0.000000,1374.00,6176.00,1.300000,1.170000,1,2
"Kepler-1189 b","Kepler-1189","Transit",2016,3.78000000,1.77000000,3.78858982000,0.0467000000,0.000000,1158.00,6012.00,1.160000,1.110000,1,1
"Kepler-1236 b","Kepler-1236","Transit",2016,5.22000000,2.14000000,31.05716180000,0.1803000000,0.000000,480.00,5337.00,0.820000,0.860000,1,1
"Kepler-1235 b","Kepler-1235","Transit",2016,0.41800000,0.79000000,4.16055856000,0.0483600000,0.000000,985.00,5541.00,0.900000,0.930000,1,1
"Kepler-518 b","Kepler-518","Transit",2016,5.10000000,2.11000000,8.51203587700,0.0799600000,0.000000,839.00,5842.00,0.880000,0.960000,1,1
"Kepler-1276 b","Kepler-1276","Transit",2016,1.81000000,1.19000000,12.57200950000,0.1086300000,0.000000,886.00,6188.00,1.210000,1.140000,1,1
"Kepler-1277 b","Kepler-1277","Transit",2016,3.19000000,1.60000000,40.83650120000,0.2185700000,0.000000,496.00,5578.00,0.920000,0.940000,1,1
"Kepler-1182 b","Kepler-1182","Transit",2016,6.39000000,2.41000000,11.17394617000,0.0981000000,0.000000,796.00,5924.00,1.050000,1.040000,1,1
"Kepler-549 b","Kepler-549","Transit",2016,11.00000000,2.57000000,42.94956490000,0.2323600000,0.000000,487.00,5360.00,0.840000,0.880000,1,3
"Kepler-1237 b","Kepler-1237","Transit",2016,8.55000000,2.86000000,84.57332260000,0.3778000000,0.000000,366.00,5472.00,0.900000,0.940000,1,1
"Kepler-1279 b","Kepler-1279","Transit",2016,3.71000000,1.75000000,23.47741010000,0.1785000000,0.000000,738.00,6221.00,1.330000,1.210000,1,1
"Kepler-1280 b","Kepler-1280","Transit",2016,4.16000000,1.87000000,66.55790570000,0.3398200000,0.000000,757.00,6227.00,1.320000,1.200000,1,1
"Kepler-1076 b","Kepler-1076","Transit",2016,0.43700000,0.80000000,6.14727918000,0.0611000000,0.000000,770.00,4868.00,0.740000,0.790000,1,1
"Kepler-1077 b","Kepler-1077","Transit",2016,8.10000000,2.77000000,34.35118740000,0.2101000000,0.000000,576.00,5816.00,1.020000,1.020000,1,1
"Kepler-1193 b","Kepler-1193","Transit",2016,2.30000000,1.32000000,2.83265213400,0.0400400000,0.000000,1453.00,5908.00,1.210000,1.080000,1,1
"Kepler-1194 b","Kepler-1194","Transit",2016,2.89000000,1.51000000,16.22371307000,0.1212000000,0.000000,676.00,5590.00,0.920000,0.940000,1,1
"Kepler-1238 b","Kepler-1238","Transit",2016,4.38000000,1.93000000,4.14787559000,0.0541000000,0.000000,1389.00,6386.00,1.480000,1.300000,1,1
"Kepler-1282 b","Kepler-1282","Transit",2016,3.02000000,1.55000000,2.13194651300,0.0335000000,0.000000,1418.00,5504.00,0.890000,0.920000,1,1
"Kepler-1078 b","Kepler-1078","Transit",2016,4.27000000,1.90000000,3.00725242000,0.0388000000,0.000000,1122.00,5612.00,0.920000,0.940000,1,1
"Kepler-1079 b","Kepler-1079","Transit",2016,3.29000000,1.63000000,13.24503188000,0.1092000000,0.000000,887.00,5758.00,1.360000,1.080000,1,1
"Kepler-1242 b","Kepler-1242","Transit",2016,5.73000000,2.26000000,13.62798432000,0.1039000000,0.000000,639.00,4895.00,0.740000,0.770000,1,1
"Kepler-1243 b","Kepler-1243","Transit",2016,3.71000000,1.75000000,16.83207290000,0.1256000000,0.000000,690.00,5667.00,0.940000,0.960000,1,1
"Kepler-1081 b","Kepler-1081","Transit",2016,1.01000000,1.01000000,3.85691854700,0.0466200000,0.000000,972.00,5345.00,0.840000,0.880000,1,1
"Kepler-1199 b","Kepler-1199","Transit",2016,1.60000000,1.15000000,15.04471980000,0.1130900000,0.000000,931.00,5889.00,1.170000,0.940000,1,1
"Kepler-1202 b","Kepler-1202","Transit",2016,8.96000000,2.94000000,28.68513240000,0.1790000000,0.000000,547.00,5834.00,1.040000,1.030000,1,1
"Kepler-519 b","Kepler-519","Transit",2016,5.06000000,2.10000000,24.30789460000,0.1593200000,0.000000,532.00,5260.00,0.800000,0.890000,2,1
"Kepler-1284 b","Kepler-1284","Transit",2016,1.92000000,1.21000000,0.66407380600,0.0143000000,0.000000,1703.00,5123.00,0.790000,0.840000,1,1
"Kepler-1083 b","Kepler-1083","Transit",2016,11.20000000,3.36000000,33.41779930000,0.1899000000,0.000000,448.00,5049.00,0.770000,0.810000,1,1
"Kepler-1203 b","Kepler-1203","Transit",2016,1.20000000,1.06000000,0.58800076500,0.0114000000,0.000000,1188.00,4105.00,0.610000,0.640000,1,1
"Kepler-1204 b","Kepler-1204","Transit",2016,9.53000000,3.05000000,85.73502850000,0.3877000000,0.000000,448.00,5825.00,1.030000,1.030000,1,1
"Kepler-1246 b","Kepler-1246","Transit",2016,2.42000000,1.36000000,11.32271513000,0.0848000000,0.000000,554.00,4611.00,0.690000,0.730000,1,1
"Kepler-1289 b","Kepler-1289","Transit",2016,2.92000000,1.52000000,7.99019627000,0.0785000000,0.000000,1113.00,6080.00,1.170000,1.100000,1,1
"Kepler-1087 b","Kepler-1087","Transit",2016,0.16500000,0.61000000,0.69384285500,0.0155400000,0.000000,2161.00,5589.00,0.940000,0.960000,1,1
"Kepler-1086 b","Kepler-1086","Transit",2016,6.53000000,2.44000000,18.78425728000,0.1198000000,0.000000,433.00,4350.00,0.660000,0.700000,2,2
"Kepler-1088 b","Kepler-1088","Transit",2016,2.60000000,1.42000000,23.12748644000,0.1616300000,0.000000,667.00,5975.00,1.080000,1.080000,1,1
"Kepler-1206 b","Kepler-1206","Transit",2016,3.33000000,1.64000000,1.21699766300,0.0201000000,0.000000,1314.00,4877.00,0.750000,0.800000,1,1
"Kepler-1205 b","Kepler-1205","Transit",2016,2.57000000,1.41000000,1.07839035200,0.0196000000,0.000000,1667.00,5226.00,0.810000,0.840000,1,1
"Kepler-1249 b","Kepler-1249","Transit",2016,6.26000000,2.38000000,24.33471270000,0.1670000000,0.000000,647.00,6202.00,1.280000,1.190000,1,1
"Kepler-1250 b","Kepler-1250","Transit",2016,4.35000000,1.92000000,2.60754383400,0.0393000000,0.000000,1431.00,5717.00,0.980000,0.990000,1,1
"Kepler-1293 b","Kepler-1293","Transit",2016,0.87100000,0.97000000,5.57654784000,0.0676300000,0.000000,1183.00,6241.00,1.280000,1.180000,1,1
"Kepler-513 b","Kepler-513","Transit",2016,5.48000000,2.20000000,28.86235584000,0.1779000000,0.000000,623.00,5849.00,1.060000,1.020000,1,1
"Kepler-1092 b","Kepler-1092","Transit",2016,4.94000000,2.07000000,58.60179250000,0.2996000000,0.000000,508.00,5862.00,1.000000,0.990000,1,1
"Kepler-1209 b","Kepler-1209","Transit",2016,2.89000000,1.51000000,25.36911600000,0.1751500000,0.000000,755.00,6210.00,1.380000,1.230000,1,1
"Kepler-1252 b","Kepler-1252","Transit",2016,3.43000000,1.67000000,15.05403290000,0.1078000000,0.000000,665.00,5949.00,1.090000,1.060000,1,1
"Kepler-1253 b","Kepler-1253","Transit",2016,2.33000000,1.33000000,68.88619150000,0.3144400000,0.000000,501.00,5850.00,1.100000,0.970000,1,1
"Kepler-1156 b","Kepler-1156","Transit",2016,2.30000000,1.32000000,11.89520511000,0.0970400000,0.000000,787.00,5778.00,1.000000,1.000000,1,1
"Kepler-1155 b","Kepler-1155","Transit",2016,4.78000000,2.03000000,33.46974300000,0.2006000000,0.000000,609.00,5842.00,1.030000,1.030000,1,1
"Kepler-1093 b","Kepler-1093","Transit",2016,4.46000000,1.95000000,25.08246260000,0.1754300000,0.000000,776.00,6166.00,1.200000,1.130000,1,2
"Kepler-1094 b","Kepler-1094","Transit",2016,10.20000000,3.18000000,78.10002310000,0.3625000000,0.000000,480.00,6112.00,1.210000,1.140000,1,1
"Kepler-1213 b","Kepler-1213","Transit",2016,1.81000000,1.19000000,5.34982412000,0.0602600000,0.000000,1156.00,6050.00,1.210000,1.140000,1,1
"Kepler-1255 b","Kepler-1255","Transit",2016,5.99000000,2.32000000,36.29193360000,0.2226000000,0.000000,694.00,6018.00,1.120000,1.080000,1,1
"Kepler-1256 b","Kepler-1256","Transit",2016,2.83000000,1.49000000,12.41277540000,0.1073300000,0.000000,933.00,6129.00,1.360000,1.170000,1,1
"Kepler-1160 b","Kepler-1160","Transit",2016,5.22000000,2.14000000,7.97034958000,0.0755000000,0.000000,839.00,5519.00,0.890000,0.920000,1,1
"Kepler-1158 b","Kepler-1158","Transit",2016,6.08000000,2.34000000,13.53962930000,0.1264300000,0.000000,1079.00,6203.00,1.950000,1.410000,1,1
"Kepler-1097 b","Kepler-1097","Transit",2016,10.70000000,3.26000000,187.74702900000,0.5791000000,0.000000,267.00,5211.00,0.790000,0.820000,1,1
"Kepler-1095 b","Kepler-1095","Transit",2016,1.92000000,1.21000000,4.27103091000,0.0514000000,0.000000,1108.00,5658.00,0.920000,0.940000,1,1
"Kepler-1217 b","Kepler-1217","Transit",2016,4.62000000,1.99000000,2.03232507200,0.0326000000,0.000000,1542.00,5905.00,1.080000,1.060000,1,1
"Kepler-1216 b","Kepler-1216","Transit",2016,2.51000000,1.39000000,4.37034536000,0.0519000000,0.000000,1191.00,5743.00,0.980000,0.990000,1,1
"Kepler-1257 b","Kepler-1257","Transit",2016,2.92000000,1.52000000,2.66831376200,0.0376000000,0.000000,1252.00,5502.00,0.870000,0.900000,1,1
"Kepler-1260 b","Kepler-1260","Transit",2016,3.78000000,1.77000000,19.11877530000,0.1444000000,0.000000,823.00,5961.00,1.080000,1.060000,1,1
"Kepler-1163 b","Kepler-1163","Transit",2016,1.08000000,1.03000000,6.11786898000,0.0686800000,0.000000,1211.00,6302.00,1.350000,1.220000,1,1
"Kepler-1100 b","Kepler-1100","Transit",2016,3.71000000,1.75000000,6.42200058000,0.0674500000,0.000000,1000.00,6247.00,1.340000,1.210000,1,1
"Kepler-1098 b","Kepler-1098","Transit",2016,2.24000000,1.30000000,2.54307285500,0.0358000000,0.000000,1319.00,5794.00,0.990000,0.990000,1,1
"Kepler-1261 b","Kepler-1261","Transit",2016,5.73000000,2.26000000,48.43089910000,0.2390000000,0.000000,396.00,5006.00,0.770000,0.820000,1,1
"Kepler-1166 b","Kepler-1166","Transit",2016,3.50000000,1.69000000,33.24068820000,0.1975000000,0.000000,486.00,5446.00,0.860000,0.900000,1,1
"Kepler-1167 b","Kepler-1167","Transit",2016,3.57000000,1.71000000,1.00393373900,0.0175000000,0.000000,1419.00,4971.00,0.750000,0.790000,1,1
"Kepler-1103 b","Kepler-1103","Transit",2016,5.77000000,2.27000000,19.79191978000,0.1533600000,0.000000,736.00,6092.00,1.150000,1.110000,1,1
"Kepler-1221 b","Kepler-1221","Transit",2016,4.19000000,1.88000000,12.00096042000,0.0906000000,0.000000,632.00,5194.00,0.820000,0.870000,1,1
"Kepler-522 b","Kepler-522","Transit",2016,38.20000000,6.91000000,38.58422849000,0.2502900000,0.000000,761.00,6392.00,1.980000,1.540000,1,1
"Kepler-1264 b","Kepler-1264","Transit",2016,1.76000000,1.18000000,0.96852602300,0.0183900000,0.000000,1677.00,5791.00,0.980000,0.990000,1,1
"Kepler-1169 b","Kepler-1169","Transit",2016,0.77900000,0.94000000,6.11009134000,0.0693100000,0.000000,1125.00,6191.00,1.230000,1.240000,1,1
"Kepler-1168 b","Kepler-1168","Transit",2016,6.80000000,2.50000000,55.82265390000,0.2663000000,0.000000,379.00,5157.00,0.820000,0.870000,1,1
"Kepler-1106 b","Kepler-1106","Transit",2016,3.36000000,1.65000000,1.25275217400,0.0239000000,0.000000,2199.00,6104.00,1.170000,1.110000,1,1
"Kepler-1226 b","Kepler-1226","Transit",2016,2.70000000,1.45000000,17.29234530000,0.1394500000,0.000000,809.00,5923.00,1.020000,1.020000,1,1
"Kepler-1266 b","Kepler-1266","Transit",2016,7.18000000,2.58000000,28.47474800000,0.1643100000,0.000000,489.00,5044.00,0.760000,0.800000,1,2
"Kepler-1268 b","Kepler-1268","Transit",2016,4.78000000,2.03000000,40.99039860000,0.2383000000,0.000000,627.00,5904.00,1.090000,1.060000,1,1
"Kepler-1171 b","Kepler-1171","Transit",2016,7.08000000,2.56000000,1.44259224000,0.0284000000,0.000000,2700.00,7044.00,1.950000,1.580000,1,1
"Kepler-1172 b","Kepler-1172","Transit",2016,10.30000000,3.20000000,26.02044230000,0.1680000000,0.000000,675.00,5558.00,0.890000,0.920000,1,1
"Kepler-1109 b","Kepler-1109","Transit",2016,5.43000000,2.19000000,37.64673840000,0.2466000000,0.000000,787.00,5893.00,1.060000,1.050000,1,1
"Kepler-1110 b","Kepler-1110","Transit",2016,7.56000000,2.66000000,9.69312032000,0.0754000000,0.000000,609.00,4781.00,0.700000,0.730000,1,1
"Kepler-1229 b","Kepler-1229","Transit",2016,2.54000000,1.40000000,86.82898900000,0.3006000000,0.000000,212.00,3784.00,0.510000,0.540000,1,1
"Kepler-436 c","Kepler-436","Transit",2016,6.04000000,2.33000000,16.79713874000,0.1145200000,0.000000,503.00,4685.00,0.710000,0.750000,1,2
"Kepler-1270 b","Kepler-1270","Transit",2016,11.00000000,3.32000000,6.03356196000,0.0704500000,0.000000,1598.00,5047.00,3.380000,1.280000,1,1
"Kepler-804 c","Kepler-804","Transit",2016,1.55000000,1.14000000,9.65185017000,0.0865400000,0.000000,890.00,5817.00,1.050000,1.010000,1,2
"Kepler-1230 b","Kepler-1230","Transit",2016,7.80000000,2.71000000,9.95661537000,0.0921000000,0.000000,946.00,5961.00,1.080000,1.060000,1,1
"Kepler-1271 b","Kepler-1271","Transit",2016,2.79000000,1.48000000,3.02559550000,0.0423300000,0.000000,1484.00,6143.00,1.230000,1.130000,1,1
"Kepler-1273 b","Kepler-1273","Transit",2016,6.76000000,2.49000000,28.62565300000,0.1857000000,0.000000,573.00,5566.00,0.910000,0.940000,1,1
"Kepler-1177 b","Kepler-1177","Transit",2016,4.27000000,1.90000000,106.24754700000,0.4301000000,0.000000,377.00,5712.00,0.970000,0.980000,1,1
"Kepler-1179 b","Kepler-1179","Transit",2016,2.30000000,1.32000000,2.68505749200,0.0349700000,0.000000,1137.00,5212.00,0.810000,0.840000,1,1
"Kepler-1152 b","Kepler-1152","Transit",2016,0.59000000,0.87000000,1.64680190800,0.0223000000,0.000000,806.00,3964.00,0.530000,0.550000,1,1
"Kepler-1186 b","Kepler-1186","Transit",2016,5.60000000,2.23000000,16.07677615000,0.1281000000,0.000000,724.00,5635.00,0.930000,0.950000,1,1
"Kepler-535 b","Kepler-535","Transit",2016,6.17000000,2.36000000,4.90332155100,0.0601100000,0.000000,1247.00,6123.00,1.270000,1.180000,1,1
"Kepler-1411 b","Kepler-1411","Transit",2016,8.35000000,2.82000000,86.11508880000,0.4001000000,0.000000,441.00,5664.00,0.920000,0.950000,1,1
"Kepler-1413 b","Kepler-1413","Transit",2016,3.97000000,1.82000000,13.18296420000,0.1066000000,0.000000,661.00,5196.00,0.800000,0.840000,1,1
"Kepler-1317 b","Kepler-1317","Transit",2016,3.05000000,1.56000000,0.56887442700,0.0128000000,0.000000,1796.00,5144.00,0.790000,0.830000,1,1
"Kepler-1318 b","Kepler-1318","Transit",2016,9.85000000,3.11000000,213.25766300000,0.6085000000,0.000000,202.00,4598.00,0.700000,0.730000,1,1
"Kepler-1362 b","Kepler-1362","Transit",2016,7.27000000,2.60000000,136.20562600000,0.4626000000,0.000000,248.00,4857.00,0.740000,0.800000,1,1
"Kepler-536 b","Kepler-536","Transit",2016,9.80000000,3.10000000,1.82708229900,0.0283500000,0.000000,1877.00,5524.00,0.890000,0.920000,1,1
"Kepler-1415 b","Kepler-1415","Transit",2016,2.21000000,1.29000000,0.63642408000,0.0141600000,0.000000,1846.00,5267.00,0.840000,0.890000,1,1
"Kepler-1320 b","Kepler-1320","Transit",2016,3.53000000,1.70000000,0.86838652800,0.0163000000,0.000000,1389.00,4817.00,0.740000,0.800000,1,1
"Kepler-1321 b","Kepler-1321","Transit",2016,21.50000000,4.92000000,11.12830484000,0.0781000000,0.000000,408.00,4094.00,0.530000,0.540000,1,3
"Kepler-1366 b","Kepler-1366","Transit",2016,2.63000000,1.43000000,2.16457096800,0.0273000000,0.000000,783.00,4070.00,0.600000,0.620000,1,1
"Kepler-903 c","Kepler-903","Transit",2016,6.94000000,2.53000000,62.92285570000,0.3024900000,0.000000,462.00,5682.00,0.970000,0.980000,1,2
"Kepler-758 e","Kepler-758","Transit",2016,2.96000000,1.53000000,8.19347190000,0.0829000000,0.000000,1144.00,6228.00,1.420000,1.160000,1,4
"Kepler-1417 b","Kepler-1417","Transit",2016,0.97200000,1.00000000,20.35052130000,0.1406200000,0.000000,695.00,5839.00,1.020000,1.020000,1,1
"Kepler-1322 b","Kepler-1322","Transit",2016,3.22000000,1.61000000,0.96286738200,0.0183000000,0.000000,1666.00,5488.00,0.870000,0.900000,1,2
"Kepler-525 b","Kepler-525","Transit",2016,7.41000000,2.63000000,18.68404933000,0.1438600000,0.000000,832.00,5573.00,1.150000,0.950000,1,1
"Kepler-722 c","Kepler-722","Transit",2016,8.35000000,2.82000000,105.14474900000,0.4471000000,0.000000,401.00,5863.00,1.050000,1.030000,1,2
"Kepler-1422 b","Kepler-1422","Transit",2016,4.74000000,2.02000000,18.60519420000,0.1499000000,0.000000,833.00,6194.00,1.230000,1.150000,1,1
"Kepler-1327 b","Kepler-1327","Transit",2016,3.89000000,1.80000000,14.88801098000,0.1115100000,0.000000,831.00,5885.00,1.030000,1.020000,1,1
"Kepler-1368 b","Kepler-1368","Transit",2016,3.36000000,1.65000000,0.67564948600,0.0153000000,0.000000,2085.00,5906.00,1.080000,1.070000,1,1
"Kepler-769 c","Kepler-769","Transit",2016,3.86000000,1.79000000,15.98701740000,0.1297000000,0.000000,803.00,6186.00,1.280000,1.190000,1,2
"Kepler-770 c","Kepler-770","Transit",2016,1.87000000,1.20000000,1.47532231400,0.0309000000,0.000000,2740.00,5598.00,0.920000,0.940000,1,3
"Kepler-1430 b","Kepler-1430","Transit",2016,1.76000000,1.18000000,2.46050993000,0.0304000000,0.000000,969.00,4796.00,0.720000,0.770000,1,1
"Kepler-1431 b","Kepler-1431","Transit",2016,2.76000000,1.47000000,5.86601526000,0.0648000000,0.000000,1064.00,5806.00,1.030000,1.030000,1,1
"Kepler-1328 b","Kepler-1328","Transit",2016,0.90400000,0.98000000,4.52158888000,0.0520000000,0.000000,1214.00,5780.00,0.990000,1.000000,1,1
"Kepler-1329 b","Kepler-1329","Transit",2016,5.35000000,2.17000000,9.33646594000,0.0747000000,0.000000,577.00,4500.00,0.690000,0.720000,1,1
"Kepler-527 b","Kepler-527","Transit",2016,8.45000000,2.84000000,13.28535633000,0.1164600000,0.000000,1157.00,6388.00,1.450000,1.280000,1,1
"Kepler-1371 b","Kepler-1371","Transit",2016,0.31500000,0.73000000,3.44620390000,0.0421400000,0.000000,1015.00,5361.00,0.830000,0.870000,1,2
"Kepler-770 d","Kepler-770","Transit",2016,2.54000000,1.40000000,4.15244722000,0.0616000000,0.000000,1941.00,5598.00,0.920000,0.940000,1,3
"Kepler-896 b","Kepler-896","Transit",2016,6.94000000,2.53000000,144.54739600000,0.5637800000,0.000000,303.00,5262.00,0.810000,0.840000,1,2
"Kepler-1427 b","Kepler-1427","Transit",2016,1.37000000,1.10000000,0.96897237600,0.0197000000,0.000000,1844.00,5793.00,1.010000,1.010000,1,1
"Kepler-1332 b","Kepler-1332","Transit",2016,2.45000000,1.37000000,11.87456832000,0.0991500000,0.000000,728.00,5581.00,0.900000,0.950000,1,1
"Kepler-1330 b","Kepler-1330","Transit",2016,3.36000000,1.65000000,10.10769068000,0.0889000000,0.000000,879.00,5608.00,0.940000,0.970000,1,1
"Kepler-1373 b","Kepler-1373","Transit",2016,1.65000000,1.16000000,1.29123275000,0.0259800000,0.000000,1887.00,6299.00,1.330000,1.220000,1,1
"Kepler-1374 b","Kepler-1374","Transit",2016,5.86000000,2.29000000,10.65276707000,0.0918000000,0.000000,737.00,5323.00,0.810000,0.850000,1,1
"Kepler-1311 c","Kepler-1311","Transit",2016,1.98000000,1.22000000,2.53573424000,0.0375300000,0.000000,1671.00,5748.00,1.400000,1.050000,1,3
"Kepler-1428 b","Kepler-1428","Transit",2016,3.33000000,1.64000000,10.67607169000,0.1105100000,0.000000,1049.00,6184.00,1.360000,1.280000,1,1
"Kepler-1429 b","Kepler-1429","Transit",2016,2.21000000,1.29000000,4.48487493000,0.0550000000,0.000000,1199.00,5902.00,1.070000,1.050000,1,1
"Kepler-1335 b","Kepler-1335","Transit",2016,2.70000000,1.45000000,6.26406846000,0.0615000000,0.000000,809.00,4903.00,0.740000,0.770000,1,1
"Kepler-528 b","Kepler-528","Transit",2016,4.98000000,2.08000000,19.78297415000,0.1421900000,0.000000,708.00,5807.00,1.060000,1.010000,1,1
"Kepler-1321 c","Kepler-1321","Transit",2016,6.35000000,2.40000000,2.22649108600,0.0267000000,0.000000,697.00,4094.00,0.530000,0.540000,1,3
"Kepler-1433 b","Kepler-1433","Transit",2016,3.05000000,1.56000000,4.13592271000,0.0516000000,0.000000,1226.00,6097.00,1.190000,1.140000,1,1
"Kepler-1337 b","Kepler-1337","Transit",2016,6.39000000,2.41000000,24.40025490000,0.1441000000,0.000000,437.00,4523.00,0.670000,0.700000,1,1
"Kepler-1339 b","Kepler-1339","Transit",2016,0.28500000,0.71000000,1.34155512700,0.0235600000,0.000000,1642.00,5586.00,0.930000,0.940000,1,1
"Kepler-1377 b","Kepler-1377","Transit",2016,2.10000000,1.25000000,0.74092842200,0.0153000000,0.000000,1873.00,5218.00,0.820000,0.860000,1,1
"Kepler-1378 b","Kepler-1378","Transit",2016,5.48000000,2.20000000,11.95398936000,0.0885000000,0.000000,525.00,4407.00,0.670000,0.700000,1,1
"Kepler-1370 c","Kepler-1370","Transit",2016,2.15000000,1.27000000,7.44142113000,0.0808400000,0.000000,1075.00,6202.00,1.290000,1.190000,1,2
"Kepler-1295 b","Kepler-1295","Transit",2016,3.02000000,1.55000000,3.81371974000,0.0464000000,0.000000,1029.00,5486.00,0.890000,0.920000,1,1
"Kepler-1296 b","Kepler-1296","Transit",2016,0.69300000,0.91000000,8.38398650000,0.0896000000,0.000000,1285.00,5359.00,0.830000,0.870000,1,1
"Kepler-1341 b","Kepler-1341","Transit",2016,9.22000000,2.99000000,132.99683220000,0.4726700000,0.000000,241.00,4662.00,0.720000,0.790000,2,1
"Kepler-529 b","Kepler-529","Transit",2016,4.12000000,1.86000000,1.98035766300,0.0309000000,0.000000,1662.00,6087.00,1.140000,1.070000,1,3
"Kepler-1380 b","Kepler-1380","Transit",2016,2.63000000,1.43000000,10.31082450000,0.0917000000,0.000000,786.00,5570.00,0.940000,0.960000,1,1
"Kepler-1391 b","Kepler-1391","Transit",2016,3.46000000,1.68000000,54.40923330000,0.3004500000,0.000000,513.00,5840.00,1.100000,1.030000,1,1
"Kepler-1392 b","Kepler-1392","Transit",2016,4.50000000,1.96000000,15.14103970000,0.1189000000,0.000000,714.00,5479.00,0.850000,0.880000,1,1
"Kepler-1297 b","Kepler-1297","Transit",2016,0.87100000,0.97000000,1.68189002000,0.0283000000,0.000000,1790.00,5818.00,0.990000,0.990000,1,1
"Kepler-1343 b","Kepler-1343","Transit",2016,4.38000000,1.93000000,3.35183158000,0.0449000000,0.000000,1294.00,5759.00,0.930000,0.950000,1,1
"Kepler-1344 b","Kepler-1344","Transit",2016,4.04000000,1.84000000,4.76830490000,0.0550100000,0.000000,1219.00,5981.00,1.130000,1.090000,1,1
"Kepler-1383 b","Kepler-1383","Transit",2016,2.57000000,1.41000000,13.90935830000,0.1139700000,0.000000,928.00,6370.00,1.440000,1.260000,1,1
"Kepler-1381 b","Kepler-1381","Transit",2016,5.69000000,2.25000000,25.38426860000,0.1728000000,0.000000,649.00,5747.00,0.940000,0.960000,1,1
"Kepler-1393 b","Kepler-1393","Transit",2016,0.43700000,0.80000000,2.44357812000,0.0337000000,0.000000,1249.00,5697.00,0.920000,0.950000,1,1
"Kepler-1300 b","Kepler-1300","Transit",2016,2.45000000,1.37000000,22.24190920000,0.1600500000,0.000000,954.00,6130.00,1.790000,1.290000,1,1
"Kepler-616 c","Kepler-616","Transit",2016,11.50000000,3.41000000,90.41135560000,0.4024000000,0.000000,413.00,5753.00,0.970000,0.980000,1,3
"Kepler-1347 b","Kepler-1347","Transit",2016,1.08000000,1.03000000,14.00947528000,0.1040000000,0.000000,617.00,5193.00,0.790000,0.820000,1,1
"Kepler-1345 b","Kepler-1345","Transit",2016,6.17000000,2.36000000,44.61695570000,0.2641200000,0.000000,693.00,6449.00,1.550000,1.320000,1,1
"Kepler-1385 b","Kepler-1385","Transit",2016,0.54300000,0.85000000,2.88879862000,0.0426200000,0.000000,1423.00,5732.00,1.290000,1.150000,1,1
"Kepler-1384 b","Kepler-1384","Transit",2016,4.42000000,1.94000000,15.36262753000,0.1126000000,0.000000,608.00,4919.00,0.740000,0.780000,1,1
"Kepler-1397 b","Kepler-1397","Transit",2016,3.61000000,1.72000000,47.44995500000,0.2586100000,0.000000,551.00,6026.00,1.120000,1.090000,1,1
"Kepler-1398 b","Kepler-1398","Transit",2016,0.66600000,0.90000000,2.78815679000,0.0390900000,0.000000,1510.00,6126.00,1.180000,1.130000,1,2
"Kepler-1396 b","Kepler-1396","Transit",2016,4.94000000,2.07000000,18.22064210000,0.1406000000,0.000000,786.00,6195.00,1.270000,1.180000,1,1
"Kepler-1302 b","Kepler-1302","Transit",2016,2.63000000,1.43000000,8.83922659000,0.0795000000,0.000000,778.00,5236.00,0.820000,0.860000,1,1
"Kepler-1304 b","Kepler-1304","Transit",2016,5.86000000,2.29000000,16.12888530000,0.1202000000,0.000000,715.00,5259.00,0.810000,0.850000,1,1
"Kepler-1350 b","Kepler-1350","Transit",2016,6.90000000,2.52000000,4.49686040000,0.0413000000,0.000000,535.00,3827.00,0.530000,0.550000,1,2
"Kepler-1348 b","Kepler-1348","Transit",2016,4.42000000,1.94000000,27.57227420000,0.1834000000,0.000000,636.00,5911.00,1.040000,1.040000,1,1
"Kepler-1387 b","Kepler-1387","Transit",2016,0.74900000,0.93000000,2.27952665600,0.0310000000,0.000000,1123.00,5046.00,0.770000,0.820000,1,1
"Kepler-1398 c","Kepler-1398","Transit",2016,1.08000000,1.03000000,4.13827595000,0.0508700000,0.000000,1324.00,6126.00,1.180000,1.130000,1,2
"Kepler-1400 b","Kepler-1400","Transit",2016,3.26000000,1.62000000,9.06689421000,0.0771000000,0.000000,725.00,5044.00,0.780000,0.830000,1,1
"Kepler-1307 b","Kepler-1307","Transit",2016,6.66000000,2.47000000,18.01621096000,0.1369000000,0.000000,768.00,5884.00,1.080000,1.060000,1,1
"Kepler-1351 b","Kepler-1351","Transit",2016,0.20800000,0.65000000,0.91614076800,0.0156000000,0.000000,1212.00,4439.00,0.670000,0.700000,1,1
"Kepler-521 b","Kepler-521","Transit",2016,10.20000000,3.18000000,22.20813214000,0.1711600000,0.000000,803.00,6406.00,1.460000,1.340000,1,1
"Kepler-1390 b","Kepler-1390","Transit",2016,1.76000000,1.18000000,6.48021673000,0.0662000000,0.000000,934.00,5753.00,0.980000,0.980000,1,1
"Kepler-531 b","Kepler-531","Transit",2016,8.15000000,2.78000000,29.88485741000,0.1744600000,0.000000,453.00,4893.00,0.750000,0.780000,1,1
"Kepler-1389 b","Kepler-1389","Transit",2016,3.78000000,1.77000000,99.25309510000,0.3824900000,0.000000,300.00,5078.00,0.740000,0.810000,1,1
"Kepler-1401 b","Kepler-1401","Transit",2016,3.46000000,1.68000000,11.20066445000,0.0975000000,0.000000,808.00,5964.00,1.100000,1.070000,1,1
"Kepler-1402 b","Kepler-1402","Transit",2016,0.36300000,0.76000000,2.03387914000,0.0322000000,0.000000,1789.00,5416.00,0.870000,0.900000,1,1
"Kepler-1308 b","Kepler-1308","Transit",2016,0.09330000,0.52000000,2.10433811900,0.0250000000,0.000000,662.00,3468.00,0.340000,0.350000,1,1
"Kepler-1309 b","Kepler-1309","Transit",2016,6.21000000,2.37000000,28.84326470000,0.1679000000,0.000000,491.00,5235.00,0.800000,0.850000,1,1
"Kepler-1352 b","Kepler-1352","Transit",2016,0.64000000,0.89000000,1.87788274800,0.0288300000,0.000000,1701.00,6118.00,1.160000,1.110000,1,1
"Kepler-1353 b","Kepler-1353","Transit",2016,3.89000000,1.80000000,24.75439660000,0.1530000000,0.000000,491.00,4776.00,0.720000,0.760000,1,1
"Kepler-532 b","Kepler-532","Transit",2016,7.13000000,2.57000000,12.92491623000,0.1015100000,0.000000,620.00,5192.00,0.790000,0.870000,1,1
"Kepler-1403 b","Kepler-1403","Transit",2016,5.22000000,2.14000000,5.19492202000,0.0640000000,0.000000,1238.00,6060.00,1.150000,1.110000,1,1
"Kepler-1405 b","Kepler-1405","Transit",2016,14.90000000,3.96000000,28.22741840000,0.1778000000,0.000000,565.00,5925.00,1.070000,1.050000,1,1
"Kepler-1310 b","Kepler-1310","Transit",2016,2.67000000,1.44000000,0.67933627200,0.0145200000,0.000000,1883.00,5549.00,0.880000,0.910000,1,1
"Kepler-1312 b","Kepler-1312","Transit",2016,5.06000000,2.10000000,5.44832528600,0.0605300000,0.000000,978.00,5719.00,0.920000,0.990000,1,2
"Kepler-517 b","Kepler-517","Transit",2016,7.61000000,2.67000000,60.92832271000,0.2868200000,0.000000,467.00,5690.00,0.980000,0.950000,2,1
"Kepler-1356 b","Kepler-1356","Transit",2016,2.96000000,1.53000000,0.63400293700,0.0136000000,0.000000,1714.00,5106.00,0.780000,0.820000,1,1
"Kepler-1354 b","Kepler-1354","Transit",2016,9.11000000,2.97000000,76.61337700000,0.3521000000,0.000000,466.00,6168.00,1.240000,1.160000,1,1
"Kepler-1050 c","Kepler-1050","Transit",2016,2.79000000,1.48000000,21.12845690000,0.1526400000,0.000000,935.00,6010.00,1.130000,1.090000,1,2
"Kepler-1407 b","Kepler-1407","Transit",2016,5.69000000,2.25000000,20.07115040000,0.1502000000,0.000000,826.00,6010.00,1.150000,1.100000,1,1
"Kepler-1313 b","Kepler-1313","Transit",2016,3.75000000,1.76000000,3.83309117800,0.0461900000,0.000000,1012.00,5453.00,0.850000,0.920000,1,1
"Kepler-1359 b","Kepler-1359","Transit",2016,8.40000000,2.83000000,59.49709520000,0.2665700000,0.000000,369.00,4709.00,0.720000,0.780000,1,1
"Kepler-1360 b","Kepler-1360","Transit",2016,11.50000000,3.40000000,40.52864130000,0.2866000000,0.000000,933.00,6778.00,1.830000,1.510000,1,1
"Kepler-1611 b","Kepler-1611","Transit",2016,0.45700000,0.81000000,5.17624290000,0.0586000000,0.000000,1243.00,5605.00,0.930000,0.940000,1,1
"Kepler-1463 b","Kepler-1463","Transit",2016,4.12000000,1.86000000,25.15864000000,0.1694000000,0.000000,619.00,5679.00,0.950000,0.960000,1,1
"Kepler-1543 b","Kepler-1543","Transit",2016,7.80000000,2.71000000,6.96710269000,0.0867000000,0.000000,1774.00,6561.00,1.650000,1.390000,1,1
"Kepler-1578 b","Kepler-1578","Transit",2016,1.12000000,1.04000000,1.45088690700,0.0252000000,0.000000,1700.00,5545.00,0.860000,0.900000,1,1
"Kepler-626 b","Kepler-626","Transit",2016,5.86000000,2.29000000,14.48585199000,0.1091300000,0.000000,784.00,5813.00,1.050000,1.010000,1,1
"Kepler-1465 b","Kepler-1465","Transit",2016,3.78000000,1.77000000,31.82771110000,0.1939000000,0.000000,668.00,4726.00,0.710000,0.750000,1,1
"Kepler-1466 b","Kepler-1466","Transit",2016,3.02000000,1.55000000,31.17504480000,0.1798100000,0.000000,585.00,5884.00,1.020000,1.010000,1,1
"Kepler-1546 b","Kepler-1546","Transit",2016,9.96000000,3.13000000,19.59749710000,0.1366000000,0.000000,671.00,5623.00,0.930000,0.950000,1,1
"Kepler-1548 b","Kepler-1548","Transit",2016,7.46000000,2.64000000,124.82867900000,0.4679000000,0.000000,350.00,5706.00,0.970000,0.990000,1,1
"Kepler-1613 b","Kepler-1613","Transit",2016,4.98000000,2.08000000,1.51842990000,0.0275500000,0.000000,1926.00,6005.00,1.120000,1.080000,1,1
"Kepler-1468 c","Kepler-1468","Transit",2016,1.60000000,1.15000000,3.54553021000,0.0466000000,0.000000,1448.00,5893.00,1.050000,1.040000,1,3
"Kepler-1582 b","Kepler-1582","Transit",2016,2.83000000,1.49000000,4.83817712000,0.0316000000,0.000000,354.00,3208.00,0.300000,0.280000,1,1
"Kepler-1469 b","Kepler-1469","Transit",2016,8.25000000,2.80000000,21.86353010000,0.1466000000,0.000000,551.00,5507.00,0.890000,0.920000,1,1
"Kepler-633 b","Kepler-633","Transit",2016,3.29000000,1.63000000,8.50340718000,0.0818500000,0.000000,1021.00,5899.00,1.150000,1.020000,1,2
"Kepler-1550 b","Kepler-1550","Transit",2016,9.38000000,3.02000000,225.58280900000,0.7681000000,0.000000,348.00,5991.00,1.110000,1.070000,1,1
"Kepler-1552 b","Kepler-1552","Transit",2016,6.66000000,2.47000000,184.77185300000,0.6011000000,0.000000,268.00,5202.00,0.780000,0.850000,1,1
"Kepler-1584 b","Kepler-1584","Transit",2016,3.22000000,1.61000000,13.39970990000,0.1168000000,0.000000,886.00,6069.00,1.130000,1.100000,1,1
"Kepler-556 b","Kepler-556","Transit",2016,5.65000000,2.24000000,11.72292176000,0.0983300000,0.000000,766.00,5740.00,0.980000,1.000000,1,1
"Kepler-629 b","Kepler-629","Transit",2016,2.48000000,1.38000000,7.23858540000,0.0710700000,0.000000,816.00,5444.00,0.840000,0.930000,1,1
"Kepler-630 b","Kepler-630","Transit",2016,10.20000000,3.18000000,161.47439370000,0.5620100000,0.000000,343.00,5829.00,1.040000,1.020000,1,1
"Kepler-1470 b","Kepler-1470","Transit",2016,1.24000000,1.07000000,16.29509030000,0.1160000000,0.000000,574.00,4961.00,0.760000,0.800000,1,1
"Kepler-1475 b","Kepler-1475","Transit",2016,8.85000000,2.92000000,82.17737400000,0.3730000000,0.000000,441.00,6214.00,1.280000,1.180000,1,1
"Kepler-1476 b","Kepler-1476","Transit",2016,3.43000000,1.67000000,10.35863224000,0.0932000000,0.000000,860.00,5663.00,0.960000,0.980000,1,1
"Kepler-154 f","Kepler-154","Transit",2016,2.86000000,1.50000000,9.91935684000,0.0883200000,0.000000,838.00,5769.00,0.980000,0.980000,1,5
"Kepler-1165 b","Kepler-1165","Transit",2016,3.02000000,1.55000000,9.47852200000,0.0914000000,0.000000,946.00,6080.00,1.180000,1.130000,1,2
"Kepler-1587 b","Kepler-1587","Transit",2016,2.33000000,1.33000000,9.40604670000,0.0874700000,0.000000,981.00,5933.00,1.220000,1.080000,1,1
"Kepler-579 b","Kepler-579","Transit",2016,4.66000000,2.00000000,9.66857723000,0.0854000000,0.000000,730.00,5636.00,0.960000,0.990000,1,1
"Kepler-1619 b","Kepler-1619","Transit",2016,0.36300000,0.76000000,23.62259130000,0.1541300000,0.000000,797.00,5852.00,1.000000,1.000000,1,1
"Kepler-132 e","Kepler-132","Transit",2016,1.76000000,1.18000000,110.28693740000,0.4392700000,0.000000,414.00,6023.00,1.100000,1.030000,2,4
"Kepler-1471 b","Kepler-1471","Transit",2016,2.57000000,1.41000000,3.63899398000,0.0453000000,0.000000,1238.00,5660.00,0.930000,0.950000,1,2
"Kepler-1554 b","Kepler-1554","Transit",2016,8.75000000,2.90000000,198.08877400000,0.5952700000,0.000000,288.00,5297.00,0.810000,0.840000,1,1
"Kepler-541 b","Kepler-541","Transit",2016,11.20000000,3.36000000,5.08005848000,0.0644700000,0.000000,1673.00,6166.00,2.060000,1.410000,1,1
"Kepler-1589 b","Kepler-1589","Transit",2016,1.32000000,1.09000000,0.99166527400,0.0205000000,0.000000,2102.00,6166.00,1.250000,1.180000,1,1
"Kepler-1473 b","Kepler-1473","Transit",2016,1.81000000,1.19000000,14.42735510000,0.1160600000,0.000000,783.00,6046.00,1.090000,1.090000,1,1
"Kepler-1472 b","Kepler-1472","Transit",2016,4.27000000,1.90000000,38.13128310000,0.2322000000,0.000000,613.00,6159.00,1.250000,1.160000,1,1
"Kepler-1474 b","Kepler-1474","Transit",2016,5.31000000,2.16000000,36.43334520000,0.2108000000,0.000000,561.00,5870.00,1.040000,1.040000,1,1
"Kepler-1556 b","Kepler-1556","Transit",2016,4.50000000,1.96000000,8.82713457000,0.0829000000,0.000000,797.00,5608.00,0.950000,0.970000,1,1
"Kepler-542 b","Kepler-542","Transit",2016,3.09000000,1.57000000,13.14497566000,0.1070300000,0.000000,698.00,5526.00,0.900000,0.930000,1,1
"Kepler-1592 b","Kepler-1592","Transit",2016,2.99000000,1.54000000,3.05710069000,0.0400000000,0.000000,1202.00,6213.00,1.280000,1.180000,1,1
"Kepler-1623 b","Kepler-1623","Transit",2016,2.27000000,1.31000000,4.36128348000,0.0518000000,0.000000,1000.00,5772.00,1.000000,1.000000,1,1
"Kepler-1622 b","Kepler-1622","Transit",2016,2.76000000,1.47000000,10.81187370000,0.1013600000,0.000000,922.00,6436.00,1.500000,1.310000,1,1
"Kepler-631 b","Kepler-631","Transit",2016,8.75000000,2.90000000,17.97979059000,0.1401700000,0.000000,828.00,6185.00,1.330000,1.240000,1,1
"Kepler-1477 b","Kepler-1477","Transit",2016,1.76000000,1.18000000,11.55530021000,0.0911000000,0.000000,674.00,5100.00,0.780000,0.810000,1,1
"Kepler-1478 b","Kepler-1478","Transit",2016,3.64000000,1.73000000,26.08405940000,0.1681000000,0.000000,598.00,5904.00,1.060000,1.040000,1,1
"Kepler-1558 b","Kepler-1558","Transit",2016,0.24400000,0.68000000,3.50470358000,0.0427800000,0.000000,1019.00,5101.00,0.790000,0.830000,1,1
"Kepler-1557 b","Kepler-1557","Transit",2016,2.96000000,1.53000000,3.74032496000,0.0490000000,0.000000,1287.00,6099.00,1.170000,1.110000,1,1
"Kepler-544 b","Kepler-544","Transit",2016,5.14000000,2.12000000,21.41616926000,0.1548200000,0.000000,748.00,6206.00,1.220000,1.160000,1,1
"Kepler-1442 b","Kepler-1442","Transit",2016,14.70000000,3.93000000,81.41629410000,0.4081400000,0.000000,522.00,6394.00,1.440000,1.340000,1,1
"Kepler-1435 b","Kepler-1435","Transit",2016,0.56600000,0.86000000,4.45343281000,0.0545600000,0.000000,1331.00,6356.00,1.320000,1.210000,1,1
"Kepler-1559 b","Kepler-1559","Transit",2016,0.29900000,0.72000000,0.97191542800,0.0183500000,0.000000,1609.00,5316.00,0.820000,0.860000,1,1
"Kepler-1596 b","Kepler-1596","Transit",2016,4.27000000,1.90000000,66.37337900000,0.3237000000,0.000000,471.00,5706.00,0.920000,0.950000,1,1
"Kepler-403 d","Kepler-403","Transit",2016,2.60000000,1.42000000,13.61159129000,0.1217800000,0.000000,958.00,6209.00,1.450000,1.250000,1,3
"Kepler-1443 b","Kepler-1443","Transit",2016,0.87100000,0.97000000,2.41811321000,0.0378300000,0.000000,1602.00,6289.00,1.270000,1.190000,1,1
"Kepler-1438 b","Kepler-1438","Transit",2016,0.77900000,0.94000000,2.31942009000,0.0346000000,0.000000,1490.00,5530.00,0.960000,0.970000,1,1
"Kepler-1562 b","Kepler-1562","Transit",2016,12.30000000,3.55000000,64.27377520000,0.3308000000,0.000000,554.00,5760.00,1.050000,1.020000,1,1
"Kepler-1561 b","Kepler-1561","Transit",2016,1.32000000,1.09000000,1.00520700700,0.0194000000,0.000000,1682.00,5957.00,1.110000,1.070000,1,1
"Kepler-1598 b","Kepler-1598","Transit",2016,0.80900000,0.95000000,4.34195123000,0.0520700000,0.000000,1236.00,5940.00,1.090000,1.070000,1,1
"Kepler-1445 b","Kepler-1445","Transit",2016,0.84000000,0.96000000,10.60052251000,0.0958700000,0.000000,987.00,6150.00,1.260000,1.130000,1,1
"Kepler-511 b","Kepler-511","Transit",2016,33.10000000,6.35000000,296.63786500000,0.8567200000,0.000000,332.00,5770.00,1.200000,1.000000,1,2
"Kepler-1564 b","Kepler-1564","Transit",2016,2.76000000,1.47000000,18.05403810000,0.1327000000,0.000000,635.00,5528.00,0.900000,0.930000,1,1
"Kepler-1563 b","Kepler-1563","Transit",2016,0.34700000,0.75000000,3.43276598000,0.0442000000,0.000000,1134.00,5765.00,0.990000,1.000000,1,1
"Kepler-1565 b","Kepler-1565","Transit",2016,1.81000000,1.19000000,1.53818843700,0.0241000000,0.000000,1234.00,4940.00,0.730000,0.760000,1,1
"Kepler-1602 b","Kepler-1602","Transit",2016,2.36000000,1.34000000,11.17931605000,0.0974400000,0.000000,1159.00,6296.00,1.360000,1.220000,1,1
"Kepler-1448 b","Kepler-1448","Transit",2016,3.22000000,1.61000000,12.27065865000,0.1058000000,0.000000,811.00,5774.00,0.930000,0.950000,1,1
"Kepler-1449 b","Kepler-1449","Transit",2016,3.46000000,1.68000000,13.22745280000,0.1176000000,0.000000,867.00,5979.00,1.100000,1.080000,1,1
"Kepler-1566 b","Kepler-1566","Transit",2016,0.41800000,0.79000000,0.53991523800,0.0119800000,0.000000,1871.00,5254.00,0.810000,0.840000,1,1
"Kepler-1567 b","Kepler-1567","Transit",2016,7.90000000,2.73000000,153.97957800000,0.5520000000,0.000000,330.00,5655.00,0.930000,0.950000,1,1
"Kepler-597 b","Kepler-597","Transit",2016,6.21000000,2.37000000,13.02365861000,0.1091600000,0.000000,743.00,5683.00,0.950000,0.970000,1,1
"Kepler-1603 b","Kepler-1603","Transit",2016,2.21000000,1.29000000,2.27163926000,0.0351000000,0.000000,1522.00,6241.00,1.310000,1.210000,1,1
"Kepler-1450 b","Kepler-1450","Transit",2016,3.57000000,1.71000000,54.50941660000,0.2401000000,0.000000,308.00,4524.00,0.680000,0.710000,1,1
"Kepler-1451 b","Kepler-1451","Transit",2016,11.20000000,3.35000000,35.62223300000,0.2101000000,0.000000,523.00,5782.00,0.990000,1.000000,1,1
"Kepler-603 d","Kepler-603","Transit",2016,2.30000000,1.32000000,6.21712920000,0.0711700000,0.000000,1098.00,5808.00,1.010000,1.010000,1,3
"Kepler-605 c","Kepler-605","Transit",2016,0.56600000,0.86000000,2.35895151500,0.0333600000,0.000000,1278.00,5462.00,0.880000,0.910000,1,2
"Kepler-1568 b","Kepler-1568","Transit",2016,2.24000000,1.30000000,20.92539200000,0.1515700000,0.000000,729.00,5956.00,1.190000,1.090000,1,1
"Kepler-1606 b","Kepler-1606","Transit",2016,4.94000000,2.07000000,196.43522400000,0.6421000000,0.000000,324.00,5422.00,0.860000,0.900000,1,1
"Kepler-1452 b","Kepler-1452","Transit",2016,7.75000000,2.70000000,42.91375100000,0.2576400000,0.000000,810.00,6101.00,2.060000,1.410000,1,1
"Kepler-1571 b","Kepler-1571","Transit",2016,2.92000000,1.52000000,3.38555488000,0.0428700000,0.000000,1476.00,6297.00,1.390000,1.230000,1,1
"Kepler-1570 b","Kepler-1570","Transit",2016,1.24000000,1.07000000,26.54895500000,0.1669900000,0.000000,836.00,5550.00,0.890000,0.920000,1,1
"Kepler-1572 b","Kepler-1572","Transit",2016,0.77900000,0.94000000,5.49548621000,0.0583800000,0.000000,1293.00,5618.00,0.950000,0.970000,1,1
"Kepler-1607 b","Kepler-1607","Transit",2016,0.72100000,0.92000000,13.64736760000,0.1197800000,0.000000,913.00,6116.00,1.210000,1.140000,1,1
"Kepler-1609 b","Kepler-1609","Transit",2016,5.56000000,2.22000000,114.34219000000,0.4679000000,0.000000,429.00,6132.00,1.270000,1.180000,1,1
"Kepler-1457 b","Kepler-1457","Transit",2016,4.62000000,1.99000000,51.11102430000,0.2639100000,0.000000,478.00,5866.00,1.010000,1.010000,1,1
"Kepler-1458 b","Kepler-1458","Transit",2016,8.05000000,2.76000000,47.98727640000,0.2486900000,0.000000,493.00,5653.00,0.940000,0.960000,1,1
"Kepler-217 d","Kepler-217","Transit",2016,2.30000000,1.32000000,3.88689525000,0.0534000000,0.000000,1574.00,6341.00,1.760000,1.370000,1,3
"Kepler-625 c","Kepler-625","Transit",2016,1.16000000,1.05000000,4.16536510000,0.0537900000,0.000000,1048.00,5789.00,0.960000,1.040000,1,2
"Kepler-653 c","Kepler-653","Transit",2016,0.39900000,0.78000000,0.90037647600,0.0185500000,0.000000,2078.00,5665.00,1.190000,1.020000,1,2
"Kepler-1575 b","Kepler-1575","Transit",2016,2.27000000,1.31000000,2.55314213000,0.0366000000,0.000000,1312.00,5667.00,0.920000,0.950000,1,1
"Kepler-578 b","Kepler-578","Transit",2016,4.66000000,2.00000000,1.61688369600,0.0266000000,0.000000,1774.00,5334.00,0.830000,0.870000,1,1
"Kepler-1461 b","Kepler-1461","Transit",2016,4.78000000,2.03000000,29.34947750000,0.1715000000,0.000000,451.00,4919.00,0.740000,0.790000,1,1
"Kepler-1541 b","Kepler-1541","Transit",2016,1.65000000,1.16000000,8.40691199000,0.0755500000,0.000000,1048.00,5282.00,0.810000,0.860000,1,1
"Kepler-1576 b","Kepler-1576","Transit",2016,1.12000000,1.04000000,6.98471973000,0.0721100000,0.000000,1059.00,5876.00,1.060000,1.050000,1,1
"Kepler-603 b","Kepler-603","Transit",2016,7.51000000,2.65000000,21.05358596000,0.1605200000,0.000000,731.00,5808.00,1.010000,1.010000,1,3
"Kepler-640 b","Kepler-640","Transit",2016,7.08000000,2.56000000,22.24813967000,0.1541800000,0.000000,609.00,5653.00,0.940000,1.010000,1,1
"Kepler-722 b","Kepler-722","Transit",2016,7.41000000,2.63000000,4.09357325200,0.0514000000,0.000000,1182.00,5863.00,1.050000,1.030000,1,2
"Kepler-634 b","Kepler-634","Transit",2016,4.23000000,1.89000000,5.16950177000,0.0576500000,0.000000,1309.00,6075.00,1.240000,1.030000,1,1
"Kepler-701 b","Kepler-701","Transit",2016,8.45000000,2.84000000,10.35533177000,0.0895000000,0.000000,777.00,5343.00,0.840000,0.880000,1,1
"Kepler-709 b","Kepler-709","Transit",2016,8.85000000,2.92000000,16.08524954000,0.1173000000,0.000000,613.00,5071.00,0.770000,0.800000,1,1
"Kepler-1625 b","Kepler-1625","Transit",2016,30.60000000,6.06000000,287.37894900000,0.8776200000,0.000000,350.00,5677.00,0.940000,0.960000,1,1
"Kepler-1501 b","Kepler-1501","Transit",2016,3.05000000,1.56000000,14.55645330000,0.1159200000,0.000000,787.00,6229.00,1.300000,1.200000,1,1
"Kepler-1500 b","Kepler-1500","Transit",2016,1.87000000,1.20000000,15.03301050000,0.1236000000,0.000000,928.00,5845.00,1.000000,1.000000,1,1
"Kepler-1522 b","Kepler-1522","Transit",2016,3.64000000,1.73000000,1.84788917100,0.0288000000,0.000000,1374.00,5706.00,0.930000,0.960000,1,1
"Kepler-702 b","Kepler-702","Transit",2016,61.80000000,9.17000000,10.52629406300,0.0880000000,0.000000,713.00,5419.00,0.860000,0.900000,1,1
"Kepler-641 b","Kepler-641","Transit",2016,4.08000000,1.85000000,9.48961571000,0.0895000000,0.000000,926.00,5713.00,1.130000,1.020000,1,1
"Kepler-1626 b","Kepler-1626","Transit",2016,4.74000000,2.02000000,4.13962966000,0.0537000000,0.000000,1352.00,6826.00,1.850000,1.510000,1,1
"Kepler-609 b","Kepler-609","Transit",2016,11.20000000,3.35000000,6.52121066600,0.0682000000,0.000000,932.00,5971.00,1.140000,1.090000,1,1
"Kepler-724 b","Kepler-724","Transit",2016,10.80000000,3.29000000,3.31494633800,0.0433000000,0.000000,1155.00,5437.00,0.860000,0.900000,1,1
"Kepler-1504 b","Kepler-1504","Transit",2016,5.18000000,2.13000000,82.30400300000,0.3704000000,0.000000,485.00,5393.00,0.810000,0.850000,1,1
"Kepler-1505 b","Kepler-1505","Transit",2016,0.74900000,0.93000000,30.86093660000,0.1829800000,0.000000,525.00,5686.00,0.860000,0.930000,1,1
"Kepler-1524 b","Kepler-1524","Transit",2016,12.30000000,3.54000000,70.96746030000,0.3392000000,0.000000,438.00,6179.00,1.250000,1.170000,1,1
"Kepler-495 b","Kepler-495","Transit",2016,23.80000000,5.23000000,3.41303622100,0.0427000000,0.000000,1200.00,5346.00,0.830000,0.860000,1,2
"Kepler-710 b","Kepler-710","Transit",2016,4.19000000,1.88000000,4.34728552700,0.0524000000,0.000000,1174.00,5611.00,0.910000,0.940000,1,1
"Kepler-540 b","Kepler-540","Transit",2016,7.80000000,2.71000000,172.70497840000,0.5882200000,0.000000,355.00,5946.00,1.080000,1.020000,1,1
"Kepler-1644 b","Kepler-1644","Transit",2016,4.19000000,1.88000000,21.09077580000,0.1420000000,0.000000,606.00,5499.00,0.860000,0.890000,1,1
"Kepler-1507 b","Kepler-1507","Transit",2016,0.52000000,0.84000000,16.05062130000,0.1194600000,0.000000,630.00,5410.00,0.850000,0.890000,1,1
"Kepler-1506 b","Kepler-1506","Transit",2016,2.30000000,1.32000000,14.03291540000,0.1168000000,0.000000,783.00,5676.00,0.930000,0.950000,1,1
"Kepler-1086 c","Kepler-1086","Transit",2016,8.96000000,2.94000000,161.51633450000,0.5030000000,0.000000,211.00,4350.00,0.660000,0.700000,2,2
"Kepler-604 b","Kepler-604","Transit",2016,7.22000000,2.59000000,25.85501786000,0.1735000000,0.000000,637.00,5890.00,1.030000,1.020000,1,1
"Kepler-1627 b","Kepler-1627","Transit",2016,13.20000000,3.69000000,7.20283653000,0.0643000000,0.000000,794.00,5445.00,0.840000,0.870000,1,1
"Kepler-1510 b","Kepler-1510","Transit",2016,11.20000000,3.36000000,84.70392100000,0.4089000000,0.000000,537.00,6200.00,1.280000,1.190000,1,1
"Kepler-1511 b","Kepler-1511","Transit",2016,3.46000000,1.68000000,23.23827920000,0.1753000000,0.000000,903.00,6064.00,1.290000,1.170000,1,1
"Kepler-1526 b","Kepler-1526","Transit",2016,6.48000000,2.43000000,3.90863200500,0.0418000000,0.000000,787.00,4601.00,0.690000,0.730000,1,1
"Kepler-643 b","Kepler-643","Transit",2016,321.00830000,10.16000000,16.33889626000,0.1348500000,0.370000,963.00,4908.00,2.520000,1.000000,1,1
"Kepler-642 b","Kepler-642","Transit",2016,8.75000000,2.90000000,4.41745855000,0.0563100000,0.000000,1810.00,6570.00,1.660000,1.400000,1,1
"Kepler-711 b","Kepler-711","Transit",2016,11.50000000,3.41000000,23.58914398000,0.1429000000,0.000000,487.00,5222.00,0.800000,0.840000,1,1
"Kepler-726 b","Kepler-726","Transit",2016,10.70000000,3.26000000,21.80451088000,0.1406000000,0.000000,543.00,5452.00,0.850000,0.880000,1,1
"Kepler-401 d","Kepler-401","Transit",2016,5.77000000,2.27000000,184.25640500000,0.6688600000,0.000000,380.00,6184.00,1.290000,1.170000,1,3
"Kepler-1512 b","Kepler-1512","Transit",2016,1.76000000,1.18000000,20.35972599000,0.1369300000,0.000000,322.00,4372.00,0.670000,0.730000,1,1
"Kepler-1528 b","Kepler-1528","Transit",2016,2.73000000,1.46000000,1.79111020500,0.0296000000,0.000000,1549.00,5857.00,1.030000,1.030000,1,1
"Kepler-1529 b","Kepler-1529","Transit",2016,5.06000000,2.10000000,5.33905686000,0.0525000000,0.000000,817.00,5048.00,0.770000,0.810000,1,1
"Kepler-1388 d","Kepler-1388","Transit",2016,8.55000000,2.86000000,20.95681580000,0.1260000000,0.000000,363.00,4098.00,0.610000,0.630000,1,4
"Kepler-622 b","Kepler-622","Transit",2016,5.18000000,2.13000000,14.28226676000,0.0978000000,0.000000,446.00,4201.00,0.610000,0.640000,1,1
"Kepler-1530 b","Kepler-1530","Transit",2016,3.33000000,1.64000000,2.59044340000,0.0355300000,0.000000,1484.00,5477.00,0.880000,0.920000,1,3
"Kepler-1530 c","Kepler-1530","Transit",2016,3.36000000,1.65000000,5.32274060000,0.0574400000,0.000000,1167.00,5477.00,0.880000,0.920000,1,3
"Kepler-1632 b","Kepler-1632","Transit",2016,6.66000000,2.47000000,448.30355800000,0.6762000000,0.000000,369.00,6137.00,1.190000,1.120000,1,1
"Kepler-1631 b","Kepler-1631","Transit",2016,2.39000000,1.35000000,4.09513932000,0.0511000000,0.000000,1122.00,5679.00,0.950000,0.970000,1,1
"Kepler-1534 b","Kepler-1534","Transit",2016,4.23000000,1.89000000,5.71668872000,0.0599000000,0.000000,955.00,5442.00,0.860000,0.900000,1,1
"Kepler-1531 b","Kepler-1531","Transit",2016,1.41000000,1.11000000,1.13854337600,0.0220400000,0.000000,2537.00,6260.00,1.270000,1.160000,1,1
"Kepler-1093 c","Kepler-1093","Transit",2016,4.50000000,1.96000000,89.72229200000,0.4103700000,0.000000,508.00,6166.00,1.200000,1.130000,1,2
"Kepler-714 b","Kepler-714","Transit",2016,67.60000000,9.67000000,8.09888798600,0.0832000000,0.000000,986.00,5995.00,1.120000,1.090000,1,1
"Kepler-1633 b","Kepler-1633","Transit",2016,3.12000000,1.58000000,186.40427100000,0.3875000000,0.000000,925.00,6256.00,1.320000,1.200000,1,1
"Kepler-713 b","Kepler-713","Transit",2016,6.71000000,2.48000000,7.41114100000,0.0748000000,0.000000,905.00,5785.00,0.990000,0.980000,1,1
"Kepler-1480 b","Kepler-1480","Transit",2016,3.43000000,1.67000000,22.12679948000,0.1525000000,0.000000,721.00,5156.00,0.810000,0.850000,2,1
"Kepler-1479 b","Kepler-1479","Transit",2016,4.01000000,1.83000000,14.53261362000,0.1134100000,0.000000,746.00,5796.00,0.980000,0.990000,1,1
"Kepler-1481 b","Kepler-1481","Transit",2016,2.04000000,1.23000000,5.94220998000,0.0590000000,0.000000,797.00,4908.00,0.750000,0.800000,1,1
"Kepler-990 c","Kepler-990","Transit",2016,2.96000000,1.53000000,0.53835430800,0.0123200000,0.000000,2386.00,5948.00,1.080000,1.050000,1,2
"Kepler-969 c","Kepler-969","Transit",2016,0.93700000,0.99000000,1.68293460400,0.0265000000,0.000000,1270.00,5214.00,0.820000,0.920000,1,2
"Kepler-489 b","Kepler-489","Transit",2016,46.10000000,7.72000000,17.27629611900,0.1210900000,0.000000,538.00,5014.00,0.760000,0.820000,1,1
"Kepler-1532 b","Kepler-1532","Transit",2016,2.39000000,1.35000000,1.09366355900,0.0206000000,0.000000,1681.00,5559.00,0.880000,0.910000,1,1
"Kepler-605 b","Kepler-605","Transit",2016,2.67000000,1.44000000,3.38353806600,0.0424400000,0.000000,1133.00,5462.00,0.880000,0.910000,1,2
"Kepler-1635 b","Kepler-1635","Transit",2016,12.90000000,3.64000000,469.63111000000,1.1266400000,0.000000,200.00,5347.00,0.850000,0.890000,1,1
"Kepler-1483 b","Kepler-1483","Transit",2016,2.92000000,1.52000000,9.50851560000,0.0958000000,0.000000,1131.00,6337.00,1.400000,1.250000,1,1
"Kepler-545 b","Kepler-545","Transit",2016,7.70000000,2.69000000,13.24934059000,0.1124800000,0.000000,806.00,5882.00,1.070000,1.040000,1,1
"Kepler-636 b","Kepler-636","Transit",2016,18.10000000,4.45000000,16.08066114700,0.1185000000,0.000000,614.00,5203.00,0.800000,0.850000,2,1
"Kepler-1016 c","Kepler-1016","Transit",2016,13.10000000,3.68000000,105.65513690000,0.4351900000,0.000000,407.00,5821.00,1.000000,0.990000,1,2
"Kepler-1535 b","Kepler-1535","Transit",2016,7.04000000,2.55000000,138.94420000000,0.5329000000,0.000000,384.00,6021.00,1.110000,1.080000,1,1
"Kepler-600 b","Kepler-600","Transit",2016,8.75000000,2.90000000,23.67517607000,0.1536000000,0.000000,528.00,5279.00,0.810000,0.840000,1,1
"Kepler-717 b","Kepler-717","Transit",2016,6.44000000,2.42000000,4.40840023000,0.0520000000,0.000000,1139.00,5485.00,0.850000,0.880000,1,1
"Kepler-1485 b","Kepler-1485","Transit",2016,2.76000000,1.47000000,19.91577250000,0.1473200000,0.000000,728.00,6087.00,1.120000,1.110000,1,1
"Kepler-1484 b","Kepler-1484","Transit",2016,5.10000000,2.11000000,30.45491360000,0.1939000000,0.000000,624.00,5730.00,0.920000,0.940000,1,1
"Kepler-1486 b","Kepler-1486","Transit",2016,5.99000000,2.32000000,54.64957590000,0.2846000000,0.000000,538.00,5965.00,1.120000,1.080000,1,1
"Kepler-342 e","Kepler-342","Transit",2016,0.61500000,0.88000000,1.64422461300,0.0290900000,0.000000,1897.00,6366.00,1.340000,1.260000,1,4
"Kepler-582 b","Kepler-582","Transit",2016,13.10000000,3.68000000,18.49235668000,0.1254000000,0.000000,603.00,5564.00,0.910000,0.930000,1,1
"Kepler-1129 c","Kepler-1129","Transit",2016,7.90000000,2.73000000,76.53695860000,0.3536700000,0.000000,503.00,5831.00,1.000000,1.000000,1,2
"Kepler-1538 b","Kepler-1538","Transit",2016,8.35000000,2.82000000,175.13881900000,0.6095000000,0.000000,346.00,5837.00,1.030000,1.030000,1,1
"Kepler-644 b","Kepler-644","Transit",2016,10.10000000,3.15000000,3.17391710300,0.0464100000,0.000000,1655.00,6747.00,1.810000,1.490000,1,1
"Kepler-1487 b","Kepler-1487","Transit",2016,5.18000000,2.13000000,7.31946363000,0.0898000000,0.000000,1682.00,6541.00,1.630000,1.380000,1,2
"Kepler-581 b","Kepler-581","Transit",2016,7.41000000,2.63000000,40.60698210000,0.2259000000,0.000000,521.00,5772.00,1.000000,1.000000,1,1
"Kepler-1516 b","Kepler-1516","Transit",2016,3.71000000,1.75000000,7.25931979000,0.0718000000,0.000000,967.00,5904.00,1.070000,1.040000,1,1
"Kepler-1047 c","Kepler-1047","Transit",2016,0.93700000,0.99000000,3.18897601000,0.0441300000,0.000000,1309.00,5754.00,1.130000,1.080000,1,2
"Kepler-1409 b","Kepler-1409","Transit",2016,1.12000000,1.04000000,0.76486492600,0.0155300000,0.000000,1733.00,5160.00,0.790000,0.830000,1,1
"Kepler-585 b","Kepler-585","Transit",2016,8.40000000,2.83000000,2.75235975300,0.0384100000,0.000000,1178.00,5593.00,0.930000,0.960000,1,1
"Kepler-1488 b","Kepler-1488","Transit",2016,4.12000000,1.86000000,39.81899320000,0.2415300000,0.000000,650.00,5820.00,1.310000,1.050000,1,2
"Kepler-697 b","Kepler-697","Transit",2016,16.00000000,4.13000000,3.70987064500,0.0471000000,0.000000,1151.00,5513.00,0.880000,0.920000,1,1
"Kepler-1425 b","Kepler-1425","Transit",2016,0.77900000,0.94000000,14.45413020000,0.1143500000,0.000000,676.00,5718.00,0.950000,0.970000,1,1
"Kepler-1350 c","Kepler-1350","Transit",2016,3.64000000,1.73000000,1.76678906200,0.0222000000,0.000000,730.00,3827.00,0.530000,0.550000,1,2
"Kepler-719 b","Kepler-719","Transit",2016,54.50000000,8.52000000,5.00731777900,0.0556000000,0.000000,998.00,5777.00,0.980000,0.990000,1,1
"Kepler-1491 b","Kepler-1491","Transit",2016,2.89000000,1.51000000,16.58617620000,0.1270000000,0.000000,821.00,5728.00,0.990000,1.000000,1,2
"Kepler-1492 b","Kepler-1492","Transit",2016,2.83000000,1.49000000,16.75255007000,0.1262000000,0.000000,801.00,4712.00,0.720000,0.770000,1,1
"Kepler-698 b","Kepler-698","Transit",2016,13.10000000,3.68000000,16.32976218000,0.1255000000,0.000000,727.00,5612.00,0.910000,0.940000,1,1
"Kepler-1454 b","Kepler-1454","Transit",2016,4.19000000,1.88000000,47.03194790000,0.2447000000,0.000000,492.00,5448.00,0.860000,0.900000,1,1
"Kepler-460 c","KIC 5437945","Transit",2016,26.10000000,5.52000000,220.13033570000,0.7531800000,0.000000,389.00,6146.00,1.260000,1.170000,1,2
"Kepler-720 b","Kepler-720","Transit",2016,53.40000000,8.41000000,4.70832654200,0.0539000000,0.000000,1162.00,5618.00,0.920000,0.950000,1,1
"Kepler-547 b","Kepler-547","Transit",2016,15.10000000,4.00000000,6.01038428900,0.0580000000,0.000000,768.00,4828.00,0.730000,0.780000,1,1
"Kepler-1494 b","Kepler-1494","Transit",2016,9.64000000,3.07000000,91.08048200000,0.3982000000,0.000000,415.00,5659.00,0.940000,0.960000,1,1
"Kepler-1520 b","Kepler-1520","Transit",2016,28.10000000,5.77000000,0.65355357200,0.0129000000,0.000000,1437.00,4677.00,0.710000,0.760000,1,1
"Kepler-1065 c","Kepler-1065","Transit",2016,3.19000000,1.60000000,2.37030743000,0.0344000000,0.000000,1256.00,5635.00,0.930000,0.940000,1,2
"Kepler-707 b","Kepler-707","Transit",2016,2.33000000,1.33000000,2.23749275100,0.0325000000,0.000000,1160.00,5099.00,0.760000,0.800000,1,1
"Kepler-602 b","Kepler-602","Transit",2016,5.02000000,2.09000000,15.28469497000,0.1224000000,0.000000,852.00,6062.00,1.130000,1.080000,1,1
"Kepler-606 b","Kepler-606","Transit",2016,11.00000000,3.31000000,24.31575992000,0.1700000000,0.000000,683.00,6161.00,1.220000,1.130000,1,1
"Kepler-721 b","Kepler-721","Transit",2016,7.46000000,2.64000000,5.39202538800,0.0583000000,0.000000,850.00,5075.00,0.780000,0.820000,1,1
"Kepler-937 c","Kepler-937","Transit",2016,7.61000000,2.67000000,153.34336400000,0.5545000000,0.000000,377.00,6095.00,1.220000,1.150000,1,2
"Kepler-638 b","Kepler-638","Transit",2016,4.01000000,1.83000000,6.07972888000,0.0669500000,0.000000,1111.00,5382.00,0.930000,0.880000,1,1
"Kepler-1073 c","Kepler-1073","Transit",2016,3.33000000,1.64000000,4.02582254000,0.0483000000,0.000000,1169.00,5792.00,1.000000,1.000000,1,3
"MOA-2010-BLG-353L b","MOA-2010-BLG-353L","Microlensing",2015,86.00000000,11.10000000,,1.7200000000,,,,,0.180000,1,1
"HATS-30 b","HATS-30","Transit",2016,224.38798000,13.17057500,3.17435160000,0.0435400000,0.096000,1414.00,5943.00,1.061000,1.093000,2,1
"K2-84 c","K2-84","Transit",2016,4.78000000,2.03000000,27.86000000000,0.1768000000,,625.08,5652.00,0.930000,0.950000,1,2
"K2-88 b","K2-88","Transit",2016,2.04000000,1.23000000,4.61220000000,0.0345000000,0.260000,464.60,3537.00,0.256000,0.258000,1,1
"Kepler-615 b","Kepler-615","Transit",2016,3.68000000,1.74000000,10.35584657000,0.0850000000,0.000000,620.00,4655.00,0.690000,0.730000,1,1
"Kepler-506 b","Kepler-506","Transit",2016,7.90000000,2.73000000,6.88340550000,0.0743700000,0.000000,1080.00,6236.00,1.190000,1.190000,1,1
"Kepler-668 b","Kepler-668","Transit",2016,7.75000000,2.70000000,8.35390639000,0.0768000000,0.000000,790.00,5352.00,0.820000,0.870000,1,1
"Kepler-669 b","Kepler-669","Transit",2016,20.80000000,4.83000000,4.12554686900,0.0529000000,0.000000,1243.00,6038.00,1.200000,1.150000,1,1
"HATS-15 b","HATS-15","Transit",2016,689.69110000,12.38594500,1.74748753000,0.0271200000,0.126000,1505.00,5311.00,0.922000,0.871000,1,1
"HATS-16 b","HATS-16","Transit",2016,1039.30410000,14.57170000,2.68650200000,0.0374400000,0.000000,1592.00,5738.00,1.238000,0.970000,1,1
"K2-89 b","K2-89","Transit",2016,0.17000000,0.61500000,1.09602600000,0.0146200000,0.150000,830.07,3691.00,0.318000,0.347000,1,1
"K2-91 b","K2-91","Transit",2016,1.37000000,1.10000000,1.41954900000,0.0164000000,0.090000,726.81,3622.00,0.284000,0.292000,1,1
"Kepler-737 b","Kepler-737","Transit",2016,4.50000000,1.96000000,28.59915399000,0.1422000000,0.000000,298.00,3813.00,0.480000,0.510000,1,1
"Kepler-671 b","Kepler-671","Transit",2016,7.70000000,2.69000000,4.28095858800,0.0503000000,0.000000,1012.00,5624.00,0.950000,0.970000,1,1
"K2-5 c","K2-5","Transit",2015,5.73000000,2.26000000,10.93241000000,0.0818000000,,456.00,3930.00,0.570000,0.610000,1,2
"K2-5 b","K2-5","Transit",2015,4.31000000,1.91000000,5.73594000000,0.0532000000,,565.00,3930.00,0.570000,0.610000,1,2
"Kepler-223 c","Kepler-223","Transit",2014,5.10000000,3.44000000,9.84564000000,0.0911700000,0.150000,947.00,5803.00,1.720000,1.125000,1,4
"WASP-98 b","WASP-98","Transit",2014,293.03926000,12.82309600,2.96264036000,0.0376200000,0.000000,1171.00,5473.00,0.741000,0.809000,2,1
"Kepler-223 b","Kepler-223","Transit",2014,7.40000000,2.99000000,7.38449000000,0.0752500000,0.078000,1042.00,5803.00,1.720000,1.125000,1,4
"Kepler-672 b","Kepler-672","Transit",2016,6.80000000,2.50000000,38.37746230000,0.2163000000,0.000000,529.00,5627.00,0.920000,0.950000,1,1
"Kepler-571 b","Kepler-571","Transit",2016,7.46000000,2.64000000,4.79859938800,0.0546000000,0.000000,978.00,5527.00,0.900000,0.930000,1,1
"K2-16 b","K2-16","Transit",2015,4.74000000,2.02000000,7.61880000000,0.0667000000,,658.00,4742.00,0.660000,0.680000,1,3
"K2-16 c","K2-16","Transit",2015,6.99000000,2.54000000,19.07863000000,0.1229000000,,485.00,4742.00,0.660000,0.680000,1,3
"K2-8 c","K2-8","Transit",2016,6.39000000,2.41000000,5.06416000000,0.0532000000,,801.00,4870.00,0.740000,0.780000,1,2
"Kepler-223 d","Kepler-223","Transit",2014,8.00000000,5.24000000,14.78869000000,0.1195600000,0.037000,827.00,5803.00,1.720000,1.125000,1,4
"Kepler-653 b","Kepler-653","Transit",2016,4.46000000,1.95000000,14.70748976000,0.1194500000,0.000000,819.00,5665.00,1.190000,1.020000,1,2
"Kepler-742 b","Kepler-742","Transit",2016,10.60000000,3.24000000,8.36086823800,0.0744000000,0.000000,690.00,4642.00,0.710000,0.760000,1,1
"Kepler-673 b","Kepler-673","Transit",2016,34.80000000,6.54000000,3.72873109300,0.0455000000,0.000000,1023.00,5355.00,0.840000,0.880000,1,1
"Kepler-154 d","Kepler-154","Transit",2016,14.10000000,3.84000000,20.54981883000,0.1435400000,0.000000,657.00,5769.00,0.980000,0.980000,1,5
"HD 87646 b","HD 87646","Radial Velocity",2016,3941.09200000,12.40000000,13.48100000000,0.1170000000,0.050000,1012.70,5770.00,1.550000,1.120000,3,1
"Kepler-80 e","Kepler-80","Transit",2014,4.13000000,1.60000000,4.64489000000,0.0491000000,0.003500,629.00,4540.00,0.678000,0.730000,1,6
"Kepler-654 b","Kepler-654","Transit",2016,4.94000000,2.07000000,13.72465129000,0.1166400000,0.000000,831.00,5865.00,1.110000,1.040000,1,1
"Kepler-148 d","Kepler-148","Transit",2016,56.30000000,8.68000000,51.84688575000,0.2607000000,0.000000,413.00,5172.00,0.810000,0.860000,1,3
"Kepler-676 b","Kepler-676","Transit",2016,9.48000000,3.04000000,11.59822172000,0.0798000000,0.000000,396.00,3701.00,0.490000,0.510000,1,1
"OGLE-2012-BLG-0026L b","OGLE-2012-BLG-0026L","Microlensing",2012,46.10000000,7.72000000,,4.0000000000,,,,,1.060000,1,2
"WASP-85 A b","WASP-85 A","Transit",2016,402.05495000,13.89916000,2.65567770000,0.0390000000,0.000000,1452.00,6112.00,0.935000,1.090000,2,1
"Kepler-80 f","Kepler-80","Transit",2016,4459.73000000,1.21000000,0.98678730000,0.0175000000,0.186000,1054.00,4540.00,0.678000,0.730000,1,6
"Kepler-656 b","Kepler-656","Transit",2016,9.91000000,3.12000000,1.26025909400,0.0223100000,0.000000,1569.00,5281.00,0.820000,0.860000,1,2
"Kepler-655 b","Kepler-655","Transit",2016,7.80000000,2.71000000,46.40633580000,0.2569700000,0.000000,588.00,6170.00,1.240000,1.150000,1,1
"Kepler-678 b","Kepler-678","Transit",2016,23.10000000,5.14000000,7.27503724000,0.0732000000,0.000000,833.00,5520.00,0.910000,0.940000,1,1
"Kepler-572 b","Kepler-572","Transit",2016,7.18000000,2.58000000,17.20523483000,0.1192000000,0.000000,553.00,5212.00,0.790000,0.830000,1,1
"WASP-114 b","WASP-114","Transit",2016,562.24127000,15.00885100,1.54877430000,0.0285100000,0.012000,2043.00,5940.00,1.430000,1.289000,2,1
"WASP-113 b","WASP-113","Transit",2016,150.96925000,15.79348100,4.54216874538,0.0588500000,0.000000,1496.00,5890.00,1.608000,1.318000,1,1
"HD 59686 A b","HD 59686 A","Radial Velocity",2016,2199.38360000,12.70000000,299.36000000000,1.0860000000,0.050000,783.08,4658.00,13.200000,1.900000,2,1
"Kepler-679 b","Kepler-679","Transit",2016,9.32000000,3.01000000,12.39358604000,0.0983000000,0.000000,677.00,5403.00,0.840000,0.870000,1,1
"Kepler-680 b","Kepler-680","Transit",2016,6.44000000,2.42000000,3.68992629100,0.0469000000,0.000000,1147.00,5890.00,1.110000,1.080000,1,1
"K2-47 b","K2-47","Transit",2016,4.23000000,1.89000000,31.63720000000,0.1779000000,,503.72,5054.00,0.760000,0.750000,1,1
"K2-48 b","K2-48","Transit",2016,5.65000000,2.24000000,20.50650000000,0.1344000000,,550.56,4899.00,0.730000,0.770000,1,1
"Kepler-617 b","Kepler-617","Transit",2016,2.30000000,1.32000000,1.68269614800,0.0219000000,0.000000,750.00,3712.00,0.480000,0.510000,1,1
"Kepler-588 b","Kepler-588","Transit",2016,7.41000000,2.63000000,4.22162535700,0.0520000000,0.000000,1176.00,5835.00,1.000000,1.010000,1,1
"Kepler-573 b","Kepler-573","Transit",2016,8.20000000,2.79000000,22.18329658000,0.1452700000,0.000000,646.00,5746.00,1.020000,0.990000,1,1
"Kepler-681 b","Kepler-681","Transit",2016,9.69000000,3.08000000,26.39435646000,0.1635000000,0.000000,489.00,5021.00,0.760000,0.800000,1,1
"K2-49 b","K2-49","Transit",2016,4.38000000,1.93000000,2.77065000000,0.0309000000,,768.28,4175.00,0.450000,0.510000,1,1
"K2-58 b","K2-58","Transit",2016,7.65000000,2.68000000,7.05254000000,0.0692000000,,920.17,5413.00,0.860000,0.890000,1,3
"Kepler-1600 b","Kepler-1600","Transit",2016,9.96000000,3.13000000,386.37054800000,0.9814100000,0.000000,209.00,5214.00,0.820000,0.860000,1,2
"Kepler-727 b","Kepler-727","Transit",2016,6.94000000,2.53000000,5.15448441700,0.0546000000,0.000000,964.00,5441.00,0.860000,0.890000,1,1
"Kepler-589 b","Kepler-589","Transit",2016,5.77000000,2.27000000,16.54964934000,0.1196000000,0.000000,656.00,5296.00,0.830000,0.880000,1,2
"Kepler-660 b","Kepler-660","Transit",2016,7.13000000,2.57000000,9.27358194000,0.0759000000,0.000000,649.00,4779.00,0.710000,0.750000,1,1
"K2-58 c","K2-58","Transit",2016,3.26000000,1.62000000,2.53726000000,0.0350000000,,1293.86,5413.00,0.860000,0.890000,1,3
"K2-58 d","K2-58","Transit",2016,3.57000000,1.71000000,22.88270000000,0.1517000000,,621.48,5413.00,0.860000,0.890000,1,3
"Kepler-560 b","Kepler-560","Transit",2016,3.61000000,1.72000000,18.47764449000,0.0899000000,0.170000,298.00,3556.00,0.330000,0.340000,2,1
"Kepler-550 b","Kepler-550","Transit",2016,17.90000000,4.42000000,8.60010410900,0.0747000000,0.000000,760.00,5322.00,0.830000,0.870000,1,1
"Kepler-496 b","Kepler-496","Transit",2016,5.99000000,2.32000000,8.30864937000,0.0747000000,0.000000,747.00,5293.00,0.820000,0.860000,1,1
"KELT-10 b","KELT-10","Transit",2016,215.80657000,15.68139100,4.16627390000,0.0525000000,,1377.00,5948.00,1.209000,1.112000,1,1
"Kepler-712 c","Kepler-712","Transit",2016,21.00000000,4.85000000,226.89047000000,0.6647900000,0.000000,236.00,5148.00,0.780000,0.840000,1,2
"K2-59 c","K2-59","Transit",2016,5.90000000,2.30000000,11.29540000000,0.0905000000,,692.77,5055.00,0.731000,0.774000,1,2
"K2-59 b","K2-59","Transit",2016,6.39000000,2.41000000,20.69210000000,0.1354000000,,566.37,5055.00,0.731000,0.774000,1,2
"Kepler-650 b","Kepler-650","Transit",2016,9.06000000,2.96000000,3.03214558800,0.0421000000,0.000000,1507.00,5849.00,1.350000,1.080000,1,1
"Kepler-728 b","Kepler-728","Transit",2016,11.10000000,3.34000000,5.74347726500,0.0625000000,0.000000,982.00,5660.00,0.930000,0.950000,1,1
"Kepler-663 b","Kepler-663","Transit",2016,7.27000000,2.60000000,4.99678284000,0.0559000000,0.000000,917.00,5264.00,0.820000,0.860000,1,1
"Kepler-1629 b","Kepler-1629","Transit",2016,0.38100000,0.77000000,3.87595807000,0.0485000000,0.000000,1081.00,5776.00,1.010000,1.010000,1,1
"K2-64 b","K2-64","Transit",2016,4.94000000,2.07000000,6.53044000000,0.0619000000,,877.23,5312.00,0.726000,0.741000,1,1
"K2-63 b","K2-63","Transit",2016,10.50000000,3.22000000,20.25700000000,0.1627000000,,1033.44,6771.00,1.630000,1.400000,1,2
"Kepler-729 b","Kepler-729","Transit",2016,12.50000000,3.58000000,3.16635371400,0.0432000000,0.000000,1273.00,5633.00,0.910000,0.940000,1,1
"Kepler-618 b","Kepler-618","Transit",2016,7.27000000,2.60000000,3.59576964500,0.0449000000,0.000000,1296.00,5860.00,1.080000,1.050000,1,1
"WASP-129 b","WASP-129","Transit",2016,317.83000000,10.42437000,5.74814500000,0.0628000000,0.096000,1100.00,5900.00,0.900000,1.000000,2,1
"WASP-133 b","WASP-133","Transit",2016,368.68280000,13.56289000,2.17642300000,0.0345000000,0.170000,1790.00,5700.00,1.440000,1.160000,1,1
"K2-69 b","K2-69","Transit",2016,5.99000000,2.32000000,7.06599000000,0.0591000000,,573.61,4127.00,0.491000,0.551000,1,1
"K2-68 b","K2-68","Transit",2016,3.12000000,1.58000000,8.05428000000,0.0708000000,,706.64,4746.00,0.675000,0.730000,1,1
"Kepler-590 b","Kepler-590","Transit",2016,15.20000000,4.02000000,5.85296257000,0.0647000000,0.000000,1056.00,6000.00,1.150000,1.100000,1,1
"Kepler-664 b","Kepler-664","Transit",2016,7.56000000,2.66000000,2.52559331500,0.0374000000,0.000000,1406.00,5754.00,1.020000,1.010000,1,1
"MOA-2013-BLG-605L b","MOA-2013-BLG-605L","Microlensing",2016,3.24000000,1.62000000,,0.9300000000,,,,,0.024000,1,1
"K2-75 b","K2-75","Transit",2016,7.61000000,2.67000000,7.81420000000,0.0810000000,,1268.65,5995.00,1.560000,1.160000,1,2
"K2-71 b","K2-71","Transit",2016,5.27000000,2.15000000,6.98541000000,0.0559000000,,533.27,4006.00,0.426000,0.477000,1,1
"Kepler-591 b","Kepler-591","Transit",2016,11.40000000,3.39000000,81.16942990000,0.3554000000,0.000000,436.00,5677.00,0.940000,0.970000,1,1
"HATS-25 b","HATS-25","Transit",2016,194.82979000,14.12334000,4.29864320000,0.0516300000,0.176000,1277.00,5715.00,1.107000,0.994000,1,1
"HATS-26 b","HATS-26","Transit",2016,206.58950000,19.61575000,3.30238810000,0.0473500000,0.245000,1918.00,6071.00,2.040000,1.299000,1,1
"K2-80 b","K2-80","Transit",2016,4.70000000,2.01000000,19.09180000000,0.1350000000,,666.05,5441.00,0.870000,0.900000,1,3
"K2-75 c","K2-75","Transit",2016,8.10000000,2.77000000,18.31100000000,0.1429000000,,955.14,5995.00,1.560000,1.160000,1,2
"Kepler-736 b","Kepler-736","Transit",2016,8.91000000,2.93000000,3.60147201000,0.0428000000,0.000000,996.00,5217.00,0.810000,0.860000,1,1
"Kepler-735 b","Kepler-735","Transit",2016,9.01000000,2.95000000,11.51516988000,0.0965000000,0.000000,657.00,5107.00,0.800000,0.850000,1,1
"Kepler-569 b","Kepler-569","Transit",2016,10.10000000,3.16000000,34.18890521000,0.1978400000,0.000000,526.00,5616.00,0.930000,0.950000,1,1
"Kepler-592 b","Kepler-592","Transit",2016,6.30000000,2.39000000,2.82019240800,0.0397000000,0.000000,1367.00,5913.00,1.040000,1.040000,1,1
"HATS-27 b","HATS-27","Transit",2016,168.44990000,16.81350000,4.63703800000,0.0611000000,0.581000,1659.00,6438.00,1.740000,1.415000,1,1
"K2-83 c","K2-83","Transit",2016,2.80000000,1.48300000,9.99767000000,0.0713100000,0.060000,459.75,3910.00,0.424000,0.484000,1,2
"K2-84 b","K2-84","Transit",2016,6.39000000,2.41000000,6.42150000000,0.0665000000,,1019.22,5652.00,0.930000,0.950000,1,2
"Kepler-562 b","Kepler-562","Transit",2016,23.70000000,5.21000000,18.00931443600,0.1333000000,0.000000,658.00,5575.00,0.900000,0.930000,1,1
"Kepler-651 b","Kepler-651","Transit",2016,6.21000000,2.37000000,21.38521506000,0.1407800000,0.000000,574.00,5522.00,0.870000,0.920000,1,1
"Kepler-593 b","Kepler-593","Transit",2016,8.60000000,2.87000000,21.21708973000,0.1508000000,0.000000,706.00,5967.00,1.100000,1.080000,1,1
"Kepler-570 b","Kepler-570","Transit",2016,6.57000000,2.45000000,4.30166200300,0.0497000000,0.000000,1009.00,5496.00,0.900000,0.930000,1,1
"MOA-2016-BLG-227L b","MOA-2016-BLG-227L","Microlensing",2017,890.00000000,13.20000000,,1.3900000000,,,,,0.290000,1,1
"Kepler-1650 b","Kepler-1650","Transit",2017,0.84000000,0.96000000,1.53818001000,0.0167000000,0.010000,602.00,3410.00,0.334000,0.326000,1,1
"K2-178 b","K2-178","Transit",2018,12.40000000,3.55790985,8.74781800000,,,840.29,5525.00,0.887267,0.951090,1,1
"K2-72 c","K2-72","Transit",2016,1.65000000,1.16000000,15.18903400000,0.0780000000,0.110000,333.81,3360.47,0.330989,0.271365,1,4
"WASP-53 b","WASP-53","Transit",2017,677.61356000,12.03846600,3.30984430000,0.0410100000,0.030000,1053.00,4953.00,0.798000,0.839000,1,2
"K2-60 b","K2-60","Transit",2016,135.39558000,7.65574700,3.00265000000,0.0450000000,0.000000,1400.00,5500.00,1.120000,0.970000,1,1
"Kepler-1651 b","Kepler-1651","Transit",2017,4.04000000,1.84000000,9.87863917000,0.0692000000,0.130000,393.00,3713.00,0.503000,0.522000,2,1
"BD+03 2562 b","BD+03 2562","Radial Velocity",2017,2034.11200000,12.70000000,481.90000000000,1.3000000000,0.200000,985.04,4095.00,32.350000,1.140000,1,1
"K2-72 e","K2-72","Transit",2016,2.21000000,1.29000000,24.15886800000,0.1060000000,0.110000,286.34,3360.47,0.330989,0.271365,1,4
"K2-72 d","K2-72","Transit",2016,1.01000000,1.01000000,7.76017800000,0.0500000000,0.110000,416.92,3360.47,0.330989,0.271365,1,4
"K2-81 b","K2-81","Transit",2016,4.54000000,1.97000000,6.10232500000,0.0590000000,0.060000,739.23,4674.13,0.634663,0.745273,1,1
"WASP-81 b","WASP-81","Transit",2017,231.69807000,16.01766100,2.71647620000,0.0390800000,0.066000,1623.00,5870.00,1.283000,1.080000,1,1
"HD 177565 b","HD 177565","Radial Velocity",2017,15.10000000,4.00000000,44.50500000000,0.2460000000,0.059300,539.21,5627.00,0.971489,1.000000,1,1
"MOA-2012-BLG-505L b","MOA-2012-BLG-505L","Microlensing",2017,6.70000000,2.48000000,,0.9000000000,,,,,0.100000,1,1
"K2-201 c","K2-201","Transit",2018,10.80000000,3.28568401,22.77987800000,,,,5507.00,0.878161,0.956055,1,2
"K2-201 b","K2-201","Transit",2018,2.54000000,1.40006712,1.05979000000,,,,5507.00,0.878161,0.956055,1,2
"GJ 1148 b","GJ 1148","Radial Velocity",2010,96.70000000,11.90000000,41.38000000000,0.1660000000,0.380000,232.94,3287.00,0.358519,0.344045,1,2
"HD 17674 b","HD 17674","Radial Velocity",2017,276.51210000,13.90000000,623.80000000000,1.4200000000,0.130000,259.52,5904.00,1.180000,0.980000,1,1
"HATS-22 b","HATS-22","Transit",2017,870.85420000,10.68217700,4.72281240000,0.0502500000,0.079000,858.00,4803.00,0.689000,0.759000,1,1
"TYC 4282-00605-1 b","TYC 4282-00605-1","Radial Velocity",2017,3426.20740000,12.40000000,101.54000000000,0.4220000000,0.280000,1285.10,4300.00,16.210000,0.970000,1,1
"K2-206 b","K2-206","Transit",2018,8.22000000,2.79522879,18.29454900000,,,,5043.00,0.758046,0.789481,1,1
"K2-207 b","K2-207","Transit",2018,7.30000000,2.60585269,12.48749000000,,,,5522.00,0.928158,0.941851,1,1
"K2-132 b","K2-132","Transit",2017,155.73670000,14.57170000,9.17510000000,0.0916000000,0.290000,1586.00,4840.00,3.850000,1.080000,1,1
"WASP-153 b","WASP-153","Transit",2017,123.95370000,17.37395000,3.33260900000,0.0480000000,0.009000,1700.00,5914.00,1.730000,1.336000,1,1
"HATS-23 b","HATS-23","Transit",2017,467.21010000,20.84874000,2.16051560000,0.0339700000,0.114000,1654.00,5780.00,1.199000,1.121000,1,1
"HD 219134 b","HD 219134","Radial Velocity",2015,4.74000000,1.60200000,3.09292600000,0.0387600000,0.000000,1015.00,4699.00,0.778000,0.810000,1,6
"HD 40956 b","HD 40956","Radial Velocity",2017,858.14100000,13.20000000,578.60000000000,1.4000000000,0.240000,580.56,4869.00,8.560000,2.000000,1,1
"Ross 128 b","Ross 128","Radial Velocity",2017,1.40000000,1.11000000,9.86580000000,0.0496000000,0.116000,301.00,3192.00,0.196700,0.168000,1,1
"K2-219 b","K2-219","Transit",2018,2.38000000,1.34762583,3.90128700000,,,,5753.00,1.189232,1.021545,1,3
"OGLE-2013-BLG-1721L b","OGLE-2013-BLG-1721L","Microlensing",2017,200.00000000,14.10000000,,2.6000000000,,,,,0.460000,1,1
"HD 34445 c","HD 34445","Radial Velocity",2017,53.50000000,8.42000000,214.67000000000,0.7181000000,0.036000,390.12,5836.00,1.380000,1.070000,1,6
"HD 219134 d","HD 219134","Radial Velocity",2015,16.17000000,1.61000000,46.85900000000,0.2370000000,0.138000,410.50,4699.00,0.778000,0.810000,1,6
"HD 219134 f","HD 219134","Radial Velocity",2015,7.30000000,1.31000000,22.71700000000,0.1463000000,0.148000,522.60,4699.00,0.778000,0.810000,1,6
"OGLE-2016-BLG-1190L b","OGLE-2016-BLG-1190L","Microlensing",2017,4253.00000000,12.30000000,1220.00000000000,2.1700000000,0.420000,,,,0.880000,1,1
"HD 113996 b","HD 113996","Radial Velocity",2017,2002.32900000,12.70000000,610.20000000000,1.6000000000,0.280000,798.69,4181.00,25.110000,1.490000,2,1
"K2-213 b","K2-213","Transit",2018,2.90000000,1.51398464,8.13087000000,,,,5794.00,1.204240,1.069596,1,1
"K2-215 b","K2-215","Transit",2018,5.16000000,2.12381238,8.26964800000,,,,5704.00,0.974398,0.999987,1,1
"HD 34445 d","HD 34445","Radial Velocity",2017,30.70000000,6.07000000,117.87000000000,0.4817000000,0.027000,476.32,5836.00,1.380000,1.070000,1,6
"HD 34445 g","HD 34445","Radial Velocity",2017,120.60000000,13.60000000,5700.00000000000,6.3600000000,0.032000,131.09,5836.00,1.380000,1.070000,1,6
"Kepler-20 g","Kepler-20","Radial Velocity",2016,19.96000000,4.71000000,34.94000000000,0.2055000000,0.150000,524.00,5495.00,0.963900,0.948000,2,6
"NGC 2682 Sand 978 b","NGC 2682 Sand 978","Radial Velocity",2017,692.86940000,13.30000000,511.21000000000,,0.160000,,4200.00,21.017414,1.370000,1,1
"Kepler-80 g","Kepler-80","Transit",2017,0.06500000,1.13000000,14.64558000000,,0.130300,418.00,4540.00,0.678000,0.830000,1,6
"K2-217 b","K2-217","Transit",2018,12.50000000,3.57854073,14.07452400000,,,,5967.00,1.333718,1.102661,1,1
"K2-218 b","K2-218","Transit",2018,7.13000000,2.56948149,8.67988500000,,,,5757.00,1.008231,1.047488,1,1
"GJ 3293 c","GJ 3293","Radial Velocity",2015,21.09000000,4.87000000,122.61960000000,0.3617500000,0.110000,176.62,3466.00,0.404000,0.420000,1,4
"GJ 3293 b","GJ 3293","Radial Velocity",2015,23.54000000,5.19000000,30.59870000000,0.1433900000,0.060000,280.54,3466.00,0.404000,0.420000,1,4
"Wolf 1061 b","Wolf 1061","Radial Velocity",2015,1.91000000,1.21000000,4.88690000000,0.0375000000,0.150000,461.10,3342.00,0.307000,0.294000,1,3
"K2-80 d","K2-80","Transit",2018,7.04000000,2.55211506,28.86725300000,,,,5377.00,0.841458,0.913111,1,3
"Kepler-1652 b","Kepler-1652","Transit",2017,3.19000000,1.60000000,38.09722000000,0.1654000000,0.000000,268.00,3638.00,0.382000,0.404000,1,1
"Wolf 1061 c","Wolf 1061","Radial Velocity",2015,3.41000000,1.66000000,17.87190000000,0.0890000000,0.110000,299.30,3342.00,0.307000,0.294000,1,3
"PSR J2322-2650 b","PSR J2322-2650","Pulsar Timing",2017,252.64306700,13.90000000,0.32296399700,0.0102000000,0.001700,,,,1.400000,1,1
"HATS-50 b","HATS-50","Transit",2017,123.95370000,12.66617000,3.82970150000,0.0504600000,0.516000,1275.39,5990.00,1.117000,1.168000,1,1
"tau Cet f","tau Cet","Radial Velocity",2017,3.93000000,1.81000000,636.13000000000,1.3340000000,0.160000,201.97,5310.00,0.830000,0.783000,1,3
"WASP-91 b","WASP-91","Transit",2017,425.89220000,11.54527000,2.79858100000,0.0370000000,0.000000,1160.00,4920.00,0.860000,0.840000,1,1
"HD 9174 b","HD 9174","Radial Velocity",2016,352.79130000,13.70000000,1179.00000000000,2.2000000000,0.120000,234.30,5577.00,1.670000,1.030000,1,1
"HD 68402 b","HD 68402","Radial Velocity",2016,2510.84441530,12.60000000,1103.00000000000,2.1800000000,0.030000,196.26,5950.00,1.020000,1.120000,1,1
"GJ 3138 b","GJ 3138","Radial Velocity",2017,1.78000000,1.18000000,1.22003000000,0.0197000000,0.190000,902.98,3717.00,0.500000,0.681000,1,3
"MOA-2012-BLG-006L b","MOA-2012-BLG-006L","Microlensing",2017,2700.00000000,12.60000000,,10.2000000000,,,,,0.490000,1,1
"WASP-105 b","WASP-105","Transit",2017,572.09400000,10.76064000,7.87288000000,0.0750000000,0.000000,900.00,5070.00,0.900000,0.890000,1,1
"HD 147873 c","HD 147873","Radial Velocity",2016,731.00900000,13.30000000,491.54000000000,1.3600000000,0.230000,373.68,5972.00,2.290000,1.380000,2,2
"HD 128356 b","HD 128356","Radial Velocity",2016,282.86870000,13.90000000,298.20000000000,0.8700000000,0.570000,232.36,4875.00,0.850000,0.650000,1,1
"GJ 3138 d","GJ 3138","Radial Velocity",2017,10.50000000,3.23000000,257.80000000000,0.6980000000,0.320000,151.70,3717.00,0.500000,0.681000,1,3
"TYC 3318-01333-1 b","TYC 3318-01333-1","Radial Velocity",2018,1086.97860000,13.10000000,562.00000000000,1.4140000000,0.098000,470.43,4776.00,5.900000,1.190000,1,1
"GJ 625 b","GJ 625","Radial Velocity",2017,2.82000000,1.49000000,14.62800000000,0.0783610000,0.130000,335.59,3499.00,0.310000,0.300000,1,1
"GJ 3323 c","GJ 3323","Radial Velocity",2017,2.31000000,1.32000000,40.54000000000,0.1264000000,0.170000,147.80,3159.00,0.119000,0.164000,1,2
"BD+48 740 b","BD+48 740","Radial Velocity",2018,540.31100000,13.50000000,733.00000000000,1.7000000000,0.760000,538.94,4534.00,10.330000,1.090000,1,1
"K2-21 b","K2-21","Transit",2015,4.04000000,1.84000000,9.32503800000,0.0760000000,0.100000,500.00,4222.06,0.646783,0.676023,1,2
"K2-4 b","K2-4","Transit",2015,5.06000000,2.10000000,10.00341700000,0.0780000000,0.080000,563.00,4014.73,0.569359,0.635026,1,1
"K2-21 c","K2-21","Transit",2015,6.76000000,2.49000000,15.50192000000,0.1070000000,0.210000,420.00,4222.06,0.646783,0.676023,1,2
"WASP-141 b","WASP-141","Transit",2016,854.96270000,13.56289000,3.31065100000,0.0469000000,0.000000,1540.00,5900.00,1.370000,1.250000,1,1
"K2-31 b","K2-31","Transit",2016,563.83042000,11.88154000,1.25785000000,0.0220000000,0.000000,1688.00,5280.00,0.780000,0.910000,2,1
"GJ 3293 e","GJ 3293","Radial Velocity",2017,3.28000000,1.63000000,13.25430000000,0.0820800000,0.210000,370.79,3466.00,0.404000,0.420000,1,4
"GJ 3293 d","GJ 3293","Radial Velocity",2017,7.60000000,2.67000000,48.13450000000,0.1939400000,0.120000,241.22,3466.00,0.404000,0.420000,1,4
"K2-149 b","K2-149","Transit",2018,3.33000000,1.64000000,11.33200000000,0.0830000000,,472.41,3745.00,0.568000,0.595000,1,1
"KELT-21 b","KELT-21","Transit",2018,1242.71530000,17.77747400,3.61276470000,0.0522400000,0.000000,2051.00,7598.00,1.638000,1.458000,1,1
"K2-125 b","K2-125","Transit",2017,5.39000000,2.18000000,21.75026400000,0.1210000000,0.080000,321.22,3654.47,0.402049,0.494727,1,1
"V830 Tau b","V830 Tau","Radial Velocity",2016,222.48100000,14.00000000,4.92700000000,0.0570000000,0.000000,1213.95,4250.00,2.000000,1.000000,1,1
"HATS-31 b","HATS-31","Transit",2016,279.69040000,18.38276000,3.37796000000,0.0478000000,0.233000,1823.00,6050.00,1.870000,1.275000,1,1
"Kepler-150 f","Kepler-150","Transit",2017,12.90000000,3.64000000,637.20930000000,1.2400000000,,227.77,5528.00,0.905339,0.970000,1,5
"Qatar-3 b","Qatar-3","Transit",2017,1369.84730000,12.28506400,2.50792040000,0.0378300000,0.000000,1681.00,6007.00,1.272000,1.145000,1,1
"K2-160 b","K2-160","Transit",2018,10.20000000,3.17824034,3.70587100000,,,,5649.00,0.913754,0.982829,1,1
"K2-128 b","K2-128","Transit",2017,2.60000000,1.42000000,5.67581900000,0.0560000000,0.230000,803.10,4469.51,0.777569,0.711248,1,1
"HATS-34 b","HATS-34","Transit",2016,299.07803000,16.02887000,2.10616070000,0.0316600000,0.108000,1445.00,5380.00,0.980000,0.955000,1,1
"KELT-18 b","KELT-18","Transit",2017,375.03940000,17.59813000,2.87175180000,0.0455000000,0.000000,2085.00,6670.00,1.908000,1.524000,2,1
"K2-163 b","K2-163","Transit",2018,6.65000000,2.46610713,6.67311700000,,,,4937.00,0.762201,0.826112,1,1
"K2-165 b","K2-165","Transit",2018,2.17000000,1.27443657,2.35499200000,,,,5185.00,0.803827,0.834847,1,3
"K2-35 c","K2-35","Transit",2016,4.38000000,1.93000000,5.60835200000,0.0550000000,0.120000,766.00,4402.71,0.619575,0.701968,1,2
"HATS-35 b","HATS-35","Transit",2016,388.38826000,16.40997600,1.82099930000,0.0319900000,0.306000,2037.00,6300.00,1.433000,1.317000,1,1
"OGLE-2016-BLG-1195L b","OGLE-2016-BLG-1195L","Microlensing",2017,1.43000000,1.11000000,,1.1600000000,,,,,0.078000,1,1
"K2-175 b","K2-175","Transit",2018,4.81000000,2.03803688,9.52598800000,,,,5909.00,1.420038,1.094693,1,1
"K2-165 c","K2-165","Transit",2018,3.03000000,1.55409035,4.38274500000,,,,5185.00,0.803827,0.834847,1,3
"K2-116 b","K2-116","Transit",2017,0.25700000,0.69000000,4.65541100000,0.0480000000,0.060000,783.03,4348.35,0.669400,0.694512,1,1
"K2-102 b","K2-102","Transit",2016,2.24000000,1.30000000,9.91561500000,,0.100000,,4695.00,0.710000,0.770000,1,1
"XO-6 b","XO-6","Transit",2016,1398.45200000,23.20263000,3.76500070000,0.0815000000,0.000000,1577.00,6720.00,1.930000,1.470000,1,1
"HD 6434 b","HD 6434","Radial Velocity",2003,155.73670000,14.20000000,21.99800000000,0.1400000000,0.170000,786.83,5769.00,1.120000,1.100000,1,1
"HD 68988 b","HD 68988","Radial Velocity",2001,626.12510000,13.40000000,6.27711000000,0.0700000000,0.120000,1179.39,5932.00,1.190000,1.280000,1,2
"HD 220074 b","HD 220074","Radial Velocity",2012,5288.69120000,12.20000000,672.09998000000,1.6000000000,0.140000,1069.88,3787.00,54.920000,2.200000,1,1
"WASP-58 b","WASP-58","Transit",2012,308.29510000,16.02887000,5.01718000000,0.0562000000,0.000000,1270.00,5800.00,1.220000,1.060000,2,1
"K2-231 b","K2-231","Transit",2018,6.80000000,2.50000000,13.84190100000,,,,5695.00,0.950000,1.010000,1,1
"HATS-39 b","HATS-39","Transit",2018,200.23290000,17.59813000,4.57763480000,0.0600700000,0.275000,1645.00,6572.00,1.621000,1.379000,1,1
"HD 137388 b","HD 137388","Radial Velocity",2011,63.56600000,9.32000000,330.00000000000,0.8900000000,0.360000,248.42,5181.00,0.880000,0.680000,1,1
"HD 13931 b","HD 13931","Radial Velocity",2009,889.91953960,13.20000000,4218.00000000000,5.1500000000,0.020000,139.38,5867.00,1.250000,1.300000,1,1
"HD 75289 b","HD 75289","Radial Velocity",1999,155.73670000,14.20000000,3.50927000000,0.0500000000,0.030000,1260.00,6117.00,1.230000,1.290000,2,1
"WASP-72 b","WASP-72","Transit",2012,731.00900000,14.45961000,2.21673000000,0.0371100000,0.000000,2210.00,6250.00,2.180000,2.780000,1,1
"HATS-40 b","HATS-40","Transit",2018,505.34970000,17.71022000,3.26427360000,0.0499700000,0.312000,2101.00,6460.00,2.260000,1.561000,1,1
"HATS-41 b","HATS-41","Transit",2018,3082.95100000,14.90797000,4.19364900000,0.0583000000,0.380000,1710.00,6424.00,1.710000,1.496000,1,1
"HD 142022 A b","HD 142022 A","Radial Velocity",2005,1433.40611557,12.90000000,1928.00000000000,2.9300000000,0.530000,155.74,5421.00,1.040000,0.900000,2,1
"HD 145377 b","HD 145377","Radial Velocity",2008,1913.33660000,12.80000000,103.95000000000,0.4500000000,0.310000,442.98,6014.00,1.050000,1.200000,1,1
"HD 76700 b","HD 76700","Radial Velocity",2002,66.74430000,9.60000000,3.97097000000,0.0500000000,0.090000,1424.61,5644.00,1.370000,0.990000,1,1
"HD 82886 b","HD 82886","Radial Velocity",2011,740.54390000,13.30000000,705.00000000000,1.5800000000,0.070000,435.78,4953.00,5.260000,2.530000,1,1
"HD 24040 b","HD 24040","Radial Velocity",2006,1589.14203500,12.90000000,3668.00000000000,4.9200000000,0.040000,143.81,5802.00,1.300000,1.110000,1,2
"HD 222155 b","HD 222155","Radial Velocity",2011,581.62598481,13.40000000,3999.00000000000,5.1400000000,0.160000,164.93,5701.00,1.850000,1.210000,1,1
"HD 158996 b","HD 158996","Radial Velocity",2018,4449.62000000,12.30000000,820.20000000000,2.1000000000,0.130000,960.27,4069.00,50.300000,1.800000,1,1
"KPS-1 b","KPS-1","Transit",2018,346.43470000,11.54527000,1.70629100000,0.0269000000,0.000000,1459.00,5165.00,0.907000,0.892000,1,1
"HD 154672 b","HD 154672","Radial Velocity",2008,1706.74710000,12.80000000,163.94000000000,0.6000000000,0.610000,410.76,5743.00,1.320000,1.180000,1,1
"KELT-6 b","KELT-6","Transit",2014,165.27160000,14.57170000,7.84570000000,0.0793900000,0.220000,1313.00,6102.00,1.730000,1.420000,1,2
"HAT-P-49 b","HAT-P-49","Transit",2014,699.22600000,17.82231000,2.69155000000,0.0437800000,0.000000,2131.00,6820.00,2.060000,2.220000,1,1
"K2-155 c","K2-155","Transit",2018,7.27000000,2.60000000,13.85000000000,0.0946000000,,583.00,4258.00,0.580000,0.650000,1,3
"HD 158038 b","HD 158038","Radial Velocity",2011,486.27990000,13.50000000,521.00000000000,1.5000000000,0.290000,405.91,4860.00,4.500000,1.300000,1,1
"HR 810 b","HR 810","Radial Velocity",1999,1970.53612340,12.70000000,302.79999000000,0.9200000000,0.140000,329.57,6167.00,1.130000,1.340000,1,1
"BD-13 2130 b","BD-13 2130","Radial Velocity",2007,3108.37740000,12.50000000,714.29999000000,1.6600000000,0.210000,744.77,4545.00,19.170000,2.120000,1,1
"HD 285507 b","HD 285507","Radial Velocity",2013,311.47340000,13.80000000,6.08810000000,0.0600000000,0.090000,736.35,4503.00,0.690000,0.820000,1,1
"WASP-117 b","WASP-117","Transit",2014,95.34900000,11.88154000,10.02165000000,0.0945900000,0.300000,1001.00,6040.00,1.220000,1.290000,1,1
"K2-155 d","K2-155","Transit",2018,4.27000000,1.90000000,40.71800000000,0.1937000000,,381.00,4258.00,0.580000,0.650000,1,3
"HD 16175 b","HD 16175","Radial Velocity",2009,1875.18760130,12.80000000,990.00000000000,2.1200000000,0.600000,259.78,5981.00,1.720000,1.630000,1,1
"HD 16141 b","HD 16141","Radial Velocity",2000,82.63580000,10.90000000,75.52300000000,0.3600000000,0.250000,562.87,5757.00,1.480000,1.110000,2,1
"WASP-11 b","WASP-11","Transit",2008,251.08570000,12.44199000,3.72247000000,0.0435000000,0.000000,992.00,4800.00,0.890000,1.420000,3,1
"WASP-13 b","WASP-13","Transit",2009,114.41880000,13.67498000,4.35301000000,0.0536200000,0.000000,1531.00,5950.00,1.370000,0.720000,1,1
"WASP-95 b","WASP-95","Transit",2014,457.67520000,13.78707000,2.18467000000,0.0341600000,0.000000,1570.00,5830.00,1.230000,1.460000,1,1
"WASP-97 b","WASP-97","Transit",2014,432.24880000,12.77826000,2.07276000000,0.0330300000,0.000000,1555.00,5640.00,1.080000,1.180000,1,1
"11 UMi b","11 UMi","Radial Velocity",2009,4684.81420000,12.30000000,516.21997000000,1.5300000000,0.080000,896.43,4213.00,29.790000,2.780000,1,1
"HD 1690 b","HD 1690","Radial Velocity",2010,2793.72570000,12.50000000,533.00000000000,1.3600000000,0.640000,841.73,4374.00,21.660000,1.860000,1,1
"WASP-14 b","WASP-14","Transit",2008,2809.61720000,15.46842000,2.24375000000,0.0370000000,0.090000,1872.00,6475.00,1.400000,1.620000,3,1
"WASP-101 b","WASP-101","Transit",2014,162.09330000,16.02887000,3.58572000000,0.0505700000,0.000000,1560.00,6380.00,1.310000,1.410000,1,1
"BD-10 3166 b","BD-10 3166","Radial Velocity",2000,187.51970000,14.10000000,3.48777000000,0.0400000000,0.020000,1240.38,5393.00,0.910000,1.470000,1,1
"GJ 86 b","GJ 86","Radial Velocity",1999,1404.80860000,12.90000000,15.76491000000,0.1100000000,0.040000,661.12,5182.00,0.770000,0.930000,2,1
"WASP-22 b","WASP-22","Transit",2010,212.94610000,13.78707000,3.53269000000,0.0470000000,0.020000,1502.00,6000.00,1.240000,1.460000,1,1
"HD 95127 b","HD 95127","Radial Velocity",2015,3378.53290000,12.40000000,482.00000000000,1.2800000000,0.110000,1151.28,4218.00,41.010000,3.700000,1,1
"WASP-82 b","WASP-82","Transit",2015,371.86110000,18.15858000,2.70579000000,0.0447000000,0.000000,2190.00,6480.00,2.100000,1.480000,1,1
"HD 204941 b","HD 204941","Radial Velocity",2011,73.10090000,10.10000000,1733.00000000000,2.5500000000,0.370000,134.04,5026.00,0.780000,0.580000,2,1
"WASP-29 b","WASP-29","Transit",2010,73.10090000,8.63093000,3.92273000000,0.0457000000,0.030000,970.00,4800.00,0.790000,0.770000,1,1
"WASP-26 b","WASP-26","Transit",2010,270.15550000,13.56289000,2.75660000000,0.0400000000,0.000000,1650.00,6034.00,1.220000,0.860000,2,1
"K2-164 b","K2-164","Transit",2018,10.60000000,3.24925008,17.35506600000,,,,5791.00,2.196069,1.180894,1,1
"K2-169 b","K2-169","Transit",2018,2.16000000,1.27328671,6.38080300000,,,,5548.00,0.919053,0.986144,1,1
"HAT-P-22 b","HAT-P-22","Transit",2010,785.04010000,12.89035000,3.21222000000,0.0414000000,0.020000,1463.00,5302.00,1.110000,1.130000,2,1
"HAT-P-24 b","HAT-P-24","Transit",2010,238.37250000,14.57170000,3.35524000000,0.0465100000,0.070000,1637.00,6373.00,1.380000,1.370000,2,1
"HD 212301 b","HD 212301","Radial Velocity",2005,162.09330000,14.20000000,2.24571000000,0.0300000000,0.000000,1870.75,6239.00,1.160000,1.550000,2,1
"WASP-38 b","WASP-38","Transit",2010,1093.33520000,13.78707000,6.87188000000,0.0752200000,0.030000,1250.00,6180.00,1.520000,1.760000,1,1
"K2-170 b","K2-170","Transit",2018,2.60000000,1.41817537,7.57654400000,,,,5748.00,0.981614,0.963657,1,2
"K2-171 b","K2-171","Transit",2018,7.69000000,2.68657205,5.62846600000,,,,5250.00,1.717458,0.891587,1,1
"HAT-P-29 b","HAT-P-29","Transit",2011,279.69040000,13.11453000,5.72319000000,0.0667000000,0.090000,1281.00,6087.00,1.300000,1.450000,2,1
"HD 213240 b","HD 213240","Radial Velocity",2001,1655.88600047,12.80000000,882.70001000000,1.8900000000,0.420000,257.70,5979.00,1.510000,1.570000,2,1
"WASP-41 b","WASP-41","Transit",2011,270.15550000,12.32990000,3.05240000000,0.0402200000,0.000000,1244.00,5545.00,0.830000,0.810000,1,2
"WASP-48 b","WASP-48","Transit",2011,254.26400000,16.81350000,2.14363000000,0.0344400000,0.000000,2035.00,5920.00,1.580000,0.880000,1,1
"K2-172 b","K2-172","Transit",2018,3.42000000,1.66608079,14.31694100000,,,,5569.00,0.868889,0.934356,1,2
"K2-172 c","K2-172","Transit",2018,10.40000000,3.20569097,29.62682000000,,,,5569.00,0.868889,0.934356,1,2
"K2-190 b","K2-190","Transit",2018,2.41000000,1.35673729,10.09885800000,,,,5631.00,0.912206,0.904597,1,2
"HAT-P-5 b","HAT-P-5","Transit",2007,311.47340000,13.56289000,2.78849000000,0.0407300000,0.000000,1517.00,5960.00,1.120000,1.040000,1,1
"HAT-P-6 b","HAT-P-6","Transit",2007,419.53560000,16.58932000,3.85298000000,0.0523900000,0.000000,1675.00,6570.00,1.620000,1.790000,1,1
"HD 218566 b","HD 218566","Radial Velocity",2010,63.56600000,9.32000000,225.70000000000,0.6900000000,0.300000,253.15,4730.00,0.850000,0.760000,1,1
"HD 240237 b","HD 240237","Radial Velocity",2011,5050.31870000,12.20000000,745.70001000000,1.9200000000,0.400000,1153.09,3926.00,71.230000,8.760000,1,1
"XO-1 b","XO-1","Transit",2006,263.79890000,12.77826000,3.94153000000,0.0488000000,0.000000,1210.00,5750.00,0.880000,0.880000,1,1
"XO-4 b","XO-4","Transit",2010,451.31860000,14.01125000,4.12508000000,0.0552400000,0.000000,1630.00,6397.00,1.450000,1.100000,1,1
"K2-191 b","K2-191","Transit",2018,3.12000000,1.57889322,2.85864600000,,,,5176.00,0.839696,0.900994,1,1
"K2-200 b","K2-200","Transit",2018,2.43000000,1.36439870,2.84988300000,,,,5233.00,0.791736,0.860208,1,1
"HD 101930 b","HD 101930","Radial Velocity",2005,79.45750000,10.60000000,70.46000000000,0.3000000000,0.110000,417.04,5108.00,0.860000,0.570000,2,1
"HD 2638 b","HD 2638","Radial Velocity",2005,133.48860000,14.30000000,3.44420000000,0.0400000000,0.000000,1212.27,5186.00,0.940000,0.770000,3,1
"HD 30562 b","HD 30562","Radial Velocity",2009,467.20775829,13.60000000,1157.00000000000,2.3400000000,0.760000,235.27,5882.00,1.610000,1.120000,1,1
"KELT-2 A b","KELT-2 A","Transit",2012,540.31100000,15.13215000,4.11379000000,0.0549700000,0.000000,2080.00,6327.00,1.930000,1.540000,2,1
"Pr0201 b","Pr0201","Radial Velocity",2012,171.62820000,14.20000000,4.42640000000,0.0600000000,0.000000,1303.39,6174.00,1.150000,1.240000,1,1
"K2-173 b","K2-173","Transit",2018,3.22000000,1.60826194,5.86869900000,,,,5580.00,0.843154,0.881538,1,1
"HD 102195 b","HD 102195","Radial Velocity",2006,130.31030000,14.20000000,4.11377000000,0.0500000000,0.000000,1035.17,5301.00,0.820000,0.760000,1,1
"HD 102117 b","HD 102117","Radial Velocity",2005,54.03110000,8.47000000,20.81330000000,0.1500000000,0.120000,780.86,5655.00,1.230000,1.060000,1,1
"HD 330075 b","HD 330075","Radial Velocity",2004,152.55840000,14.30000000,3.38773000000,0.0400000000,0.000000,990.00,5000.00,0.840000,0.470000,1,1
"HD 34445 b","HD 34445","Radial Velocity",2009,260.62060000,13.90000000,1049.00000000000,2.0700000000,0.270000,231.47,5879.00,1.380000,1.140000,1,6
"HD 77338 b","HD 77338","Radial Velocity",2012,15.90000000,4.12000000,5.73610000000,0.0600000000,0.090000,1035.54,5341.00,0.970000,1.370000,1,1
"HAT-P-40 b","HAT-P-40","Transit",2012,152.55840000,17.03768000,4.45724000000,0.0608000000,0.000000,1770.00,6080.00,1.940000,1.030000,1,1
"HD 103197 b","HD 103197","Radial Velocity",2011,28.60470000,5.83000000,47.84000000000,0.2500000000,0.000000,474.97,5250.00,0.880000,0.800000,1,1
"HD 108874 b","HD 108874","Radial Velocity",2002,451.31860000,13.60000000,394.48123000000,1.0400000000,0.130000,271.33,5600.00,1.050000,1.100000,1,2
"HD 40979 b","HD 40979","Radial Velocity",2002,1484.26610000,12.90000000,264.14999000000,0.8500000000,0.250000,354.69,6165.00,1.210000,1.450000,3,1
"HD 4203 b","HD 4203","Radial Velocity",2001,708.76090000,13.30000000,431.88000000000,1.1700000000,0.520000,297.28,5596.00,1.420000,1.250000,1,2
"WASP-49 b","WASP-49","Transit",2012,117.59710000,12.44199000,2.78174000000,0.0379000000,0.000000,1400.00,5600.00,0.970000,0.920000,2,1
"UKIRT-2017-BLG-001L b","UKIRT-2017-BLG-001L","Microlensing",2018,407.00000000,13.70000000,,4.1800000000,,,,,0.810000,1,1
"HD 121504 b","HD 121504","Radial Velocity",2003,479.92330000,13.60000000,63.33000000000,0.3300000000,0.030000,523.32,6027.00,1.070000,1.620000,1,1
"HD 47186 b","HD 47186","Radial Velocity",2008,22.24810000,5.02000000,4.08450000000,0.0500000000,0.040000,1267.79,5657.00,1.080000,0.960000,1,2
"WASP-66 b","WASP-66","Transit",2012,746.90050000,15.69260000,4.08605000000,0.0546000000,0.000000,1569.70,6600.00,1.760000,1.330000,1,1
"WASP-67 b","WASP-67","Transit",2012,136.66690000,12.89035000,4.61442000000,0.0517900000,0.000000,1003.00,5200.00,0.880000,0.910000,1,1
"K2-197 b","K2-197","Transit",2018,7.08000000,2.56000000,8.35788100000,0.0806000000,,848.00,5667.00,0.930000,1.000000,1,1
"HD 185269 b","HD 185269","Radial Velocity",2006,321.00830000,13.80000000,6.83776000000,0.0770000000,0.229000,1455.61,5923.00,2.000000,1.300000,3,1
"HD 181342 b","HD 181342","Radial Velocity",2009,807.28820000,13.20000000,564.10000000000,1.5920000000,0.022000,410.15,4945.00,4.710000,1.690000,1,1
"K2-240 b","K2-240","Transit",2018,4.66000000,2.00000000,6.03400000000,0.0513000000,,586.00,3810.00,0.540000,0.580000,1,2
"CoRoT-20 c","CoRoT-20","Radial Velocity",2018,5403.11000000,12.20000000,1675.00000000000,2.9000000000,0.600000,168.16,5880.00,1.020000,1.140000,1,2
"HD 89345 b","HD 89345","Transit",2018,34.96130000,7.39794000,11.81430000000,0.1066000000,0.220000,1089.00,5576.00,1.747000,1.157000,1,1
"WASP-158 b","WASP-158","Transit",2018,886.74570000,11.99363000,3.65633300000,0.0517000000,0.000000,1590.00,6350.00,1.390000,1.380000,1,1
"HD 200964 b","HD 200964","Radial Velocity",2010,508.21017000,13.50000000,606.30000000000,1.5650000000,0.087000,425.95,4982.00,4.920000,1.390000,1,2
"K2-238 b","K2-238","Transit",2018,273.33380000,14.57170000,3.20466000000,0.0460000000,0.000000,1587.00,5630.00,1.590000,1.190000,1,1
"WASP-162 b","WASP-162","Transit",2018,1652.71600000,11.20900000,9.62468000000,0.0871000000,0.434000,910.00,5300.00,1.110000,0.950000,1,1
"WASP-168 b","WASP-168","Transit",2018,133.48860000,16.81350000,4.15365800000,0.0519000000,0.000000,1340.00,6000.00,1.120000,1.080000,2,1
"HD 28678 b","HD 28678","Radial Velocity",2011,490.09386000,13.50000000,380.20000000000,1.1800000000,0.149000,561.84,4972.00,6.480000,1.530000,1,1
"HD 30856 b","HD 30856","Radial Velocity",2011,491.68301000,13.50000000,847.00000000000,1.8500000000,0.061000,364.02,4895.00,4.400000,1.170000,2,1
"OGLE-2014-BLG-1722L c","OGLE-2014-BLG-1722L","Microlensing",2018,83.70000000,11.00000000,,1.7000000000,,,,,0.400000,1,2
"K2-244 b","K2-244","Transit",2018,3.71000000,1.75000000,21.06884000000,0.1418000000,,638.00,5677.00,0.920000,0.860000,1,1
"K2-266 b","K2-266","Transit",2018,11.26782377,3.30000000,0.65852400000,0.0130600000,,1515.00,4285.00,0.703000,0.686000,2,4
"K2-266 c","K2-266","Transit",2018,0.29013072,0.70500000,7.81400000000,0.0679000000,0.042000,664.50,4285.00,0.703000,0.686000,2,4
"WASP-173 A b","WASP-173 A","Transit",2018,1172.79270000,13.45080000,1.38665318000,0.0248000000,0.000000,1880.00,5800.00,1.110000,1.050000,2,1
"OGLE-2011-BLG-0173L b","OGLE-2011-BLG-0173L","Microlensing",2018,60.00000000,9.01000000,,8.0000000000,,,,,0.410000,1,1
"HD 5319 b","HD 5319","Radial Velocity",2007,494.54348000,13.50000000,637.10000000000,1.5700000000,0.092000,377.72,4871.00,4.060000,1.270000,1,2
"K2-159 b","K2-159","Transit",2018,5.73000000,2.26000000,12.42205000000,0.1013000000,,684.00,5425.00,0.830000,0.900000,1,1
"K2-266 e","K2-266","Transit",2018,14.30000000,2.73000000,19.48200000000,0.1249000000,0.043000,490.10,4285.00,0.703000,0.686000,2,4
"K2-266 d","K2-266","Transit",2018,8.90000000,2.93000000,14.69700000000,0.1035000000,0.047000,538.30,4285.00,0.703000,0.686000,2,4
"WASP-147 b","WASP-147","Transit",2018,87.40325000,12.49803500,4.60273000000,0.0549000000,0.000000,1404.00,5702.00,1.429000,1.044000,1,1
"WASP-160 B b","WASP-160 B","Transit",2018,88.35674000,12.21781000,3.76849520000,0.0452000000,0.000000,1119.00,5298.00,0.868000,0.870000,2,1
"HD 95089 c","HD 95089","Radial Velocity",2016,1096.51350000,13.10000000,1785.00000000000,3.3300000000,0.284000,292.91,4918.00,5.080000,1.540000,1,2
"K2-166 b","K2-166","Transit",2018,5.43000000,2.19000000,8.52695000000,0.0858000000,,1140.00,5960.00,1.610000,1.160000,1,2
"HATS-36 b","HATS-36","Transit",2018,1022.14128000,12.92000000,4.17518600000,0.0523000000,0.105000,1203.00,5950.00,1.100000,1.100000,1,1
"WASP-165 b","WASP-165","Transit",2018,209.13214000,14.12334000,3.46550900000,0.0482300000,0.000000,1624.00,5599.00,1.750000,1.248000,1,1
"HD 96063 b","HD 96063","Radial Velocity",2011,403.64410000,13.70000000,362.50000000000,1.1100000000,0.170000,500.75,5020.00,4.750000,1.370000,1,1
"K2-228 b","K2-228","Transit",2018,1.92000000,1.21000000,2.69828000000,0.0338000000,,914.00,4715.00,0.650000,0.710000,1,1
"K2-283 b","K2-283","Transit",2018,12.20000000,3.52000000,1.92103600000,0.0291000000,,1186.00,5060.00,0.820000,0.890000,1,1
"K2-151 b","K2-151","Transit",2018,2.83000000,1.49000000,3.83547600000,0.0373000000,,566.00,3695.00,0.450000,0.470000,2,1
"K2-281 b","K2-281","Transit",2018,50.90000000,8.18000000,8.68772100000,0.0773000000,,665.00,4812.00,0.760000,0.820000,1,1
"K2-216 b","K2-216","Transit",2018,8.00000000,1.75000000,2.17480000000,0.0280000000,0.000000,1103.00,4503.00,0.720000,0.700000,1,1
"HD 5319 c","HD 5319","Radial Velocity",2014,334.67499000,13.80000000,872.20000000000,1.9300000000,0.183000,340.67,4871.00,4.060000,1.270000,1,2
"K2-230 b","K2-230","Transit",2018,4.50000000,1.96000000,2.86041000000,0.0409000000,,1529.00,5945.00,1.390000,1.110000,1,1
"K2-188 b","K2-188","Transit",2018,2.39000000,1.35000000,1.74216900000,0.0289000000,,1692.00,5977.00,1.190000,1.060000,1,2
"GJ 96 b","GJ 96","Radial Velocity",2018,19.66000000,4.67000000,73.94000000000,0.2910000000,0.440000,257.81,3785.00,0.580612,0.600000,1,1
"KMT-2016-BLG-1820L b","KMT-2016-BLG-1820L","Microlensing",2018,1450.00000000,12.90000000,,1.0800000000,,,,,0.039000,1,1
"HD 94834 b","HD 94834","Radial Velocity",2018,400.46580000,13.70000000,1576.00000000000,2.7400000000,0.140000,286.45,4798.00,4.200000,1.110000,1,1
"K2-153 b","K2-153","Transit",2018,4.66000000,2.00000000,7.51574000000,0.0614000000,,497.00,3845.00,0.530000,0.550000,1,1
"HATS-11 b","HATS-11","Transit",2016,263.79890000,18.03000000,3.61918800000,0.0507000000,0.340000,1596.00,6563.00,1.540000,1.330000,1,1
"KMT-2016-BLG-2142L b","KMT-2016-BLG-2142L","Microlensing",2018,4923.00000000,12.20000000,,0.8300000000,,,,,0.073000,1,1
"MOA-2015-BLG-337L b","MOA-2015-BLG-337L","Microlensing",2018,33.70000000,6.42000000,,0.2400000000,,,,,0.009400,1,1
"K2-241 b","K2-241","Transit",2018,7.04000000,2.55000000,26.81990000000,0.1567000000,,507.00,5262.00,0.750000,0.710000,1,1
"K2-117 c","K2-117","Transit",2017,4.90000000,2.06000000,5.44401700000,0.0492000000,0.150000,537.00,3778.00,0.510000,0.540000,1,2
"K2-284 b","K2-284","Transit",2018,8.15000000,2.78000000,4.79506900000,0.0477100000,0.078000,653.00,4140.00,0.607000,0.630000,1,1
"MOA-2016-BLG-319L b","MOA-2016-BLG-319L","Microlensing",2018,200.00000000,14.10000000,,0.9500000000,,,,,0.150000,1,1
"HD 12648 b","HD 12648","Radial Velocity",2015,622.94680000,13.40000000,133.60001000000,0.5400000000,0.040000,1053.23,4835.00,11.020000,0.670000,1,1
"K2-243 b","K2-243","Transit",2018,5.35000000,2.17000000,11.54182000000,0.1087000000,,1035.00,6570.00,1.390000,1.290000,1,2
"K2-117 b","K2-117","Transit",2017,4.78000000,2.03000000,1.29160000000,0.0189000000,0.060000,868.00,3778.00,0.510000,0.540000,1,2
"K2-312 c","HD 80653","Radial Velocity",2023,1681.31227303,12.80000000,871.32000000000,1.8820000000,0.843500,229.00,5959.00,1.199000,1.150000,1,2
"K2-245 b","K2-245","Transit",2018,17.40000000,4.34000000,11.89307000000,0.0959000000,,923.00,5793.00,1.250000,0.830000,1,1
"K2-270 c","K2-270","Transit",2018,9.01000000,2.95000000,4.40002800000,0.0497000000,,848.00,4877.00,0.770000,0.850000,1,2
"HATS-59 b","HATS-59","Transit",2018,256.17098000,12.62133400,5.41608100000,0.0611200000,0.129000,1128.00,5670.00,1.036000,1.038000,1,2
"KELT-15 b","KELT-15","Transit",2016,416.35730000,19.50366000,3.32944000000,0.0461300000,0.000000,1642.00,6003.00,1.780000,2.060000,2,1
"K2-247 b","K2-247","Transit",2018,5.14000000,2.12000000,2.25021000000,0.0304000000,,979.00,4667.00,0.690000,0.740000,1,2
"EPIC 211945201 b","EPIC 211945201","Transit",2018,11.00000000,5.76000000,19.49221000000,0.1493000000,0.000000,817.00,6069.00,1.390000,1.170000,1,1
"CoRoT-21 b","CoRoT-21","Transit",2012,718.29580000,14.57170000,2.72474000000,0.0417000000,0.000000,2044.44,6200.00,1.950000,1.290000,1,1
"70 Vir b","70 Vir","Radial Velocity",1996,2380.45000000,12.60000000,116.68800000000,0.4810000000,0.398800,525.24,5495.00,1.890000,1.090000,1,1
"K2-39 b","K2-39","Transit",2016,28.60470000,6.27704000,4.60543000000,0.0570800000,0.000000,1670.00,4881.00,2.970000,0.660000,1,1
"K2-248 b","K2-248","Transit",2018,7.13000000,2.57000000,7.17256000000,0.0699000000,,886.00,5528.00,0.920000,0.880000,1,1
"K2-276 b","K2-276","Transit",2018,13.70000000,3.77000000,18.71826900000,0.1291000000,,583.00,5139.00,0.850000,0.820000,1,1
"HD 102956 b","HD 102956","Radial Velocity",2010,305.11680000,13.80000000,6.49470000000,0.0807000000,0.037000,1804.96,4985.00,4.550000,1.660000,2,1
"HD 108863 b","HD 108863","Radial Velocity",2011,767.24162000,13.30000000,437.70000000000,1.3200000000,0.032000,490.51,4878.00,5.740000,1.590000,1,1
"HATS-46 b","HATS-46","Transit",2018,54.98459000,10.12172700,4.74237290000,0.0536700000,0.559000,1054.00,5495.00,0.853000,0.917000,1,1
"HATS-7 b","HATS-7","Transit",2015,38.13960000,6.31066700,3.18531500000,0.0401200000,0.170000,1084.00,4985.00,0.815000,0.849000,1,1
"K2-252 b","K2-252","Transit",2018,3.68000000,1.74000000,13.81513000000,0.1041000000,,639.00,5152.00,0.820000,0.790000,1,1
"K2-188 c","K2-188","Transit",2018,8.40000000,2.83000000,7.81025300000,0.0785000000,,1026.00,5977.00,1.190000,1.060000,1,2
"HD 131496 b","HD 131496","Radial Velocity",2011,572.09400000,13.40000000,896.00000000000,2.0100000000,0.181000,347.30,4846.00,4.440000,1.340000,1,1
"HD 1502 b","HD 1502","Radial Velocity",2011,874.03250000,13.20000000,428.50000000000,1.2620000000,0.031000,458.89,4947.00,4.670000,1.460000,1,1
"NGTS-3 A b","NGTS-3 A","Transit",2018,756.43540000,16.58932000,1.67537280000,0.0230000000,,1434.44,5600.00,0.930000,1.017000,2,1
"K2-254 b","K2-254","Transit",2018,3.29000000,1.63000000,4.09639000000,0.0448000000,,791.00,4629.00,0.670000,0.710000,1,2
"K2-192 b","K2-192","Transit",2018,2.92000000,1.52000000,4.16281700000,0.0490000000,,939.00,5222.00,0.810000,0.900000,1,1
"K2-239 c","K2-239","Transit",2018,0.97200000,1.00000000,7.77500000000,0.0576000000,,427.00,3420.00,0.360000,0.400000,1,3
"K2-258 b","K2-258","Transit",2018,9.27000000,3.00000000,19.09210000000,0.1490000000,,831.00,6351.00,1.310000,1.210000,1,1
"HD 70642 b","HD 70642","Radial Velocity",2003,1239.53078730,13.00000000,2124.54000000000,3.3180000000,0.175000,150.52,5732.00,0.984000,1.078000,1,1
"HATS-69 b","HATS-69","Transit",2018,183.38791000,10.59250500,2.22525770000,0.0321100000,0.519000,1295.70,5137.00,0.878500,0.892000,1,1
"KMT-2017-BLG-1038L b","KMT-2017-BLG-1038L","Microlensing",2019,640.00000000,13.40000000,,1.8000000000,,,,,0.370000,1,1
"HD 117618 b","HD 117618","Radial Velocity",2004,55.30242000,8.59000000,25.80000000000,0.1800000000,0.150000,745.79,5990.00,1.200000,1.077000,1,1
"NGTS-4 b","NGTS-4","Transit",2019,20.60000000,3.18000000,1.33735080000,0.0190000000,0.000000,1650.00,5143.00,0.840000,0.750000,1,1
"K2-295 b","K2-295","Transit",2018,106.47305000,10.05447300,4.02486700000,0.0451000000,0.000000,852.00,4444.00,0.700000,0.740000,1,1
"HIP 79098 AB b","HIP 79098 AB","Imaging",2019,6515.51500000,12.10000000,,345.0000000000,,2450.00,9193.75,,3.750000,2,1
"K2-133 c","K2-133","Transit",2017,3.20000000,1.60300000,4.86784000000,0.0434100000,,570.60,3655.00,0.455000,0.461000,1,4
"K2-133 d","K2-133","Transit",2017,4.67000000,2.00300000,11.02454000000,0.0748700000,,734.00,3655.00,0.455000,0.461000,1,4
"HAT-P-25 b","HAT-P-25","Transit",2012,180.84527000,12.72221500,3.65281514000,0.0466000000,0.023000,1182.00,5519.00,0.919000,1.012000,1,1
"HD 89744 b","HD 89744","Radial Velocity",1999,2653.88050000,12.60000000,256.78000000000,0.9170000000,0.677000,462.62,6291.00,2.132570,1.860000,2,1
"HD 65216 c","HD 65216","Radial Velocity",2013,645.19490000,13.40000000,5370.00000000000,5.7500000000,0.170000,105.87,5612.00,0.880000,0.874000,3,2
"K2-133 e","K2-133","Transit",2019,3.64000000,1.73000000,26.58410000000,0.1346000000,,296.00,3655.00,0.455000,0.461000,1,4
"EPIC 201497682 b","EPIC 201497682","Transit",2019,0.26000000,0.69200000,2.13174000000,,,,4991.00,0.554000,0.780000,1,1
"OGLE-2015-BLG-1670L b","OGLE-2015-BLG-1670L","Microlensing",2019,17.90000000,4.42000000,,2.6200000000,,,,,0.550000,1,1
"K2-290 c","K2-290","Transit",2019,246.00042000,11.27625400,48.36685000000,0.3050000000,0.000000,676.00,6302.00,1.511000,1.194000,3,2
"HAT-P-34 b","HAT-P-34","Transit",2011,1058.37390000,13.41717300,5.45265400000,0.0677400000,0.432000,1520.00,6442.00,1.530000,1.392000,1,1
"EPIC 201754305 d","K2-16","Transit",2019,1.08000000,1.03000000,2.71578000000,,,,4761.00,0.544000,0.670000,1,3
"EPIC 201833600 c","K2-50","Transit",2019,0.97200000,1.00000000,3.96151000000,,,,4326.00,0.634000,0.611000,1,2
"HAT-P-36 b","HAT-P-36","Transit",2011,587.41340600,14.31389300,1.32734683000,0.0241000000,0.063000,1780.97,5620.00,1.041000,1.030000,1,1
"K2-53 b","K2-53","Transit",2016,7.27000000,2.60000000,12.20772000000,0.0980000000,,665.00,5263.00,0.807000,0.851000,1,1
"K2-293 b","K2-293","Transit",2019,6.57000000,2.45000000,13.12250000000,,,750.00,5532.00,0.947000,0.958000,1,1
"TOI-172 b","TOI-172","Transit",2019,1722.63860000,10.81668500,9.47725000000,0.0914000000,0.380600,1198.00,5645.00,1.777000,1.128000,1,1
"EPIC 206024342 b","EPIC 206024342","Transit",2019,3.53000000,1.70000000,4.50756000000,,,,5724.00,0.823000,0.928000,1,3
"EPIC 206032309 b","EPIC 206032309","Transit",2019,1.01000000,1.01000000,2.87814000000,,,,3489.00,0.373440,0.221000,1,1
"HAT-P-9 b","HAT-P-9","Transit",2008,238.05467000,15.61413700,3.92281072000,0.0528700000,0.084000,1540.00,6350.00,1.338000,1.281000,1,1
"HATS-24 b","HATS-24","Transit",2017,718.29580000,15.63655500,1.34849780000,0.0238000000,0.000000,2166.00,6125.00,1.120000,1.070000,1,1
"K2-90 b","K2-90","Transit",2016,7.27000000,2.60000000,13.73331400000,0.0960000000,0.070000,502.00,4484.00,0.619000,0.629000,1,2
"K2-294 b","K2-294","Transit",2019,3.39000000,1.66000000,2.50387000000,,,1425.00,5612.00,1.200000,0.987000,1,1
"GJ 685 b","GJ 685","Radial Velocity",2019,9.00000000,2.95000000,24.16000000000,0.1344000000,0.000000,368.84,3816.00,0.540000,0.550000,1,1
"EPIC 206317286 b","EPIC 206317286","Transit",2019,0.84000000,0.96000000,1.58252000000,,,,4752.00,0.669000,0.711000,1,2
"K2-308 b","K2-308","Transit",2019,70.60000000,9.91600000,3.38628000000,,,1213.76,6100.00,1.240000,1.090000,1,1
"Kepler-9 c","Kepler-9","Transit",2010,29.90000000,8.08000000,38.98530000000,0.2270000000,0.066910,523.00,5774.00,0.958000,1.022000,1,3
"K2-124 b","K2-124","Transit",2017,8.75000000,2.90000000,6.41365100000,0.0490000000,0.080000,442.00,3570.00,0.388000,0.390000,1,1
"HD 92788 b","HD 92788","Radial Velocity",2000,1195.04080000,13.00000000,325.80300000000,0.9700000000,0.350000,300.27,5744.00,1.140000,1.150000,1,2
"Kepler-25 c","Kepler-25","Transit",2011,15.20000000,5.21700000,12.72070000000,0.1117000000,0.006100,934.00,6354.00,1.316000,1.165000,2,3
"WASP-33 b","WASP-33","Transit",2010,665.21819000,17.85593700,1.21987000000,0.0239000000,0.000000,2781.70,7430.00,1.444000,1.495000,2,1
"HD 134060 c","HD 134060","Radial Velocity",2019,29.29000000,5.91000000,1291.56460000000,2.3928000000,0.110000,200.67,5966.00,1.164285,1.095000,1,2
"WASP-177 b","WASP-177","Transit",2019,161.45764000,17.71022000,3.07172200000,0.0395700000,,1142.00,5017.00,0.885000,0.876000,1,1
"WASP-181 b","WASP-181","Transit",2019,95.03117000,13.27145600,4.51950640000,0.0542700000,,1186.00,5839.00,0.965000,1.040000,1,1
"Kepler-25 b","Kepler-25","Transit",2011,8.70000000,2.74800000,6.23829700000,0.0695000000,0.002900,1185.00,6354.00,1.316000,1.165000,2,3
"WASP-161 b","WASP-161","Transit",2018,791.39670000,12.81188700,5.40604250000,0.0673000000,,1557.00,6400.00,1.712000,1.390000,1,1
"WASP-163 b","WASP-163","Transit",2018,594.34210000,13.47321800,1.60968840000,0.0266000000,,1638.00,5500.00,1.015000,0.970000,1,1
"HD 20781 b","HD 20781","Radial Velocity",2019,1.93000000,1.21000000,5.31350000000,0.0529000000,0.100000,1006.10,5256.00,0.833609,0.700000,2,5
"HD 20003 b","HD 20003","Radial Velocity",2019,11.66000000,3.43000000,11.84820000000,0.0974000000,0.360000,814.93,5494.00,0.921637,0.875000,1,2
"Kepler-47 c","Kepler-47","Transit",2012,3.17000000,4.65000000,303.22700000000,0.9638000000,0.044000,267.82,5636.00,0.936000,0.957000,2,3
"Gl 49 b","Gl 49","Radial Velocity",2019,5.63000000,2.24000000,13.85080000000,0.0905000000,0.363000,435.99,3805.00,0.511000,0.515000,2,1
"HD 21693 b","HD 21693","Radial Velocity",2019,8.23000000,2.80000000,22.67860000000,0.1455000000,0.120000,656.39,5430.00,0.914378,0.800000,1,2
"HD 20781 c","HD 20781","Radial Velocity",2019,5.33000000,2.17000000,13.89050000000,0.1004000000,0.090000,730.30,5256.00,0.833609,0.700000,2,5
"Kepler-47 d","Kepler-47","Transit",2019,19.02000000,7.04000000,187.36600000000,0.6992000000,0.024000,314.44,5636.00,0.936000,0.957000,2,3
"LSPM J2116+0234 b","LSPM J2116+0234","Radial Velocity",2019,13.30000000,3.71000000,14.43990000000,0.0876000000,0.183000,371.68,3475.00,0.431000,0.430000,1,1
"K2-285 e","K2-285","Transit",2018,10.70000000,1.95000000,14.76289000000,0.1804100000,0.000000,500.90,4975.00,0.787000,0.830000,1,4
"K2-285 d","K2-285","Transit",2018,6.50000000,2.48000000,10.45582000000,0.1178000000,0.000000,619.90,4975.00,0.787000,0.830000,1,4
"HD 31527 b","HD 31527","Radial Velocity",2019,10.47000000,3.22000000,16.55350000000,0.1254000000,0.100000,832.20,5898.00,1.073694,0.960000,1,3
"HD 31527 d","HD 31527","Radial Velocity",2019,11.82000000,3.46000000,271.67370000000,0.8098000000,0.240000,327.48,5898.00,1.073694,0.960000,1,3
"HD 21749 c","GJ 143","Transit",2019,3.70000000,0.89200000,7.78993000000,0.0695000000,,701.00,4640.00,0.695000,0.730000,1,2
"HD 114729 b","HD 114729","Radial Velocity",2002,262.20975000,13.90000000,1121.79000000000,2.0670000000,0.079000,237.89,5844.00,1.473000,0.936000,2,1
"K2-286 b","K2-286","Transit",2018,5.06000000,2.10000000,27.35900000000,0.1768000000,,347.00,3926.00,0.620000,0.640000,1,1
"Qatar-9 b","Qatar-9","Transit",2019,378.21770000,11.30988100,1.54073100000,0.0234000000,0.000000,1134.00,4309.00,0.696000,0.719000,1,1
"NGTS-5 b","NGTS-5","Transit",2019,72.78307000,12.73342400,3.35698660000,0.0382000000,0.000000,952.00,4987.00,0.739000,0.661000,1,1
"HD 126525 b","HD 126525","Radial Velocity",2018,75.32571000,10.30000000,960.41000000000,1.8370000000,0.035000,198.47,5638.00,0.979000,0.897000,1,1
"HD 117207 b","HD 117207","Radial Velocity",2004,669.34662514,13.40000000,2621.75000000000,3.7870000000,0.157000,147.20,5732.00,1.074000,1.053000,1,1
"HD 143361 b","HD 143361","Radial Velocity",2008,1382.55357045,12.90000000,1039.15000000000,1.9880000000,0.197000,180.26,5507.00,0.916000,0.968000,1,1
"K2-288 B b","K2-288 B","Transit",2018,4.27000000,1.90000000,31.39346300000,0.1640000000,,226.36,3341.00,0.320000,0.330000,2,1
"HATS-60 b","HATS-60","Transit",2018,210.40346000,12.92397700,3.56082900000,0.0470800000,0.191000,1528.00,5688.00,1.460000,1.097000,1,1
"HD 20781 e","HD 20781","Radial Velocity",2019,14.03000000,3.83000000,85.50730000000,0.3374000000,0.060000,398.38,5256.00,0.833609,0.700000,2,5
"HD 45184 c","HD 45184","Radial Velocity",2019,8.81000000,2.91000000,13.13540000000,0.1100000000,0.070000,884.78,5869.00,1.075139,1.030000,1,2
"HD 152079 b","HD 152079","Radial Velocity",2009,845.74563000,13.20000000,2918.92000000000,4.1870000000,0.532000,147.84,5907.00,1.128000,1.147000,1,1
"HATS-62 b","HATS-62","Transit",2018,56.89157000,11.82549500,3.27688370000,0.0416300000,0.298000,1237.00,5416.00,0.933000,0.896000,1,1
"HATS-63 b","HATS-63","Transit",2018,305.11680000,13.52926300,3.05665270000,0.0402600000,0.136000,1398.30,5627.00,1.070000,0.931000,1,1
"HATS-70 b","HATS-70","Transit",2019,4100.00700000,15.51325600,1.88823780000,0.0363200000,0.180000,2730.00,7930.00,1.881000,1.780000,1,1
"K2-264 b","K2-264","Transit",2018,5.61000000,2.23100000,5.84000200000,0.0502300000,0.500000,496.00,3660.00,0.473000,0.496000,1,2
"KMT-2016-BLG-1107L b","KMT-2016-BLG-1107L","Microlensing",2019,1043.00000000,13.10000000,,0.3420000000,,,,,0.087000,1,1
"HD 103949 b","HD 103949","Radial Velocity",2019,11.20000000,3.35000000,120.87800000000,0.4390000000,0.190000,302.65,4792.00,0.753113,0.770000,1,1
"HIP 35173 b","HIP 35173","Radial Velocity",2019,12.70000000,3.61000000,41.51600000000,0.2170000000,0.160000,444.34,4881.00,0.773404,0.790000,1,1
"HD 23127 b","HD 23127","Radial Velocity",2006,485.32641000,13.50000000,1211.17000000000,2.3700000000,0.406000,223.40,5843.00,1.490000,1.208000,1,1
"HD 25171 b","HD 25171","Radial Velocity",2010,290.81445000,13.90000000,1802.29000000000,2.9710000000,0.042000,190.04,6125.00,1.230000,1.076000,2,1
"HATS-65 b","HATS-65","Transit",2018,260.93843000,16.82470900,3.10516100000,0.0449700000,0.062000,1634.00,6277.00,1.310000,1.257000,2,1
"HATS-66 b","HATS-66","Transit",2018,1694.03390000,15.81589900,3.14143910000,0.0471400000,0.064000,1998.00,6626.00,1.841000,1.411000,1,1
"HD 1397 b","HD 1397","Transit",2018,131.89945000,11.50043400,11.53533000000,0.1097000000,0.251000,1228.30,5521.00,2.336000,1.324000,1,1
"HD 64114 b","HD 64114","Radial Velocity",2019,17.80000000,4.41000000,45.79100000000,0.2460000000,0.120000,518.51,5676.00,0.882858,0.950000,1,1
"HD 206255 b","HD 206255","Radial Velocity",2019,34.20000000,6.47000000,96.04500000000,0.4610000000,0.230000,596.48,5635.00,2.221489,1.420000,1,1
"HD 38801 b","HD 38801","Radial Velocity",2009,3082.31534000,12.50000000,685.25000000000,1.6230000000,0.017000,287.80,5338.00,2.029000,1.207000,1,1
"HATS-67 b","HATS-67","Transit",2018,460.85350000,18.88716500,1.60917880000,0.0303200000,0.057000,2193.00,6594.00,1.441000,1.435000,1,1
"HATS-68 b","HATS-68","Transit",2018,410.00070000,13.80948800,3.58622020000,0.0507100000,0.036000,1741.00,6147.00,1.748000,1.351000,1,1
"Gl 378 b","Gl 378","Radial Velocity",2019,13.02000000,3.66000000,3.82200000000,0.0394350000,0.109000,830.00,3879.00,0.560000,0.560000,1,1
"WASP-190 b","WASP-190","Transit",2019,317.83000000,12.89035000,5.36775300000,0.0663000000,0.000000,1500.00,6400.00,1.600000,1.350000,1,1
"Kepler-1610 c","Kepler-1610","Transit",2023,5.02000000,2.09000000,44.98518850000,0.2323000000,0.000000,433.00,5295.00,0.800000,0.825000,1,2
"XO-7 b","XO-7","Transit",2019,225.34147000,15.38995700,2.86414240000,0.0442100000,0.038000,1743.00,6250.00,1.480000,1.405000,1,1
"HATS-55 b","HATS-55","Transit",2019,292.72143000,14.02245900,4.20420010000,0.0541200000,0.092000,1367.00,6214.00,1.126000,1.195500,1,1
"Kepler-1996 c","Kepler-1996","Transit",2023,8.30000000,2.81000000,92.72972480000,0.3608000000,0.000000,276.00,4580.00,0.675000,0.748000,1,2
"Kepler-1988 b","Kepler-1988","Transit",2023,2.96000000,1.53000000,11.49500229000,0.1038000000,0.000000,1105.00,6033.00,1.788000,1.127000,1,1
"TOI-813 b","TOI-813","Transit",2020,36.40000000,6.71000000,83.89110000000,0.4230000000,0.000000,610.00,5907.00,1.940000,1.320000,1,1
"GJ 433 b","GJ 433","Radial Velocity",2013,6.04300000,2.33000000,7.37050000000,0.0620000000,0.040000,473.94,3461.00,0.500000,0.480000,1,3
"HATS-58 A b","HATS-58 A","Transit",2019,327.36490000,12.27385500,4.21808960000,0.0579800000,0.168000,1721.00,7175.00,1.433000,1.461000,2,1
"HR 5183 b","HR 5183","Radial Velocity",2019,1052.01202717,13.10000000,27000.00000000000,18.0000000000,0.840000,171.00,5794.00,1.530000,1.070000,2,1
"Kepler-1991 b","Kepler-1991","Transit",2023,2.76000000,1.47000000,13.26079792000,0.1065000000,0.000000,760.00,5478.00,1.053000,0.914000,1,2
"Kepler-1471 c","Kepler-1471","Transit",2023,4.19000000,1.88000000,11.60448810000,0.0981000000,0.000000,841.00,5533.00,1.166000,0.934000,1,2
"GJ 180 b","GJ 180","Radial Velocity",2014,6.49000000,2.43000000,17.13300000000,0.0920000000,0.070000,344.43,3371.00,0.413049,0.430000,1,3
"WASP-169 b","WASP-169","Transit",2019,178.30263000,14.61653600,5.61141180000,0.0681000000,0.000000,1604.00,6110.00,2.011000,1.337000,1,1
"Kepler-1998 b","Kepler-1998","Transit",2023,0.15600000,0.60000000,3.03267135000,0.0405000000,0.000000,1187.00,5640.00,0.921000,0.962000,1,1
"Kepler-164 e","Kepler-164","Transit",2023,16.70000000,4.24000000,94.88690200000,0.4025000000,0.000000,429.00,5888.00,1.097000,0.966000,1,4
"Kepler-1994 b","Kepler-1994","Transit",2023,0.08700000,0.51000000,4.61225043000,0.0530000000,0.000000,1032.00,5495.00,0.961000,0.932000,1,1
"Kepler-1984 b","Kepler-1984","Transit",2023,37.30000000,6.81000000,1.99281233900,0.0238000000,0.000000,675.00,3638.00,0.420000,0.450000,1,1
"GJ 433 d","GJ 433","Radial Velocity",2020,5.22300000,2.14000000,36.05900000000,0.1780000000,0.070000,279.71,3461.00,0.500000,0.480000,1,3
"GJ 3082 b","GJ 3082","Radial Velocity",2020,8.20000000,2.79000000,11.94900000000,0.0790000000,0.220000,457.53,3910.00,0.465216,0.470000,1,1
"WASP-175 b","WASP-175","Transit",2019,314.65170000,13.54047200,3.06529070000,0.0440300000,0.000000,1571.00,6229.00,1.204000,1.212000,1,1
"Kepler-619 d","Kepler-619","Transit",2023,16.20000000,4.17000000,11.67894236000,0.1021000000,0.000000,830.00,6122.00,0.964000,1.041000,1,3
"Kepler-1126 c","Kepler-1126","Transit",2023,2.70000000,1.45000000,199.66876000000,0.6193000000,0.000000,305.00,5678.00,0.921000,0.794000,1,2
"EPIC 249893012 b","EPIC 249893012","Transit",2020,8.75000000,1.95000000,3.59510000000,0.0470000000,0.060000,1616.00,5430.00,1.710000,1.050000,1,3
"Kepler-1661 b","Kepler-1661","Transit",2020,17.00000000,3.87000000,175.06000000000,0.6330000000,0.057000,243.00,5100.00,0.762000,0.841000,2,1
"OGLE-2016-BLG-1067L b","OGLE-2016-BLG-1067L","Microlensing",2019,140.00000000,14.30000000,,1.7000000000,,,,,0.300000,1,1
"Kepler-1987 c","Kepler-1987","Transit",2023,2.33000000,1.33000000,3.64830183000,0.0427000000,0.000000,860.00,4769.00,0.714000,0.799000,1,4
"Kepler-1985 b","Kepler-1985","Transit",2023,5.77000000,2.27000000,3.42064689000,0.0426000000,0.000000,1129.00,5370.00,0.966000,0.877000,1,1
"Kepler-1987 b","Kepler-1987","Transit",2023,2.04000000,1.23000000,2.34586300200,0.0318000000,0.000000,997.00,4769.00,0.714000,0.799000,1,4
"Kepler-1801 c","Kepler-1801","Transit",2023,8.80000000,2.91000000,116.58318300000,0.4572000000,0.000000,371.00,5738.00,0.981000,0.936000,1,2
"EPIC 249893012 c","EPIC 249893012","Transit",2020,14.67000000,3.67000000,15.62400000000,0.1300000000,0.070000,990.00,5430.00,1.710000,1.050000,1,3
"EPIC 249893012 d","EPIC 249893012","Transit",2020,10.18000000,3.94000000,35.74700000000,0.2200000000,0.150000,752.00,5430.00,1.710000,1.050000,1,3
"WASP-180 A b","WASP-180 A","Transit",2019,286.04700000,13.89916000,3.40926400000,0.0480000000,0.000000,1540.00,6600.00,1.190000,1.300000,2,1
"WASP-2 b","WASP-2","Transit",2007,295.89973000,12.11692900,2.15217500000,0.0314400000,0.005400,1311.00,5180.00,0.866000,0.895000,2,1
"Kepler-949 c","Kepler-949","Transit",2023,9.11000000,2.97000000,20.99757968000,0.1394000000,0.000000,582.00,5211.00,0.895000,0.817000,1,2
"Kepler-311 d","Kepler-311","Transit",2023,4.86000000,2.05000000,232.04032600000,0.7326000000,0.000000,327.00,5903.00,1.156000,0.974000,1,3
"WASP-44 b","WASP-44","Transit",2011,276.51210000,12.32990000,2.42380400000,0.0345300000,0.000000,1337.00,5420.00,0.906000,0.935000,1,1
"WASP-45 b","WASP-45","Transit",2011,306.38812000,10.60371400,3.12608900000,0.0396300000,0.000000,1153.00,5150.00,0.855000,0.850000,2,1
"Kepler-1834 c","Kepler-1834","Transit",2023,1.98000000,1.22000000,0.76669151700,0.0150000000,0.000000,1541.00,4821.00,0.788000,0.765000,1,2
"HATS-47 b","HATS-47","Transit",2020,117.27927000,12.52045300,3.92280380000,0.0426900000,0.088000,852.90,4512.00,0.656400,0.674000,1,1
"GJ 15 A c","GJ 15 A","Radial Velocity",2018,36.00000000,6.67000000,7600.00000000000,5.4000000000,0.270000,46.14,3607.00,0.380000,0.380000,2,2
"Kepler-763 c","Kepler-763","Transit",2023,2.60000000,1.42000000,4.09667624000,0.0466000000,0.000000,938.00,4999.00,0.843000,0.800000,1,3
"Kepler-347 d","Kepler-347","Transit",2023,9.48000000,3.04000000,85.51734400000,0.3802000000,0.000000,482.00,5592.00,1.451000,1.000000,1,3
"EPIC 248847494 b","EPIC 248847494","Transit",2018,4131.79000000,12.44199000,3650.00000000000,4.5000000000,0.000000,183.00,4898.00,2.700000,0.900000,1,1
"WASP-184 b","WASP-184","Transit",2019,181.16310000,14.90797000,5.18170000000,0.0627000000,0.000000,1480.00,6000.00,1.650000,1.230000,1,1
"WASP-185 b","WASP-185","Transit",2019,311.47340000,14.01125000,9.38755000000,0.0904000000,0.240000,1160.00,5900.00,1.500000,1.120000,1,1
"Kepler-290 d","Kepler-290","Transit",2023,0.56600000,0.86000000,0.76401755300,0.0154000000,0.000000,1589.00,5142.00,0.755000,0.840000,1,3
"Kepler-549 d","Kepler-549","Transit",2023,16.40000000,4.20000000,24.61480613000,0.1575000000,0.000000,586.00,5312.00,0.986000,0.859000,1,3
"KMT-2017-BLG-0165L b","KMT-2017-BLG-0165L","Microlensing",2018,34.00000000,6.45000000,,3.4500000000,,,,,0.760000,1,1
"Kepler-865 c","Kepler-865","Transit",2023,0.64000000,0.89000000,6.20920207000,0.0610000000,0.000000,914.00,5440.00,0.885000,0.782000,1,2
"TOI-150.01","TOI-150","Transit",2019,797.75330000,14.06729500,5.85748700000,0.0703700000,0.262000,1404.50,6255.00,1.526000,1.351000,1,1
"GJ 682 c","GJ 682","Radial Velocity",2014,8.70000000,2.89000000,57.32000000000,0.1760000000,0.100000,190.08,3028.00,0.298255,0.270000,1,2
"OGLE-2015-BLG-1649L b","OGLE-2015-BLG-1649L","Microlensing",2019,807.00000000,13.20000000,,2.0700000000,,,,,0.340000,1,1
"Kepler-2000 c","Kepler-2000","Transit",2023,3.09000000,1.57000000,20.61803480000,0.1228000000,0.000000,359.00,3757.00,0.576000,0.581000,1,2
"Kepler-448 c","KOI-12","Transit Timing Variations",2017,6992.26000000,12.00000000,2500.00000000000,4.2000000000,0.650000,184.72,6635.00,1.400000,1.500000,1,2
"MOA-bin-29 b","MOA-bin-29","Microlensing",2019,190.00000000,14.10000000,,0.4800000000,,,,,0.030000,1,1
"TOI-4562 c","TOI-4562","Transit Timing Variations",2024,1833.86990839,12.80000000,3990.00000000000,5.2190000000,0.122000,138.11,6096.00,1.152000,1.192000,1,2
"HD 50554 d","HD 50554","Transit",2026,10.40000000,1.41000000,28.06940000000,0.1831000000,0.000000,651.11,5968.00,1.146000,1.040000,1,3
"HD 97048 b","HD 97048","Disk Kinematics",2019,794.57500000,13.30000000,,130.0000000000,,63.44,10000.00,2.250000,2.400000,1,1
"7 CMa b","7 CMa","Radial Velocity",2011,587.98550000,13.40000000,735.10000000000,1.7580000000,0.060000,387.33,4826.00,4.870000,1.340000,1,2
"Kepler-1983 b","Kepler-1983","Transit",2023,6.04000000,2.33000000,7.32851947000,0.0689000000,0.000000,807.00,5135.00,0.874000,0.812000,1,1
"NGTS-8 b","NGTS-8","Transit",2019,295.58190000,12.21781000,2.49970000000,0.0350000000,0.010000,1345.00,5241.00,0.980000,0.890000,1,1
"EPIC 205950854 c","K2-168","Transit",2019,2.27000000,1.31000000,8.05072200000,,,960.60,5502.70,0.830000,0.877000,1,2
"7 CMa c","7 CMa","Radial Velocity",2019,276.51210000,13.90000000,996.00000000000,2.1530000000,0.080000,350.00,4826.00,4.870000,1.340000,1,2
"Kepler-1990 c","Kepler-1990","Transit",2023,0.90400000,0.98000000,4.06844957000,0.0504000000,0.000000,1170.00,5751.00,1.071000,1.028000,1,2
"HD 220197 b","HD 220197","Radial Velocity",2018,63.56600000,9.32000000,1728.00000000000,2.7290000000,0.187000,164.22,5683.00,0.980000,0.910000,1,1
"K2-43 c","K2-43","Transit",2019,6.44000000,2.42000000,2.19888400000,,,1093.70,3840.60,0.542000,0.571000,1,2
"Kepler-763 d","Kepler-763","Transit",2023,3.43000000,1.67000000,6.50327035000,0.0634000000,0.000000,804.00,4999.00,0.843000,0.800000,1,3
"Kepler-1162 c","Kepler-1162","Transit",2023,3.93000000,1.81000000,59.28406400000,0.2832000000,0.000000,401.00,5225.00,0.859000,0.861000,1,2
"HD 213885 b","HD 213885","Transit",2019,8.83000000,1.74500000,1.00803500000,0.0201200000,0.000000,2128.00,5978.00,1.101100,1.068000,1,2
"Kepler-896 c","Kepler-896","Transit",2023,10.10000000,3.15000000,29.54225660000,0.1792000000,0.000000,515.00,5510.00,0.803000,0.877000,1,2
"Kepler-1982 b","Kepler-1982","Transit",2023,0.38100000,0.77000000,3.82315697000,0.0511000000,0.000000,1282.00,6202.00,1.122000,1.213000,1,1
"HD 213885 c","HD 213885","Radial Velocity",2019,19.95000000,4.71000000,4.78503000000,0.0567980000,0.000000,1265.40,5978.00,1.101100,1.068000,1,2
"HAT-P-69 b","HAT-P-69","Transit",2019,1137.83140000,18.78628400,4.78694910000,0.0655500000,0.000000,1930.00,7394.00,1.926000,1.648000,1,1
"Kepler-2000 b","Kepler-2000","Transit",2023,7.90000000,2.73000000,6.38315913500,0.0562000000,0.000000,530.00,3757.00,0.576000,0.581000,1,2
"TOI-763 c","TOI-763","Transit",2020,9.32000000,2.63000000,12.27370000000,0.1011000000,0.040000,800.00,5450.00,0.897000,0.917000,1,2
"TOI-905 b","TOI-905","Transit",2020,211.99261000,13.12573900,3.73949400000,0.0466600000,0.024000,1192.00,5570.00,0.918000,0.968000,1,1
"TOI-564 b","TOI-564","Transit",2020,464.98529000,11.43318000,1.65114400000,0.0273400000,0.072000,1714.00,5640.00,1.088000,0.998000,1,1
"Kepler-29 b","Kepler-29","Transit",2011,5.00000000,2.55000000,10.33974000000,0.0848200000,0.000000,777.00,5378.00,0.732000,0.761000,1,2
"Kepler-1674 b","Kepler-1674","Transit",2020,10.40000000,3.20577490,62.56110000000,0.3017000000,0.000000,417.00,5473.91,0.877273,0.960000,1,1
"Kepler-1675 b","Kepler-1675","Transit",2020,9.93000000,3.12483349,63.03820000000,0.3218500000,0.000000,465.00,5853.19,1.128650,1.060000,1,1
"HD 108236 b","HD 108236","Transit",2020,3.24000000,1.61500000,3.79596300000,0.0452700000,0.045000,1099.00,5660.00,0.877000,0.869000,1,5
"HD 164922 c","HD 164922","Radial Velocity",2016,13.00000000,3.66000000,75.74000000000,0.3410000000,0.120000,400.50,5390.00,0.946000,0.926000,1,4
"KMT-2019-BLG-0842L b","KMT-2019-BLG-0842L","Microlensing",2020,10.28000000,3.19000000,,3.3100000000,,,,,0.760000,1,1
"HD 108236 e","HD 108236","Transit",2020,9.71000000,3.08300000,19.59002500000,0.1367000000,0.058000,636.00,5660.00,0.877000,0.869000,1,5
"WASP-150 b","WASP-150","Transit",2020,2688.84180000,11.99363000,5.64420700000,0.0694000000,0.377500,1460.00,6218.00,1.651000,1.394000,1,1
"NGTS-13 b","NGTS-13","Transit",2021,1538.29720000,12.80067800,4.11902700000,0.0549000000,0.086000,1605.00,5819.00,1.788000,1.300000,1,1
"MOA-2009-BLG-319L b","MOA-2009-BLG-319L","Microlensing",2010,67.30000000,9.64000000,,2.0300000000,,,,,0.524000,1,1
"Kepler-1685 b","Kepler-1685","Transit",2020,7.16000000,2.57673985,20.49050000000,0.1485000000,0.000000,625.00,5484.00,0.835451,0.960000,1,1
"Kepler-1686 b","Kepler-1686","Transit",2020,2.62000000,1.42553017,9.30987000000,0.0882700000,0.000000,913.00,5714.96,1.199510,1.020000,1,1
"KMT-2016-BLG-2397L b","KMT-2016-BLG-2397L","Microlensing",2020,836.00000000,13.20000000,,3.6400000000,,,,,0.640000,1,1
"OGLE-2017-BLG-0604L b","OGLE-2017-BLG-0604L","Microlensing",2020,160.00000000,14.20000000,,4.0600000000,,,,,0.700000,1,1
"OGLE-2017-BLG-1375L b","OGLE-2017-BLG-1375L","Microlensing",2020,3585.00000000,12.40000000,,3.0400000000,,,,,0.810000,1,1
"NGTS-14 A b","NGTS-14 A","Transit",2021,29.24036000,4.97679600,3.53571730000,0.0403000000,0.000000,1143.00,5187.00,0.842000,0.898000,2,1
"HD 13808 b","HD 13808","Radial Velocity",2021,11.20000000,3.35000000,14.18150000000,0.1051900000,0.071000,661.56,5035.00,0.781000,0.771000,1,2
"OGLE-2015-BLG-1771L b","OGLE-2015-BLG-1771L","Microlensing",2020,138.00000000,14.30000000,,0.8500000000,,,,,0.077000,1,1
"OGLE-2018-BLG-1700L b","OGLE-2018-BLG-1700L","Microlensing",2020,1400.00000000,12.90000000,,2.8000000000,,,,,0.420000,2,1
"Kepler-1687 b","Kepler-1687","Transit",2020,3.38000000,1.65623882,5.77954000000,0.0532000000,0.000000,598.00,4132.00,0.726119,0.650000,1,1
"Kepler-1689 b","Kepler-1689","Transit",2020,0.79900000,0.94678642,8.48300000000,0.0784000000,0.000000,879.00,5731.43,0.996208,1.023000,1,1
"Kepler-462 b","Kepler-462","Transit",2016,53.90000000,3.00000000,84.68660000000,0.4172000000,0.042000,611.00,7500.00,1.570000,1.590000,1,2
"HD 4760 b","HD 4760","Radial Velocity",2021,4417.83700000,12.30000000,434.00000000000,1.1400000000,0.230000,1198.67,4076.00,42.400000,1.050000,1,1
"HD 110113 c","HD 110113","Radial Velocity",2021,10.50000000,2.11384817,6.74400000000,0.0680000000,0.045000,990.00,5732.00,0.968000,0.997000,1,2
"HD 96992 b","HD 96992","Radial Velocity",2021,362.32620000,13.70000000,514.00000000000,1.2400000000,0.410000,557.72,4725.00,7.430000,0.960000,1,1
"KMT-2018-BLG-1292L b","KMT-2018-BLG-1292L","Microlensing",2020,1400.00000000,12.90000000,,6.0300000000,,,,,1.090000,1,1
"OGLE-2012-BLG-0838L b","OGLE-2012-BLG-0838L","Microlensing",2020,53.10000000,8.39000000,,4.4300000000,,,,,0.400000,1,1
"Kepler-1691 b","Kepler-1691","Transit",2020,4.02000000,1.83470985,3.84820000000,0.0495000000,0.000000,1283.00,6000.00,1.131520,1.110000,1,1
"Kepler-1692 b","Kepler-1692","Transit",2020,1.42000000,1.11177184,5.95966000000,0.0646000000,0.000000,897.00,5146.00,0.866139,0.870000,1,1
"EPIC 201170410.02","EPIC 201170410","Transit",2020,1.15000000,1.04700000,6.79870000000,0.0349000000,0.000000,500.03,3648.00,0.282000,0.287000,1,1
"Kepler-160 c","Kepler-160","Transit",2014,13.60000000,3.76000000,13.69942900000,0.1192000000,0.000000,771.00,5471.00,1.118000,1.003000,1,3
"Kepler-1694 b","Kepler-1694","Transit",2020,1.76000000,1.17986031,3.89526000000,0.0449000000,0.000000,956.00,4954.00,0.756284,0.820000,1,1
"Kepler-716 c","Kepler-716","Transit",2020,2.52000000,1.39281536,3.96999000000,0.0454800000,0.000000,992.00,5012.00,0.742183,0.830000,1,2
"EPIC 201757695.02","EPIC 201757695","Transit",2020,0.68800000,0.90819000,2.04780000000,0.0296000000,0.000000,1025.29,4520.00,0.655000,0.727000,1,1
"HD 110082 b","HD 110082","Transit",2021,10.30000000,3.20000000,10.18271000000,0.1130000000,0.200000,957.20,6200.00,1.190000,1.210000,2,1
"Kepler-1664 b","Kepler-1664","Transit",2020,9.45000000,3.03320653,14.38680000000,0.1137000000,0.000000,776.00,5735.81,1.072000,0.944000,1,1
"Kepler-1001 c","Kepler-1001","Transit",2020,3.11000000,1.57799279,9.18186000000,0.0829600000,0.000000,804.00,5376.00,0.836475,0.930000,1,2
"TOI-954 b","TOI-954","Transit",2020,55.30242000,9.55006800,3.68497290000,0.0496300000,0.140000,1526.00,5710.00,1.892000,1.201000,1,1
"K2-329 b","K2-329","Transit",2020,82.63580000,8.67576600,12.45512250000,0.1016000000,0.069700,650.00,5282.00,0.822000,0.901000,1,1
"HATS-49 b","HATS-49","Transit",2020,112.19399000,8.57488500,4.14804670000,0.0451500000,0.071000,834.80,4405.00,0.697700,0.713300,1,1
"TYC 8998-760-1 c","TYC 8998-760-1","Imaging",2020,1906.98000000,12.32990000,,320.0000000000,,1240.00,4573.00,1.020000,1.000000,1,2
"Wendelstein-1 b","Wendelstein-1","Transit",2020,188.15536000,11.56096260,2.66341600000,0.0282000000,0.012000,2198.00,4251.00,0.610000,0.650000,1,1
"MOA-2013-BLG-220L b","MOA-2013-BLG-220L","Microlensing",2014,871.00000000,13.20000000,,3.0300000000,,,,,0.880000,1,1
"KMT-2016-BLG-1836L b","KMT-2016-BLG-1836L","Microlensing",2019,700.00000000,13.30000000,,3.5000000000,,,,,0.490000,1,1
"OGLE-2013-BLG-0911L b","OGLE-2013-BLG-0911L","Microlensing",2019,3020.00000000,12.50000000,,0.3900000000,,,,,0.290000,1,1
"BD-11 4672 c","BD-11 4672","Radial Velocity",2020,15.37000000,4.04000000,74.20000000000,0.3000000000,0.400000,320.21,4550.00,0.639000,0.651000,1,2
"BD-11 4672 b","BD-11 4672","Radial Velocity",2014,206.58950000,14.10000000,1634.00000000000,2.3600000000,0.050000,114.17,4550.00,0.639000,0.651000,1,2
"HIP 65 A b","HIP 65 A","Transit",2020,1021.18779000,22.75427000,0.98097340000,0.0178200000,0.000000,1411.00,4590.00,0.724200,0.781000,2,1
"TOI-481 b","TOI-481","Transit",2020,486.27990000,11.09691000,10.33111000000,0.0970000000,0.153000,1370.00,5735.00,1.660000,1.140000,1,1
"TIC 237913194 b","TIC 237913194","Transit",2020,617.22586000,12.52045300,15.16886500000,0.1207000000,0.575000,974.00,5788.00,1.088000,1.026000,1,1
"OGLE-2016-BLG-1227L b","OGLE-2016-BLG-1227L","Microlensing",2020,250.00000000,13.90000000,,3.4000000000,,,,,0.100000,1,1
"TOI-157 b","TOI-157","Transit",2020,375.03940000,14.41477400,2.08454350000,0.0313800000,0.000000,1588.00,5404.00,1.167000,0.948000,1,1
"TOI-169 b","TOI-169","Transit",2020,251.40353000,12.17297400,2.25544770000,0.0352400000,0.000000,1715.00,5880.00,1.288000,1.147000,1,1
"Kepler-1700 b","Kepler-1700","Transit",2020,8.76000000,2.90129941,234.23900000000,0.7609400000,0.000000,329.00,6031.00,1.093700,1.120000,1,1
"Kepler-1666 b","Kepler-1666","Transit",2020,8.66000000,2.88273782,25.84760000000,0.1761000000,0.000000,672.00,6293.00,1.145860,1.230000,1,2
"Gl 686 b","Gl 686","Radial Velocity",2018,6.62400000,2.46000000,15.53000000000,0.0910000000,0.050000,379.00,3656.00,0.427000,0.426000,1,1
"HD 180617 b","HD 180617","Radial Velocity",2018,12.21400000,3.53000000,105.91100000000,0.3430000000,0.101000,201.80,3534.00,0.481000,0.484000,2,1
"HD 158259 e","HD 158259","Radial Velocity",2020,6.08000000,2.34000000,7.95100000000,,,,5801.89,1.210000,1.080000,1,5
"HD 158259 c","HD 158259","Radial Velocity",2020,5.60000000,2.23000000,3.43200000000,,,,5801.89,1.210000,1.080000,1,5
"HATS-37 A b","HATS-37 A","Transit",2020,31.46517000,6.79265400,4.33153660000,0.0491300000,0.000000,1085.00,5326.00,0.877000,0.843000,2,1
"GJ 687 b","GJ 687","Radial Velocity",2014,17.20000000,4.32000000,38.14200000000,0.1630000000,0.170000,263.65,3413.00,0.418300,0.400000,1,2
"GJ 2056 b","GJ 2056","Radial Velocity",2020,16.20000000,4.17000000,69.97100000000,0.2830000000,0.720000,310.74,4069.95,0.709495,0.620000,1,1
"TOI-237 b","TOI-237","Transit",2020,2.67000000,1.44000000,5.43609800000,0.0341000000,0.000000,388.00,3212.00,0.211000,0.179000,1,2
"HD 216520 c","HD 216520","Radial Velocity",2020,9.44000000,3.03000000,154.43000000000,0.5280000000,0.120000,295.22,5103.00,0.760000,0.820000,1,2
"CoRoT-30 b","CoRoT-30","Transit",2020,921.70700000,11.30988100,9.06005000000,0.0844000000,0.007000,894.60,5650.00,0.910000,0.980000,1,1
"CoRoT-31 b","CoRoT-31","Transit",2020,266.97720000,16.36514000,4.62941000000,0.0586000000,0.020000,1664.86,5700.00,2.150000,1.250000,1,1
"HIP 38594 b","HIP 38594","Radial Velocity",2020,8.10000000,2.77000000,60.72200000000,0.2560000000,0.170000,308.29,4086.30,0.626646,0.610000,2,2
"WASP-186 b","WASP-186","Transit",2020,1341.24260000,12.44199000,5.02679900000,0.0600000000,0.330000,1378.40,6361.00,1.470000,1.220000,1,1
"Kepler-29 c","Kepler-29","Transit",2011,4.50000000,2.34000000,13.28613000000,0.1002700000,0.000000,715.00,5378.00,0.732000,0.761000,1,2
"Kepler-783 c","Kepler-783","Transit",2020,6.04000000,2.33153725,7.05395000000,0.0690300000,0.000000,840.00,5411.49,0.872088,0.940000,1,2
"Kepler-1667 b","Kepler-1667","Transit",2020,9.19000000,2.98385261,83.57810000000,0.3590500000,0.000000,655.00,5941.54,1.087510,1.090000,1,1
"HIP 4845 b","HIP 4845","Radial Velocity",2020,14.40000000,3.89000000,34.15000000000,0.1760000000,0.250000,358.21,4010.00,0.603999,0.620000,1,1
"HIP 48714 b","HIP 48714","Radial Velocity",2020,22.90000000,5.11000000,17.81800000000,0.1120000000,0.500000,446.47,4015.50,0.595456,0.580000,1,1
"TOI-251 b","TOI-251","Transit",2021,317.83000000,2.74000000,4.93777000000,0.0574100000,0.000000,1041.19,5875.00,0.881000,1.036000,1,1
"HAT-P-68 b","HAT-P-68","Transit",2020,230.10892000,12.01604800,2.29840551000,0.0299600000,0.041000,1027.80,4508.00,0.670100,0.678500,1,1
"Kepler-177 b","Kepler-177","Transit",2013,5.84000000,3.50000000,36.86010000000,0.2110100000,0.000000,549.00,5732.00,1.324000,0.921000,1,2
"Kepler-36 b","Kepler-36","Transit",2012,3.83000000,1.49800000,13.86825000000,0.1141900000,0.000000,978.00,5979.00,1.634000,1.034000,1,2
"KOI-1783.01","KOI-1783","Transit",2020,71.00000000,8.86000000,134.46280000000,0.5266100000,0.000000,412.00,5922.00,1.143000,1.076000,1,2
"Kepler-1668 b","Kepler-1668","Transit",2020,17.40000000,4.34764405,15.43400000000,0.1240000000,0.000000,721.00,5542.00,1.017380,0.980000,1,1
"Kepler-598 c","Kepler-598","Transit",2020,9.40000000,3.02420941,86.49450000000,0.3667200000,0.000000,367.00,5245.00,0.900316,0.900000,1,2
"KMT-2019-BLG-1953L b","KMT-2019-BLG-1953L","Microlensing",2020,200.00000000,14.10000000,,,,,,,0.310000,1,1
"Kepler-1514 c","Kepler-1514","Transit",2020,1.74000000,1.17582410,10.51418100000,0.0997000000,0.320000,1066.00,6145.00,1.289000,1.196000,1,2
"KOI-1783.02","KOI-1783","Transit",2020,15.00000000,5.44000000,284.21500000000,0.8669500000,0.000000,321.00,5922.00,1.143000,1.076000,1,2
"HD 156668 c","HD 156668","Radial Velocity",2021,31.49679513,6.17000000,811.30000000000,1.5700000000,0.089000,166.08,4903.69,0.774528,0.785167,1,2
"HD 211403 b","HD 211403","Radial Velocity",2021,1760.76937478,12.80000000,223.80000000000,0.7680000000,0.084000,380.00,6273.00,1.206000,1.200000,1,1
"K2-344 b","K2-344","Transit",2021,3.15000000,1.59000000,3.35585000000,,,722.00,4374.00,0.490000,0.510000,1,1
"HD 24040 c","HD 24040","Radial Velocity",2021,63.88350981,9.35000000,515.40000000000,1.3000000000,0.110000,287.75,5776.49,1.387296,1.103940,1,2
"HD 3765 b","HD 3765","Radial Velocity",2021,54.98431441,8.56000000,1211.00000000000,2.1080000000,0.298000,152.85,5049.80,0.830610,0.851785,1,1
"HD 213472 b","HD 213472","Radial Velocity",2021,1112.39942450,13.10000000,17000.00000000000,13.0000000000,0.530000,91.76,5729.54,1.433902,1.048132,1,1
"K2-348 c","K2-348","Transit",2021,7.61000000,2.67000000,12.55017100000,,,655.00,5077.00,0.850000,0.830000,1,2
"CD Cet b","CD Cet","Radial Velocity",2020,3.95000000,1.82000000,2.29070000000,0.0185000000,,464.00,3130.00,0.175000,0.161000,1,1
"G 264-012 b","G 264-012","Radial Velocity",2021,2.50000000,1.39000000,2.30538000000,0.0227900000,,587.00,3326.00,0.305000,0.297000,1,2
"K2-352 d","K2-352","Transit",2021,5.60000000,2.23000000,14.87138700000,,,727.00,5791.00,0.950000,0.980000,1,3
"K2-339 b","K2-339","Transit",2021,4.35000000,1.92000000,19.50742800000,,,508.00,4857.00,0.720000,0.740000,1,1
"K2-282 b","K2-282","Transit",2018,6.80000000,2.50000000,4.16978300000,0.0499000000,,1057.00,5499.00,1.000000,0.940000,1,2
"K2-156 b","K2-156","Transit",2018,1.37000000,1.10000000,0.81314300000,0.0149000000,,1347.00,4460.00,0.620000,0.660000,1,1
"TOI-257 b","TOI-257","Transit",2021,43.86032017,7.16253867,18.38818000000,0.1528000000,0.000000,1027.00,6095.00,1.867000,1.407000,1,1
"HAT-P-58 b","HAT-P-58","Transit",2021,118.23216740,14.93036229,4.01383790000,0.0499400000,0.073000,1622.00,6078.00,1.530000,1.031000,1,1
"HAT-P-59 b","HAT-P-59","Transit",2021,489.45574678,12.58768533,4.14197710000,0.0506400000,0.030000,1277.80,5678.00,1.103800,1.008000,1,1
"K2-268 d","K2-268","Transit",2021,2.83000000,1.49000000,4.52859800000,,,888.00,5106.00,0.780000,0.840000,1,5
"TOI-269 b","TOI-269","Transit",2021,8.80000000,2.77000000,3.69771040000,0.0345000000,0.425000,531.00,3514.00,0.398000,0.391700,1,1
"K2-268 f","K2-268","Transit",2021,5.60000000,2.23000000,26.27057000000,,,492.00,5106.00,0.780000,0.840000,1,5
"K2-187 b","K2-187","Transit",2018,1.87000000,1.20000000,0.77401000000,0.0164000000,,1815.00,5438.00,0.830000,0.966999,1,4
"K2-210 b","K2-210","Transit",2018,0.56600000,0.86000000,0.57023000000,,,,5500.00,0.890000,0.911717,1,1
"K2-32 b","K2-32","Transit",2016,15.00000000,5.29900000,8.99200000000,0.0795000000,0.030000,837.00,5271.00,0.860000,0.830000,2,4
"K2-32 e","K2-32","Transit",2019,2.10000000,1.21200000,4.34934000000,0.0489900000,0.043000,1066.00,5271.00,0.860000,0.830000,2,4
"HAT-P-64 b","HAT-P-64","Transit",2021,184.34047606,19.08889413,4.00723200000,0.0538700000,0.101000,1766.00,6457.00,1.735000,1.298000,1,1
"Kepler-129 c","Kepler-129","Transit",2014,43.00000000,2.52000000,82.20000000000,0.3900000000,0.200000,525.00,5770.00,1.653000,1.178000,1,3
"K2-331 b","K2-331","Transit",2021,3.86000000,1.79000000,9.39897700000,,,909.00,5994.00,1.060000,1.100000,1,2
"EPIC 228836835 b","EPIC 228836835","Transit",2021,1.37000000,1.10000000,0.72811300000,,,932.00,3782.00,0.320000,0.418179,1,1
"K2-223 c","K2-223","Transit",2018,2.86000000,1.50000000,4.56254600000,0.0549000000,,1091.00,5859.00,1.000000,1.060000,1,2
"K2-32 c","K2-32","Transit",2016,8.10000000,3.13400000,20.66093000000,0.1384300000,0.049000,634.00,5271.00,0.860000,0.830000,2,4
"K2-32 d","K2-32","Transit",2016,6.70000000,3.48400000,31.71701000000,0.1842200000,0.050000,550.00,5271.00,0.860000,0.830000,2,4
"KIC 10068024 b","KIC 10068024","Orbital Brightness Modulation",2021,635.65681400,13.40000000,2.07354900000,,,,6118.40,1.574000,1.220000,1,1
"K2-350 b","K2-350","Transit",2021,2.99000000,1.54000000,4.16387300000,,,1158.00,5789.00,1.040000,0.980000,1,2
"K2-353 b","K2-353","Transit",2021,26.30000000,5.55000000,15.46680500000,,,735.00,5698.00,0.990000,0.870000,1,1
"K2-137 b","K2-137","Transit",2017,158.91500000,0.64000000,0.17971900000,0.0058000000,0.000000,1471.00,3697.00,0.290000,0.463000,1,1
"EPIC 206042996 b","EPIC 206042996","Transit",2019,3.53000000,1.70000000,5.29860000000,,,,4114.00,0.500000,0.565000,1,2
"NGTS-15 b","NGTS-15","Transit",2021,238.68913366,12.32987877,3.27623000000,0.0441000000,0.000000,1146.00,5600.00,0.954000,0.995000,1,1
"K2-354 b","K2-354","Transit",2021,3.05000000,1.56000000,3.79330600000,,,543.00,3669.00,0.410000,0.430000,1,1
"K2-330 b","K2-330","Transit",2021,8.10000000,2.77000000,13.77479800000,,,969.00,6232.00,1.500000,1.230000,1,1
"TOI-1333 b","TOI-1333","Transit",2021,753.25710000,15.64776400,4.72021900000,0.0626000000,0.073000,1679.00,6274.00,1.925000,1.464000,2,1
"HD 238090 b","HD 238090","Radial Velocity",2020,6.89000000,2.52000000,13.67100000000,0.0932000000,0.300000,469.60,3933.00,0.570000,0.578000,1,1
"NGTS-18 b","NGTS-18","Transit",2021,129.99181846,13.56286665,3.05125000000,0.0448000000,0.000000,1381.00,5610.00,1.392000,1.003000,1,1
"HD 136352 b","HD 136352","Radial Velocity",2019,4.72000000,1.66400000,11.57797000000,0.0964000000,0.000000,905.00,5664.00,1.058000,0.870000,1,3
"K2-336 b","K2-336","Transit",2021,1.98000000,1.22000000,21.19473300000,,,569.00,5424.00,0.800000,0.860000,1,1
"GJ 414 A b","GJ 414 A","Radial Velocity",2021,7.60000000,2.63000000,50.80000000000,0.2324000000,0.450000,308.60,4120.00,0.680000,0.650000,2,2
"BD+55 362 b","BD+55 362","Radial Velocity",2021,228.83645304,14.00000000,265.59000000000,0.7800000000,0.270000,259.06,5012.00,0.896193,0.909000,1,1
"HD 136352 d","HD 136352","Radial Velocity",2019,8.82000000,2.56200000,107.24500000000,0.4250000000,0.000000,431.00,5664.00,1.058000,0.870000,1,3
"K2-337 b","K2-337","Transit",2021,7.37000000,2.62000000,16.27356300000,,,850.00,5869.00,1.320000,0.940000,1,1
"K2-138 c","K2-138","Transit",2017,6.31000000,2.29900000,3.56004000000,0.0446100000,0.045000,1012.00,5356.30,0.863000,0.935000,1,6
"KOI-1831 d","Kepler-324","Transit",2018,2.23000000,1.13000000,34.16900000000,0.1992400000,0.000000,475.00,5233.00,0.835000,0.901000,1,4
"K2-340 b","K2-340","Transit",2021,11.20000000,3.36000000,29.74045100000,,,606.00,5532.00,1.130000,0.930000,1,1
"K2-138 d","K2-138","Transit",2017,7.92000000,2.39000000,5.40479000000,0.0589300000,0.043000,888.00,5356.30,0.863000,0.935000,1,6
"K2-138 e","K2-138","Transit",2017,12.97000000,3.39000000,8.26146000000,0.0782000000,0.077000,757.00,5356.30,0.863000,0.935000,1,6
"EPIC 212297394 c","EPIC 212297394","Transit",2021,5.77000000,2.27000000,5.21396500000,,,866.00,5171.00,0.800000,0.830000,1,2
"K2-138 f","K2-138","Transit",2017,1.63000000,2.90400000,12.75758000000,0.1044700000,0.062000,653.00,5356.30,0.863000,0.935000,1,6
"K2-100 b","K2-100","Transit",2016,21.80000000,3.88000000,1.67390350000,0.0301000000,0.000000,1841.00,5945.00,1.240000,1.150000,1,1
"TOI-2202 c","TOI-2202","Transit Timing Variations",2021,117.27868218,13.40000000,24.67440000000,0.1554400000,0.062200,560.61,5144.00,0.794000,0.823000,1,2
"KMT-2019-BLG-1715L b","KMT-2019-BLG-1715L","Microlensing",2021,813.64072192,13.20000000,,3.3200000000,,,,,0.610000,1,1
"K2-349 b","K2-349","Transit",2021,2.48000000,1.38000000,9.03217800000,,,518.00,4385.00,0.490000,0.540000,1,1
"K2-350 c","K2-350","Transit",2016,7.95000000,2.74000000,19.99194400000,,,687.00,5789.00,1.040000,0.980000,1,2
"K2-351 b","K2-351","Transit",2021,6.99000000,2.54000000,7.80616400000,,,934.00,5769.00,1.050000,1.020000,1,1
"GJ 740 b","GJ 740","Radial Velocity",2021,2.96000000,1.53000000,2.37756000000,0.0290000000,0.240000,829.00,3913.00,0.560000,0.580000,1,1
"HD 60292 b","HD 60292","Radial Velocity",2020,2065.89500000,12.70000000,495.40000000000,1.5000000000,0.270000,889.53,4348.00,27.000000,1.700000,1,1
"TOI-1749 b","TOI-1749","Transit",2021,57.00000000,1.39000000,2.38839000000,0.0291000000,0.140000,831.00,3985.00,0.550000,0.580000,1,3
"TOI-1749 d","TOI-1749","Transit",2021,15.00000000,2.52000000,9.04970000000,0.0707000000,0.062000,533.00,3985.00,0.550000,0.580000,1,3
"KMT-2018-BLG-1025L b","KMT-2018-BLG-1025L","Microlensing",2021,6.05900000,2.34000000,,1.3050000000,,,,,0.219000,1,1
"K2-185 b","K2-185","Transit",2018,1.60000000,1.15000000,10.61638400000,,,809.00,5788.00,0.940000,0.960000,1,2
"EPIC 212587672 c","EPIC 212587672","Transit",2021,5.99000000,2.32000000,23.22855500000,,,658.00,6004.00,0.980000,0.990000,1,2
"HD 221420 b","HD 221420","Radial Velocity",2019,7278.27052030,12.00000000,10090.00000000000,10.1500000000,0.140000,123.49,5847.00,1.947000,1.351000,1,1
"K2-185 c","K2-185","Transit",2018,6.30000000,2.39000000,52.71349400000,,,477.00,5788.00,0.940000,0.960000,1,2
"TOI-1201 b","TOI-1201","Transit",2021,6.28000000,2.41500000,2.49198630000,0.0287000000,0.000000,703.00,3476.00,0.508000,0.512000,2,1
"HD 136925 b","HD 136925","Radial Velocity",2021,266.97586188,13.90000000,4540.00000000000,5.1300000000,0.103000,134.25,5773.19,1.193078,0.875104,1,1
"HD 109286 b","HD 109286","Radial Velocity",2021,950.30693693,13.20000000,520.10000000000,1.2590000000,0.338000,259.40,5694.00,1.089000,0.980000,1,1
"Kepler-1771 b","Kepler-1771","Transit",2021,15.50000000,4.05537256,88.64399719000,0.3815000000,0.000000,391.00,5661.00,0.934000,0.941000,1,1
"Kepler-1786 b","Kepler-1786","Transit",2021,10.10000000,3.16305828,78.54609680000,0.3572200000,0.000000,501.00,5808.00,1.397000,1.058000,1,1
"Kepler-1834 b","Kepler-1834","Transit",2021,2.73000000,1.45938340,4.60301017800,0.0491100000,0.000000,848.00,4821.00,0.788000,0.765000,1,2
"TOI-559 b","TOI-559","Transit",2021,1910.14872607,12.22899794,6.98390950000,0.0723000000,0.151000,1180.00,5925.00,1.233000,1.026000,1,1
"Kepler-418 c","Kepler-418","Transit",2021,23.70000000,5.22108654,12.21829987000,0.1063200000,0.000000,835.00,5822.00,1.081000,0.957000,1,2
"Kepler-1801 b","Kepler-1801","Transit",2021,7.80000000,2.70926154,10.44089985000,0.0915000000,0.000000,829.00,5738.00,0.981000,0.936000,1,2
"Kepler-1838 b","Kepler-1838","Transit",2021,3.40000000,1.66049425,12.14680004000,0.1108200000,0.000000,1097.00,5877.00,1.963000,1.187000,1,1
"Kepler-1839 b","Kepler-1839","Transit",2021,4.46000000,1.94937590,5.05675983400,0.0583000000,0.000000,1049.00,5926.00,0.939000,1.030000,1,1
"TOI-530 b","TOI-530","Transit",2021,127.13136280,9.30345398,6.38759700000,0.0520000000,0.000000,565.00,3659.00,0.540000,0.530000,1,1
"Kepler-1749 b","Kepler-1749","Transit",2021,3.23000000,1.61301783,14.53409958000,0.0956000000,0.000000,420.00,3957.00,0.553000,0.551000,1,1
"Kepler-1841 b","Kepler-1841","Transit",2021,2.82000000,1.48912557,25.88599968000,0.1606000000,0.000000,542.00,5190.00,0.899000,0.823000,1,1
"Kepler-1842 b","Kepler-1842","Transit",2021,6.14000000,2.35388681,14.02639961000,0.1160000000,0.000000,822.00,5970.00,1.131000,1.057000,1,1
"HAT-P-43 b","HAT-P-43","Transit",2012,210.39500000,13.63000000,3.33264140000,0.0444000000,0.000000,1353.00,5693.00,1.080000,1.030000,1,1
"Kepler-1742 b","Kepler-1742","Transit",2021,5.38000000,2.17824130,49.47819901000,0.2587000000,0.000000,462.00,5776.00,0.849000,0.939000,1,1
"Kepler-1743 b","Kepler-1743","Transit",2021,3.18000000,1.59887007,7.64971017800,0.0840000000,0.000000,1144.00,5855.00,1.613000,1.266000,1,1
"Kepler-1741 b","Kepler-1741","Transit",2021,2.16000000,1.27300000,2.75759005500,0.0296000000,0.000000,615.00,3683.00,0.424000,0.454000,1,1
"Kepler-1810 b","Kepler-1810","Transit",2021,14.60000000,3.91815325,101.13300320000,0.4137000000,0.000000,380.00,5492.00,1.016000,0.921000,1,1
"Kepler-1812 b","Kepler-1812","Transit",2021,6.01000000,2.32494240,7.16521978400,0.0765000000,0.000000,1034.00,6174.00,1.103000,1.162000,1,1
"Kepler-1845 b","Kepler-1845","Transit",2021,6.52000000,2.43836702,11.60649967000,0.0885000000,0.000000,584.00,4703.00,0.701000,0.686000,1,1
"Kepler-1716 b","Kepler-1716","Transit",2021,6.46000000,2.42476850,35.58100128000,0.1883600000,0.000000,408.00,4894.00,0.684000,0.753000,1,1
"K2-95 b","K2-95","Transit",2016,11.00000000,3.31000000,10.13464540000,0.0525000000,0.160000,474.00,3566.00,0.400000,0.410000,1,1
"Kepler-1746 b","Kepler-1746","Transit",2021,59.10000000,8.93504475,321.21200560000,0.9408200000,0.000000,310.00,6018.00,1.286000,1.090000,1,1
"Kepler-1745 b","Kepler-1745","Transit",2021,4.38000000,1.92872921,3.01619005200,0.0408000000,0.000000,1449.00,5611.00,1.400000,0.995000,1,1
"Kepler-1814 b","Kepler-1814","Transit",2021,6.21000000,2.36961357,2.93535995500,0.0376500000,0.000000,1022.00,4922.00,0.823000,0.790000,1,2
"Kepler-1813 b","Kepler-1813","Transit",2021,2.58000000,1.41300000,2.81816005700,0.0364000000,0.000000,1059.00,5167.00,0.787000,0.812000,1,1
"Kepler-1815 b","Kepler-1815","Transit",2021,7.99000000,2.74892620,12.19139957000,0.0984000000,0.000000,763.00,5516.00,0.967000,0.856000,1,1
"Kepler-1856 b","Kepler-1856","Transit",2021,3.66000000,1.73447868,1.30200004600,0.0215000000,0.000000,1344.00,4948.00,0.816000,0.782000,1,1
"K2-101 b","K2-101","Transit",2016,4.66000000,2.00000000,14.67624290000,0.1124000000,0.100000,618.00,4927.00,0.760000,0.820000,1,1
"Kepler-1669 c","Kepler-1669","Transit",2021,4.27000000,1.90120972,1.60932004500,0.0228000000,0.000000,958.00,4224.00,0.603000,0.609000,1,3
"Kepler-1165 c","Kepler-1165","Transit",2021,11.20000000,3.36093385,29.96870041000,0.1969000000,0.000000,644.00,6249.00,1.076000,1.130000,1,2
"Kepler-1816 b","Kepler-1816","Transit",2021,4.53000000,1.96793970,91.50099945000,0.3564700000,0.000000,310.00,5051.00,0.706000,0.786000,1,1
"Kepler-1847 b","Kepler-1847","Transit",2021,7.97000000,2.74516914,11.12969971000,0.0989000000,0.000000,843.00,6122.00,0.964000,1.041000,1,1
"K2-355 b","K2-355","Transit",2021,5.69000000,2.25000000,5.73856470000,0.0632000000,,1066.00,5790.00,0.920000,0.960000,1,1
"K2-356 b","K2-356","Transit",2021,5.86000000,2.29000000,21.02673660000,0.1599000000,,624.00,5568.00,0.860000,0.900000,1,1
"Kepler-1757 b","Kepler-1757","Transit",2021,8.99000000,2.94660251,19.65640068000,0.1335000000,0.000000,549.00,5288.00,0.740000,0.828000,1,1
"Kepler-1758 b","Kepler-1758","Transit",2021,7.13000000,2.57059831,9.97721004500,0.0919000000,0.000000,1028.00,5557.00,1.616000,1.035000,1,1
"Kepler-1819 b","Kepler-1819","Transit",2021,14.50000000,3.90351256,16.48690033000,0.1337000000,0.000000,760.00,6090.00,1.071000,1.173000,1,1
"Kepler-1817 b","Kepler-1817","Transit",2021,5.79000000,2.27349126,44.29919815000,0.2348000000,0.000000,463.00,5316.00,0.915000,0.878000,1,1
"K2-357 b","K2-357","Transit",2021,13.40000000,3.72000000,16.34886370000,0.1450000000,,735.00,5794.00,1.000000,0.980000,1,1
"K2-358 b","K2-358","Transit",2021,7.65000000,2.68000000,11.25102850000,0.0863000000,,888.00,5650.00,0.910000,0.930000,1,1
"Kepler-1731 b","Kepler-1731","Transit",2021,8.92000000,2.93295657,21.76129913000,0.1399000000,0.000000,486.00,4859.00,0.720000,0.781000,1,1
"Kepler-1762 b","Kepler-1762","Transit",2021,8.05000000,2.76022913,29.53910065000,0.2040000000,0.000000,714.00,6572.00,1.238000,1.298000,1,1
"Kepler-1820 b","Kepler-1820","Transit",2021,9.90000000,3.11883067,31.03249931000,0.1964000000,0.000000,561.00,5841.00,0.931000,1.047000,1,1
"Kepler-1821 b","Kepler-1821","Transit",2021,7.24000000,2.59248115,16.45809937000,0.1244000000,0.000000,644.00,5475.00,0.884000,0.946000,1,1
"Kepler-1788 b","Kepler-1788","Transit",2021,6.25000000,2.37850461,2.80012011500,0.0343000000,0.000000,956.00,4786.00,0.704000,0.686000,1,1
"Kepler-1859 b","Kepler-1859","Transit",2021,3.13000000,1.58313575,2.72959995300,0.0394000000,0.000000,1455.00,5887.00,1.235000,1.090000,1,2
"Kepler-1860 b","Kepler-1860","Transit",2021,1.55000000,1.13863767,12.73719978000,0.1062500000,0.000000,697.00,5420.00,0.868000,0.874000,1,1
"K2-184 b","K2-184","Transit",2018,2.76000000,1.47000000,16.97801020000,0.1685000000,,533.00,5245.00,0.750000,0.840000,1,1
"Kepler-1712 b","Kepler-1712","Transit",2021,5.83000000,2.28372556,13.81499958000,0.0903000000,0.000000,391.00,3732.00,0.509000,0.515000,1,1
"Kepler-1763 b","Kepler-1763","Transit",2021,1.59000000,1.14651332,1.48028004200,0.0257000000,0.000000,1822.00,5897.00,1.259000,1.026000,1,1
"Kepler-1764 b","Kepler-1764","Transit",2021,18.80000000,4.55527871,70.46829987000,0.3512000000,0.000000,511.00,6461.00,1.131000,1.162000,1,1
"Kepler-1790 b","Kepler-1790","Transit",2021,10.00000000,3.14461450,31.58889961000,0.2098900000,0.000000,682.00,5866.00,1.367000,1.020000,1,1
"Kepler-1791 b","Kepler-1791","Transit",2021,9.91000000,3.12103321,7.72086000400,0.0761000000,0.000000,1021.00,5887.00,1.177000,0.985000,1,1
"EPIC 220554210 c","K2-282","Transit",2019,3.19000000,1.60000000,0.70531000000,,,,5499.00,1.000000,0.940000,1,2
"K2-273 b","K2-273","Transit",2018,9.53000000,3.05000000,11.71956630000,0.0729000000,,849.00,5161.00,0.850000,0.890000,1,1
"K2-104 b","K2-104","Transit",2016,3.86000000,1.79000000,1.97419540000,0.0242000000,0.090000,798.00,3712.00,0.480000,0.510000,1,1
"Kepler-1792 b","Kepler-1792","Transit",2021,6.89000000,2.51990972,4.19577980000,0.0488000000,0.000000,1047.00,5229.00,1.005000,0.878000,1,1
"Kepler-1090 c","Kepler-1090","Transit",2021,10.90000000,3.29265785,42.42720032000,0.2262200000,0.000000,496.00,5330.00,1.013000,0.869000,1,2
"EPIC 220492298 b","EPIC 220492298","Transit",2021,0.93700000,0.99000000,0.76240600000,,,,5620.00,0.890000,0.950000,1,1
"EPIC 206024342 c","EPIC 206024342","Transit",2021,2.54000000,1.40000000,0.91172400000,,,,5724.00,1.100000,0.928000,1,3
"Kepler-1760 b","Kepler-1760","Transit",2021,5.86000000,2.28995546,38.32609940000,0.2084000000,0.000000,480.00,5229.00,0.903000,0.821000,1,1
"Kepler-1777 b","Kepler-1777","Transit",2021,5.19000000,2.13189678,12.18420029000,0.1030100000,0.000000,819.00,5771.00,1.068000,0.984000,1,1
"K2-275 c","K2-275","Transit",2018,5.52000000,2.21000000,8.43883850000,0.0881000000,,653.00,4841.00,0.690000,0.770000,1,2
"K2-275 b","K2-275","Transit",2018,6.08000000,2.34000000,3.28096260000,0.0277000000,,1166.00,4841.00,0.690000,0.770000,1,2
"Kepler-1775 b","Kepler-1775","Transit",2021,12.90000000,3.64762153,85.65399933000,0.3956500000,0.000000,522.00,5818.00,1.647000,1.149000,1,1
"Kepler-1797 b","Kepler-1797","Transit",2021,9.58000000,3.05774442,23.35939980000,0.1637000000,0.000000,684.00,6244.00,1.009000,1.069000,1,1
"Kepler-1798 b","Kepler-1798","Transit",2021,5.94000000,2.30911251,16.85589981000,0.1082000000,0.000000,408.00,3967.00,0.587000,0.593000,1,1
"TIC 172900988 b","TIC 172900988 Aa","Transit",2021,942.00000000,11.25000000,200.45200000000,0.9028100000,0.027100,361.24,6050.00,1.384200,1.238400,2,1
"HD 93385 d","HD 93385","Radial Velocity",2021,8.70000000,2.89000000,45.85000000000,0.2565000000,0.090000,619.44,5977.00,1.184840,1.040000,1,3
"OGLE-2018-BLG-0567L b","OGLE-2018-BLG-0567L","Microlensing",2021,101.70509024,12.30000000,,2.7200000000,,,,,0.250000,1,1
"OGLE-2018-BLG-0962L b","OGLE-2018-BLG-0962L","Microlensing",2021,425.89006538,13.60000000,,3.5900000000,,,,,0.540000,1,1
"Kepler-487 d","Kepler-487","Transit",2021,8.12000000,2.77513568,2.41839003600,0.0344500000,0.000000,1226.00,5422.00,0.887000,0.874000,1,3
"Kepler-1822 b","Kepler-1822","Transit",2021,7.50000000,2.64755943,22.13339996000,0.1416000000,0.000000,507.00,5165.00,0.702000,0.782000,1,1
"Kepler-1823 b","Kepler-1823","Transit",2021,5.00000000,2.08612680,21.10339928000,0.1533200000,0.000000,718.00,6000.00,1.126000,1.068000,1,1
"HD 96700 c","HD 96700","Radial Velocity",2021,3.50000000,1.69000000,19.88000000000,0.1410000000,0.293000,808.42,5845.00,1.160000,0.890000,1,3
"HD 96700 d","HD 96700","Radial Velocity",2021,12.70000000,3.61000000,103.50000000000,0.4240000000,0.270000,466.19,5845.00,1.160000,0.890000,1,3
"TOI-2257 b","TOI-2257","Transit",2021,5.45000000,2.19400000,35.18934600000,0.1450000000,0.496000,256.00,3430.00,0.313000,0.328000,1,1
"Kepler-1769 b","Kepler-1769","Transit",2021,18.20000000,4.46500000,89.19349670000,0.4059800000,0.000000,483.00,6071.00,1.295000,1.061000,1,1
"Kepler-1778 b","Kepler-1778","Transit",2021,9.36000000,3.01665969,10.08740044000,0.0956000000,0.000000,942.00,6310.00,1.095000,1.143000,1,1
"Kepler-1824 b","Kepler-1824","Transit",2021,6.26000000,2.38127597,95.61100006000,0.4267000000,0.000000,421.00,6002.00,1.081000,1.135000,1,1
"HD 189567 b","HD 189567","Radial Velocity",2021,8.50000000,2.85000000,14.28800000000,0.1110000000,0.189000,845.16,5726.00,1.040000,0.830000,1,2
"HD 189567 c","HD 189567","Radial Velocity",2021,7.00000000,2.54000000,33.68800000000,0.1970000000,0.160000,634.41,5726.00,1.040000,0.830000,1,2
"HD 137496 c","HD 137496","Radial Velocity",2021,2434.56559762,12.60000000,479.90000000000,1.2163000000,0.477000,370.00,5799.00,1.590000,1.040000,1,2
"Kepler-1782 b","Kepler-1782","Transit",2021,5.60000000,2.22927435,5.75622987700,0.0582500000,0.000000,773.00,4931.00,0.734000,0.794000,1,1
"Kepler-1784 b","Kepler-1784","Transit",2021,8.24000000,2.79936489,13.59049988000,0.1072000000,0.000000,724.00,5442.00,0.974000,0.887000,1,1
"Kepler-1828 b","Kepler-1828","Transit",2021,5.13000000,2.11598626,10.27379990000,0.0924000000,0.000000,799.00,5806.00,0.899000,0.996000,1,1
"Kepler-1829 b","Kepler-1829","Transit",2021,6.71000000,2.47887001,5.18671989400,0.0559000000,0.000000,860.00,5230.00,0.777000,0.873000,1,1
"Kepler-1776 b","Kepler-1776","Transit",2021,7.33000000,2.61157023,35.01190186000,0.2093000000,0.000000,603.00,5872.00,1.153000,1.041000,1,1
"Kepler-1709 b","Kepler-1709","Transit",2021,9.93000000,3.12424875,65.70459747000,0.3270400000,0.000000,472.00,5918.00,1.043000,1.003000,1,1
"Kepler-1833 b","Kepler-1833","Transit",2021,2.24000000,1.30027362,6.89212989800,0.0754500000,0.000000,1177.00,6164.00,1.446000,1.286000,1,1
"TOI-3362 b","TOI-3362","Transit",2021,1598.35905880,12.80065596,18.09547000000,0.1530000000,0.815000,688.00,6532.00,1.830000,1.445000,1,1
"Kepler-1738 b","Kepler-1738","Transit",2021,8.37000000,2.82472883,7.67463016500,0.0781000000,0.000000,957.00,6063.00,1.001000,1.079000,1,1
"Kepler-1739 b","Kepler-1739","Transit",2021,6.48000000,2.43056832,7.34370994600,0.0697000000,0.000000,839.00,5757.00,0.762000,0.865000,1,1
"Kepler-1924 b","Kepler-1924","Transit",2021,7.53000000,2.65446572,15.33170033000,0.1216000000,0.000000,821.00,5726.00,1.285000,1.018000,1,1
"Kepler-1925 b","Kepler-1925","Transit",2021,9.28000000,3.00177922,46.71640015000,0.2588000000,0.000000,531.00,5856.00,1.092000,1.057000,1,1
"HATS-76 b","HATS-76","Transit",2021,835.57088200,12.09449018,1.94164230000,0.0265800000,0.062000,939.80,4016.00,0.625900,0.662000,1,1
"Kepler-1130 d","Kepler-1130","Transit",2021,0.20200000,0.64472273,4.27225017500,0.0506800000,0.000000,981.00,5450.00,0.842000,0.944000,2,3
"Kepler-1802 c","Kepler-1802","Transit",2021,6.00000000,2.32200000,33.13610077000,0.1748000000,0.000000,357.00,4245.00,0.637000,0.649000,1,2
"Kepler-1942 b","Kepler-1942","Transit",2021,5.13000000,2.11702870,4.62604999500,0.0516000000,0.000000,1012.00,5834.00,0.797000,0.852000,1,1
"Kepler-1943 b","Kepler-1943","Transit",2021,3.02000000,1.54869189,4.85018014900,0.0597500000,0.000000,1098.00,6032.00,0.973000,1.055000,1,1
"Kepler-1927 b","Kepler-1927","Transit",2021,11.50000000,3.40627075,73.75039673000,0.3873300000,0.000000,677.00,6056.00,2.481000,1.408000,1,1
"Kepler-1722 b","Kepler-1722","Transit",2021,8.58000000,2.86719266,9.17856979400,0.0819000000,0.000000,753.00,5506.00,0.788000,0.876000,1,1
"HD 69123 b","HD 69123","Radial Velocity",2022,982.08977763,13.10000000,1193.30000000000,2.4820000000,0.190000,411.78,4842.00,7.720000,1.680000,1,1
"Kepler-1266 c","Kepler-1266","Transit",2021,3.46000000,1.68023962,4.86631012000,0.0506000000,0.000000,881.00,4996.00,0.831000,0.791000,1,2
"Kepler-394 d","Kepler-394","Transit",2021,2.86000000,1.50066814,5.61358022700,0.0590400000,0.000000,1165.00,6398.00,1.101000,1.141000,1,3
"Kepler-1944 b","Kepler-1944","Transit",2021,8.05000000,2.75971163,9.84257984200,0.0918000000,0.000000,801.00,5585.00,0.972000,1.064000,1,1
"Kepler-1945 b","Kepler-1945","Transit",2021,2.21000000,1.28900000,6.08003997800,0.0597000000,0.000000,808.00,4991.00,0.804000,0.767000,1,1
"Kepler-1946 b","Kepler-1946","Transit",2021,6.75000000,2.48812698,3.03519010500,0.0394000000,0.000000,1143.00,5505.00,0.873000,0.887000,1,1
"Kepler-1929 b","Kepler-1929","Transit",2021,9.65000000,3.07250761,59.36249924000,0.3088300000,0.000000,566.00,5786.00,1.471000,1.006000,1,1
"Kepler-913 c","Kepler-913","Transit",2021,14.20000000,3.85807090,5.93911981600,0.0699000000,0.000000,1357.00,6068.00,1.797000,1.294000,1,2
"Kepler-324 e","Kepler-324","Transit",2021,235.01400000,2.03862444,13.97939968000,0.1097200000,0.000000,635.00,5191.00,0.826000,0.844000,1,4
"Kepler-1727 b","Kepler-1727","Transit",2021,10.20000000,3.17321625,9.02929973600,0.0796000000,0.000000,757.00,5349.00,0.820000,0.824000,1,1
"Kepler-1931 b","Kepler-1931","Transit",2021,7.53000000,2.65323514,38.57609940000,0.2332900000,0.000000,619.00,6167.00,1.221000,1.174000,1,1
"Kepler-1530 d","Kepler-1530","Transit",2021,10.80000000,3.27870115,9.20761013000,0.0827600000,0.000000,972.00,5678.00,1.303000,1.015000,1,3
"Kepler-1932 b","Kepler-1932","Transit",2021,2.91000000,1.51482218,0.52417701500,0.0123000000,0.000000,1891.00,5278.00,0.815000,0.911000,1,1
"YZ Cet b","YZ Cet","Radial Velocity",2017,0.70000000,0.91300000,2.02087000000,0.0163400000,0.060000,471.20,3151.00,0.157000,0.142000,1,3
"YZ Cet c","YZ Cet","Radial Velocity",2017,1.14000000,1.05000000,3.05989000000,0.0215600000,0.000000,410.30,3151.00,0.157000,0.142000,1,3
"Kepler-281 d","Kepler-281","Transit",2021,654.00000000,5.93747806,148.27200320000,0.5456000000,0.000000,321.00,5717.00,0.884000,0.984000,1,3
"Kepler-495 c","Kepler-495","Transit",2021,1.98000000,1.21936414,5.89660978300,0.0614000000,0.000000,1000.00,5392.00,1.087000,0.888000,1,2
"Kepler-501 c","Kepler-501","Transit",2021,3.47000000,1.68119739,3.62276005700,0.0467000000,0.000000,1304.00,5794.00,1.216000,1.032000,1,2
"Kepler-196 d","Kepler-196","Transit",2021,7.56000000,2.66065673,122.08000180000,0.4545000000,0.000000,297.00,5132.00,0.770000,0.805000,1,3
"Kepler-1950 b","Kepler-1950","Transit",2021,2.95000000,1.52696349,10.77690029000,0.0871000000,0.000000,752.00,5455.00,0.852000,0.759000,1,1
"Kepler-1899 b","Kepler-1899","Transit",2021,3.02000000,1.55098292,4.09577989600,0.0457000000,0.000000,851.00,4791.00,0.742000,0.759000,1,1
"Kepler-1869 b","Kepler-1869","Transit",2021,1.46000000,1.11955354,8.16736030600,0.0797600000,0.000000,865.00,5808.00,0.902000,0.987000,1,2
"Kepler-1312 c","Kepler-1312","Transit",2021,1.07000000,1.02732734,1.11611998100,0.0210300000,0.000000,1659.00,5721.00,0.905000,0.983000,1,2
"Kepler-1952 b","Kepler-1952","Transit",2021,2.07000000,1.23923346,27.21080017000,0.1724000000,0.000000,725.00,5973.00,1.305000,0.922000,1,1
"Kepler-1728 b","Kepler-1728","Transit",2021,9.04000000,2.95501875,4.78299999200,0.0535000000,0.000000,886.00,5170.00,0.807000,0.891000,1,1
"Kepler-1926 b","Kepler-1926","Transit",2021,5.97000000,2.31495961,42.87770081000,0.2197000000,0.000000,451.00,5256.00,0.832000,0.768000,1,1
"Kepler-1729 b","Kepler-1729","Transit",2021,14.40000000,3.89404186,4.22097015400,0.0418000000,0.000000,595.00,3837.00,0.517000,0.544000,1,1
"Kepler-1972 b","Kepler-1972","Transit",2022,2.02000000,0.80200000,7.54425000000,0.0800600000,0.067000,1084.00,5818.00,1.384000,1.120000,1,2
"Kepler-1321 d","Kepler-1321","Transit",2021,7.41000000,2.62843782,5.72092008600,0.0501000000,0.000000,509.00,3640.00,0.503000,0.513000,1,3
"Kepler-1600 c","Kepler-1600","Transit",2021,4.43000000,1.94206512,7.29804992700,0.0696100000,0.000000,786.00,5119.00,0.834000,0.818000,1,2
"Kepler-1954 b","Kepler-1954","Transit",2021,3.90000000,1.80235934,5.88343000400,0.0625000000,0.000000,949.00,5840.00,0.849000,0.942000,1,1
"Kepler-1730 b","Kepler-1730","Transit",2021,18.40000000,4.48524519,13.81019974000,0.1131000000,0.000000,833.00,5942.00,1.142000,1.009000,1,1
"Kepler-1721 b","Kepler-1721","Transit",2021,9.90000000,3.11856756,4.59238004700,0.0519000000,0.000000,924.00,5351.00,0.796000,0.890000,1,1
"Kepler-1887 b","Kepler-1887","Transit",2021,8.88000000,2.92454357,19.94750023000,0.1421000000,0.000000,625.00,5749.00,0.864000,0.961000,1,1
"Kepler-1958 b","Kepler-1958","Transit",2021,4.86000000,2.05124311,9.32861995700,0.0856000000,0.000000,806.00,5749.00,0.864000,0.961000,1,1
"Kepler-1726 b","Kepler-1726","Transit",2021,6.84000000,2.50861954,18.39629936000,0.1279400000,0.000000,582.00,5316.00,0.804000,0.876000,1,1
"Kepler-1723 b","Kepler-1723","Transit",2021,8.65000000,2.88046569,39.75289917000,0.2249000000,0.000000,568.00,6072.00,1.010000,0.960000,1,1
"Kepler-1705 b","Kepler-1705","Transit",2021,4.47000000,2.03000000,9.03502000000,0.0800000000,0.033000,789.00,6312.00,1.259000,1.139000,1,2
"OGLE-2019-BLG-0960L b","OGLE-2019-BLG-0960L","Microlensing",2021,2.50000000,1.39000000,,1.9000000000,,,,,0.500000,1,1
"Kepler-1890 b","Kepler-1890","Transit",2021,0.58700000,0.86867375,4.82059001900,0.0571200000,0.000000,1328.00,6046.00,1.396000,1.024000,1,1
"Kepler-1892 b","Kepler-1892","Transit",2021,4.03000000,1.83707938,6.33123016400,0.0633000000,0.000000,822.00,5383.00,0.759000,0.851000,1,1
"Kepler-1959 b","Kepler-1959","Transit",2021,1.57000000,1.14315727,6.38669014000,0.0617000000,0.000000,811.00,5071.00,0.811000,0.768000,1,1
"Kepler-1960 b","Kepler-1960","Transit",2021,2.26000000,1.30749704,2.29794001600,0.0354000000,0.000000,1547.00,6371.00,1.072000,1.117000,1,1
"Kepler-457 d","KOI-7892","Transit",2021,9.19000000,2.98467257,10.69060040000,0.0996000000,0.000000,1008.00,6474.00,1.242000,1.148000,1,3
"Kepler-633 c","Kepler-633","Transit",2021,5.89000000,2.29600000,23.78319931000,0.1624600000,0.000000,725.00,5877.00,1.265000,0.997000,1,2
"Kepler-1861 b","Kepler-1861","Transit",2021,5.50000000,2.20677414,40.03060150000,0.2408200000,0.000000,617.00,5855.00,1.373000,1.161000,1,1
"Kepler-1863 b","Kepler-1863","Transit",2021,5.74000000,2.26309256,44.99760056000,0.2367800000,0.000000,508.00,5871.00,0.983000,1.097000,1,1
"Kepler-1895 b","Kepler-1895","Transit",2021,5.14000000,2.11934728,6.07029008900,0.0615000000,0.000000,789.00,5076.00,0.763000,0.860000,1,1
"Kepler-1911 b","Kepler-1911","Transit",2021,1.01000000,1.01100000,5.99079990400,0.0636000000,0.000000,987.00,5721.00,0.972000,0.954000,1,1
"Kepler-1865 b","Kepler-1865","Transit",2021,3.11000000,1.57686072,2.52400994300,0.0344000000,0.000000,1203.00,5420.00,0.871000,0.849000,1,1
"Kepler-1866 b","Kepler-1866","Transit",2021,4.99000000,2.08215108,11.66009998000,0.1016000000,0.000000,834.00,5791.00,1.083000,1.030000,1,1
"Kepler-1897 b","Kepler-1897","Transit",2021,8.32000000,2.81407954,24.22030067000,0.1546000000,0.000000,505.00,5165.00,0.761000,0.859000,1,1
"Kepler-1896 b","Kepler-1896","Transit",2021,9.80000000,3.09935997,44.87020111000,0.2529000000,0.000000,536.00,6122.00,0.996000,1.070000,1,1
"Kepler-1967 b","Kepler-1967","Transit",2021,0.31500000,0.73022577,7.28169012100,0.0668600000,0.000000,1086.00,4970.00,1.806000,0.996000,1,1
"b Cen AB b","b Cen A","Imaging",2021,3464.32963630,12.40000000,1790000.00000000000,556.0000000000,0.400000,,,,5.500000,2,1
"OGLE-2018-BLG-0532L b","OGLE-2018-BLG-0532L","Microlensing",2020,6.22800000,2.37000000,,1.0640000000,,,,,0.195000,1,1
"Kepler-1867 b","Kepler-1867","Transit",2021,1.65000000,1.15985997,9.88735961900,0.0872000000,0.000000,768.00,5693.00,0.816000,0.911000,1,1
"Kepler-1868 b","Kepler-1868","Transit",2021,10.10000000,3.14950109,211.03399660000,0.6234800000,0.000000,215.00,4658.00,0.686000,0.743000,1,1
"Kepler-1903 b","Kepler-1903","Transit",2021,5.85000000,2.28642395,17.06789970000,0.1321000000,0.000000,769.00,6347.00,0.996000,1.053000,1,1
"Kepler-1969 b","Kepler-1969","Transit",2021,3.47000000,1.68161001,6.64752006500,0.0717000000,0.000000,999.00,6046.00,1.007000,1.111000,1,1
"Kepler-1968 b","Kepler-1968","Transit",2021,2.86000000,1.50004034,7.28109979600,0.0696000000,0.000000,744.00,5008.00,0.788000,0.844000,1,1
"Kepler-1871 b","Kepler-1871","Transit",2021,6.44000000,2.42172881,1.95270001900,0.0308000000,0.000000,1403.00,5741.00,0.946000,1.020000,1,1
"Kepler-1872 b","Kepler-1872","Transit",2021,6.28000000,2.38421141,3.82591009100,0.0465000000,0.000000,1005.00,5223.00,0.885000,0.913000,1,1
"Kepler-1906 b","Kepler-1906","Transit",2021,8.13000000,2.77615754,7.36268997200,0.0738000000,0.000000,901.00,5868.00,0.894000,0.987000,1,1
"Kepler-1907 b","Kepler-1907","Transit",2021,0.58900000,0.86973029,5.65245008500,0.0544400000,0.000000,856.00,5159.00,0.800000,0.752000,1,2
"Kepler-1913 b","Kepler-1913","Transit",2021,2.92000000,1.51852059,14.19600010000,0.1209000000,0.000000,818.00,6214.00,1.076000,1.169000,1,1
"HD 79181 b","HD 79181","Radial Velocity",2021,203.41018048,14.10000000,273.10000000000,0.9000000000,0.259000,821.87,4862.00,11.060000,1.280000,1,1
"HD 10975 b","HD 10975","Radial Velocity",2021,143.02278315,14.30000000,283.80000000000,0.9500000000,0.442000,799.92,4840.00,11.160000,1.410000,1,1
"HD 99283 b","HD 99283","Radial Velocity",2021,308.29355479,13.80000000,310.40000000000,1.0800000000,0.200000,759.06,4886.00,11.210000,1.760000,1,1
"Kepler-1873 b","Kepler-1873","Transit",2021,3.28000000,1.62573811,0.55884200300,0.0128000000,0.000000,1787.00,5151.00,0.792000,0.903000,1,1
"Kepler-1874 b","Kepler-1874","Transit",2021,5.52000000,2.21110724,56.57320023000,0.2633000000,0.000000,356.00,4701.00,0.775000,0.758000,1,1
"Kepler-1909 b","Kepler-1909","Transit",2021,1.33000000,1.09217411,2.39160990700,0.0306000000,0.000000,1031.00,4935.00,0.685000,0.663000,1,1
"Kepler-1717 b","Kepler-1717","Transit",2021,9.21000000,2.98929758,30.65279961000,0.2014000000,0.000000,780.00,6200.00,1.640000,1.158000,1,1
"Kepler-1917 b","Kepler-1917","Transit",2021,4.23000000,1.88971288,12.90240002000,0.1030000000,0.000000,675.00,5530.00,0.788000,0.882000,1,1
"Kepler-1918 b","Kepler-1918","Transit",2021,5.89000000,2.29763023,47.05640030000,0.2524000000,0.000000,497.00,5889.00,0.924000,0.967000,1,1
"ups Leo b","ups Leo","Radial Velocity",2021,162.09248757,14.20000000,385.20000000000,1.1800000000,0.320000,719.08,4836.00,11.220000,1.480000,1,1
"HD 219139 b","HD 219139","Radial Velocity",2021,247.90615746,14.00000000,275.50000000000,0.9400000000,0.110000,804.83,4831.00,11.220000,1.460000,1,1
"Kepler-616 d","Kepler-616","Transit",2021,7.52000000,2.65300000,51.06740189000,0.2749000000,0.000000,499.00,6004.00,0.977000,1.061000,1,3
"Kepler-534 c","Kepler-534","Transit",2021,2.02000000,1.22700000,7.37868976600,0.0761000000,0.000000,933.00,5936.00,0.965000,1.075000,1,2
"Kepler-1919 b","Kepler-1919","Transit",2021,7.38000000,2.62390658,37.88660049000,0.2107000000,0.000000,479.00,5513.00,0.818000,0.868000,1,1
"Kepler-1488 c","Kepler-1488","Transit",2021,3.37000000,1.65156749,6.15826988200,0.0695900000,0.000000,1212.00,5710.00,1.524000,1.003000,1,2
"gam Psc b","gam Psc","Radial Velocity",2021,425.89006538,13.60000000,555.10000000000,1.3200000000,0.204000,666.07,4742.00,11.200000,0.990000,1,1
"HIP 34222 b","HIP 34222","Radial Velocity",2021,263.79757781,13.90000000,159.98600000000,0.4920000000,0.305000,218.98,4050.00,0.618600,0.620000,1,1
"Kepler-1881 b","Kepler-1881","Transit",2021,9.17000000,2.98104391,159.39399720000,0.5332500000,0.000000,289.00,5135.00,0.874000,0.812000,1,1
"Kepler-1879 b","Kepler-1879","Transit",2021,4.92000000,2.06512018,10.61340046000,0.0957000000,0.000000,987.00,5865.00,1.388000,1.023000,1,1
"Kepler-1934 b","Kepler-1934","Transit",2021,0.70200000,0.91307734,1.41975998900,0.0246600000,0.000000,1700.00,5925.00,1.035000,0.968000,1,1
"Kepler-1935 b","Kepler-1935","Transit",2021,6.82000000,2.50271696,3.95140004200,0.0463000000,0.000000,1083.00,5570.00,0.899000,0.845000,1,1
"Kepler-1921 b","Kepler-1921","Transit",2021,8.72000000,2.89459458,20.03479958000,0.1586500000,0.000000,967.00,6120.00,2.000000,1.251000,1,2
"HIP 86221 b","HIP 86221","Radial Velocity",2021,225.65816897,14.00000000,2.22400000000,0.0310000000,0.086000,,,,0.790000,1,1
"Kepler-1883 b","Kepler-1883","Transit",2021,10.60000000,3.25107395,103.42700200000,0.4438000000,0.000000,416.00,6208.00,1.024000,1.086000,1,1
"Kepler-1938 b","Kepler-1938","Transit",2021,4.00000000,1.82828927,13.06260014000,0.0938000000,0.000000,527.00,4522.00,0.655000,0.646000,1,1
"TOI-1268 b","TOI-1268","Transit",2022,96.40000000,9.10000000,8.15770940000,0.0711000000,0.105000,918.90,5300.00,0.920000,0.960000,1,1
"K2-25 b","K2-25","Transit",2015,24.50000000,3.44000000,3.48456408000,0.0287000000,0.428000,494.00,3207.00,0.293200,0.263400,1,1
"TOI-2136 b","TOI-2136","Transit",2022,6.37000000,2.19000000,7.85192800000,0.0570000000,0.000000,395.00,3342.00,0.340000,0.340000,1,1
"K2-382 b","K2-382","Transit",2022,4.95000000,2.07200000,21.70015600000,,,,5452.00,0.811000,0.922000,1,1
"K2-376 b","K2-376","Transit",2022,3.66000000,1.73600000,5.77647500000,,,,5937.00,1.149000,0.908000,1,1
"iot Dra b","iot Dra","Radial Velocity",2002,3756.73177074,12.40000000,510.85440000000,1.4530000000,0.701000,618.67,4504.00,11.790000,1.540000,1,2
"CoRoT-35 b","CoRoT-35","Transit",2022,349.61124770,18.83108758,3.22748000000,0.0429000000,0.000000,1747.00,6390.00,1.650000,1.010000,1,1
"CoRoT-36 b","CoRoT-36","Transit",2022,216.12331676,15.80466279,5.61653100000,0.0660000000,0.000000,1567.00,6730.00,1.520000,1.320000,1,1
"K2-383 b","K2-383","Transit",2022,3.07000000,1.56400000,1.86596200000,,,,5129.00,0.804000,1.061000,1,1
"K2-366 b","K2-366","Transit",2022,6.16000000,2.35900000,15.93703900000,,,,5601.00,0.940000,0.825000,1,1
"iot Dra c","iot Dra","Radial Velocity",2021,4958.12314920,12.20000000,25000.00000000000,19.4000000000,0.455000,169.31,4504.00,11.790000,1.540000,1,2
"K2-373 b","K2-373","Transit",2022,4.90000000,2.06100000,11.02066000000,,,,6138.00,1.486000,1.158000,1,1
"K2-367 b","K2-367","Transit",2022,6.41000000,2.41300000,20.64509900000,,,,4348.00,0.625000,0.756000,1,1
"HD 160691 d","HD 160691","Radial Velocity",2004,10.49000000,3.23000000,9.63920000000,0.0952000000,0.000000,900.00,5773.00,1.330000,1.130000,1,4
"K2-384 f","K2-384","Transit",2022,5.57000000,2.22200000,13.62749000000,,,,3623.00,0.348000,0.330000,1,5
"K2-369 b","K2-369","Transit",2022,2.28000000,1.31300000,5.76161200000,,,,5682.00,0.881000,0.735000,1,1
"TOI-620 b","TOI-620","Transit",2022,13.60000000,3.76000000,5.09881790000,0.0482500000,0.220000,603.60,3708.00,0.550000,0.577000,1,1
"AB Aur b","AB Aur","Imaging",2022,2860.45566300,12.50000000,,93.9000000000,0.400000,83.63,9770.00,2.958870,2.400000,1,1
"HD 33142 b","HD 33142","Radial Velocity",2011,400.46379282,13.70000000,330.00000000000,1.0740000000,0.049000,477.50,5025.40,4.170000,1.520000,1,3
"K2-384 e","K2-384","Transit",2022,2.37000000,1.34500000,9.71504300000,,,,3623.00,0.348000,0.330000,1,5
"K2-372 b","K2-372","Transit",2022,8.98000000,2.94500000,9.84407700000,,,,5479.00,0.922000,0.847000,1,1
"TYC 2187-512-1 b","TYC 2187-512-1","Radial Velocity",2022,104.88337431,12.50000000,691.90000000000,1.2200000000,0.050000,114.69,3734.00,0.495000,0.498000,1,1
"TOI-1246 b","TOI-1246","Transit",2022,8.10000000,3.01000000,4.30744000000,0.0490000000,,955.00,5151.00,0.860000,0.870000,1,4
"K2-393 b","K2-393","Transit",2022,6.13000000,2.35200000,10.41318100000,,,,5678.00,1.071000,0.881000,1,1
"K2-375 b","K2-375","Transit",2022,5.66000000,2.24300000,14.45389500000,,,,5822.00,1.543000,1.119000,1,1
"HIP 94235 b","HIP 94235","Transit",2022,379.00000000,3.00000000,7.71305700000,0.0787000000,0.320000,1060.00,5991.00,1.080000,1.094000,2,1
"KOI-984 c","KOI-984","Transit Timing Variations",2022,209.80000000,14.10000000,21.51200000000,0.1467000000,0.380000,597.00,5295.00,0.818000,0.928000,1,2
"K2-389 c","K2-389","Transit",2022,4.82000000,2.04000000,20.85133700000,,,,5782.00,1.084000,0.802000,1,2
"K2-390 b","K2-390","Transit",2022,19.60000000,4.66200000,3.31279200000,,,1119.00,5558.00,0.966000,0.789000,1,1
"HD 73583 b","HD 73583","Transit",2022,10.20000000,2.79000000,6.39804200000,0.0604000000,0.090000,714.00,4511.00,0.650000,0.730000,1,2
"HD 103891 b","HD 103891","Radial Velocity",2022,918.52409623,13.20000000,1919.00000000000,3.2700000000,0.310000,241.25,6072.00,2.220000,1.280000,1,1
"HD 105779 b","HD 105779","Radial Velocity",2022,203.41018048,14.10000000,2412.00000000000,3.3800000000,0.000000,147.29,5792.00,0.940000,0.890000,1,1
"HD 33142 d","HD 33142","Radial Velocity",2022,63.56568140,9.32000000,89.90000000000,0.4520000000,0.191000,736.04,5025.40,4.170000,1.520000,1,3
"HD 19615 b","HD 19615","Radial Velocity",2022,2701.54145950,12.60000000,402.00000000000,1.1000000000,0.200000,1113.92,4263.00,32.300000,1.100000,1,1
"K2-391 b","K2-391","Transit",2022,2.45000000,1.37100000,4.62265400000,,,,5543.00,0.566000,0.757000,1,1
"HD 73583 c","HD 73583","Transit",2022,9.70000000,2.39000000,18.87974000000,0.1242000000,0.080000,498.00,4511.00,0.650000,0.730000,1,2
"GJ 411 b","GJ 411","Radial Velocity",2019,2.69000000,1.45000000,12.93940000000,0.0787900000,0.063000,349.83,3719.00,0.368500,0.389900,1,2
"TOI-1064 c","TOI-1064","Transit",2022,2.50000000,2.65100000,12.22657400000,0.0942900000,0.088000,634.00,4734.00,0.726000,0.748000,1,2
"K2-316 b","K2-316","Transit",2020,2.33000000,1.33000000,1.13300000000,0.0147000000,,841.00,3436.00,0.379000,0.408000,1,2
"HD 95735 c","GJ 411","Radial Velocity",2021,13.60000000,3.76000000,2946.00000000000,2.9400000000,0.132000,63.49,3719.00,0.368500,0.389900,1,2
"TOI-2669 b","TOI-2669","Transit",2022,193.87532827,19.72780603,6.20340000000,,0.090000,1226.00,4800.00,4.100000,1.190000,1,1
"TOI-4329 b","TOI-4329","Transit",2022,143.02278315,16.81347105,2.92230000000,,0.068000,2027.12,6000.00,2.310000,1.538000,1,1
"K2-397 b","K2-397","Transit",2022,6.42000000,2.41700000,3.57232600000,,,,5387.00,0.966000,0.937000,1,1
"K2-316 c","K2-316","Transit",2020,4.01000000,1.83000000,5.26000000000,0.0582000000,,423.00,3436.00,0.379000,0.408000,1,2
"TOI-2046 b","TOI-2046","Transit",2022,731.00533610,16.14093221,1.49718420000,,,1828.82,6250.00,1.210000,1.130000,1,1
"Kepler-1656 c","Kepler-1656","Radial Velocity",2022,126.40000000,14.00000000,1919.00000000000,3.0530000000,0.527000,161.19,5569.00,1.100000,1.030000,1,2
"TOI-206 b","TOI-206","Transit",2022,2.24000000,1.30000000,0.73631040000,0.0112000000,,910.00,3383.00,0.350000,0.350000,1,1
"K2-398 c","K2-398","Transit",2022,22.80000000,5.09800000,18.78783900000,,,,5946.00,1.239000,0.945000,1,2
"K2-319 b","K2-319","Transit",2020,8.20000000,2.79000000,26.68000000000,0.1516000000,,641.00,5440.00,0.898000,0.954000,1,1
"mu2 Sco b","mu2 Sco","Imaging",2022,4576.72906080,12.30000000,,242.4000000000,0.560000,159.05,21700.00,5.600000,9.100000,1,1
"TOI-1693 b","TOI-1693","Transit",2022,2.57000000,1.41000000,1.76669570000,0.0226000000,,764.00,3499.00,0.460000,0.490000,1,1
"K2-402 b","K2-402","Transit",2022,7.65000000,2.67800000,17.27474000000,,,,5716.00,1.280000,0.944000,1,1
"K2-323 b","K2-323","Transit",2020,5.06000000,2.10000000,24.93000000000,0.1275000000,,318.00,3710.00,0.549000,0.478000,1,1
"HD 81040 b","HD 81040","Radial Velocity",2005,2301.07766668,12.60000000,1002.70000000000,1.9460000000,0.525000,189.77,5755.00,0.910000,0.990000,1,1
"HD 171238 b","HD 171238","Radial Velocity",2009,2796.88998160,12.50000000,1515.00000000000,2.5180000000,0.358000,166.96,5467.00,1.010000,0.920000,1,1
"HD 87883 b","HD 87883","Radial Velocity",2009,2005.49724817,12.70000000,3006.00000000000,3.7700000000,0.720000,110.52,4980.00,0.798557,0.800000,1,1
"TOI-2411 b","TOI-2411","Transit",2022,3.46000000,1.68000000,0.78269420000,0.0144000000,,1355.00,4099.00,0.680000,0.650000,1,1
"TOI-2427 b","TOI-2427","Transit",2022,3.89000000,1.80000000,1.30600110000,0.0202000000,,1117.00,4072.00,0.650000,0.640000,1,1
"K2-404 b","K2-404","Transit",2022,6.94000000,2.53000000,13.11536500000,,,,3748.00,0.552000,0.552000,1,1
"K2-325 b","K2-325","Transit",2020,5.48000000,2.20000000,6.93000000000,0.0419000000,,423.00,3287.00,0.298000,0.274000,1,1
"HD 106515 A b","HD 106515 A","Radial Velocity",2012,6006.95689230,12.10000000,3626.00000000000,4.4800000000,0.571000,116.53,5362.00,0.910000,0.890000,2,1
"KMT-2017-BLG-2509L b","KMT-2017-BLG-2509L","Microlensing",2021,664.26137063,13.40000000,,2.1400000000,,,,,0.460000,1,1
"K2-406 b","K2-406","Transit",2022,19.20000000,4.60200000,22.54940600000,,,,5784.00,0.961000,0.798000,1,1
"K2-326 b","K2-326","Transit",2020,5.82000000,2.28000000,1.25600000000,0.0198000000,,1114.00,3924.00,0.688000,0.507000,1,1
"TOI-5153 b","TOI-5153","Transit",2022,1036.12060682,11.88151954,20.33003000000,0.1580000000,0.091000,906.00,6300.00,1.400000,1.240000,1,1
"NGTS-20 b","NGTS-20","Transit",2022,947.12865286,11.99360935,54.18915000000,0.3130000000,0.432000,688.00,5980.00,1.780000,1.470000,1,1
"HD 29021 b","HD 29021","Radial Velocity",2017,1420.69297929,12.90000000,1365.00000000000,2.2940000000,0.453000,163.20,5560.00,0.850000,0.860000,1,1
"KMT-2021-BLG-0912L b","KMT-2021-BLG-0912L","Microlensing",2022,2.81000000,1.49000000,,3.1400000000,,,,,0.800000,1,1
"K2-407 c","K2-407","Transit",2022,2.42000000,1.36000000,9.22453000000,,,,5563.00,0.927000,0.881000,1,2
"K2-199 b","K2-199","Transit",2018,6.90000000,1.73000000,3.22539930000,0.0382000000,0.020000,913.00,4491.00,0.682000,0.711000,1,2
"Ross 508 b","Ross 508","Radial Velocity",2022,4.00000000,1.83000000,10.77000000000,0.0536600000,0.330000,293.86,3071.00,0.211300,0.177400,1,1
"K2-387 b","K2-387","Transit",2022,42.20000000,7.32200000,28.73532700000,,,,3572.00,0.585000,0.570000,1,1
"K2-374 b","K2-374","Transit",2022,3.16000000,1.59300000,4.52195300000,,,,5789.00,0.907000,0.731000,1,2
"HD 136118 b","HD 136118","Radial Velocity",2022,4164.18778851,12.30000000,1187.59765000000,2.3270000000,0.344000,249.62,6097.00,1.677540,1.180000,1,1
"HD 140901 b","HD 140901","Radial Velocity",2022,15.57359194,4.07000000,9.02378000000,0.0850000000,0.472000,904.37,5610.00,0.950000,0.990000,1,2
"HD 93351 c","HD 93351","Radial Velocity",2022,4154.01727949,12.30000000,14010.29410000000,11.1540000000,0.109000,74.54,5408.00,0.911435,0.940000,1,2
"GJ 2030 b","GJ 2030","Radial Velocity",2022,4.76742611,2.03000000,2.38129000000,0.0340000000,0.239000,2147.31,5485.00,2.241040,0.960000,1,2
"TOI-2570 b","TOI-2570","Transit",2022,260.61929374,13.64132951,2.98876150000,0.0414500000,0.000000,1431.00,5771.00,1.095000,1.063000,1,1
"HD 113337 b","HD 113337","Radial Velocity",2013,1035.80277841,13.10000000,317.58639000000,1.0220000000,0.280000,395.73,6774.00,1.500000,1.410000,3,2
"HIP 97233 b","HIP 97233","Radial Velocity",2014,6098.17364511,12.10000000,1062.26506000000,2.4910000000,0.630000,354.42,5020.00,5.340000,1.810000,1,1
"HD 144899 b","HD 144899","Radial Velocity",2022,20.34101805,4.77000000,40.43914000000,0.2420000000,0.821000,770.87,6126.00,1.648020,1.160000,1,1
"HD 142 A d","HD 142","Radial Velocity",2022,82.63538582,10.90000000,108.45299000000,0.4740000000,0.130000,530.32,6245.00,1.470000,1.210000,2,3
"GJ 2030 c","GJ 2030","Radial Velocity",2022,4069.15709482,12.30000000,25533.11353000000,16.7610000000,0.041000,96.71,5485.00,2.241040,0.960000,1,2
"GJ 3222 b","GJ 3222","Radial Velocity",2022,11.44182265,3.40000000,10.66669000000,0.0910000000,0.929000,811.06,5257.46,0.931389,0.890000,2,1
"GJ 680 b","GJ 680","Radial Velocity",2022,7977.49301570,12.00000000,17281.66514000000,10.1380000000,0.381000,36.57,3563.00,0.459330,0.456000,2,1
"TOI-3540 A b","TOI-3540 A","Transit",2022,375.03752026,23.53885947,3.11999900000,0.0428900000,0.000000,1498.00,5810.00,1.228000,1.081000,2,1
"TOI-3331 A b","TOI-3331 A","Transit",2022,721.47048389,12.97999965,2.01802310000,0.0314400000,0.000000,1488.00,5609.00,0.952000,1.016000,2,1
"TOI-3693 b","TOI-3693","Transit",2022,324.18497514,12.59889431,9.08851600000,0.0813000000,0.000000,801.00,5321.00,0.791000,0.867000,1,1
"HD 145934 b","HD 145934","Radial Velocity",2015,658.54045930,13.40000000,2751.53433000000,4.8900000000,0.078000,276.92,4823.75,6.930587,2.058000,1,1
"HD 151450 b","HD 151450","Radial Velocity",2022,38.45723725,6.94000000,21.89288000000,0.1600000000,0.496000,795.00,6091.98,1.171840,1.140000,1,2
"HD 149806 b","HD 149806","Radial Velocity",2022,4003.68444298,12.30000000,16521.52778000000,12.4040000000,0.357000,69.13,5352.05,0.890000,0.930000,1,1
"HD 151450 c","HD 151450","Radial Velocity",2022,1636.18063924,12.80000000,18144.76236000000,14.1310000000,0.138000,84.59,6091.98,1.171840,1.140000,1,2
"HD 115404 A b","HD 115404 A","Radial Velocity",2022,30.82935548,6.09000000,10.49488000000,0.0880000000,0.232000,695.65,5019.17,0.727007,0.830000,1,2
"TOI-2196 b","TOI-2196","Transit",2022,26.00000000,3.51000000,1.19472680000,0.0223400000,0.000000,1860.00,5634.00,1.043000,1.032000,1,1
"HD 191806 b","HD 191806","Radial Velocity",2016,2966.61035094,12.50000000,1603.38923000000,2.7490000000,0.213000,206.98,6010.00,1.402230,1.070000,1,1
"HD 153557 c","HD 153557","Radial Velocity",2022,17.48056238,4.36000000,15.27018000000,0.1110000000,0.511000,604.33,4837.00,0.745171,0.790000,1,3
"HD 153557 d","HD 153557","Radial Velocity",2022,8725.66108578,11.90000000,40654.64809000000,21.4490000000,0.152000,43.47,4837.00,0.745171,0.790000,1,3
"HD 12235 c","HD 12235","Radial Velocity",2022,3135.69506346,12.50000000,36336.70679000000,22.2100000000,0.174000,82.22,5986.00,1.801850,1.100000,1,2
"HD 56414 b","HD 56414","Transit",2022,13.30000000,3.71000000,29.04992000000,0.2290000000,0.680000,1133.00,8500.00,1.751000,1.890000,1,1
"GJ 896 A b","GJ 896 A","Astrometry",2022,718.29219982,13.30000000,284.39000000000,0.6396500000,0.350000,126.70,3345.00,0.394682,0.435990,2,1
"GJ 676 A c","GJ 676 A","Radial Velocity",2016,4288.14086724,12.30000000,13921.42302000000,9.7260000000,0.295000,47.96,3734.00,0.690000,0.626000,2,4
"HD 219828 c","HD 219828","Radial Velocity",2016,5102.41724598,12.20000000,4789.87297000000,5.6570000000,0.811000,149.17,5891.00,1.560000,1.040000,1,2
"HD 72892 b","HD 72892","Radial Velocity",2016,1737.88572948,12.80000000,39.44603000000,0.2280000000,0.419000,634.46,5688.00,1.220000,1.010000,1,1
"HD 155918 b","HD 155918","Radial Velocity",2022,7.62788177,2.67000000,1.87567000000,0.0300000000,0.194000,1622.13,5771.84,1.019060,1.030000,1,2
"TOI-2048 b","TOI-2048","Transit",2022,7.32000000,2.61000000,13.79019000000,,0.130000,646.00,5185.00,0.790000,0.830000,1,1
"HD 111232 b","HD 111232","Radial Velocity",2003,2531.50326176,12.60000000,1169.13202000000,2.1480000000,0.214000,172.05,5512.00,0.900000,0.960000,1,2
"HD 10697 b","HD 10697","Radial Velocity",1999,1825.28854140,12.80000000,1075.37990000000,2.0510000000,0.104000,259.25,5641.00,1.863076,0.990000,1,1
"HD 125612 b","HD 125612","Radial Velocity",2007,945.22168242,13.20000000,557.69994000000,1.3490000000,0.446000,253.38,5900.00,1.070000,1.050000,2,3
"HIP 67537 b","HIP 67537","Radial Velocity",2017,4309.11754211,12.30000000,2523.64713000000,4.8070000000,0.586000,323.20,4985.00,8.690000,2.316000,1,1
"HD 156098 c","HD 156098","Radial Velocity",2022,1661.60691180,12.80000000,7841.58390000000,8.4150000000,0.391000,177.18,6419.19,2.757160,1.290000,1,2
"HD 156098 b","HD 156098","Radial Velocity",2022,15.89142035,4.12000000,21.85849000000,0.1670000000,0.109000,1257.73,6419.19,2.757160,1.290000,1,2
"HD 168863 b","HD 168863","Radial Velocity",2022,2154.87659946,12.70000000,14773.93272000000,10.9610000000,0.187000,63.01,4905.00,0.777826,0.800000,1,1
"HIP 19976 b","HIP 19976","Radial Velocity",2022,21.61233168,4.94000000,50.65905000000,0.2340000000,0.304000,378.10,4316.00,0.772319,0.670000,2,1
"HD 203387 c","HD 203387","Radial Velocity",2022,2378.94562640,12.60000000,2481.07227000000,5.0670000000,0.202000,360.63,5174.32,10.585200,2.817000,1,2
"HIP 35965 b","HIP 35965","Radial Velocity",2022,2589.98368864,12.60000000,26125.56497000000,15.8980000000,0.138000,48.85,4836.00,0.697551,0.780000,1,1
"HD 125612 c","HD 125612","Radial Velocity",2009,15.57359194,4.07000000,4.15466000000,0.0510000000,0.149000,1303.14,5900.00,1.070000,1.050000,2,3
"HD 125612 d","HD 125612","Radial Velocity",2009,2281.37230545,12.70000000,2822.72698000000,3.9820000000,0.115000,147.48,5900.00,1.070000,1.050000,2,3
"HD 156279 c","HD 156279","Radial Velocity",2016,3098.82696825,12.50000000,4818.25358000000,5.4860000000,0.261000,109.42,5453.00,0.950000,0.940000,1,2
"HD 27894 d","HD 27894","Radial Velocity",2017,2063.65984665,12.70000000,5019.54244000000,5.3620000000,0.343000,95.87,4875.00,0.891767,0.810000,1,3
"HD 181234 b","HD 181234","Radial Velocity",2019,2980.91262925,12.50000000,7593.40512000000,7.4270000000,0.726000,98.09,5386.00,1.059423,0.940000,1,1
"HD 18143 b","HD 18143","Radial Velocity",2022,10.80616584,3.28000000,10.28510000000,0.0880000000,0.224000,769.92,5078.00,0.870000,0.850000,1,2
"HIP 948 b","HIP 948","Radial Velocity",2022,6547.26518420,12.10000000,24955.45756000000,15.0370000000,0.230000,46.40,4497.00,0.688488,0.710000,1,1
"HD 139357 b","HD 139357","Radial Velocity",2008,6315.56827550,12.10000000,1124.79139000000,2.9490000000,0.099000,446.97,4700.00,11.470000,2.690000,1,1
"HD 25015 b","HD 25015","Radial Velocity",2019,2884.92845034,12.50000000,6134.42700000000,6.2480000000,0.341000,90.69,5160.00,0.830000,0.860000,1,1
"HD 188641 b","HD 188641","Radial Velocity",2022,9333.03117155,11.90000000,14583.81038000000,12.0270000000,0.034000,114.36,5897.32,1.944920,1.070000,1,1
"HD 168443 b","HD 168443","Radial Velocity",1998,2424.39508860,12.60000000,58.11187000000,0.2920000000,0.530000,641.03,5491.00,1.711479,0.980000,1,2
"HD 156279 b","HD 156279","Radial Velocity",2011,2997.75753482,12.50000000,133.40355000000,0.5020000000,0.647000,361.73,5453.00,0.950000,0.940000,1,2
"HD 168443 c","HD 168443","Radial Velocity",2000,5500.33841154,12.20000000,1753.10960000000,2.8420000000,0.210000,205.47,5491.00,1.711479,0.980000,1,2
"GJ 229 A c","GJ 229","Radial Velocity",2020,8.58136699,2.87000000,121.93268000000,0.3840000000,0.366000,188.10,3564.00,0.460000,0.509000,3,2
"HD 81817 b","HD 81817","Radial Velocity",2020,7668.56380410,12.00000000,1021.20159000000,3.2330000000,0.097000,1016.37,4140.00,83.800000,4.300000,1,2
"HD 204313 e","HD 204313","Radial Velocity",2022,4868.17771002,12.20000000,7325.64666000000,7.4570000000,0.253000,106.81,5767.00,1.100000,1.030000,1,3
"HD 169830 c","HD 169830","Radial Velocity",2003,2437.42605328,12.60000000,1818.82339000000,3.0750000000,0.246000,241.03,6300.00,1.935709,1.170000,1,2
"HIP 56640 b","HIP 56640","Radial Velocity",2021,2151.69831539,12.70000000,2675.57603000000,4.5500000000,0.118000,239.37,4769.00,4.930000,1.750000,1,1
"HD 213519 b","HD 213519","Radial Velocity",2022,9.21702380,2.99000000,11.12214000000,0.0990000000,0.413000,931.36,5840.00,1.082870,1.050000,1,1
"HD 217786 c","HD 217786","Radial Velocity",2022,7.31005336,2.61000000,2.52221000000,0.0380000000,0.399000,1663.13,5966.00,1.270000,1.140000,2,2
"TOI-3629 b","TOI-3629","Transit",2022,82.63538582,8.29464572,3.93655100000,0.0430000000,0.050000,690.00,3870.00,0.600000,0.630000,1,1
"HD 183263 c","HD 183263","Radial Velocity",2008,2958.98246917,12.50000000,4667.97841000000,5.5850000000,0.051000,134.60,5948.00,1.230000,1.060000,1,2
"HD 66428 c","HD 66428","Radial Velocity",2021,560.64930995,13.50000000,10478.84437000000,9.4080000000,0.207000,95.52,5716.00,1.130000,1.010000,1,2
"HD 80869 b","HD 80869","Radial Velocity",2021,1609.80088146,12.80000000,1752.92067000000,2.9050000000,0.924000,203.20,5837.00,1.062000,1.060000,1,1
"HD 25912 b","HD 25912","Radial Velocity",2022,38.13940884,6.90000000,41.83156000000,0.2420000000,0.050000,579.16,5920.58,0.995896,1.080000,1,2
"HD 217958 b","HD 217958","Radial Velocity",2022,166.54208527,14.20000000,2560.19774000000,3.7580000000,0.156000,169.89,5930.64,1.326190,1.080000,1,1
"HD 25912 c","HD 25912","Radial Velocity",2022,5252.75008249,12.20000000,26308.65619000000,17.8480000000,0.051000,67.44,5920.58,0.995896,1.080000,1,2
"HD 109988 b","HD 109988","Radial Velocity",2022,6935.33366915,12.10000000,17132.15854000000,12.5180000000,0.056000,65.91,5185.97,0.869694,0.880000,1,1
"HD 28192 b","HD 28192","Radial Velocity",2022,99.79811980,12.20000000,14.23283000000,0.1180000000,0.104000,859.98,5919.87,1.070940,1.080000,1,1
"HD 43197 c","HD 43197","Radial Velocity",2022,2500.67390628,12.60000000,9295.97350000000,8.5400000000,0.149000,90.89,5508.00,1.000000,0.960000,1,2
"HD 38529 b","HD 38529","Radial Velocity",2000,206.58846455,14.10000000,14.30990000000,0.1150000000,0.256000,1369.46,5697.00,2.857838,0.980000,2,2
"HD 38529 c","HD 38529","Radial Velocity",2000,3299.05886466,12.50000000,2127.60566000000,3.2260000000,0.357000,258.56,5697.00,2.857838,0.980000,2,2
"HD 110537 b","HD 110537","Radial Velocity",2022,8612.83200129,11.90000000,24469.67342000000,16.7140000000,0.401000,72.83,5718.00,1.166260,1.020000,1,1
"HD 56957 b","HD 56957","Radial Velocity",2022,1880.90851263,12.80000000,5859.08992000000,6.4260000000,0.273000,145.67,5743.00,1.777930,1.030000,1,1
"HD 62364 c","HD 62364","Radial Velocity",2022,7923.46218651,12.00000000,74839.94555000000,36.9840000000,0.773000,58.70,6255.00,1.401000,1.190000,1,2
"TOI-712 c","TOI-712","Transit",2022,7.76000000,2.70100000,51.69906000000,0.2447000000,0.089000,369.90,4622.00,0.674000,0.732000,1,3
"TOI-712 d","TOI-712","Transit",2022,6.68000000,2.47400000,84.83960000000,0.3405000000,0.073000,313.60,4622.00,0.674000,0.732000,1,3
"HD 43197 b","HD 43197","Radial Velocity",2010,175.75910907,14.20000000,308.92072000000,0.8820000000,0.742000,282.81,5508.00,1.000000,0.960000,1,2
"HD 4113 b","HD 4113","Radial Velocity",2007,541.26177712,13.50000000,526.52390000000,1.2800000000,0.899000,251.65,5688.00,1.077514,1.008000,3,1
"HD 111232 c","HD 111232","Radial Velocity",2022,5740.93451564,12.20000000,26472.44623000000,17.2500000000,0.558000,60.71,5512.00,0.900000,0.960000,1,2
"HD 62549 b","HD 62549","Radial Velocity",2022,2707.58019923,12.60000000,14306.88519000000,11.8420000000,0.150000,92.25,5930.46,1.232270,1.080000,1,1
"TOI-1452 b","TOI-1452","Transit",2022,4.82000000,1.67200000,11.06201000000,0.0610000000,0.000000,326.00,3185.00,0.275000,0.249000,2,1
"KMT-2021-BLG-0171L b","KMT-2021-BLG-0171L","Microlensing",2022,11.20000000,3.35000000,,3.5000000000,,,5200.00,,0.780000,1,1
"HD 73267 b","HD 73267","Radial Velocity",2008,1321.53051631,13.00000000,1257.99159000000,2.2290000000,0.261000,165.89,5387.00,0.909000,0.930000,1,2
"HD 11505 b","HD 11505","Radial Velocity",2022,2510.52658689,12.60000000,32669.22247000000,20.2470000000,0.144000,67.46,5757.15,1.195680,1.030000,1,1
"HD 80913 b","HD 80913","Radial Velocity",2022,7505.20000290,12.00000000,10839.83341000000,9.9500000000,0.313000,118.23,6013.24,1.654200,1.110000,1,1
"HD 81817 c","HD 81817","Radial Velocity",2022,7185.78245386,12.00000000,622.97802000000,2.3250000000,0.095000,1198.52,4140.00,83.800000,4.300000,1,2
"TOI-2207 b","TOI-2207","Transit",2022,203.41018048,11.15293580,8.00196800000,0.0854000000,0.174000,1259.00,6101.00,1.564000,1.296000,1,1
"HD 86264 b","HD 86264","Radial Velocity",2009,3117.26101586,12.50000000,1488.79123000000,2.7630000000,0.821000,247.01,6210.00,1.880000,1.260000,1,1
"HD 7449 b","HD 7449","Radial Velocity",2011,2597.92939882,12.60000000,1270.55195000000,2.4380000000,0.752000,183.23,6024.00,0.970000,1.196000,2,1
"HD 8673 b","HD 8673","Radial Velocity",2009,4210.59073594,12.30000000,1644.69097000000,2.9700000000,0.730000,219.11,6389.05,1.502250,1.280000,2,1
"HD 127506 b","HD 127506","Radial Velocity",2022,27.33324300,5.67000000,65.78395000000,0.2870000000,0.240000,354.80,4595.32,0.735766,0.730000,1,1
"HD 135872 b","HD 135872","Radial Velocity",2022,1744.56012602,12.80000000,2422.32597000000,4.1720000000,0.164000,233.64,4992.00,3.930380,1.646000,1,1
"HD 86065 b","HD 86065","Radial Velocity",2022,2877.30056857,12.50000000,25775.78859000000,15.9470000000,0.219000,52.56,4927.56,0.780347,0.810000,1,1
"HD 88072 b","HD 88072","Radial Velocity",2022,2511.79790052,12.60000000,18538.79293000000,13.8950000000,0.156000,76.03,5785.33,1.032000,1.040000,1,1
"HD 93351 b","HD 93351","Radial Velocity",2022,3.49611248,1.69000000,2.45946000000,0.0350000000,0.549000,1330.76,5408.00,0.911435,0.940000,1,2
"TOI-2421 b","TOI-2421","Transit",2022,105.83685953,10.36830715,4.34740320000,0.0543000000,0.000000,1534.00,5607.00,1.750000,1.131000,1,1
"HD 142 c","HD 142","Radial Velocity",2012,3464.64746471,12.40000000,10159.64279000000,9.8110000000,0.277000,116.56,6245.00,1.470000,1.210000,2,3
"TOI-2583 A b","TOI-2583 A","Transit",2023,79.45710175,14.45958510,4.52072650000,0.0571000000,0.000000,1456.00,5936.00,1.477000,1.215000,2,1
"OGLE-2018-BLG-1119L b","OGLE-2018-BLG-1119L","Microlensing",2022,289.22385037,13.90000000,,4.0600000000,,,,,0.480000,1,1
"KMT-2021-BLG-1554L b","KMT-2021-BLG-1554L","Microlensing",2022,38.13940884,6.90000000,,0.7200000000,,,,,0.080000,1,1
"TOI-2796 b","TOI-2796","Transit",2023,139.84449908,17.26183028,4.80849830000,0.0569000000,0.000000,1205.00,5764.00,1.069000,1.063000,1,1
"TOI-2096 b","TOI-2096","Transit",2023,2.08000000,1.24300000,3.11906330000,0.0250000000,0.150000,445.00,3300.00,0.235000,0.231000,1,2
"KMT-2021-BLG-1898L b","KMT-2021-BLG-1898L","Microlensing",2022,232.01473711,14.00000000,,1.9000000000,,,,,0.480000,1,1
"GJ 338 B b","GJ 338 B","Radial Velocity",2020,10.60000000,3.25000000,24.42200000000,0.1420000000,0.109000,391.00,4014.00,0.580000,0.640000,2,1
"TOI-2842 b","TOI-2842","Transit",2023,117.59651059,12.84549188,3.55140580000,0.0475000000,0.000000,1471.00,5910.00,1.265000,1.135000,1,1
"TOI-4603 b","TOI-4603","Transit",2023,4096.80816623,11.67975789,7.24599000000,0.0888000000,0.325000,1677.00,6264.00,2.738000,1.765000,1,1
"KMT-2021-BLG-0712L b","KMT-2021-BLG-0712L","Microlensing",2023,38.19000000,6.91000000,,2.2200000000,,,,,0.220000,1,1
"KMT-2021-BLG-0909L b","KMT-2021-BLG-0909L","Microlensing",2023,400.46379282,13.70000000,,1.7500000000,,,,,0.380000,1,1
"MASCARA-1 b","MASCARA-1","Transit",2017,1175.97100000,17.90074218,2.14877381000,0.0403520000,0.000340,2594.30,7490.00,2.082000,1.900000,1,1
"K2-38 b","K2-38","Transit",2016,7.30000000,1.54000000,4.01593000000,0.0499400000,0.197000,1266.00,5731.00,1.060000,1.030000,1,2
"TOI-3364 b","TOI-3364","Transit",2023,530.77343969,12.22899794,5.87689180000,0.0675000000,0.000000,1264.00,5706.00,1.419000,1.186000,1,1
"KMT-2021-BLG-2478L b","KMT-2021-BLG-2478L","Microlensing",2023,286.04556630,13.90000000,,1.8500000000,,,,,0.200000,1,1
"KMT-2021-BLG-1105L b","KMT-2021-BLG-1105L","Microlensing",2023,413.17692910,13.60000000,,3.5400000000,,,,,0.630000,1,1
"K2-414 b","K2-414","Transit",2022,1.98000000,1.21900000,4.36960000000,0.0487000000,,811.92,4343.00,0.732000,0.814000,1,2
"TOI-4582 b","TOI-4582","Transit",2023,168.44905571,10.53644186,31.03400000000,,0.510000,614.66,5190.00,2.500000,1.340000,1,1
"TOI-3688 A b","TOI-3688 A","Transit",2023,311.47183886,13.08088048,3.24607500000,0.0456000000,0.000000,1534.00,5950.00,1.302000,1.199000,2,1
"TOI-942 c","TOI-942","Transit",2020,37.00000000,4.67000000,10.15627200000,0.0859800000,0.320000,772.63,4969.00,0.894000,0.822000,1,2
"TOI-733 b","TOI-733","Transit",2023,5.72000000,1.99200000,4.88476500000,0.0618000000,0.046000,1055.80,5585.00,0.949000,0.956000,1,1
"Kepler-20 c","Kepler-20","Transit",2011,11.10000000,2.89400000,10.85407740000,0.0936000000,0.076000,828.00,5495.00,0.916400,0.929000,2,6
"HIP 21152 b","HIP 21152","Imaging",2022,7627.88176800,12.00000000,22000.00000000000,17.0000000000,0.360000,1300.00,6655.00,1.591860,1.400000,2,1
"OGLE-2019-BLG-0468L c","OGLE-2019-BLG-0468L","Microlensing",2022,3248.20631954,12.50000000,,2.7700000000,,,,,0.920000,1,2
"OGLE-2019-BLG-0468L b","OGLE-2019-BLG-0468L","Microlensing",2022,1090.15143601,13.10000000,,3.2900000000,,,,,0.920000,1,2
"TOI-3976 A b","TOI-3976 A","Transit",2023,55.61997123,12.27383387,6.60766200000,0.0743000000,0.000000,1295.00,5975.00,1.501000,1.254000,2,1
"KMT-2017-BLG-1003L b","KMT-2017-BLG-1003L","Microlensing",2023,5.19000000,2.13000000,,1.3800000000,,,,,0.320000,1,1
"TOI-4087 b","TOI-4087","Transit",2023,232.01473711,13.04725353,3.17748350000,0.0446900000,0.000000,1458.00,6060.00,1.112000,1.178000,1,1
"TOI-942 b","TOI-942","Transit",2020,826.35800000,3.89000000,4.32421000000,0.0486600000,0.340000,1120.00,4969.00,0.894000,0.822000,1,2
"KMT-2021-BLG-0240L b","KMT-2021-BLG-0240L","Microlensing",2022,66.74396547,9.60000000,,2.8000000000,,,,,0.560000,1,1
"KMT-2017-BLG-0673L b","KMT-2017-BLG-0673L","Microlensing",2022,1166.43025369,13.00000000,,2.3400000000,,,,,0.630000,1,1
"KMT-2019-BLG-1367L b","KMT-2019-BLG-1367L","Microlensing",2023,4.08000000,1.85000000,,1.7000000000,,,,,0.250000,1,1
"OGLE-2017-BLG-1806L b","OGLE-2017-BLG-1806L","Microlensing",2023,5.27000000,2.15000000,,1.7500000000,,,,,0.380000,1,1
"TOI-4791 b","TOI-4791","Transit",2023,734.18362017,12.44196858,4.28088000000,0.0555000000,0.000000,1472.00,6058.00,1.409000,1.242000,1,1
"EPIC 229004835 b","EPIC 229004835","Transit",2023,10.40000000,2.33200000,16.14113200000,0.1237000000,0.230000,804.00,5868.00,0.999000,0.970000,1,1
"OGLE-2019-BLG-1053L b","OGLE-2019-BLG-1053L","Microlensing",2021,2.48000000,1.38000000,,3.4000000000,,,,,0.610000,1,1
"KMT-2019-BLG-2974L b","KMT-2019-BLG-2974L","Microlensing",2022,88.99195396,11.40000000,,2.0000000000,,,,,0.470000,1,1
"OGLE-2019-BLG-1470L AB c","OGLE-2019-BLG-1470L A","Microlensing",2022,699.22249540,13.30000000,,3.2000000000,,,,,0.570000,2,1
"HD 23472 b","HD 23472","Transit",2019,8.32000000,2.00000000,17.66708700000,0.1162000000,0.072000,543.00,4684.00,0.710000,0.670000,1,5
"HD 191939 c","HD 191939","Transit",2020,8.00000000,3.19500000,28.57974300000,0.1752000000,0.034000,600.00,5348.00,0.940000,0.810000,1,6
"OGLE-2018-BLG-0506L b","OGLE-2018-BLG-0506L","Microlensing",2022,16.30000000,4.18000000,,3.0000000000,,,,,0.630000,1,1
"TIC 279401253 b","TIC 279401253","Transit",2023,1951.46641898,11.20898070,76.80000000000,0.3690000000,0.448000,486.37,5951.00,1.060000,1.130000,1,2
"HD 23472 c","HD 23472","Transit",2019,3.41000000,1.87000000,29.79749000000,0.1646000000,0.063000,467.00,4684.00,0.710000,0.670000,1,5
"HD 23472 f","HD 23472","Transit",2022,0.77000000,1.13700000,12.16218390000,0.0906000000,0.070000,630.00,4684.00,0.710000,0.670000,1,5
"OGLE-2019-BLG-1492L b","OGLE-2019-BLG-1492L","Microlensing",2022,37.10000000,6.79000000,,2.7000000000,,,,,0.680000,1,1
"TIC 279401253 c","TIC 279401253","Transit",2023,2548.98382414,12.60000000,155.30000000000,0.5910000000,0.254000,384.31,5951.00,1.060000,1.130000,1,2
"TOI-1811 b","TOI-1811","Transit",2023,308.92921160,11.14172682,3.71307650000,0.0438900000,0.052000,962.20,4766.00,0.769000,0.817000,1,1
"HD 23472 d","HD 23472","Transit",2022,0.55000000,0.75000000,3.97664000000,0.0429800000,0.070000,909.00,4684.00,0.710000,0.670000,1,5
"HD 23472 e","HD 23472","Transit",2022,0.72000000,0.81800000,7.90754000000,0.0680000000,0.070000,723.00,4684.00,0.710000,0.670000,1,5
"HATS-54 b","HATS-54","Transit",2019,239.32479047,11.37711541,2.54417650000,0.0370000000,0.000000,1429.00,5621.00,1.230000,1.050000,1,1
"HD 45364 c","HD 45364","Radial Velocity",2008,174.48779544,14.20000000,345.43000000000,0.9020000000,0.019000,261.82,5466.00,0.890000,0.820000,1,2
"KMT-2021-BLG-1253L b","KMT-2021-BLG-1253L","Microlensing",2022,19.05000000,4.59000000,,1.5200000000,,,,,0.240000,1,1
"TOI-2152 A b","TOI-2152","Transit",2023,899.45439181,14.35870428,3.37735120000,0.0506400000,0.057000,1802.00,6630.00,1.612000,1.516000,3,1
"NGTS-23 b","NGTS-23","Transit",2022,194.82881349,14.20177855,4.07643260000,0.0504000000,0.000000,1327.00,6057.00,1.240000,1.010000,1,1
"NGTS-24 b","NGTS-24","Transit",2022,165.27077164,13.60770257,3.46787960000,0.0479000000,0.000000,1499.00,5820.00,1.640000,1.260000,1,1
"NGTS-25 b","NGTS-25","Transit",2022,203.09235207,11.46678726,2.82309300000,0.0388000000,0.000000,1101.00,5321.00,0.860000,0.910000,1,1
"KMT-2021-BLG-1372L b","KMT-2021-BLG-1372L","Microlensing",2022,61.27000000,9.12000000,,2.3700000000,,,,,0.420000,1,1
"TOI-2497 b","TOI-2497","Transit",2023,1531.93292174,11.14172682,10.65566900000,0.1166000000,0.195000,1595.00,7360.00,2.360000,1.859000,1,1
"TOI-5542 b","TOI-5542","Transit",2022,419.53349724,11.30986153,75.12375000000,0.3320000000,0.018000,441.00,5700.00,1.058000,0.890000,1,1
"TOI-2338 b","TOI-2338","Transit",2023,1900.61387386,11.20898070,22.65398000000,0.1580000000,0.676000,799.00,5581.00,1.050000,0.990000,1,1
"KMT-2021-BLG-1077L b","KMT-2021-BLG-1077L","Microlensing",2022,69.92224954,9.86000000,,1.2600000000,,,,,0.140000,1,2
"PZ Tel b","PZ Tel","Imaging",2023,8581.36698900,11.90000000,44000.00000000000,27.0000000000,0.520000,53.77,5169.00,1.256460,1.360000,1,1
"KMT-2018-BLG-0030L b","KMT-2018-BLG-0030L","Microlensing",2022,460.85119015,13.60000000,,4.3900000000,,,,,0.510000,1,1
"MOA-2020-BLG-135L b","MOA-2020-BLG-135L","Microlensing",2022,11.30000000,3.37000000,,1.1100000000,,,,,0.230000,1,1
"TOI-2364 b","TOI-2364","Transit",2023,71.51139158,8.60849718,4.01975170000,0.0487100000,0.000000,1091.00,5306.00,0.886000,0.954000,1,1
"OGLE-2018-BLG-0298L b","OGLE-2018-BLG-0298L","Microlensing",2022,44.49597698,7.56000000,,2.8600000000,,,,,0.690000,1,1
"TOI-969 c","TOI-969","Radial Velocity",2022,3591.46099910,12.40000000,1700.00000000000,2.5200000000,0.628000,96.40,4435.00,0.671000,0.734000,1,2
"OGLE-2006-BLG-284L A b","OGLE-2006-BLG-284L A","Microlensing",2020,144.00000000,14.30000000,,2.1700000000,,,,,0.350000,2,1
"K2-3 d","K2-3","Transit",2015,2.20000000,1.45800000,44.55603000000,0.2014000000,0.091000,305.20,3844.00,0.546000,0.549000,1,3
"K2-3 c","K2-3","Transit",2015,2.68000000,1.58200000,24.64672900000,0.1357000000,0.048000,371.80,3844.00,0.546000,0.549000,1,3
"HD 111998 b","HD 111998","Radial Velocity",2016,1525.57635360,12.90000000,810.00000000000,1.9100000000,0.130000,275.49,6557.00,1.450000,1.400000,1,1
"HIP 70849 b","HIP 70849","Radial Velocity",2011,1430.22783150,12.90000000,3649.00000000000,3.9900000000,0.650000,78.85,4105.00,0.633112,0.650000,2,1
"HD 114783 c","HD 114783","Radial Velocity",2016,603.87397330,13.40000000,4352.00000000000,5.0000000000,0.050000,101.53,5135.00,0.840622,0.900000,1,2
"Kepler-409 b","Kepler-409","Transit",2014,6.00000000,1.19900000,68.95832160000,0.3192000000,0.690000,438.00,5421.00,0.897000,0.913000,1,1
"Kepler-20 f","Kepler-20","Transit",2011,1.40000000,0.95200000,19.57832800000,0.1387000000,0.094000,681.00,5495.00,0.916400,0.929000,2,6
"KMT-2022-BLG-0440L b","KMT-2022-BLG-0440L","Microlensing",2023,15.40000000,4.05000000,,1.9000000000,,,,,0.530000,1,1
"TOI-411 c","HD 22946","Transit",2022,9.72000000,2.32800000,9.57308300000,0.1017000000,0.160000,931.00,6169.00,1.117000,1.098000,1,3
"HD 140901 c","HD 140901","Radial Velocity",2022,572.09113260,13.40000000,14386.00000000000,11.8000000000,0.770000,76.76,5610.00,0.950000,1.060000,1,2
"Kepler-102 c","Kepler-102","Transit",2014,1.70000000,0.56700000,7.07139200000,0.0670200000,0.094000,777.00,4909.00,0.724000,0.803000,1,5
"K2-416 b","K2-416","Transit",2023,1652.70771640,2.66000000,13.10200000000,0.0880000000,,447.00,3746.00,0.554000,0.548000,1,1
"TOI-411 b","HD 22946","Transit",2022,13.71000000,1.36200000,4.04029500000,0.0572700000,0.126000,1241.00,6169.00,1.117000,1.098000,1,3
"HIP 54597 b","HIP 54597","Radial Velocity",2023,762.78817680,13.30000000,3274.00000000000,4.0000000000,0.030000,94.00,4799.00,0.660000,0.800000,1,1
"HD 75302 b","HD 75302","Radial Velocity",2023,1716.27339780,12.80000000,4356.00000000000,5.3000000000,0.390000,115.76,5697.46,0.940904,1.060000,1,1
"Kepler-68 c","Kepler-68","Transit",2013,1.30000000,0.97900000,9.60502700000,0.0900800000,0.099000,1052.00,5847.00,1.256400,1.057000,2,4
"MOA-2020-BLG-208L b","MOA-2020-BLG-208L","Microlensing",2023,46.00000000,7.71000000,,2.7400000000,,,,,0.430000,1,1
"HD 15906 b","HD 15906","Transit",2023,5.65000000,2.24000000,10.92470900000,0.0900000000,0.110000,668.00,4757.00,0.762000,0.790000,1,2
"HIP 81208 C b","HIP 81208 C","Imaging",2023,4703.86042360,12.30000000,104100.00000000000,23.0400000000,,2050.00,,,0.135000,3,1
"HD 108202 b","HD 108202","Radial Velocity",2023,953.48522100,13.10000000,2990.00000000000,3.7000000000,0.520000,93.04,4556.03,0.663550,0.740000,1,1
"Kepler-323 b","Kepler-323","Transit",2014,3.90000000,1.38100000,1.67832800000,0.0277800000,0.095000,1838.00,6004.00,1.120000,1.015000,1,2
"HD 15906 c","HD 15906","Transit",2023,8.91000000,2.93000000,21.58329800000,0.1410000000,0.040000,532.00,4757.00,0.762000,0.790000,1,2
"TOI-622 b","TOI-622","Transit",2023,96.30200732,9.23620010,6.40251300000,0.0708000000,0.420000,1388.00,6400.00,1.415000,1.313000,1,1
"TOI-4201 b","TOI-4201","Transit",2023,788.21444936,13.67495645,3.58191940000,0.0400000000,0.041000,725.00,3794.00,0.630000,0.610000,1,1
"HD 99492 b","HD 99492","Radial Velocity",2004,25.50000000,5.44000000,17.05030000000,0.1200000000,0.034000,622.27,4929.00,0.822539,0.850000,2,2
"Kepler-454 b","Kepler-454","Transit",2015,5.40000000,2.37000000,10.57375340000,0.0952800000,0.320000,916.00,5687.00,1.066000,1.030000,2,3
"Kepler-109 b","Kepler-109","Transit",2014,4.90000000,2.49000000,6.48163070000,0.0701000000,0.110000,1276.00,5950.00,1.387000,1.094000,1,2
"GJ 1252 b","GJ 1252","Transit",2020,1.32000000,1.19300000,0.51823310000,0.0091500000,0.000000,1090.00,3458.00,0.391000,0.381000,1,1
"HAT-P-2 c","HAT-P-2","Radial Velocity",2023,3400.76395490,12.40000000,8500.00000000000,,0.370000,,6412.00,1.416000,1.330000,1,2
"TOI-4600 b","TOI-4600","Transit",2023,959.84178914,6.80000000,82.68690000000,0.3490000000,0.250000,347.00,5170.00,0.810000,0.890000,1,2
"TOI-858 B b","TOI-858 B","Transit",2023,349.61124770,14.06727078,3.27971780000,0.0443500000,0.150000,1529.00,5842.00,1.308000,1.081000,2,1
"K2-36 b","K2-36","Transit",2016,4.30000000,1.43000000,1.42261400000,0.0228800000,0.093000,1328.00,4916.00,0.718000,0.790000,1,2
"K2-36 c","K2-36","Transit",2016,7.90000000,3.20000000,5.34088800000,0.0552800000,0.089000,854.00,4916.00,0.718000,0.790000,1,2
"Kepler-538 b","Kepler-538","Transit",2016,12.90000000,2.21500000,81.73778000000,0.3554000000,0.210000,417.00,5534.00,0.871700,0.892000,2,1
"TOI-1235 b","TOI-1235","Transit",2020,6.69000000,1.69000000,3.44471400000,0.0384500000,0.049000,775.00,3997.00,0.619000,0.630000,1,1
"TOI-1052 b","TOI-1052","Transit",2023,16.90000000,2.87000000,9.13970300000,0.0910300000,0.180000,1135.00,6146.00,1.264000,1.204000,1,2
"K2-110 b","K2-110","Transit",2017,15.90000000,2.59200000,13.86375000000,0.1020700000,0.130000,638.00,5010.00,0.713000,0.738000,1,1
"TOI-2018 b","TOI-2018","Transit",2023,9.20000000,2.26800000,7.43558300000,,0.000000,576.34,4174.00,0.620000,0.570000,1,1
"TOI-1052 c","TOI-1052","Radial Velocity",2023,34.30000000,6.48000000,35.80600000000,0.2263000000,0.237000,719.00,6146.00,1.264000,1.204000,1,2
"TOI-519 b","TOI-519","Transit",2021,147.15455244,11.54525012,1.26523280000,0.0159000000,0.330000,687.00,3322.00,0.350000,0.335000,1,1
"TOI-244 b","TOI-244","Transit",2023,2.68000000,1.52000000,7.39722500000,0.0559000000,,458.00,3433.00,0.426000,0.428000,1,1
"TOI-2084 b","TOI-2084","Transit",2023,6.66000000,2.47000000,6.07842470000,0.0500600000,,527.00,3551.00,0.475000,0.453000,2,1
"TOI-4184 b","TOI-4184","Transit",2023,6.48000000,2.43000000,4.90198040000,0.0336000000,,412.00,3238.00,0.234700,0.210900,1,1
"TOI-470 b","TOI-470","Transit",2023,17.40000000,4.34000000,12.19148000000,0.1190000000,,660.00,5190.00,0.831000,0.870000,1,1
"TOI-1470 b","TOI-1470","Transit",2023,7.32000000,2.18000000,2.52709300000,0.0285000000,0.300000,734.00,3709.00,0.469000,0.471000,1,2
"Kepler-21 b","Kepler-21","Transit",2012,7.50000000,1.63900000,2.78582120000,0.0434000000,0.000000,2015.00,6305.00,1.902000,1.408000,2,1
"Kepler-78 b","Kepler-78","Transit",2013,1.68000000,1.20100000,0.35500745000,0.0090100000,0.000000,2223.00,5058.00,0.747500,0.779000,2,1
"WISE J033605.05-014350.4 b","WISE J033605.05-014350.4","Imaging",2023,2622.08435775,12.60000000,2560.00000000000,0.9700000000,,325.00,415.00,,0.013100,1,1
"OGLE-2018-BLG-1126L b","OGLE-2018-BLG-1126L","Microlensing",2022,17.79839079,4.41000000,,3.2300000000,,,,,0.690000,1,1
"HD 6860 b","HD 6860","Radial Velocity",2023,8981.83078182,11.90000000,663.87000000000,2.0300000000,0.280000,1196.06,3802.00,86.400000,2.490000,1,1
"TOI-1470 c","TOI-1470","Transit",2023,7.24000000,2.47000000,18.08816000000,0.1060000000,0.500000,373.00,3709.00,0.469000,0.471000,1,2
"K2-12 b","K2-12","Transit",2015,5.20000000,2.44000000,8.28246000000,0.0792000000,0.500000,1026.00,5672.00,1.117000,0.965000,1,1
"OGLE-2018-BLG-1212L b","OGLE-2018-BLG-1212L","Microlensing",2022,63.56568140,9.32000000,,1.6800000000,,,,,0.160000,1,1
"GJ 649 b","GJ 649","Radial Velocity",2009,81.99972901,10.80000000,600.10000000000,1.1120000000,0.083000,120.74,3734.00,0.500000,0.510000,1,1
"HD 36384 b","HD 36384","Radial Velocity",2023,2097.66748620,12.70000000,490.00000000000,1.3000000000,0.200000,1032.58,3940.00,38.400000,1.140000,1,1
"K2-2016-BLG-0005L b","K2-2016-BLG-0005L","Microlensing",2023,349.61124770,13.70000000,4700.00000000000,4.1600000000,,,,,0.584000,1,1
"GJ 849 b","GJ 849","Radial Velocity",2006,283.82076745,13.90000000,1925.31000000000,2.3200000000,0.029000,73.63,3467.00,0.450000,0.450000,1,2
"GJ 849 c","GJ 849","Radial Velocity",2014,314.65012293,13.80000000,5990.00000000000,4.9500000000,0.092000,50.41,3467.00,0.450000,0.450000,1,2
"Kepler-68 b","Kepler-68","Transit",2013,8.03000000,2.35700000,5.39875259000,0.0613500000,0.090000,1275.00,5847.00,1.256400,1.057000,2,4
"Kepler-107 d","Kepler-107","Transit",2014,7.70000000,0.86000000,7.95839000000,0.0837700000,0.110000,1173.00,5854.00,1.447000,1.238000,1,4
"TOI-139 b","TOI-139","Transit",2023,6.60000000,2.45660000,11.07085000000,,,561.17,4570.00,0.700700,0.690000,1,1
"HD 62364 b","HD 62364","Radial Velocity",2022,5965.63919939,12.10000000,5138.00000000000,6.1500000000,0.607000,143.96,6255.00,1.401000,1.157000,1,2
"BD-210397 b","BD-210397","Radial Velocity",2023,214.00000000,14.00000000,1891.00000000000,2.6300000000,0.100000,104.11,4051.00,0.747000,0.679000,1,2
"KMT-2022-BLG-0371L b","KMT-2022-BLG-0371L","Microlensing",2023,82.63538582,10.90000000,,3.0200000000,,,,,0.630000,1,1
"WASP-79 b","WASP-79","Transit",2012,270.15414595,17.14974047,3.66239200000,0.0519000000,0.000000,1716.20,6600.00,1.510000,1.390000,1,1
"Kepler-454 d","Kepler-454","Radial Velocity",2023,734.18362017,13.30000000,4073.00000000000,5.1000000000,0.089000,125.37,5687.00,1.066000,1.030000,2,3
"HD 74698 b","HD 74698","Radial Velocity",2023,23.00000000,5.12000000,15.01700000000,0.1210000000,0.100000,925.57,5783.00,1.333000,1.039000,1,2
"HD 74698 c","HD 74698","Radial Velocity",2023,126.00000000,14.00000000,3449.00000000000,4.5000000000,0.200000,151.77,5783.00,1.333000,1.039000,1,2
"GJ 9404 b","GJ 9404","Radial Velocity",2023,11.90000000,3.48000000,13.45860000000,0.0943000000,0.490000,473.50,3811.00,0.626041,0.620000,1,1
"GJ 832 b","GJ 832","Radial Velocity",2008,314.65012293,13.80000000,3853.00000000000,3.7000000000,0.050000,57.84,3472.00,0.441557,0.450000,1,1
"Kepler-323 c","Kepler-323","Transit",2014,6.80000000,1.57000000,3.55382290000,0.0458000000,0.095000,1431.00,6004.00,1.120000,1.015000,1,2
"TOI-5803 b","TOI-5803","Transit",2023,10.70000000,3.27320000,5.38305000000,,,678.87,5134.00,0.762500,0.870000,1,1
"KMT-2019-BLG-1216L b","KMT-2019-BLG-1216L","Microlensing",2023,29.87587026,5.98000000,,2.4400000000,,,,,0.390000,1,1
"TOI-1680 b","TOI-1680","Transit",2023,2.75000000,1.46600000,4.80263450000,0.0314400000,,404.00,3225.00,0.210600,0.179800,1,1
"HD 100777 b","HD 100777","Radial Velocity",2007,390.92894061,13.70000000,383.00000000000,1.0600000000,0.380000,264.28,5533.00,1.040000,1.080000,1,1
"HD 215497 c","HD 215497","Radial Velocity",2009,111.23994245,13.00000000,566.00000000000,1.3100000000,0.470000,198.60,5113.00,0.850000,0.920000,1,2
"Kepler-107 c","Kepler-107","Transit",2014,10.00000000,1.59700000,4.90145200000,0.0606400000,0.080000,1378.00,5854.00,1.447000,1.238000,1,4
"K2-3 b","K2-3","Transit",2015,5.11000000,2.07800000,10.05465350000,0.0747000000,0.107000,501.30,3844.00,0.546000,0.549000,1,3
"Kepler-107 b","Kepler-107","Transit",2014,3.80000000,1.53600000,3.18002180000,0.0454400000,0.100000,1592.00,5854.00,1.447000,1.238000,1,4
"Kepler-122 d","Kepler-122","Transit",2014,5.48000000,2.20000000,21.58747500000,0.1550000000,0.000000,747.00,6050.00,1.216000,0.982000,1,5
"HD 167677 b","HD 167677","Radial Velocity",2023,905.81095995,13.20000000,1820.00000000000,2.8770000000,0.182000,151.90,5474.00,0.952710,0.960000,1,1
"HD 165131 b","HD 165131","Radial Velocity",2023,5943.39121090,12.10000000,2342.60000000000,3.5400000000,0.670800,155.20,5870.00,1.064190,1.060000,1,1
"HIP 39017 b","HIP 39017","Imaging",2024,7500.75040520,12.00000000,31000.00000000000,22.1000000000,0.550000,91.06,7201.00,1.519870,1.520000,1,1
"Kepler-415 c","Kepler-415","Transit",2014,4.70000000,2.01000000,8.70800000000,0.0695000000,0.000000,543.00,4362.00,0.643000,0.670000,1,2
"omi UMa b","omi UMa","Radial Velocity",2012,1160.39151396,13.00000000,1569.81000000000,3.6910000000,0.149000,473.88,5075.00,13.840000,2.720000,2,1
"omi CrB b","omi CrB","Radial Velocity",2012,355.96781584,13.70000000,187.01000000000,0.6990000000,0.105000,947.65,4769.00,11.870000,1.300000,1,1
"TOI-544 b","TOI-544","Transit",2022,2.89000000,2.01800000,1.54835200000,0.0225000000,0.000000,999.00,4169.00,0.623000,0.631000,1,2
"Teegarden's Star d","Teegarden's Star","Radial Velocity",2024,0.82000000,0.95400000,26.13000000000,0.0791000000,0.070000,159.00,3034.00,0.120000,0.097000,1,3
"TOI-782 b","TOI-782","Transit",2024,19.10000000,2.73400000,8.02400150000,0.0578000000,0.190000,435.00,3370.00,0.413000,0.397000,1,1
"HD 4732 c","HD 4732","Radial Velocity",2012,1069.49258955,13.10000000,3184.20000000000,4.7250000000,0.187000,243.69,4898.00,5.030000,1.390000,2,2
"HD 4732 b","HD 4732","Radial Velocity",2012,631.20721630,13.40000000,371.74000000000,1.1290000000,0.266000,498.53,4898.00,5.030000,1.390000,2,2
"ome Ser b","ome Ser","Radial Velocity",2013,233.92170755,14.00000000,278.59000000000,0.8380000000,0.180000,824.94,4724.00,10.990000,1.010000,2,1
"TOI-2010 b","TOI-2010","Transit",2023,408.72733140,11.81426566,141.83402500000,0.5516000000,0.212000,400.20,5929.00,1.079000,1.112000,1,1
"TOI-1273 b","TOI-1273","Transit",2024,70.55790635,11.09689089,4.63129600000,0.0549000000,0.055000,1211.00,5690.00,1.060000,1.060000,1,1
"TOI-904 b","TOI-904","Transit",2023,6.46000000,2.42600000,10.87720000000,0.0560000000,,429.43,3770.20,0.527000,0.557000,1,2
"KMT-2023-BLG-0469L b","KMT-2023-BLG-0469L","Microlensing",2024,39.41072247,7.04000000,,2.3100000000,,,,,0.470000,1,1
"HD 2952 b","HD 2952","Radial Velocity",2013,284.77425267,13.90000000,312.08000000000,1.1170000000,0.269000,731.02,4853.00,10.900000,1.910000,1,1
"TOI-2416 b","TOI-2416","Transit",2023,953.48522100,9.86390302,8.27547900000,0.0831000000,0.320000,1080.00,5808.00,1.236000,1.118000,1,1
"TOI-2373 b","TOI-2373","Transit",2023,2955.80418510,10.42435205,13.33668000000,0.1120000000,0.112000,860.00,5651.00,1.102000,1.041000,1,1
"TOI-904 c","TOI-904","Transit",2023,5.34000000,2.16700000,83.99970000000,0.3120000000,,217.26,3770.20,0.527000,0.557000,1,2
"TOI-4860 b","TOI-4860","Transit",2023,86.70000000,8.70000000,1.52275910000,0.0180800000,0.008000,694.00,3260.00,0.358000,0.340000,1,1
"TOI-4633 c","TOI-4633","Transit",2024,123.00000000,3.20000000,271.94450000000,0.8470000000,0.117000,268.57,5800.00,1.050000,1.100000,2,1
"gam Lib b","gam Lib","Radial Velocity",2018,357.87478628,13.70000000,414.88000000000,1.3190000000,0.160000,720.78,4879.00,12.380000,1.780000,1,2
"KMT-2021-BLG-1770L b","KMT-2021-BLG-1770L","Microlensing",2023,6674.39654700,12.10000000,,0.9000000000,,,,,0.130000,1,1
"OGLE-2019-BLG-1180L b","OGLE-2019-BLG-1180L","Microlensing",2023,555.24622703,13.50000000,,5.1900000000,,,,,0.545000,1,1
"HD 47366 b","HD 47366","Radial Velocity",2016,661.71874337,13.40000000,360.08000000000,1.2070000000,0.071000,577.05,4866.00,7.300000,1.810000,1,2
"HD 47366 c","HD 47366","Radial Velocity",2016,483.73483545,13.50000000,677.53000000000,1.8400000000,0.161000,467.37,4866.00,7.300000,1.810000,1,2
"Kepler-100 e","Kepler-100","Radial Velocity",2023,24.14271827,5.27000000,60.88858800000,0.3123915860,0.026437,621.73,5884.00,1.500000,1.097000,1,4
"NGTS-27 b","NGTS-27","Transit",2024,188.47224535,15.64773706,3.37041810000,0.0446000000,0.000000,1783.00,5700.00,1.770000,1.070000,1,1
"HD 134606 d","HD 134606","Radial Velocity",2024,44.80000000,7.59000000,966.50000000000,1.9410000000,0.092000,207.68,5576.00,1.158000,1.046000,1,5
"HATS-2 b","HATS-2","Transit",2013,435.42491759,12.57647635,1.35413379000,0.0231700000,0.000000,1550.00,5227.00,0.876000,0.904000,1,1
"gam Cep b","gam Cep","Radial Velocity",2003,2097.66748620,12.70000000,913.00000000000,2.1300000000,0.150000,343.48,4775.00,4.740000,1.270000,2,1
"TOI-5398 c","TOI-5398","Transit",2023,11.80000000,3.52000000,4.77271000000,0.0570000000,0.140000,1242.00,6000.00,1.051000,1.146000,1,2
"HD 134606 f","HD 134606","Radial Velocity",2024,5.63000000,2.24000000,26.91500000000,0.1784000000,0.081000,685.04,5576.00,1.158000,1.046000,1,5
"HD 134606 e","HD 134606","Radial Velocity",2024,2.34000000,1.33000000,4.32030000000,0.0527000000,0.200000,1260.39,5576.00,1.158000,1.046000,1,5
"TOI-238 c","TOI-238","Radial Velocity",2024,6.70000000,2.18000000,8.46565100000,0.0749000000,0.360000,696.00,5059.00,0.733000,0.790000,1,2
"2MASS J11550485-7919108 b","2MASS J11550485-7919108","Imaging",2024,6356.56814000,12.10000000,,587.0000000000,,2506.00,3021.00,0.600455,0.588460,1,1
"2MASS J21252752-8138278 b","2MASS J21252752-8138278","Imaging",2024,3813.94088400,12.40000000,,7493.0000000000,,1616.00,3592.00,0.672832,0.643977,1,1
"Kepler-1513 c","Kepler-1513","Transit Timing Variations",2023,84.54235626,11.00000000,841.40000000000,,0.125000,,5491.00,0.950000,0.943000,1,2
"HIP 66074 b","HIP 66074","Astrometry",2023,1589.14203500,12.90000000,310.90000000000,0.7990000000,0.948000,192.69,4300.00,0.690000,0.705000,1,1
"HAT-P-19 b","HAT-P-19","Transit",2010,88.03846874,11.29865255,4.00878322000,0.0459900000,0.070000,981.20,4962.00,0.773000,0.807000,1,1
"Kepler-849 b","Kepler-849","Transit",2016,298.75870258,8.08167508,394.62508000000,1.1370000000,0.078000,362.70,5950.00,1.822000,1.259000,1,1
"TOI-1853 b","TOI-1853","Transit",2023,73.20000000,3.46000000,1.24362580000,0.0213000000,0.030000,1479.00,4985.00,0.808000,0.837000,1,1
"TOI-5126 b","TOI-5126","Transit",2023,20.20000000,4.74000000,5.45883850000,0.0651900000,0.000000,1442.00,6150.00,1.241000,1.240000,1,2
"Kepler-1513 b","Kepler-1513","Transit",2016,48.30991786,8.59400000,160.88420000000,0.5697100000,0.306000,346.00,5491.00,0.950000,0.943000,1,2
"HAT-P-51 b","HAT-P-51","Transit",2015,97.57332095,13.50682174,4.21802091000,0.0504200000,0.070000,1168.20,5453.00,0.995000,0.961000,1,1
"Kepler-553 c","Kepler-553","Transit",2016,2129.45032690,11.57887706,328.24017000000,0.8980000000,0.346000,251.00,5191.00,0.902000,0.889000,1,2
"Kepler-111 c","Kepler-111","Transit",2014,222.47988490,7.08407580,224.77833000000,0.7510000000,0.176000,352.20,5914.00,1.145000,1.118000,1,2
"14 And b","14 And","Radial Velocity",2008,1131.15130051,13.10000000,186.76000000000,0.7750000000,0.000000,909.92,4888.00,11.550000,1.780000,1,1
"18 Del b","18 Del","Radial Velocity",2008,2926.24614325,12.50000000,982.85000000000,2.4760000000,0.024000,452.72,4980.00,8.800000,2.100000,2,1
"GJ 724 b","GJ 724","Radial Velocity",2023,10.75000000,3.27000000,5.10128400000,0.0468500000,0.577000,611.00,3799.00,0.522260,0.527100,1,1
"KMT-2019-BLG-0335L b","KMT-2019-BLG-0335L","Microlensing",2023,6674.39654700,12.10000000,,1.6400000000,,,,,0.320000,1,1
"Kepler-553 b","Kepler-553","Transit",2016,116.00736855,4.74139884,4.03046700000,0.0476600000,0.000000,1089.00,5191.00,0.902000,0.889000,1,2
"6 Lyn b","6 Lyn","Radial Velocity",2008,597.83523357,13.40000000,919.86000000000,2.0280000000,0.042000,371.86,4941.00,4.940000,1.320000,1,1
"4 UMa b","4 UMa","Radial Velocity",2006,2511.48007211,12.60000000,270.27000000000,0.8770000000,0.453000,967.44,4415.00,18.110000,1.234000,1,1
"TOI-4641 b","TOI-4641","Transit",2023,1229.99593509,8.18255591,22.09341000000,0.1730000000,0.074000,950.11,6560.00,1.720000,1.410000,1,1
"CI Tau c","CI Tau","Radial Velocity",2024,1144.18226520,13.00000000,25.20000000000,0.1700000000,0.580000,610.62,3807.00,1.880857,0.900000,1,1
"TOI-1994 b","TOI-1994","Transit",2024,7024.00779470,13.67495645,4.03371420000,0.0613000000,0.341000,2290.00,7700.00,2.300000,1.860000,1,1
"TOI-4515 b","TOI-4515","Transit",2024,637.00000000,12.17000000,15.26644600000,0.1180000000,0.461000,705.00,5433.00,0.860000,0.949000,1,1
"HD 145457 b","HD 145457","Radial Velocity",2010,888.01256916,13.20000000,176.13000000000,0.7620000000,0.111000,826.81,4757.00,9.900000,1.900000,1,1
"HD 167042 b","HD 167042","Radial Velocity",2007,444.00628458,13.60000000,417.67000000000,1.2200000000,0.010000,462.08,4919.00,4.630000,1.390000,1,1
"LHS 1678 c","LHS 1678","Transit",2021,1.40000000,0.94100000,3.69428400000,0.0327000000,0.039000,510.90,3490.00,0.329000,0.345000,2,3
"HD 173416 b","HD 173416","Radial Velocity",2008,585.12209729,13.40000000,322.03000000000,1.1580000000,0.208000,771.03,4683.00,13.500000,2.000000,1,1
"HD 32518 b","HD 32518","Radial Velocity",2009,905.49313154,13.20000000,157.35000000000,0.5940000000,0.028000,916.07,4580.00,10.220000,1.130000,1,1
"HS Psc b","HS Psc","Radial Velocity",2024,464.02947422,13.60000000,3.98600000000,0.0435000000,0.270000,783.44,4203.00,0.650000,0.690000,1,1
"HD 81688 b","HD 81688","Radial Velocity",2007,525.68818518,13.50000000,183.93000000000,0.6480000000,0.040000,958.66,4797.00,11.130000,1.070000,1,1
"kap CrB b","kap CrB","Radial Velocity",2007,689.69110000,13.30000000,1253.68000000000,2.5000000000,0.040000,319.32,4840.00,4.680000,1.330000,1,1
"KMT-2021-BLG-1547L b","KMT-2021-BLG-1547L","Microlensing",2023,467.20775829,13.60000000,,4.5000000000,,,,,0.720000,1,1
"TOI-4559 b","TOI-4559","Transit",2024,2.59000000,1.41500000,3.96599100000,0.0359000000,,554.16,3558.00,0.374000,0.392000,1,1
"11 Com b","11 Com","Radial Velocity",2007,4914.89848585,12.20000000,323.21000000000,1.1780000000,0.238000,803.26,4874.00,13.760000,2.090000,2,1
"nu Oph b","nu Oph","Radial Velocity",2012,7057.73298000,12.00000000,529.93000000000,1.7650000000,0.126000,620.57,4887.00,12.240000,2.610000,1,2
"TOI-4377 b","TOI-4377","Transit",2023,304.16178550,15.10970598,4.37808100000,0.0579000000,0.045000,1162.08,4974.00,3.520000,1.360000,1,1
"KMT-2023-BLG-0416L b","KMT-2023-BLG-0416L","Microlensing",2024,13.03096469,3.67000000,,2.9600000000,,,,,0.630000,1,1
"HD 76920 b","HD 76920","Radial Velocity",2017,994.80291391,13.10000000,415.89100000000,1.0910000000,0.878200,621.44,4664.00,8.330000,1.000000,1,1
"75 Cet b","75 Cet","Radial Velocity",2012,787.89662095,13.30000000,696.62000000000,1.9120000000,0.093000,540.31,4809.00,10.380000,1.920000,2,2
"LHS 3154 b","LHS 3154","Radial Velocity",2023,13.15000000,3.69000000,3.71778000000,0.0226200000,0.076000,343.83,2861.00,0.140500,0.111800,1,1
"TOI-1269 b","TOI-1269","Transit",2024,6.40000000,2.40144286,4.25299130000,0.0496000000,0.000000,1004.90,5499.00,0.852100,0.902700,1,2
"Kepler-23 d","Kepler-23","Transit",2014,4.44000000,2.20600000,15.27000000000,0.1201200000,0.010000,896.00,5828.00,1.548000,1.078000,1,3
"TOI-3919 b","TOI-3919","Transit",2024,1233.17421916,12.31866979,7.43323400000,0.0795000000,0.259000,1198.00,6100.00,1.319000,1.208000,1,1
"TOI-1288 b","TOI-1288","Transit",2022,44.10000000,4.96846551,2.69982790000,0.0374000000,0.000000,1203.44,5388.00,0.958300,0.955200,1,2
"GJ 238 b","GJ 238","Transit",2024,0.12600000,0.56600000,1.74469990000,0.0212300000,,758.00,3485.00,0.431400,0.419300,1,1
"Kepler-49 c","Kepler-49","Transit",2012,8.38000000,2.44400000,10.91000000000,0.0782100000,0.008000,443.00,4095.60,0.618000,0.607000,1,4
"TOI-5301 b","TOI-5301","Transit",2024,1182.32167404,13.09208946,5.85885800000,0.0730000000,0.330000,1648.00,6240.00,2.190000,1.483000,1,1
"TOI-5232 b","TOI-5232","Transit",2024,743.71847238,12.77823800,4.09666920000,0.0559300000,0.035000,1772.00,6500.00,1.785000,1.389000,1,1
"TOI-1410.01","TOI-1410","Transit",2024,12.50000000,3.10083009,1.21687000000,0.0207000000,0.000000,1236.70,4635.00,0.755800,0.794100,1,2
"TOI-1386 b","TOI-1386","Transit",2024,45.80000000,6.21638650,25.84010000000,0.1730000000,0.000000,615.03,5735.00,1.023500,1.036300,1,2
"TOI-6029 b","TOI-6029","Transit",2024,519.64944544,14.39233122,5.79870000000,,0.091000,1484.00,6223.00,2.338000,1.548000,1,1
"OGLE-2017-BLG-0448L b","OGLE-2017-BLG-0448L","Microlensing",2024,15.60000000,4.08000000,,5.7500000000,,,,,0.500000,1,1
"Kepler-128 c","Kepler-128","Transit",2013,3.38000000,1.52100000,22.80000000000,0.1651700000,0.037000,843.00,6072.00,1.659000,1.184000,1,2
"TOI-1451 b","TOI-1451","Transit",2024,15.20000000,2.61143902,16.53794400000,0.1270000000,0.000000,723.33,5801.00,1.016200,1.002200,1,1
"TIC 4672985 b","TIC 4672985","Transit",2024,4049.13390518,11.50041420,69.04800000000,0.3300000000,0.018000,517.20,5757.00,1.150000,1.010000,1,1
"TOI-5218 b","TOI-5218","Transit",2024,657.00000000,9.86000000,4.29145200000,0.0469000000,0.000000,783.00,4230.00,0.708000,0.739000,1,1
"Kepler-305 d","Kepler-305","Transit",2014,6.20000000,2.76000000,16.74000000000,0.1209100000,0.000000,576.00,5090.00,0.792000,0.827000,1,4
"TOI-1601 b","TOI-1601","Transit",2021,387.00000000,14.19902343,5.33175000000,0.0690000000,0.000000,1493.97,5982.00,2.195000,1.505500,1,1
"TOI-1444 b","TOI-1444","Transit",2021,3.58000000,1.41792246,0.47027430000,0.0116000000,0.000000,2130.02,5460.00,0.910500,0.951300,1,1
"TOI-1736 b","TOI-1736","Transit",2023,12.30000000,3.18175535,7.07307600000,0.0730000000,0.000000,1099.79,5636.00,1.428600,1.037300,1,2
"TOI-5634 A b","TOI-5634 A","Transit",2024,588.00000000,10.42000000,2.20353730000,0.0272000000,0.000000,837.00,3896.00,0.540000,0.556000,2,1
"TOI-1683.01","TOI-1683","Transit",2024,7.45000000,2.63820000,3.05753560000,0.0365075930,,929.25,4402.00,0.700000,0.694661,1,1
"TOI-1298 b","TOI-1298","Transit",2021,99.00000000,9.65807033,4.53714300000,0.0570000000,0.000000,1278.00,5752.00,1.453600,1.218700,1,1
"TOI-1751 b","TOI-1751","Transit",2024,19.50000000,2.95078450,37.46852000000,0.2150000000,0.327000,651.64,5970.00,1.313700,0.938200,1,1
"K2-419 A b","K2-419 A","Transit",2024,196.00000000,10.55000000,20.35847252000,0.1208000000,0.042000,377.00,3711.00,0.541000,0.562000,2,1
"TOI-2095 b","TOI-2095","Transit",2023,4.10000000,1.25000000,17.66484000000,0.1010000000,0.000000,347.00,3759.00,0.440000,0.440000,1,2
"HIP 97166 b","HIP 97166","Transit",2021,19.10000000,2.48013380,10.28891400000,0.0910000000,0.290000,701.66,5216.00,0.841800,0.934200,1,2
"TOI-1776 b","TOI-1776","Transit",2024,1.40000000,1.21612741,2.79986800000,0.0378000000,0.000000,1269.21,5785.00,0.935600,0.919600,1,1
"Kepler-963 c","Kepler-963","Transit",2024,0.15600000,0.60000000,0.91978300000,,,,5169.47,0.928000,0.821000,1,2
"OGLE-2023-BLG-0836L b","OGLE-2023-BLG-0836L","Microlensing",2024,1385.73185452,12.90000000,,3.7000000000,,,,,0.710000,2,1
"BD-14 3065 b","BD-14 3065 A","Transit",2024,3932.00000000,21.59000000,4.28897310000,0.0656000000,0.066000,2001.00,6935.00,2.350000,1.410000,3,1
"HIP 97166 c","HIP 97166","Radial Velocity",2021,8.00000000,2.75000000,16.43200000000,0.1240000000,0.000000,642.00,5216.00,0.841800,0.934200,1,2
"TOI-1794 b","TOI-1794","Transit",2024,8.70000000,3.29701268,8.76552800000,0.0820000000,0.000000,992.91,5631.00,1.316200,0.969800,1,1
"2MASS J03590986+2009361 b","2MASS J03590986+2009361","Imaging",2024,5720.91132600,12.20000000,,572.0000000000,,2369.00,2943.00,0.289776,0.264996,1,1
"TOI-663 c","TOI-663","Transit",2024,3.65000000,2.26000000,4.69555070000,0.0437000000,,553.00,3681.00,0.512000,0.514000,1,3
"TOI-1246 c","TOI-1246","Transit",2022,9.10000000,2.45109846,5.90413700000,0.0610000000,0.000000,862.49,5213.00,0.864900,0.888900,1,4
"TOI-1842 b","TOI-1842","Transit",2021,89.40000000,12.34850230,9.57391810000,0.1000000000,0.276000,1199.55,6039.00,2.032000,1.464300,1,1
"TOI-1824 b","TOI-1824","Transit",2024,16.00000000,2.74382690,22.80853300000,0.1510000000,0.000000,528.67,5165.00,0.812300,0.880100,1,1
"HIP 77900 b","HIP 77900","Imaging",2024,6674.39654700,12.10000000,,3319.0000000000,,2507.00,13646.00,,,1,1
"2MASS J11011926-7732383 b","2MASS J11011926-7732383","Imaging",2024,8899.19539600,11.90000000,,266.0000000000,,2677.00,,,,1,1
"SPECULOOS-3 b","SPECULOOS-3","Transit",2024,0.89400000,0.97700000,0.71912603000,0.0073300000,,553.00,2800.00,0.123000,0.100900,1,1
"KMT-2023-BLG-1431L b","KMT-2023-BLG-1431L","Microlensing",2024,13.60000000,3.76000000,,3.2000000000,,,,,0.570000,1,1
"TOI-3071 b","TOI-3071","Transit",2024,68.20000000,7.16000000,1.26693800000,0.0249000000,0.090000,2155.00,6177.00,1.310000,1.290000,1,1
"TOI-1246 e","TOI-1246","Transit",2022,14.50000000,3.51418750,37.92548000000,0.2120000000,0.000000,463.98,5213.00,0.864900,0.888900,1,4
"TOI-2019 b","TOI-2019","Transit",2024,34.40000000,5.33275337,15.34440000000,0.1280000000,0.000000,917.46,5626.00,1.745700,1.183200,1,1
"TIC 139270665 c","TIC 139270665","Radial Velocity",2024,1554.18091023,12.90000000,1010.00000000000,2.0000000000,0.566000,200.00,5844.00,1.016000,1.035000,1,2
"HD 48948 b","HD 48948","Radial Velocity",2024,4.88000000,2.06000000,7.34013000000,0.0652000000,0.055000,957.00,4593.00,0.679000,0.686000,1,3
"HD 93963 A c","HD 93963 A","Transit",2022,18.40000000,3.11976057,3.64513890000,0.0472600000,0.000000,1212.45,5908.00,1.031100,1.084400,2,2
"HD 93963 A b","HD 93963 A","Transit",2022,2.80000000,1.46954368,1.03761090000,0.0206100000,0.000000,1842.23,5908.00,1.031100,1.084400,2,2
"TOI-815 c","TOI-815","Transit",2024,23.50000000,2.62000000,34.97614500000,0.1930000000,0.220000,469.00,4869.00,0.770000,0.776000,2,2
"HD 48948 c","HD 48948","Radial Velocity",2024,7.27000000,2.60000000,38.06000000000,0.1951000000,0.550000,553.00,4593.00,0.679000,0.686000,1,3
"HD 48948 d","HD 48948","Radial Velocity",2024,10.59000000,3.24000000,151.92000000000,0.4894000000,0.055000,349.00,4593.00,0.679000,0.686000,1,3
"HIP 8152 c","HIP 8152","Transit",2023,10.70000000,2.52442508,19.60562000000,0.1390000000,0.200000,650.68,5618.00,0.960300,0.937300,1,2
"HIP 8152 b","HIP 8152","Transit",2023,8.90000000,2.53625843,10.75101400000,0.0930000000,0.000000,794.96,5618.00,0.960300,0.937300,1,2
"TOI-1669 b","TOI-1669","Radial Velocity",2023,191.00000000,14.10000000,500.00000000000,1.2700000000,0.000000,241.72,5497.00,1.056100,0.986700,1,2
"OGLE-2014-BLG-0221L b","OGLE-2014-BLG-0221L","Microlensing",2024,1382.55357045,12.90000000,,3.7600000000,,,,,0.690000,1,1
"TOI-329 b","TOI-329","Transit",2024,40.40000000,4.94057819,5.70439000000,0.0638000000,0.390000,1213.02,5614.00,1.532600,1.067800,1,1
"TOI-480 b","TOI-480","Transit",2024,20.80000000,2.85372018,6.86619600000,0.0770000000,0.000000,1198.94,6174.00,1.487700,1.279300,1,1
"TOI-1410 c","TOI-1410","Radial Velocity",2024,27.00000000,5.63000000,47.56000000000,0.2390000000,0.000000,397.45,4635.00,0.755800,0.794100,1,2
"TOI-757 b","TOI-757","Transit",2024,10.50000000,2.50000000,17.46819000000,0.1220000000,0.390000,641.00,5278.00,0.780000,0.800000,1,1
"GJ 900 b","GJ 900 A","Imaging",2024,3496.11247700,12.40000000,,12000.0000000000,,1.48,3976.00,0.716187,1.080000,3,1
"TOI-1450 A c","TOI-1450 A","Transit",2024,1.52700000,1.13000000,5.06880000000,,,533.00,3437.00,0.483000,0.480000,2,2
"TOI-1855 b","TOI-1855","Transit",2024,360.09958513,18.49481816,1.36414864000,0.0239800000,0.033000,1701.00,5359.00,1.041000,0.987000,1,1
"TOI-3261 b","TOI-3261","Transit",2024,30.30000000,3.82000000,0.88313310000,0.0171400000,0.000000,1722.00,5068.00,0.849000,0.861000,1,1
"TOI-669 b","TOI-669","Transit",2023,10.00000000,2.58606487,3.94515200000,0.0480000000,0.000000,1124.85,5597.00,0.988200,0.924500,1,1
"HD 25463 b","HD 25463","Transit",2023,8.70000000,2.54535814,7.04914230000,0.0760000000,0.000000,1198.46,6353.00,1.418200,1.251000,1,2
"HD 73344 b","HD 73344","Transit",2024,10.48000000,2.88400000,15.61100000000,0.1310000000,0.030000,911.00,6252.60,1.220000,1.200000,1,3
"TOI-2368 b","TOI-2368","Transit",2024,206.58846455,10.83908434,5.17500730000,0.0564900000,0.061000,1000.00,5360.00,0.846000,0.897000,1,1
"TOI-2107 b","TOI-2107","Transit",2024,263.79757781,13.57407563,2.45454670000,0.0351500000,0.033000,1397.00,5627.00,0.932000,0.961000,1,1
"TOI-1248 b","TOI-1248","Transit",2024,27.40000000,6.80848590,4.36015610000,0.0510000000,0.000000,952.09,5205.00,0.868600,0.904200,1,1
"TOI-837 b","TOI-837","Transit",2020,120.45696625,9.16894621,8.32491130000,0.0888000000,0.000000,995.30,5995.00,1.052000,1.142000,1,1
"SWEEPS-11 b","SWEEPS-11","Transit",2006,3082.82000000,12.66600000,1.79600000000,0.0300000000,,,,1.450000,1.100000,1,1
"Kepler-24 c","Kepler-24","Transit",2011,9.99000000,2.51400000,12.33000000000,0.1061200000,0.014000,915.00,6028.00,1.099000,1.060000,1,4
"Kepler-57 b","Kepler-57","Transit",2012,25.06000000,3.13500000,5.72000000000,0.0598800000,0.016200,850.00,5187.90,0.826000,0.859000,1,2
"TOI-3894 b","TOI-3894","Transit",2024,260.61929374,15.27784069,4.33454000000,0.0535400000,0.050000,1531.00,6000.00,1.502000,1.138000,1,1
"TOI-3321 b","TOI-3321","Transit",2024,176.07693748,15.55806521,3.65251450000,0.0470000000,0.054000,1616.00,5850.00,1.549000,1.041000,1,1
"TOI-1744.01","TOI-1744","Transit",2024,7.65000000,2.68000000,22.34170292700,0.1640860000,,598.00,6179.00,1.140000,1.180000,1,1
"K2-360 c","EPIC 201595106","Radial Velocity",2024,15.23000000,4.02000000,9.79692000000,0.0883000000,0.110000,912.00,5679.00,0.980000,0.958000,1,2
"WASP-132 b","WASP-132","Transit",2016,136.03055820,10.09929161,7.13351640000,0.0674000000,0.016300,682.00,4686.00,0.758000,0.789000,1,3
"TOI-469.01","TOI-469","Transit",2021,9.10000000,3.41000000,13.63082050000,0.1110000000,0.000000,716.00,5289.00,0.980000,0.901000,1,3
"K2-260 b","K2-260","Transit",2018,546.66486004,18.41635529,2.62669762000,0.0439200000,0.053000,2090.00,6860.00,1.755000,1.637000,1,1
"K2-237 b","K2-237","Transit",2018,434.15360396,16.06246934,2.18053332000,0.0355200000,0.030000,1759.00,6180.00,1.236000,1.256000,1,1
"TOI-1772.01","TOI-1772","Transit",2024,8.78000000,2.90500000,8.05424687400,0.0783750000,,877.67,5583.00,0.995000,0.990000,1,1
"WASP-132 c","WASP-132","Transit",2022,6.26000000,1.84100000,1.01153624000,0.0183300000,0.000000,1329.00,4686.00,0.758000,0.789000,1,3
"BD-17 63 b","BD-17 63","Radial Velocity",2008,1639.99458012,12.80000000,655.57000000000,1.3400000000,0.543900,168.92,4714.00,0.740000,0.741000,1,1
"K2-261 b","K2-261","Transit",2018,68.96876432,9.26982704,11.63346810000,0.1086000000,0.274000,1036.00,5490.00,1.663000,1.107000,1,1
"K2-321 b","K2-321","Transit",2020,4.86000000,2.05124347,2.29797490000,0.0283900000,0.440000,830.00,3750.00,0.595000,0.578000,1,1
"TOI-1777.01","TOI-1777","Transit",2024,5.67000000,2.24600000,14.65011197400,0.1194660000,,580.00,5859.00,0.980000,1.060000,1,1
"HD 20794 d","HD 20794","Radial Velocity",2011,4.80000000,2.04000000,89.68000000000,0.3625000000,0.077000,388.00,5368.00,0.930000,0.790000,1,4
"HD 175167 b","HD 175167","Radial Velocity",2009,4703.86042360,12.30000000,1175.00000000000,2.4000000000,0.510000,232.03,5635.00,1.750000,1.090000,1,1
"Kepler-289 d","Kepler-289","Transit",2014,5.33000000,3.03000000,66.02820000000,0.3300000000,,502.81,5990.00,1.000000,1.080000,1,4
"Kepler-289 c","Kepler-289","Transit",2014,157.18000000,11.23000000,125.87230000000,0.5015500000,0.000000,394.00,5990.00,1.000000,1.080000,1,4
"K2-167 b","K2-167","Transit",2018,6.50000000,2.36509493,9.97854100000,0.0932000000,0.480000,1220.00,6310.00,1.499000,1.084000,1,1
"K2-265 b","K2-265","Transit",2018,7.34183620,1.70824866,2.36902000000,0.0335900000,0.160000,1366.00,5420.00,0.920000,0.901000,2,1
"Kepler-289 b","Kepler-289","Transit",2014,3.70000000,2.49000000,34.53830000000,0.2118300000,0.000000,607.00,5990.00,1.000000,1.080000,1,4
"KELT-24 b","KELT-24","Transit",2019,1458.83238813,12.71098411,5.55149296000,0.0665000000,0.031900,1391.00,6426.00,1.338000,1.268000,2,1
"TOI-3568 b","TOI-3568","Transit",2024,26.40000000,5.30000000,4.41796500000,0.0485000000,0.035000,899.00,4969.00,0.719000,0.780000,1,1
"K2-57 b","K2-57","Transit",2016,5.94000000,2.30905002,9.00730000000,0.0752000000,0.250000,635.80,4413.00,0.671000,0.699000,1,1
"K2-54 b","K2-54","Transit",2016,7.33000000,2.61169250,9.78330000000,0.0761000000,0.240000,560.00,3990.00,0.643000,0.615000,1,1
"TOI-4638.01","TOI-4638","Transit",2024,8.92000000,2.93300000,10.28391878700,0.0930130000,,779.83,5700.00,0.895000,1.020000,1,1
"TOI-5076 b","TOI-5076","Transit",2024,16.14568308,3.48935569,23.44316200000,0.1481000000,0.000000,550.00,4780.00,0.844000,0.789000,2,1
"K2-77 b","K2-77","Transit",2016,603.87700000,2.49960270,8.20008440000,0.0753000000,0.290000,806.00,5160.00,0.792000,0.847000,1,1
"K2-180 b","K2-180","Transit",2018,11.41003981,2.46597575,8.86566300000,0.0756000000,0.075000,797.50,5365.00,0.719000,0.735000,1,1
"TOI-2458 c","TOI-2458","Radial Velocity",2024,10.22000000,3.18000000,16.55300000000,0.1290000000,0.290000,922.76,6005.00,1.310000,1.050000,1,2
"K2-97 b","K2-97","Transit",2016,174.48779544,13.45077684,8.40711500000,0.0854000000,0.207000,1566.00,4673.00,4.140000,1.170000,1,1
"K2-182 b","K2-182","Transit",2018,20.97667486,2.71257333,4.73696960000,0.0517400000,0.071000,965.80,5128.00,0.789000,0.823000,1,1
"NGTS-33 b","NGTS-33","Transit",2024,1153.71711741,18.38272835,2.82797200000,0.0480000000,0.000000,1991.00,7437.00,1.470000,1.600000,1,1
"Kepler-105 b","Kepler-105","Transit",2013,10.80000000,2.53000000,5.41220340000,0.0601600000,0.020000,1418.00,5933.00,1.026000,0.991000,1,2
"TOI-2537 b","TOI-2537","Transit",2024,415.40172795,11.25381662,94.10220000000,0.3715000000,0.364000,338.00,4870.00,0.771000,0.771000,1,2
"K2-98 b","K2-98","Transit",2016,34.00763955,5.06645928,10.13673490000,0.0986000000,0.119000,1185.00,6260.00,1.518000,1.246000,1,1
"K2-114 b","K2-114","Transit",2017,638.83509807,10.59248676,11.39093100000,0.0944000000,0.079000,701.40,4899.00,0.832000,0.863000,1,1
"TOI-4994 b","TOI-4994","Transit",2024,88.99195396,8.54124329,21.49198400000,0.1515000000,0.319000,717.60,5640.00,1.055000,1.005000,1,1
"Kepler-105 c","Kepler-105","Transit",2014,5.60000000,1.44000000,7.12592000000,0.0722900000,0.020000,997.00,5933.00,1.026000,0.991000,1,2
"TOI-2295 c","TOI-2295","Radial Velocity",2024,1783.01736327,12.80000000,966.50000000000,2.0180000000,0.194000,234.90,5730.00,1.459000,1.168000,1,2
"TOI-5110 b","TOI-5110","Transit",2024,921.70238030,11.98240037,30.15857700000,0.2157000000,0.745000,976.00,6160.00,2.333000,1.469000,1,1
"TOI-2537 c","TOI-2537","Radial Velocity",2024,2297.89938261,12.70000000,1920.00000000000,2.7800000000,0.287000,123.10,4870.00,0.771000,0.771000,1,2
"MOA-2008-BLG-310L b","MOA-2008-BLG-310L","Microlensing",2009,23.40000000,5.18000000,,1.1000000000,,,,,0.210000,1,1
"K2-115 b","K2-115","Transit",2017,321.00669107,11.80305668,20.27299140000,0.1415000000,0.063000,696.00,5870.00,0.855000,0.918000,1,1
"K2-277 b","K2-277","Transit",2018,7.40000000,2.18575124,6.32676800000,0.0664000000,0.520000,1049.00,5680.00,0.973000,0.974000,1,1
"TOI-406 c","TOI-406","Transit",2024,2.08000000,1.32000000,3.30744100000,0.0322000000,0.032000,584.00,3392.00,0.410000,0.408000,1,2
"TOI-5005 b","TOI-5005","Transit",2024,32.70000000,6.25000000,6.30850440000,0.0661400000,,1040.00,5749.00,0.930000,0.970000,1,1
"HD 86728 b","HD 86728","Radial Velocity",2025,9.43000000,3.03000000,31.15150000000,0.1916000000,0.067000,687.36,5610.00,1.237000,0.967000,1,1
"KMT-2021-BLG-2609L b","KMT-2021-BLG-2609L","Microlensing",2024,10.17050902,3.17000000,,2.3000000000,,,,,0.200000,1,1
"TOI-5688 A b","TOI-5688 A","Transit",2024,124.00000000,10.30000000,2.94815527000,0.0337900000,0.128000,742.00,3713.00,0.570000,0.600000,2,1
"HD 222237 b","HD 222237","Radial Velocity",2024,1649.52943233,12.80000000,14892.00000000000,10.8000000000,0.560000,58.74,4751.00,0.710000,0.760000,1,1
"HD 21520 b","HD 21520","Transit",2024,17.70000000,2.69700000,25.12920000000,0.1726000000,0.000000,637.00,5871.00,1.044000,1.090000,1,1
"TOI-2768 b","TOI-2768","Transit",2024,7.41000000,2.63000000,1.50801000000,0.0270000000,,855.00,4008.00,0.657000,0.630000,1,1
"TOI-1174 b","TOI-1174","Transit",2024,32.00000000,2.56200000,8.95348768300,0.0799400000,0.000000,713.83,5030.00,0.760000,0.850000,1,1
"TOI-2981 b","TOI-2981","Transit",2024,638.00000000,13.40000000,3.60150100000,0.0480000000,0.035000,1358.00,5940.00,1.080000,1.030000,1,1
"TOI-1180 b","TOI-1180","Transit",2024,10.00000000,3.07200000,9.68676037800,0.0807990000,0.000000,638.18,4738.00,0.730000,0.750000,1,1
"OGLE-2016-BLG-1800L b","OGLE-2016-BLG-1800L","Microlensing",2024,823.17557413,13.20000000,,1.8800000000,,,,,0.410000,1,1
"TOI-5713 b","TOI-5713","Transit",2024,3.78000000,1.77000000,10.44198900000,0.0600800000,0.240000,347.20,3225.00,0.299200,0.265300,1,1
"TOI-6002 b","TOI-6002","Transit",2024,3.36000000,1.65000000,10.90482100000,0.0572200000,0.150000,321.40,3229.00,0.243200,0.210100,1,1
"HD 135694 b","HD 135694","Transit",2023,6.10000000,2.85700000,15.92347556800,0.1246950000,0.000000,750.83,5712.00,1.080000,1.020000,1,1
"TOI-1295 b","TOI-1295","Transit",2024,451.31633794,15.69257298,3.19688380000,0.0470000000,0.024000,2360.00,6280.00,1.700000,1.380000,1,1
"TOI-6130 b","TOI-6130","Transit",2024,333.71982735,14.34749530,2.39267900000,0.0360000000,0.036000,1750.00,6110.00,1.510000,1.310000,1,1
"TOI-1437 b","TOI-1437","Transit",2024,9.60000000,2.24000000,18.84094200000,0.1400000000,0.170000,794.23,6008.00,1.170000,1.100000,1,1
"HD 183579 b","HD 183579","Transit",2021,20.40000000,3.49000000,17.47129100000,0.1322000000,0.061000,752.00,5784.00,0.960000,0.996000,1,1
"KMT-2023-BLG-1866L b","KMT-2023-BLG-1866L","Microlensing",2024,2.63000000,1.43000000,,2.6300000000,,,,,0.510000,1,1
"K2-203 b","K2-203","Transit",2018,2.14000000,1.26549392,9.69520000000,0.0824000000,0.230000,738.40,5026.00,0.765000,0.793000,1,1
"TOI-6651 b","TOI-6651","Transit",2024,61.00000000,5.09000000,5.05697300000,0.0633000000,0.091000,1493.00,5940.00,1.721000,1.323000,1,1
"TOI-1630.01","TOI-1630","Transit",2024,6.42000000,2.41700000,12.05573473300,0.1011510000,,584.00,5504.00,0.830000,0.950000,1,1
"TOI-1467 b","TOI-1467","Transit",2024,9.00000000,1.92000000,5.97114713000,0.0507480000,0.000000,506.07,3834.00,0.491000,0.489000,1,1
"TOI-1659.01","TOI-1659","Transit",2024,5.71000000,2.25500000,5.87755632800,0.0657570000,,1031.14,5977.00,1.006000,1.100000,1,1
"HD 101581 c","HIP 56998","Transit",2025,0.93700000,0.99000000,6.20401000000,0.0573000000,,747.00,4675.00,0.630000,0.653000,1,2
"K2-208 b","K2-208","Transit",2018,3.45000000,1.67462172,4.19097000000,0.0487800000,0.370000,1122.00,5500.00,0.872000,0.881000,1,1
"TOI-1716.01","TOI-1716","Transit",2024,10.00000000,3.14300000,8.08237655400,0.0804960000,,959.00,5879.00,1.240000,1.070000,1,1
"TOI-6038 A b","TOI-6038 A","Transit",2025,78.50000000,6.41000000,5.82673110000,0.0690000000,,1439.00,6110.00,1.648000,1.291000,2,1
"HIP 116454 b","HIP 116454","Transit",2014,9.70000000,2.46900000,9.10041570000,0.0792000000,0.215000,753.20,5048.00,0.758000,0.800000,2,1
"TOI-2420 b","TOI-2420","Transit",2024,294.62693329,15.02003414,5.84264100000,0.0684000000,0.055000,1571.60,5707.00,2.369000,1.158000,1,1
"K2-225 b","K2-225","Transit",2018,12.70000000,3.60929179,15.87230000000,0.1409000000,0.230000,923.00,5520.00,1.700000,1.482000,1,1
"TOI-1739 b","TOI-1739","Transit",2024,4.45000000,1.94600000,8.30334140600,0.0738720000,,755.55,4814.00,0.781000,0.780000,1,1
"HD 73344 d","HD 73344","Radial Velocity",2025,810.46243785,13.20000000,5823.00000000000,6.7000000000,0.180000,126.51,6148.00,1.220000,1.190000,1,3
"TOI-2485 b","TOI-2485","Transit",2024,766.60211768,12.13932610,11.23479000000,0.1093000000,0.034100,1134.00,6016.40,1.720000,1.163000,1,1
"K2-7 b","K2-7","Transit",2015,15.30000000,4.03523305,28.67810000000,0.1867000000,0.240000,786.00,5700.00,1.533000,1.056000,1,1
"HD 118203 c","HD 118203","Radial Velocity",2024,3747.19691853,12.40000000,5103.00000000000,6.2800000000,0.260000,146.00,5742.00,2.040000,1.270000,1,2
"TOI-4734 b","TOI-4734","Transit",2025,61.65871096,10.91754720,6.23563300000,0.0740000000,0.120000,1468.00,6070.00,1.857000,1.391000,1,1
"TOI-1453 c","TOI-1453","Transit",2025,2.95000000,2.22400000,6.58869820000,,0.000000,819.80,4975.00,0.720000,0.715000,2,2
"TOI-3493 b","TOI-3493","Transit",2025,8.97000000,3.22000000,8.15946670000,,,1102.00,5844.00,1.228000,1.023000,1,1
"TOI-2969 b","TOI-2969","Transit",2025,368.68095212,12.32987877,1.82371460000,0.0261000000,0.000000,1186.00,4738.00,0.700000,0.710000,1,1
"TOI-5300 b","TOI-5300","Transit",2025,190.69704420,9.86390302,2.26219600000,0.0295000000,0.000000,1043.00,4610.00,0.650000,0.670000,1,1
"TOI-4794 b","TOI-4794","Transit",2025,308.29355479,14.35870428,3.56581160000,0.0492000000,0.100000,1673.00,6390.00,1.451000,1.250000,1,1
"TOI-2443 b","TOI-2443","Transit",2023,4.80000000,2.36300000,15.66858000000,0.1050000000,0.301000,519.00,4375.00,0.631000,0.642000,1,1
"OGLE-2016-BLG-0007L b","OGLE-2016-BLG-0007L","Microlensing",2025,1.32000000,1.09000000,14200.00000000000,10.1000000000,,,,,0.590000,1,1
"TOI-5340 b","TOI-5340","Transit",2025,270.15414595,15.07607904,4.93943920000,0.0628000000,0.130000,1566.00,5990.00,1.842000,1.350000,1,1
"AT2021ueyL b","AT2021ueyL","Microlensing",2025,425.89006538,13.60000000,4168.69000000000,4.0100000000,,,3680.00,,0.490000,1,1
"Kepler-10 c","Kepler-10","Transit",2011,11.29000000,2.35500000,45.29430100000,0.2410000000,0.136000,579.00,5708.00,1.065000,0.910000,1,3
"TOI-2407 b","TOI-2407","Transit",2025,16.80000000,4.26000000,2.70296900000,0.0330000000,0.080000,705.00,3530.00,0.567000,0.548000,1,1
"TOI-5386 A b","TOI-5386 A","Transit",2025,155.10026262,14.70618268,3.62156552000,0.0485600000,0.072000,1488.00,6094.00,1.245000,1.165000,2,1
"TOI-2015 c","TOI-2015","Transit Timing Variations",2025,8.91000000,2.93000000,5.58279600000,0.0412320000,0.000330,448.00,3297.00,0.327300,0.304100,1,2
"TOI-2015 b","TOI-2015","Transit",2023,9.20000000,3.30900000,3.34823700000,0.0293220000,0.078900,530.90,3297.00,0.327300,0.304100,1,2
"GJ 3998 b","GJ 3998","Radial Velocity",2016,2.50000000,1.39000000,2.65033000000,0.0300000000,0.000000,733.50,3726.00,0.500000,0.520000,1,3
"TOI-1117 b","TOI-1117","Transit",2025,8.90000000,2.46000000,2.22816000000,0.0330000000,0.000000,1538.00,5635.00,1.050000,0.970000,1,3
"GJ 3998 c","GJ 3998","Radial Velocity",2016,6.82000000,2.50000000,13.72700000000,0.0900000000,0.000000,423.49,3726.00,0.500000,0.520000,1,3
"TOI-640 b","TOI-640","Transit",2021,181.16219199,19.27944680,5.00377700000,0.0660800000,0.013000,1816.00,6460.00,2.082000,1.536000,1,1
"K2-157 d","K2-157","Radial Velocity",2025,23.30000000,5.16000000,66.50000000000,0.3090000000,0.500000,429.10,5334.00,0.860000,0.890000,1,3
"TOI-1117 c","TOI-1117","Radial Velocity",2025,8.78000000,2.91000000,4.57900000000,0.0534000000,0.000000,1210.00,5635.00,1.050000,0.970000,1,3
"TOI-1117 d","TOI-1117","Radial Velocity",2025,10.71000000,3.27000000,8.66500000000,0.0817000000,0.000000,978.00,5635.00,1.050000,0.970000,1,3
"Proxima Cen d","Proxima Cen","Radial Velocity",2025,0.26000000,0.69200000,5.12338000000,0.0288100000,0.000000,282.00,2900.00,0.141000,0.122100,3,2
"Proxima Cen b","Proxima Cen","Radial Velocity",2016,1.05500000,1.02000000,11.18465000000,0.0484800000,0.000000,218.00,2900.00,0.141000,0.122100,3,2
"LP 261-75 b","LP 261-75 A","Imaging",2006,6674.39654700,12.10000000,,450.0000000000,,1500.00,3138.00,0.308000,0.220000,1,1
"TIC 88785435 b","TIC 88785435","Transit",2025,22.30000000,5.03000000,10.50884300000,0.0843200000,0.131000,635.00,3998.00,0.911000,0.724000,1,1
"TOI-1238 c","TOI-1238","Transit",2022,8.32000000,2.11000000,3.29473600000,0.0370000000,0.150000,695.00,4089.00,0.580000,0.590000,1,2
"TOI-1238 b","TOI-1238","Transit",2022,3.76000000,1.21000000,0.76459700000,0.0139000000,0.250000,1133.00,4089.00,0.580000,0.590000,1,2
"KOI-1843.03","Kepler-974","Transit",2013,8.00000000,0.61000000,0.17689130000,0.0050000000,,1654.00,3584.00,0.450000,0.460000,1,2
"TOI-1803 b","TOI-1803","Transit",2025,10.32000000,2.99000000,6.29328700000,0.0600000000,0.000000,747.00,4687.00,0.715000,0.756000,1,2
"TOI-5882 b","TOI-5882","Transit",2025,6995.40323807,11.46678726,7.14897200000,0.0804000000,0.033900,1515.00,5920.00,2.260000,1.334000,1,1
"TOI-4465 b","TOI-4465","Transit",2025,1872.00931723,14.01122587,101.94054000000,0.4160000000,0.240000,427.00,5545.00,1.014000,0.930000,1,1
"TOI-1478 b","TOI-1478","Transit",2021,279.68899816,11.99360935,10.18021170000,0.0818000000,0.055000,918.00,5597.00,1.048000,0.947000,1,1
"HIP 67851 b","HIP 67851","Radial Velocity",2015,365.50266805,13.70000000,89.23000000000,0.4200000000,0.130000,840.72,4840.00,5.450000,1.280000,1,2
"HIP 67851 c","HIP 67851","Radial Velocity",2015,2204.77565936,12.70000000,3128.41000000000,4.5500000000,0.300000,255.43,4840.00,5.450000,1.280000,1,2
"TOI-2346 b","TOI-2346","Transit",2025,394.10722468,16.11851425,3.33120290000,0.0473000000,0.086000,1689.00,6480.00,1.380000,1.271000,1,1
"HD 94890 b","HD 94890","Radial Velocity",2025,676.97450691,13.30000000,824.61000000000,2.0700000000,0.220000,533.83,4867.00,10.710000,1.740000,1,2
"HD 87816 b","HD 87816","Radial Velocity",2025,2142.16346318,12.70000000,484.17000000000,1.6180000000,0.780000,567.39,4989.00,9.000000,2.410000,1,2
"TOI-2886 b","TOI-2886","Transit",2025,444.95976980,18.64053490,1.60200105000,0.0287100000,0.110000,1978.00,6240.00,1.241000,1.229000,1,1
"TOI-2876 b","TOI-2876","Transit",2025,54.03082919,9.63972340,6.29964310000,0.0654000000,0.130000,929.00,5271.00,0.873000,0.939000,1,1
"TOI-2986 b","TOI-2986","Transit",2025,96.61983573,9.29224500,3.27836620000,0.0448900000,0.140000,1622.00,5906.00,1.458000,1.122000,1,1
"WASP-116 b","WASP-116","Transit",2025,203.41018048,13.67495645,6.61320000000,0.0650000000,0.000000,1414.00,6250.00,1.426000,1.250000,1,1
"HD 102888 b","HD 102888","Radial Velocity",2025,1808.44363583,12.80000000,252.06000000000,1.0500000000,0.110000,688.63,4990.00,8.600000,2.420000,1,1
"HD 94890 c","HD 94890","Radial Velocity",2025,2831.85110637,12.50000000,2492.19000000000,4.3300000000,0.050000,369.10,4867.00,10.710000,1.740000,1,2
"TOI-3135 b","TOI-3135","Transit",2025,327.36325921,13.65253849,3.70655850000,0.0475600000,0.240000,1292.00,5890.00,0.985000,1.044000,1,1
"Gaia-4 b","Gaia-4","Astrometry",2025,3750.37520260,12.40000000,571.30000000000,,0.338000,,4034.00,0.624000,0.644000,1,1
"WASP-188 b","WASP-188","Transit",2025,458.62639130,14.81827249,5.74891600000,0.0720000000,0.000000,1666.00,6850.00,1.830000,1.500000,1,1
"WASP-154 b","WASP-154","Transit",2025,198.96058278,10.76062147,3.81167800000,0.0440000000,0.000000,994.00,4774.00,0.823000,0.800000,1,1
"TIC 434398831 b","TIC 434398831","Transit",2025,12.10000000,3.51000000,3.68550400000,0.0464100000,0.040000,1250.00,5638.00,0.909000,0.992000,1,2
"TOI-3464 b","TOI-3464","Transit",2025,397.28550875,13.76462830,3.65155680000,0.0515000000,0.250000,1693.00,6370.00,1.560000,1.363000,1,1
"HR 858 c","HR 858","Transit",2019,3.80000000,1.97900000,5.97386500000,0.0687000000,0.000000,1309.00,6354.00,1.258000,1.204000,2,3
"WASP-197 b","WASP-197","Transit",2025,403.32424848,14.44837612,5.16722800000,0.0650000000,0.000000,1665.00,6050.00,2.112000,1.360000,1,1
"WASP-102 b","WASP-102","Transit",2025,197.68926915,14.90794433,2.70981300000,0.0410000000,0.000000,1671.00,5990.00,1.375000,1.080000,1,1
"TOI-3486 b","TOI-3486","Transit",2025,99.16246298,10.57006880,2.21778105000,0.0313800000,0.078000,1190.00,4930.00,0.788000,0.837000,1,1
"TOI-2328 b","TOI-2328","Transit",2025,50.85254512,9.97599282,17.10197000000,0.1270000000,0.057000,842.00,5525.00,0.900000,0.950000,1,1
"TOI-3837 b","TOI-3837","Transit",2025,187.51876013,10.87271128,11.88865000000,0.0990000000,0.221000,1178.00,5905.00,1.200000,0.890000,1,1
"Gl 410 b","Gl 410","Radial Velocity",2025,8.40000000,2.83000000,6.02000000000,0.0531000000,,592.44,3842.00,0.543000,0.550000,1,1
"HD 219666 b","HD 219666","Transit",2018,17.60000000,4.89800000,6.03446800000,0.0635600000,0.050000,1076.00,5540.00,1.059000,1.020000,1,1
"TOI-3682 b","TOI-3682","Transit",2025,69.28659273,12.80065596,3.34624060000,0.0480000000,0.220000,1657.00,5703.00,1.735000,1.320000,1,1
"TOI-6628 b","TOI-6628","Transit",2025,235.19302118,10.98480109,18.18424000000,0.1340000000,0.670000,833.00,5463.00,1.010000,0.970000,1,1
"Kepler-289 e","Kepler-289","Transit",2025,17.40000000,2.94000000,330.07160000000,0.9342000000,0.000000,286.00,5990.00,0.985000,1.061000,1,4
"KMT-2022-BLG-2076L b","KMT-2022-BLG-2076L","Microlensing",2025,279.68899816,13.90000000,,5.6700000000,,,,,0.670000,1,1
"TOI-4214 b","TOI-4214","Transit",2025,165.27077164,10.68215861,3.49138850000,0.0501800000,0.170000,1642.00,6370.00,1.434000,1.382000,1,1
"GJ 581 c","GJ 581","Radial Velocity",2007,6.81000000,2.50000000,12.92110000000,0.0718000000,0.032000,346.13,3500.00,0.302000,0.295000,1,3
"G 192-15 c","G 192-15","Radial Velocity",2025,14.30000000,3.87000000,1219.00000000000,1.1370000000,0.676000,55.90,2999.00,0.170718,0.132000,1,2
"G 268-110 b","G 268-110","Radial Velocity",2025,1.52000000,1.13000000,1.43263000000,0.0128300000,0.000000,534.00,,0.177000,0.137000,1,1
"TOI-2449 b","TOI-2449","Transit",2025,222.00000000,11.24000000,106.14468000000,0.4500000000,0.098000,400.00,6021.00,1.065000,1.079000,1,1
"KMT-2024-BLG-2242L b","KMT-2024-BLG-2242L","Microlensing",2025,13.98444991,3.82000000,,0.8900000000,,,,,0.069000,1,1
"GJ 3512 c","GJ 3512","Radial Velocity",2020,143.97626837,14.30000000,2354.00000000000,1.7310000000,0.089000,42.92,3141.00,0.139000,0.123000,1,2
"HD 28471 b","HD 28471","Radial Velocity",2025,3.72000000,1.75000000,3.16490000000,0.0420000000,0.195000,1377.00,5766.00,1.080000,0.980000,1,3
"HD 28471 c","HD 28471","Radial Velocity",2025,5.72000000,2.26000000,6.12450000000,0.0650000000,0.088000,1066.00,5766.00,1.080000,0.980000,1,3
"NGTS-32 b","NGTS-32","Transit",2025,181.16219199,15.91675259,3.31211000000,0.0440000000,0.000000,1750.00,5680.00,1.850000,1.070000,1,1
"HD 143811 AB b","HD 143811 A","Imaging",2025,1938.75328270,15.69257298,117000.00000000000,63.0000000000,0.190000,1042.00,6791.00,1.683980,1.320000,2,1
"AF Lep b","AF Lep","Imaging",2023,1147.36054927,13.00000000,8905.00000000000,8.9960000000,0.015000,1400.00,6140.00,1.250000,1.218000,1,1
"TOI-238 b","TOI-238","Transit",2024,3.37000000,1.55900000,1.27309900000,0.0212000000,0.180000,1378.00,5059.00,0.756000,0.781000,1,2
"HD 152843 b","HD 152843","Transit",2021,9.82000000,3.05000000,11.62071000000,0.1049000000,0.046000,1003.11,6310.00,1.430000,1.150000,1,2
"MOA-2022-BLG-033L b","MOA-2022-BLG-033L","Microlensing",2025,12.15000000,3.52000000,,2.1500000000,,,,,0.510000,1,1
"HD 28471 d","HD 28471","Radial Velocity",2025,4.91000000,2.06000000,11.68100000000,0.1000000000,0.093000,945.00,5766.00,1.080000,0.980000,1,3
"HD 152843 c","HD 152843","Transit",2021,9.67000000,5.94000000,19.50210400000,0.1482000000,0.074000,253.08,6310.00,1.430000,1.150000,1,2
"KMT-2023-BLG-1896L b","KMT-2023-BLG-1896L","Microlensing",2025,16.35000000,4.19000000,,2.8600000000,,,,,0.720000,1,1
"KMT-2023-BLG-0119L b","KMT-2023-BLG-0119L","Microlensing",2025,83.70000000,11.00000000,,3.1400000000,,,,,0.710000,1,1
"TOI-6054.02","TOI-6054","Transit",2024,9.30000000,2.82000000,12.56363600000,0.1079000000,0.332000,1143.00,6047.00,1.662000,1.107000,1,2
"WASP-110 b","WASP-110","Transit",2021,154.78243421,13.19297028,3.77840220000,,0.000000,1158.00,5392.00,0.853000,0.814000,1,1
"K2-233 d","K2-233","Transit",2018,10.30000000,2.36300000,24.36810000000,0.1516000000,0.180000,525.00,4796.00,0.710000,0.790000,1,3
"K2-233 c","K2-233","Transit",2018,4.60000000,1.27200000,7.06024000000,0.0664000000,0.000000,794.00,4796.00,0.710000,0.790000,1,3
"2MASS J22501512+2325342 b","2MASS J22501512+2325342","Imaging",2018,9534.85221000,11.90000000,,518.0000000000,,1600.00,3352.00,0.437589,0.433173,1,1
"WASP-4 b","WASP-4","Transit",2007,381.39408840,15.12091496,1.33823099400,0.0226100000,0.005300,1653.00,5436.00,0.912000,0.899000,1,1
"Kepler-391 b","Kepler-391","Transit",2014,1100.00000000,2.50000000,7.41750000000,0.0830000000,0.460000,930.00,5038.00,2.879000,1.270000,1,2
"GJ 251 b","GJ 251","Radial Velocity",2020,3.85000000,1.79000000,14.23700000000,0.0808000000,0.000000,336.00,3342.00,0.360000,0.350000,1,2
"TOI-1438 b","TOI-1438","Transit",2025,9.40000000,3.04000000,5.13967000000,0.0553000000,0.000000,971.00,5230.00,0.820000,0.876000,1,2
"GJ 536 c","GJ 536","Radial Velocity",2025,5.89000000,2.30000000,32.76100000000,0.1617000000,0.000000,290.50,3641.00,0.529000,0.528000,1,2
"TOI-1438 c","TOI-1438","Transit",2025,10.60000000,2.75000000,9.42808900000,0.0830000000,0.000000,794.00,5230.00,0.820000,0.876000,1,2
"Kepler-391 c","Kepler-391","Transit",2014,450.00000000,2.88000000,20.50100000000,0.1640000000,0.270000,662.00,5038.00,2.879000,1.270000,1,2
"TOI-756 b","TOI-756","Transit",2025,9.83000000,2.81000000,1.23924950000,0.0180000000,0.000000,934.00,3657.00,0.505000,0.505000,1,2
"TOI-756 c","TOI-756","Radial Velocity",2025,1287.20504835,13.00000000,149.40000000000,0.4390000000,0.445000,194.00,3657.00,0.505000,0.505000,1,2
"HD 224018 d","HD 224018","Transit",2025,4.20000000,2.40000000,138.07310000000,0.5300000000,0.040000,411.00,5784.00,1.147000,1.013000,1,3
"TOI-2141 c","TOI-2141","Radial Velocity",2025,6.14000000,2.35000000,5.46240000000,0.0585000000,,1095.00,5635.00,0.950000,0.896000,1,3
"TOI-6448 b","TOI-6448","Transit",2025,54.00000000,8.47398941,14.84426100000,0.1310000000,0.200000,745.00,5910.00,0.897000,1.030000,1,1
"K2-214 b","K2-214","Transit",2018,6.85000000,2.51000000,8.59656000000,0.0834000000,,1001.00,5875.00,1.236000,1.030000,1,1
"TOI-1203.01","TOI-1203","Transit",2021,7.39000000,2.91800000,25.50267200000,0.1632000000,0.032000,743.60,5737.00,1.179000,0.886000,1,4
"TOI-2093 c","TOI-2093","Transit",2025,15.80000000,2.30000000,53.81149000000,0.2570000000,0.000000,329.00,4426.00,0.729000,0.745000,1,2
"KMT-2024-BLG-1209L b","KMT-2024-BLG-1209L","Microlensing",2025,839.06699448,13.20000000,,2.5100000000,,,,,0.770000,1,1
"HD 135344 A b","HD 135344 A","Imaging",2025,3178.28407000,16.25302201,,16.5000000000,0.500000,1585.00,9540.00,1.500000,2.320000,2,1
"K2-10 b","K2-10","Transit",2015,25.20000000,3.77300000,19.30553000000,0.1370000000,0.310000,649.00,5533.00,0.956000,0.880000,1,1
"TOI-1203 b","TOI-1203","Radial Velocity",2025,3.51000000,1.52000000,4.15728880000,0.0486900000,0.067000,1361.20,5737.00,1.179000,0.886000,1,4
"TOI-1203 c","TOI-1203","Radial Velocity",2025,5.46000000,2.20000000,13.07660000000,,0.092000,,5737.00,1.179000,0.886000,1,4
"HIP 18606 b","HIP 18606","Radial Velocity",2025,244.72787339,14.00000000,674.94000000000,1.6100000000,,405.91,4860.00,4.830000,1.210000,1,1
"HIP 111909 c","HIP 111909","Radial Velocity",2025,257.44100967,13.90000000,893.63000000000,1.9700000000,,357.64,4891.00,4.530000,1.280000,1,2
"TIC 257060897 b","TIC 257060897","Transit",2021,201.50321004,17.26183028,3.66003639000,0.0492200000,0.039000,1775.00,5993.00,1.863000,1.187000,1,1
"OGLE-2016-BLG-1266L b","OGLE-2016-BLG-1266L","Microlensing",2018,3813.94088400,12.40000000,,0.4300000000,,,,,0.015000,1,1
"BD+37 3172 b","BD+37 3172","Radial Velocity",2023,3368.98111420,12.40000000,1887.76000000000,4.6500000000,0.590000,713.25,4500.00,50.240000,3.750000,1,1
"TOI-654.01","TOI-654","Transit",2024,8.71000000,2.37800000,1.52756100000,0.0194400000,0.000000,794.00,3521.00,0.430000,0.419000,1,1
"K2-37 b","K2-37","Transit",2016,2.51000000,1.39000000,4.44340000000,0.0510500000,,949.00,5352.00,0.809000,0.840000,1,3
"K2-37 d","K2-37","Transit",2016,12.50000000,2.31000000,14.09229000000,0.1102000000,,646.00,5352.00,0.809000,0.840000,1,3
"K2-55 b","K2-55","Transit",2016,44.00000000,4.43000000,2.84927100000,0.0348600000,0.070000,900.00,4300.00,0.715000,0.688000,1,1
"TOI-5261 b","TOI-5261","Transit",2025,3651.84839643,11.60129502,4.15097680000,0.0513400000,0.158500,1244.00,5790.00,1.021000,1.037000,1,1
"TOI-4773 b","TOI-4773","Transit",2025,1687.66884117,15.22179579,1.74528510000,0.0321600000,0.024000,2255.00,6740.00,1.550000,1.452000,1,1
"BD+42 2315 b","BD+42 2315","Radial Velocity",2023,174.80562385,14.20000000,123.05000000000,0.5400000000,0.730000,1247.58,4500.00,17.850000,1.380000,1,1
"Ross 176 b","Ross 176","Transit",2025,4.57000000,1.84000000,5.00663380000,0.0464000000,0.250000,682.00,4041.00,0.569000,0.577000,1,1
"K2-62 c","K2-62","Transit",2016,4.62000000,1.99000000,16.19697000000,0.1148000000,,495.00,4455.00,0.696000,0.670000,1,2
"K2-61 b","K2-61","Transit",2016,4.35000000,1.92000000,2.57336000000,0.0392000000,,1325.00,5748.00,0.995000,0.970000,1,1
"TOI-6420 b","TOI-6420","Transit",2025,2606.19293740,11.93756445,6.96150800000,0.0753000000,0.078000,1213.00,6020.00,1.312000,1.165000,1,1
"TOI-5350 b","TOI-5350","Transit",2025,2094.48920213,12.41955062,7.58136700000,0.0796000000,0.016500,1195.00,6220.00,1.263000,1.167000,1,1
"TOI-5817 b","TOI-5817","Transit",2025,10.30000000,3.08000000,15.61031000000,0.1223000000,0.200000,950.00,5770.00,1.427000,0.970000,2,1
"K2-73 b","K2-73","Transit",2016,9.20000000,2.58000000,7.49556000000,0.0761900000,,968.00,5867.00,1.058000,1.020000,1,2
"TOI-5799 b","TOI-5799","Transit",2024,3.65000000,1.73300000,4.16450700000,0.0348000000,,505.00,3452.00,0.321000,0.325000,1,2
"TOI-1346 b","TOI-1346","Transit",2025,6.30000000,2.39000000,1.76225380000,,,1324.00,5099.00,0.780000,0.820000,1,2
"TOI-1346 c","TOI-1346","Transit",2025,5.60000000,2.23000000,5.50255800000,,,928.00,5099.00,0.780000,0.820000,1,2
"K2-105 b","K2-105","Transit",2017,15.40000000,3.40000000,8.26726000000,0.0796000000,0.000000,805.00,5373.00,0.905000,0.940000,1,1
"TOI-5799 c","TOI-5799","Transit",2025,3.75000000,1.76000000,14.01044900000,0.0782000000,,337.00,3452.00,0.321000,0.325000,1,2
"TOI-6223 b","TOI-6223","Transit",2025,22.60000000,5.07000000,3.85521900000,0.0401800000,,714.00,3895.00,0.576000,0.582000,1,1
"KOI-351 g","KOI-351","Transit",2013,15.00000000,7.71800000,210.73514000000,0.7170400000,0.029200,342.00,6031.13,1.185000,1.242000,1,8
"HD 63433 c","HD 63433","Transit",2020,15.53900000,2.69200000,20.54382810000,0.1460000000,0.210000,678.92,5553.00,0.934000,0.956000,1,3
"HD 17156 b","HD 17156","Radial Velocity",2007,1036.12060682,12.26262489,21.21642940000,0.1632000000,0.677200,888.00,6046.00,1.517000,1.285000,1,1
"TOI-6000 b","TOI-6000","Transit",2025,0.77900000,0.94000000,0.44895900000,,,1120.00,3419.00,0.380000,0.370000,1,1
"K2-189 c","K2-189","Transit",2018,5.95000000,2.31000000,6.67932000000,0.0680000000,,877.00,5442.00,0.879000,0.850000,1,2
"KMT-2024-BLG-0404L b","KMT-2024-BLG-0404L","Microlensing",2025,8657.64580668,11.90000000,,0.8500000000,,,,,0.090000,1,2
"KMT-2024-BLG-1281L b","KMT-2024-BLG-1281L","Microlensing",2025,19.06970442,4.59000000,,1.9600000000,,,,,0.320000,1,1
"GJ 317 b","GJ 317","Radial Velocity",2007,794.50000000,13.30000000,695.69000000000,1.1380000000,0.082600,100.32,3496.00,0.403000,0.402000,1,2
"TOI-6303 b","TOI-6303","Transit",2025,2493.00000000,11.59000000,9.48523600000,0.0761000000,0.020000,541.00,3977.00,0.609000,0.644000,1,1
"LHS 1903 d","LHS 1903","Transit",2026,5.96000000,2.50000000,12.56628700000,0.0860400000,0.112000,442.00,3664.00,0.539000,0.538000,1,4
"LHS 1903 e","LHS 1903","Transit",2026,5.79000000,1.73200000,29.31773000000,0.1513500000,0.014000,333.00,3664.00,0.539000,0.538000,1,4
"WASP-120 b","WASP-120","Transit",2016,1541.47550000,15.58048317,3.61126721000,0.0514000000,0.057000,1749.00,6450.00,1.684430,1.393000,1,1
"WASP-140 b","WASP-140","Transit",2016,775.50520000,14.23540549,2.23598448000,0.0323000000,0.047000,1270.00,5300.00,0.870000,0.900000,2,1
"HD 85426 c","TOI-1774","Radial Velocity",2026,10.30000000,3.19000000,35.73000000000,,0.060000,640.00,5746.00,1.130300,0.991000,1,2
"TOI-1774.01","TOI-1774","Transit",2021,8.50000000,2.78000000,16.70988000000,,0.050000,824.00,5746.00,1.130300,0.991000,1,2
"KOINTREAU-3 b","ISO-Oph 96","Imaging",2026,1080.61658380,13.10000000,,342.0000000000,,8.74,3920.00,0.730795,0.410000,1,1
"PDS 70 b","PDS 70","Imaging",2018,1017.05090240,21.96960217,43500.00000000000,20.8000000000,0.170000,1392.00,4109.00,1.260000,0.982000,1,2
"HD 176986 d","HD 176986","Radial Velocity",2026,6.76000000,2.49000000,61.37600000000,0.2814900000,,363.00,4931.00,0.782000,0.789000,1,3
"TOI-6692 b","TOI-6692","Transit",2026,197.05361234,11.67975789,131.12500000000,0.5120000000,0.537000,467.00,5890.00,1.385000,1.047000,1,1
"TOI-4342 b","TOI-4342","Transit",2023,7.30000000,2.32900000,5.53825920000,0.0519000000,0.000000,639.00,3866.00,0.598000,0.587000,1,2
"PDS 70 c","PDS 70","Imaging",2019,2383.71305250,22.19378179,,34.3000000000,0.037000,1054.00,4109.00,1.260000,0.982000,1,2
"V2376 Ori b","V2376 Ori","Imaging",2025,6356.56814000,87.20586985,,71.0000000000,,2100.00,,,0.450000,1,1
"TOI-5489 b","TOI-5489","Transit",2025,2.54000000,1.40000000,3.15222000000,,,624.00,3547.00,0.420000,0.410000,1,2
"HD 208487 b","HD 208487","Radial Velocity",2004,146.20106722,14.30000000,129.36000000000,0.5300000000,0.370000,437.59,6134.00,1.160000,1.150000,1,1
"TOI-1135 b","TOI-1135","Transit",2024,58.79825529,9.91994792,8.02773270000,0.0815000000,0.062000,1171.00,6320.00,1.202000,1.119000,1,1
"TOI-5716 b","TOI-5716","Transit",2025,0.84000000,0.96000000,6.76630000000,,,400.00,3436.00,0.220000,0.190000,1,1
"HD 181433 d","HD 181433","Radial Velocity",2008,858.13669890,13.20000000,6896.10000000000,6.7400000000,0.444000,81.19,4918.00,0.790000,0.860000,1,3
"DMPP-1 b","DMPP-1","Radial Velocity",2019,16.80000000,4.26000000,17.81200000000,0.1423000000,0.200000,877.00,6196.00,1.260000,1.210000,1,4
"HD 202206 b","HD 202206","Radial Velocity",2026,6849.20217085,12.10000000,256.26000000000,0.8100000000,0.426000,314.96,5764.23,1.040000,1.060000,1,2
"TOI-4940 b","TOI-4940","Transit",2025,89.00000000,6.61000000,25.86781100000,0.1650000000,,643.00,5504.00,1.163000,1.012000,1,1
"TOI-5734 b","TOI-5734","Transit",2026,9.10000000,2.10000000,6.18418760000,0.0592100000,,688.00,4750.00,0.639000,0.724000,1,1
"GJ 480 b","GJ 480","Radial Velocity",2020,8.80000000,2.91000000,9.55360000000,0.0680000000,0.000000,406.00,3509.00,0.449000,0.450000,1,1
"DMPP-1 d","DMPP-1","Radial Velocity",2019,4.72000000,2.02000000,3.14170000000,0.0446700000,0.360000,1632.00,6196.00,1.260000,1.210000,1,4
"DMPP-2 b","DMPP-2","Radial Velocity",2019,171.48000000,14.20000000,5.20300000000,0.0663800000,0.060000,1000.00,6500.00,1.780000,1.410000,1,3
"K2-19 d","K2-19","Transit",2016,6.20000000,1.04400000,2.50827000000,0.0347800000,0.440000,1258.00,5350.00,0.824000,0.892000,1,3
"NGTS-35 b","NGTS-35","Transit",2025,152.00000000,10.90000000,25.24119200000,0.1600000000,0.192000,451.00,4717.00,0.753000,0.789000,1,1
"TOI-2267 c","TOI-2267 A","Transit",2025,1.55000000,1.14000000,3.49504120000,0.0263000000,,374.00,3030.00,0.207500,0.171000,2,3
"TOI-2267 b","TOI-2267 A","Transit",2025,0.97200000,1.00000000,2.28909000000,0.0205000000,,424.00,3030.00,0.207500,0.171000,2,3
"HD 39194 c","HD 39194","Radial Velocity",2021,7.49000000,2.65000000,14.03090000000,0.1083000000,0.078000,675.19,5205.00,0.783742,0.860000,1,3
"DMPP-3 A b","DMPP-3 A","Radial Velocity",2019,2.67000000,1.44000000,5.59000000000,0.0595800000,0.420000,854.00,5138.00,0.910000,0.900000,2,1
"TOI-5007 b","TOI-5007","Transit",2026,211.03806225,11.07447293,2.54337100000,0.0307000000,0.074000,774.00,3793.00,0.656000,0.632000,1,1
"TOI-7166 b","TOI-7166","Transit",2025,4.70000000,2.01000000,12.92063621000,0.0619100000,0.000000,249.00,3099.00,0.222000,0.190000,1,1
"TOI-375 b","TOI-375","Transit",2026,236.78216321,10.77183045,9.45469000000,0.0990000000,0.087000,1373.00,5259.90,2.900000,1.441000,1,3
"TOI-5422 b","TOI-5422","Transit",2026,8899.19539600,9.10169233,5.37721900000,0.0619000000,0.094000,1369.00,5820.00,1.474000,1.066000,1,1
"HD 28185 b","HD 28185","Radial Velocity",2001,1859.29618095,12.80000000,385.92000000000,1.0340000000,0.063000,271.95,5602.00,1.048000,0.974000,1,2
"XO-3 b","XO-3","Transit",2007,4217.58296089,14.79585452,3.19152309000,0.0481500000,0.279100,1890.00,6970.00,1.523000,1.449000,1,1
"DMPP-6 c","DMPP-6","Radial Velocity",2026,13.47000000,3.74000000,36.44100000000,0.2206000000,0.310000,715.27,6182.09,1.270000,1.079000,1,2
"TOI-7510 b","TOI-7510","Transit",2025,18.10000000,7.31000000,11.53086900000,0.1019000000,0.057200,878.00,5720.00,1.035000,1.063000,1,3
"TOI-5788 c","TOI-5788","Transit",2026,6.40000000,2.27200000,16.21336200000,0.1197000000,0.046000,667.00,5615.00,0.870000,0.870000,1,2
"TOI-5788 b","TOI-5788","Transit",2026,3.72000000,1.52800000,6.34075800000,0.0640000000,0.061000,910.00,5615.00,0.870000,0.870000,1,2
"DMPP-9 b","DMPP-9","Radial Velocity",2026,14.43000000,3.89000000,12.73300000000,0.1097000000,0.250000,995.58,6092.00,1.260000,1.100000,1,1
"HD 72659 c","HD 72659","Radial Velocity",2022,6165.87109580,12.10000000,35500.00000000000,21.5000000000,0.114000,71.91,5929.00,1.360000,1.033000,1,2
"KMT-2020-BLG-0202L b","KMT-2020-BLG-0202L","Microlensing",2026,3902.93283796,12.40000000,,4.1700000000,,,,,0.810000,1,1
"KMT-2022-BLG-1551L b","KMT-2022-BLG-1551L","Microlensing",2026,940.77208472,13.20000000,,2.2900000000,,,,,0.540000,1,1
"HD 95338 b","HD 95338","Radial Velocity",2020,42.90000000,4.27174254,55.08269400000,0.2620000000,0.197000,443.00,5097.00,0.868000,0.848000,1,1
"KMT-2022-BLG-1818L b","KMT-2022-BLG-1818L","Microlensing",2026,1271.31362800,13.00000000,,2.6000000000,,,,,0.790000,1,2
"TOI-1243 b","TOI-1243","Transit",2026,7.70000000,2.33000000,4.65947790000,,,450.00,3515.00,0.511000,0.515000,1,1
"TOI-5938 b","TOI-5938","Transit",2026,14.00000000,3.82000000,2.26042400000,0.0308000000,,1077.00,4650.00,0.712000,0.744000,1,1
"TOI-7009 b","TOI-7009","Transit",2026,13.30000000,3.71000000,2.32066120000,0.0287000000,,872.00,4080.00,0.564000,0.583000,1,1
"KMT-2025-BLG-0121L b","KMT-2025-BLG-0121L","Microlensing",2026,2469.52672239,12.60000000,,3.0500000000,,,,,0.610000,1,1
"HD 28109 b","HD 28109","Transit",2022,6.20000000,2.69000000,22.89105400000,0.1357000000,0.007100,867.00,6189.00,1.425000,1.227000,1,3
"TOI-5388.01","TOI-5388","Transit",2024,2.20000000,0.99000000,2.59467480000,0.0243358550,,488.00,3440.00,0.300000,0.292000,1,1
"KMT-2024-BLG-2087L b","KMT-2024-BLG-2087L","Microlensing",2026,1395.26670673,12.90000000,,3.0300000000,,,,,0.480000,1,1
"HD 100508 b","HD 100508","Radial Velocity",2026,381.39408840,13.70000000,5681.00000000000,6.1100000000,0.420000,106.66,5419.00,1.017900,0.940000,1,1
"HD 114386 c","HD 114386","Radial Velocity",2026,117.59651059,13.40000000,444.00000000000,1.0500000000,0.100000,200.82,4895.00,0.760000,0.800000,1,2
"HD 28109 d","HD 28109","Transit",2022,5.80000000,3.11000000,84.28990000000,0.4110000000,0.005400,561.00,6189.00,1.425000,1.227000,1,3
"KMT-2020-BLG-0414L b","KMT-2020-BLG-0414L","Microlensing",2021,1.87000000,1.20000000,,2.0700000000,,,,,0.490000,1,2
"TOI-6716 b","TOI-6716","Transit",2026,0.91100000,0.98200000,4.71858980000,0.0319000000,0.880000,369.00,3110.00,0.231000,0.223000,1,1
"HD 154345 b","HD 154345","Radial Velocity",2006,376.94449070,13.70000000,3280.00000000000,4.1580000000,0.058000,119.21,5468.00,0.850000,0.890000,1,1
"HD 217107 b","HD 217107","Radial Velocity",1998,459.57987652,13.60000000,7.12701660000,0.0735900000,0.128400,1105.84,5622.00,1.224500,1.045000,1,2
"TOI-1472 b","TOI-1472","Transit",2024,18.05000000,4.05800000,6.36338574000,0.0640000000,0.041000,891.00,5100.00,0.840000,0.870000,1,2
"TOI-1648 b","TOI-1648","Transit",2025,7.40000000,2.54000000,7.33160200000,0.0694000000,0.178000,799.00,4850.00,0.810000,0.830000,1,1
"HD 164604 b","HD 164604","Radial Velocity",2009,4195.33497240,12.30000000,653.90000000000,1.3620000000,0.479000,170.16,4663.00,0.780000,0.770000,1,2
"HD 164604 c","HD 164604","Radial Velocity",2026,3019.36986650,12.50000000,5387.00000000000,5.5560000000,0.196000,84.25,4663.00,0.780000,0.770000,1,2
"HIP 54515 b","HIP 54515","Imaging",2026,5625.56280390,12.20000000,33000.00000000000,24.8000000000,0.420000,100.72,8100.00,1.649150,1.900000,1,1
"TOI-1518 b","TOI-1518","Transit",2021,581.62598481,21.05046575,1.90261131000,0.0371200000,0.010000,2546.00,7299.00,1.942000,1.880000,1,1
"GJ 4274 b","GJ 4274","Radial Velocity",2026,2.97000000,1.53000000,1.63390000000,0.0153000000,,548.53,3228.00,0.190000,0.180000,1,2
"LHS 1903 b","LHS 1903","Transit",2026,3.28000000,1.38200000,2.15550980000,0.0265600000,0.015000,796.00,3664.00,0.539000,0.538000,1,4
"LHS 1903 c","LHS 1903","Transit",2026,4.55000000,2.04600000,6.22618500000,0.0538700000,0.089000,559.00,3664.00,0.539000,0.538000,1,4
"TOI-1080 b","TOI-1080","Transit",2026,10.70000000,1.20000000,3.96524820000,0.0272000000,,368.00,3065.00,0.201900,0.166700,1,1
"TOI-2145 b","TOI-2145","Transit",2023,1805.26535176,12.24020692,10.26112800000,0.1117000000,0.214000,1484.00,6206.00,2.750000,1.710000,1,1
"TIC 231949697 b","TIC 231949697","Transit",2026,2.95000000,1.52831855,0.90720448719,,,982.91,3451.32,0.492584,0.490679,1,1
"CWISEP J193518.59-154620.3 b","CWISEP J193518.59-154620.3","Imaging",2025,4926.34030850,12.20000000,,2.4800000000,,390.00,,,0.024000,1,1
"HD 202772 A b","HD 202772 A","Transit",2019,323.54931833,18.23701160,3.30887750000,0.0520800000,0.030000,2181.00,6442.00,2.554000,1.721000,2,1
"TOI-4588 b","TOI-4588","Transit",2026,8.90000000,2.92922558,13.11881173651,0.1376000000,0.000000,1768.00,7746.12,1.574580,2.018000,1,1
"TOI-4513 b","TOI-4513","Transit",2026,6.11000000,2.34587608,9.76042253684,,,653.00,5623.93,0.796628,0.979000,1,1
"TIC 24750448 b","TIC 24750448","Transit",2026,6.51000000,2.43722231,3.59159193029,,,,4545.43,0.713599,0.690000,1,2
"TOI-4127 b","TOI-4127","Transit",2023,743.71847238,12.07000000,56.39870000000,0.3030000000,0.748400,556.00,6096.00,1.293000,1.230000,1,1
"TOI-697 b","TOI-697","Transit",2026,6.16000000,2.35859364,8.60788713593,,,839.80,5681.95,0.968149,0.970000,1,1
"TOI-4561 b","TOI-4561","Transit",2026,3.81000000,1.77789214,8.93547936706,,,789.81,5537.93,0.851957,1.000000,1,1
"TIC 24750448 c","TIC 24750448","Transit",2026,9.75000000,3.09028272,10.14385270726,,,,4545.43,0.713599,0.690000,1,2
"GJ 1137 c","HD 93083","Radial Velocity",2026,5.12000000,2.11000000,9.64120000000,0.0835000000,0.000000,768.51,5033.80,0.837000,0.836000,1,2
"TIC 87422071 b","TIC 87422071","Transit",2026,409.99864503,10.86150230,11.36492900000,0.1060000000,0.124000,1110.00,6150.00,1.489000,1.239000,1,1
"TOI-883 b","TOI-883","Transit",2026,40.70000000,7.17166228,10.05771848538,,,861.00,5713.15,1.014770,1.003000,1,1
"TOI-4640 b","TOI-4640","Transit",2026,8.46000000,2.84326517,2.68566015238,,,1378.86,5743.01,1.067150,1.100000,1,1
"TIC 38828280 b","TIC 38828280","Transit",2026,7.40000000,2.62701629,4.85558984762,,,,5046.63,0.741147,0.840000,1,1
"TIC 147027702 b","TIC 147027702","Transit",2026,346.43296363,10.92875618,44.40523000000,0.2740000000,0.127000,863.00,6410.00,2.136000,1.406000,1,1
"TIC 245076932 b","TIC 245076932","Transit",2026,162.09248757,10.87271128,21.61389000000,0.1570000000,0.428000,845.00,6130.00,1.288000,1.117000,1,1
"TOI-921 b","TOI-921","Transit",2026,12.20000000,3.53409617,5.12871907628,,,951.00,6011.66,1.141650,1.130000,1,1
"TOI-4930 b","TOI-4930","Transit",2026,38.40000000,6.93277225,6.78130241498,,,1169.00,5624.72,1.159260,1.040000,1,1
"TIC 62895484 b","TIC 62895484","Transit",2026,12.00000000,3.49391667,2.83985434327,,,,5520.79,0.874291,0.980000,1,1
"TOI-941 b","TOI-941","Transit",2026,34.60000000,6.51165317,8.51460888787,,,982.42,5745.88,1.184900,1.078000,1,1
"TOI-5159 b","TOI-5159","Transit",2026,3.01000000,1.54732112,5.83639428843,,,866.29,5156.16,0.854084,0.900000,1,1
"TIC 86380416 b","TIC 86380416","Transit",2026,6.40000000,2.41236120,6.04086434610,,,,5723.74,0.989724,1.070000,1,1
"K2-19 b","K2-19","Transit",2015,30.80000000,7.00000000,7.91930000000,0.0748700000,0.100000,857.00,5322.00,0.820000,0.880000,1,3
"TOI-5335 b","TOI-5335","Transit",2026,15.30000000,4.02422162,3.61365988443,,,1048.00,5528.92,0.916633,0.945000,1,1
"TIC 88692598 b","TIC 88692598","Transit",2026,3.94000000,1.81295951,2.64909436758,,,,3483.17,0.532473,0.529218,1,1
"TOI-1752 b","TOI-1752","Transit",2026,3.51000000,1.69300000,0.93518610000,0.0162400000,,1036.00,3762.00,0.530000,0.524000,1,2
"TOI-1269 c","TOI-1269","Transit",2026,5.60000000,2.22999162,9.23786144195,,,757.00,5554.02,0.848906,0.902700,1,2
"TOI-5486 b","TOI-5486","Transit",2026,14.90000000,3.96824928,2.02470073205,,,752.00,3750.17,0.553216,0.548138,1,1
"TIC 139702105 b","TIC 139702105","Transit",2026,6.59000000,2.45316949,6.83601903383,,,,5742.35,1.254230,0.900000,1,1
"TOI-5624 c","TOI-5624","Transit",2026,4.80000000,2.47400000,7.88538500000,0.0737400000,0.000000,857.00,5327.00,0.820000,0.858000,1,5
"TOI-1718 b","TOI-1718","Transit",2026,15.80000000,4.10824994,5.58703768615,,,948.00,5304.91,0.939285,0.930000,1,1
"TOI-5532 b","TOI-5532","Transit",2026,6.93000000,2.52763693,5.65396594310,,,617.33,4208.45,0.662052,0.636083,1,1
"TIC 161045582 b","TIC 161045582","Transit",2026,5.67000000,2.24566738,8.85577189959,,,,5683.87,1.079760,1.040000,1,1
"TOI-1232 c","TOI-1232","Transit Timing Variations",2026,58.48042689,8.88000000,30.35600000000,0.1940000000,0.027000,660.05,5823.00,1.072000,1.058000,1,2
"TOI-1732 b","TOI-1732","Transit",2026,6.78000000,2.49549787,4.11923678339,,,657.79,4201.93,0.632571,0.613891,1,1
"TOI-5605 b","TOI-5605","Transit",2026,6.92000000,2.52611303,5.91340454843,,,669.00,4583.79,0.736044,0.680000,1,1
"TOI-1756 b","TOI-1756","Transit",2026,4.43000000,1.94225664,2.78301736297,,,696.39,3891.86,0.562607,0.556454,1,1
"TOI-5630 b","TOI-5630","Transit",2026,6.22000000,2.37117553,3.22118452536,,,1541.00,5385.64,0.933361,0.934000,1,1
"TIC 206466666 b","TIC 206466666","Transit",2026,5.26000000,2.14817673,9.10486865159,,,,4620.30,0.667193,0.760000,1,1
"TOI-198 b","TOI-198","Transit",2023,3.17000000,1.36000000,10.21521300000,0.0675000000,0.150000,456.00,3801.00,0.418000,0.417000,1,1
"KMT-2024-BLG-2005L b","KMT-2024-BLG-2005L","Microlensing",2026,50.85254512,8.18000000,,1.1200000000,,,,,0.120000,1,1
"TOI-1839 b","TOI-1839","Transit",2026,5.56000000,2.21895097,1.42378440907,,,1405.35,5315.91,0.848099,0.934000,1,2
"TOI-5926 b","TOI-5926","Transit",2026,44.60000000,7.56807148,3.81122794237,,,987.00,5388.92,0.890046,0.946000,1,1
"TIC 290487717 b","TIC 290487717","Transit",2026,35.70000000,6.63777941,3.40081822900,,,,5328.97,0.943767,0.920000,1,1
"TOI-672 b","TOI-672","Transit",2023,50.90000000,5.31000000,3.63358100000,0.0376000000,0.000000,699.50,3810.00,0.540000,0.540000,1,1
"TOI-2071 b","TOI-2071","Transit",2026,7.10000000,2.56484195,5.67395386982,,,1029.33,5755.41,1.002860,1.063000,1,1
"TOI-4156 c","TOI-4156","Transit",2026,8.87000000,2.92303762,12.82282706375,,,809.32,5971.64,1.039630,1.100000,1,2
"TIC 356227008 b","TIC 356227008","Transit",2026,6.30000000,2.39024009,2.96147448702,,,,5731.86,0.959792,1.020000,1,1
"TOI-2518 b","TOI-2518","Transit",2026,5.77000000,2.26838675,6.89797425216,,,1095.00,5751.20,0.993374,1.110000,1,1
"TOI-6393 b","TOI-6393","Transit",2026,8.04000000,2.75958542,9.53176110329,,,696.00,5008.20,0.766023,0.835000,1,1
"EPIC 220674823 b","EPIC 220674823","Transit",2016,7.54000000,1.60600000,0.57130782000,0.0132000000,0.000000,2324.00,5578.00,0.990000,0.913000,1,2
"EPIC 220674823 c","EPIC 220674823","Transit",2016,7.90000000,2.71200000,13.34060300000,0.1078000000,0.180000,838.00,5578.00,0.990000,0.913000,1,2
"TOI-2654 b","TOI-2654","Transit",2026,48.40000000,7.94454164,2.96760425926,,,819.00,4594.08,0.756095,0.690000,1,1
"TOI-6699 b","TOI-6699","Transit",2026,6.02000000,2.32645266,5.32005926761,,,976.00,4705.10,0.753090,0.750000,1,1
"TOI-1839 c","TOI-1839","Transit",2026,6.39000000,2.40867246,4.02393854207,,,,5315.91,0.848099,0.934000,1,2
"K2-111 c","K2-111","Radial Velocity",2020,11.10000000,3.34000000,15.67480000000,0.1156500000,0.069000,923.00,5775.00,1.250000,0.840000,1,2
"TOI-4156 b","TOI-4156","Transit",2026,6.98000000,2.53823825,4.46189034133,,,1289.00,5971.64,1.039630,1.100000,1,2
"TOI-7333 b","TOI-7333","Transit",2026,5.04000000,2.09469416,6.26449803661,,,755.00,4586.87,0.666066,0.721000,1,1
"rho CrB e","rho CrB","Radial Velocity",2023,3.71000000,1.75000000,12.90400000000,0.1061000000,0.082000,1004.88,5817.00,1.361700,1.000000,1,3
"MOA-2007-BLG-192L b","MOA-2007-BLG-192L","Microlensing",2008,12.49000000,3.58000000,,2.0200000000,,,,,0.280000,1,1
"K2-79 b","K2-79","Transit",2016,5.90000000,4.15000000,10.99503900000,0.0987000000,0.032000,1033.00,5897.00,1.269000,1.060000,1,1
"K2-111 b","K2-111","Transit",2017,5.35000000,1.83700000,5.35189630000,0.0565000000,0.134000,1293.00,5775.00,1.250000,0.840000,1,2
"TOI-4363 b","TOI-4363","Transit",2026,3.77000000,1.76689273,2.11867592279,,,884.71,4278.45,0.691320,0.620000,1,1
"HD 5388 b","HD 5388","Radial Velocity",2010,1017.05090240,13.10000000,772.50000000000,1.7570000000,0.410000,316.59,6297.00,1.910000,1.210000,1,1
"Kepler-79 b","Kepler-79","Transit",2012,7.60000000,3.51000000,13.48451000000,0.1192900000,0.022000,929.00,6389.00,1.316000,1.244000,1,4
"Kepler-79 c","Kepler-79","Transit",2012,4.60000000,3.76000000,27.40260000000,0.1914400000,0.038000,734.00,6389.00,1.316000,1.244000,1,4
"HD 16760 b","HD 16760","Radial Velocity",2009,6833.31075050,12.10000000,466.08000000000,1.1560000000,0.079000,226.14,5518.00,0.835000,0.930000,1,1
"TOI-3457 b","TOI-3457","Transit",2026,797.74930157,10.64000000,32.60026800000,0.2001000000,0.590000,824.20,6300.00,1.474000,1.040000,1,1
"TOI-6884 b","TOI-6884","Transit",2026,8365.24367224,10.39072511,4.80826400000,0.0629000000,0.067000,1652.00,6330.00,1.840000,1.410000,1,1
"TOI-4602.01","TOI-4602","Transit",2024,5.53000000,2.45000000,3.98129990000,0.0474700000,0.000000,1344.00,5966.00,1.080000,0.900000,1,1
"TOI-791 b","TOI-791","Transit",2026,9.50000000,11.13051784,139.29931000000,0.6020000000,0.032000,434.30,6294.00,1.474000,1.280000,1,2
"eps Eri b","eps Eri","Radial Velocity",2000,317.82840700,13.80000000,2680.00000000000,3.5300000000,0.060000,112.26,5020.38,0.759106,0.820000,1,1
"TOI-791 c","TOI-791","Transit",2026,18.60000000,12.94637271,232.01570000000,0.8630000000,0.028000,362.80,6294.00,1.474000,1.280000,1,2
"HD 190360 b","HD 190360","Radial Velocity",2003,537.00000000,13.50000000,2887.50000000000,3.9650000000,0.334200,150.00,5560.00,1.140000,0.996000,2,3
"HD 190360 c","HD 190360","Radial Velocity",2005,26.20000000,5.53000000,17.11625000000,0.1298000000,0.163000,794.55,5560.00,1.140000,0.996000,2,3
"HD 190360 d","HD 190360","Radial Velocity",2026,11.90000000,3.48000000,88.69000000000,0.3886000000,0.058000,459.21,5560.00,1.140000,0.996000,2,3
"TOI-3664 b","TOI-3664","Transit",2026,114.41822652,13.69737442,3.29748390000,0.0431000000,0.159000,1232.00,5593.00,1.110000,0.980000,1,1
"TOI-4034 b","TOI-4034","Transit",2026,276.51071409,17.71018951,1.80209320000,0.0328900000,0.000000,1907.00,5891.00,1.830000,1.190000,1,1
"HD 126105 b","HD 126105","Radial Velocity",2026,530.77343969,13.50000000,524.00000000000,1.3600000000,0.103000,413.60,4875.00,4.210000,1.200000,1,1
"TIC 52059926 b","TIC 52059926","Transit",2026,5380.00000000,10.71000000,175.53200000000,0.5530000000,0.510000,229.60,4505.00,0.720000,0.730000,1,1
"TOI-4427 b","TOI-4427","Transit",2026,87.72064033,13.09208946,4.61826210000,0.0538900000,0.074000,1040.00,5347.00,0.890000,0.900000,1,1
"TOI-2049 b","TOI-2049","Transit",2026,486.27746271,16.64533634,5.30346800000,0.0691900000,0.054000,1869.00,6164.00,3.200000,1.570000,1,1
"TOI-4458 b","TOI-4458","Transit",2026,552.06794296,12.40834163,3.93937920000,0.0522000000,0.030000,1759.00,6151.00,1.960000,1.470000,1,1
"TOI-159 b","TOI-159","Transit",2026,1110.00000000,18.18000000,3.76283960000,0.0560000000,0.240000,1891.00,7287.00,1.620000,1.661000,2,1
"COCONUTS-2 b","COCONUTS-2 A","Imaging",2021,2383.71305250,12.57647635,402000000.00000000000,7506.0000000000,,493.00,3552.00,0.366000,0.400000,1,1
"HD 30177 c","HD 30177","Radial Velocity",2016,1484.25866069,12.90000000,11320.00000000000,9.9000000000,0.210000,87.87,5680.00,1.019000,0.980000,1,2
"TOI-1710 b","TOI-1710","Transit",2022,19.10000000,5.06000000,24.28336000000,0.1652000000,0.050000,602.99,5775.00,0.930000,1.020000,2,1
"K2-370 b","K2-370","Transit",2022,11.10000000,2.67000000,2.14080930000,0.0321000000,0.000000,1267.00,5662.00,0.945000,0.962000,1,1
"HIP 8923 b","HIP 8923","Radial Velocity",2026,3171.92750186,12.50000000,5160.00000000000,5.9000000000,0.011000,136.48,5980.00,1.321640,1.010000,1,1
"TOI-201 c","TOI-201","Transit Timing Variations",2025,4990.00000000,10.40000000,2890.00000000000,4.3700000000,0.651000,169.58,6423.00,1.310000,1.320000,1,3
"KMT-2023-BLG-0332L b","KMT-2023-BLG-0332L","Microlensing",2026,6992.22495400,12.00000000,,3.2000000000,,,,,0.540000,1,1
"XO-2 S d","XO-2 S","Radial Velocity",2024,1179.14338997,13.00000000,4696.00000000000,5.4600000000,0.091000,110.98,5325.00,1.020000,0.980000,2,4
"TOI-237 c","TOI-237","Transit",2026,1.90000000,1.20600000,1.74486147000,0.0160000000,,515.00,3226.00,0.205600,0.169800,1,2
"bet Pic b","bet Pic","Imaging",2008,2765.10714090,18.49485000,8682.00000000000,10.0700000000,0.105000,1612.00,8038.68,1.544160,1.789000,1,3
"bet Pic c","bet Pic","Radial Velocity",2019,2765.10714090,12.50000000,1202.00000000000,2.7000000000,0.307000,1250.00,8038.68,1.544160,1.789000,1,3
"bet Pic d","bet Pic","Imaging",2026,762.78817680,14.12331568,33200.00000000000,26.0000000000,0.440000,600.00,8038.68,1.544160,1.789000,1,3
"Kepler-484 b","Kepler-484","Transit",2016,5.82000000,2.28000000,10.04556931300,0.0903600000,0.000000,766.00,5668.00,0.870000,0.960000,1,1
"Kepler-758 c","Kepler-758","Transit",2016,3.50000000,1.69000000,4.75793986000,0.0576800000,0.000000,1372.00,6228.00,1.420000,1.160000,1,4
"TOI-4311 b","TOI-4311","Transit",2026,4.50000000,1.37600000,0.99027380000,0.0181700000,,1664.00,5063.00,0.844100,0.816000,1,2
"TOI-2147 b","TOI-2147","Transit",2026,116.00000000,10.50000000,26.20518000000,0.1720000000,0.290000,820.00,5983.00,1.390000,0.990000,1,1
"TOI-6019 b","TOI-6019","Transit",2026,149.00000000,12.30000000,14.54795200000,0.1212000000,0.480000,1095.00,5561.00,2.020000,1.130000,1,1
"Kepler-929 b","Kepler-929","Transit",2016,1.41000000,1.11000000,0.92103213500,0.0198200000,0.000000,2362.00,5869.00,1.020000,1.010000,1,1
"Kepler-1767 b","Kepler-1767","Transit",2021,9.34000000,3.01299077,59.65829849000,0.2873000000,0.000000,393.00,5243.00,0.831000,0.887000,1,1
"Kepler-223 e","Kepler-223","Transit",2014,4.80000000,4.60000000,19.72567000000,0.1448100000,0.051000,751.00,5803.00,1.720000,1.125000,1,4
"Kepler-1127 b","Kepler-1127","Transit",2016,4.50000000,1.96000000,5.12330347000,0.0556000000,0.000000,994.00,5664.00,0.950000,0.970000,1,1
"Kepler-1793 b","Kepler-1793","Transit",2021,13.80000000,3.79037518,8.77999973300,0.0787000000,0.000000,713.00,5191.00,0.764000,0.850000,1,1
"HD 141937 b","HD 141937","Radial Velocity",2002,3591.46099910,12.40000000,662.37000000000,1.5400000000,0.460000,231.49,5870.00,1.030000,1.090000,1,1
"Kepler-1367 b","Kepler-1367","Transit",2016,0.72100000,0.92000000,1.57409027200,0.0236000000,0.000000,998.00,4106.00,0.600000,0.620000,1,1
"Kepler-1900 b","Kepler-1900","Transit",2021,3.27000000,1.62314676,2.98622989700,0.0420000000,0.000000,1356.00,6173.00,1.041000,1.104000,1,1
"Kepler-1364 b","Kepler-1364","Transit",2016,5.27000000,2.15000000,13.32196237000,0.1284000000,0.000000,1299.00,6805.00,1.790000,1.490000,1,1
"Kepler-482 b","Kepler-482","Transit",2016,6.17000000,2.36000000,56.35418576000,0.2578700000,0.000000,352.00,4871.00,0.720000,0.750000,1,1
"Kepler-1646 b","Kepler-1646","Transit",2016,2.04000000,1.23000000,4.48558383000,0.0295000000,0.000000,365.00,3299.00,0.260000,0.240000,1,1
"HD 6718 b","HD 6718","Radial Velocity",2009,762.78817680,13.30000000,2476.00000000000,3.5300000000,0.060000,148.94,5746.00,1.020000,0.960000,1,1
"Kepler-32 c","Kepler-32","Transit",2011,158.90000000,2.00000000,8.75220000000,0.0900000000,0.000000,451.00,3900.00,0.530000,0.580000,1,5
"K2-177 b","K2-177","Transit",2018,5.13000000,2.11620480,14.15518500000,,,,6063.00,1.213565,1.210525,1,1
"Kepler-259 c","Kepler-259","Transit",2014,7.75000000,2.70000000,36.92493100000,0.2170000000,0.000000,530.00,5938.00,0.898000,0.867000,1,2
"K2-183 b","K2-183","Transit",2018,1.37000000,1.10000000,0.46928500000,,,,5482.00,0.870000,0.942219,1,3
"Kepler-222 d","Kepler-222","Transit",2014,13.20000000,3.69000000,28.08191200000,0.1800000000,0.000000,522.00,5433.00,0.869000,0.933000,1,3
"Kepler-165 c","Kepler-165","Transit",2014,5.60000000,2.23000000,15.31299000000,0.1100000000,0.000000,581.00,5211.00,0.770000,0.746000,1,2
"K2-263 b","K2-263","Transit",2018,15.40000000,2.51300000,50.81917200000,0.2573000000,0.080000,482.00,5368.00,0.850000,0.880000,1,1
"Kepler-166 d","Kepler-166","Transit",2016,3.64000000,1.73000000,1.55400392800,0.0244900000,0.000000,1313.00,5350.00,0.830000,0.880000,1,3
"Kepler-52 b","Kepler-52","Transit",2012,135.00000000,2.10000000,7.87735650000,0.0637000000,0.000000,553.00,4075.00,0.520000,0.540000,1,3
"K2-186 b","K2-186","Transit",2018,10.20000000,3.17207779,41.47421900000,,,,5784.00,0.980830,1.018617,1,1
"K2-195 c","K2-195","Transit",2018,7.16000000,2.57581891,28.48278600000,,,,5712.00,0.906367,0.963364,1,2
"K2-187 e","K2-187","Transit",2018,4.27000000,1.90000000,13.60662900000,0.1106000000,,698.00,5438.00,0.830000,0.966999,1,4
"K2-187 c","K2-187","Transit",2018,2.54000000,1.40000000,2.87151200000,0.0392000000,,1173.00,5438.00,0.830000,0.966999,1,4
"K2-189 b","K2-189","Transit",2018,2.55000000,1.40300000,2.58812000000,0.0361000000,,1203.00,5442.00,0.879000,0.850000,1,2
"K2-280 b","K2-280","Transit",2018,37.10000000,7.50000000,19.89526000000,0.1461000000,0.350000,787.00,5500.00,1.280000,1.030000,1,1
"K2-381 c","K2-381","Transit",2022,4.66000000,2.00000000,16.03465600000,,,,4473.00,0.675000,0.754000,1,3
"Kepler-229 b","Kepler-229","Transit",2014,5.48000000,2.20000000,6.25297200000,0.0620000000,0.000000,823.00,5120.00,0.728000,0.808000,1,3
"K2-222 b","K2-222","Transit",2018,7.50000000,2.27500000,15.38892740000,0.1186000000,0.021000,803.00,5942.00,1.072000,0.940000,1,1
"K2-220 b","K2-220","Transit",2018,6.21000000,2.37000000,13.68186000000,0.1104000000,,761.00,5612.00,1.026000,0.910000,1,1
"Kepler-491 b","Kepler-491","Transit",2016,59.00000000,8.92000000,4.22538451200,0.0519100000,0.000000,1111.00,5582.00,1.030000,1.040000,1,1
"Kepler-197 b","Kepler-197","Transit",2014,1.04000000,1.02000000,5.59930800000,0.0600000000,0.020000,1142.00,6004.00,1.120000,0.857000,2,4
"Kepler-216 b","Kepler-216","Transit",2014,6.12000000,2.35000000,7.69364100000,0.0790000000,0.000000,1069.00,6091.00,1.260000,1.126000,1,2
"K2-176 b","K2-176","Transit",2018,2.83000000,1.49090097,5.32943900000,,,,5428.00,0.864160,0.938545,1,1
"K2-223 b","K2-223","Transit",2018,0.64000000,0.89000000,0.50557000000,0.0127000000,,2271.00,5859.00,1.000000,1.060000,1,2
"Kepler-1732 b","Kepler-1732","Transit",2021,15.70000000,4.09903273,32.31240082000,0.2015000000,0.000000,699.00,5821.00,1.494000,1.043000,1,1
"14 Her b","14 Her","Radial Velocity",2002,2828.67282230,12.50000000,1766.41000000000,2.8390000000,0.368300,147.32,5338.00,0.930000,0.970000,1,2
"16 Cyg B b","16 Cyg B","Radial Velocity",1996,565.73740000,13.50000000,798.50000000000,1.6600000000,0.680000,228.76,5750.00,1.130000,1.080000,3,1
"K2-368 d","K2-368","Transit",2022,4.45000000,1.94800000,20.20108500000,,,,4663.00,0.663000,0.746000,1,3
"Kepler-261 b","Kepler-261","Transit",2014,5.39000000,2.18000000,10.38122700000,0.0880000000,0.000000,672.00,5098.00,0.794000,0.834000,1,2
"1RXS J160929.1-210524 b","1RXS J160929.1-210524","Imaging",2008,3000.00000000,18.64700000,,330.0000000000,,1700.00,4060.00,1.313160,0.850000,1,1
"CoRoT-4 b","CoRoT-4","Transit",2008,228.83000000,13.34000000,9.20205000000,0.0900000000,0.000000,1074.00,6190.00,1.170000,1.160000,1,1
"K2-224 c","K2-224","Transit",2018,6.39000000,2.41000000,10.09489000000,0.0886000000,,764.00,5620.00,0.840000,0.910000,1,2
"K2-368 c","K2-368","Transit",2022,2.42000000,1.36100000,9.66018600000,,,,4663.00,0.663000,0.746000,1,3
"24 Sex c","24 Sex","Radial Velocity",2010,273.32000000,13.90000000,883.00000000000,2.0800000000,0.290000,377.31,5098.00,4.900000,1.540000,1,2
"CoRoT-7 b","CoRoT-7","Transit",2009,4.07660518,1.68135000,0.85359163000,0.0170160000,0.000000,1756.00,5275.00,0.830000,0.820000,1,3
"K2-226 b","K2-226","Transit",2018,2.98000000,1.53899305,3.27109000000,0.0409500000,0.220000,1187.00,5288.00,0.889000,0.856000,1,1
"K2-227 b","K2-227","Transit",2018,3.41000000,1.66551298,13.62183200000,,,,5673.00,0.890666,0.950811,1,1
"2MASS J12073346-3932539 b","2MASS J12073346-3932539","Imaging",2004,1652.70771640,15.69257298,,46.0000000000,,1163.00,2825.00,0.218870,0.188001,1,1
"CoRoT-7 c","CoRoT-7","Radial Velocity",2009,8.40000000,2.83000000,3.69800000000,0.0460000000,0.000000,1098.59,5256.00,0.864273,0.899000,1,3
"eps Tau b","eps Tau","Radial Velocity",2006,2285.18624633,12.70000000,585.82000000000,1.8780000000,0.076000,603.08,4877.00,12.350000,2.570000,1,1
"gam1 Leo b","gam1 Leo","Radial Velocity",2009,2790.43000000,12.50000000,428.50000000000,1.1900000000,0.144000,1080.70,4330.00,31.880000,1.230000,2,1
"K2-229 b","K2-229","Transit",2018,2.55000000,1.00000000,0.58421600000,0.0131000000,0.000000,1818.00,5315.00,0.790000,0.870000,1,2
"Kepler-752 b","Kepler-752","Transit",2016,8.30000000,2.81000000,18.82747265000,0.1353000000,0.000000,632.00,5373.00,0.830000,0.870000,1,1
"CoRoT-9 b","CoRoT-9","Transit",2009,266.97720000,11.94879400,95.27265600000,0.4021000000,0.133000,420.00,5625.00,0.960000,0.960000,2,1
"K2-343 b","K2-343","Transit",2021,3.36000000,1.65000000,2.78717400000,,,653.00,3804.00,0.460000,0.490000,1,2
"51 Peg b","51 Peg","Radial Velocity",1995,193.87532827,14.10000000,4.23079660000,0.0520000000,0.006300,1328.93,5761.00,1.190000,1.070000,1,1
"K2-331 c","K2-331","Transit",2021,7.85000000,2.72000000,22.99659100000,,,673.00,5994.00,1.060000,1.100000,1,2
"EPIC 212624936 c","EPIC 212624936","Transit",2021,5.90000000,2.30000000,11.81143700000,,,,5765.00,0.930000,1.000000,1,2
"K2-334 b","K2-334","Transit",2021,27.20000000,5.65000000,5.11398100000,,,1380.00,6502.00,1.490000,1.360000,1,1
"K2-379 b","K2-379","Transit",2022,5.40000000,2.18100000,8.77724700000,,,,4603.00,0.751000,0.856000,1,1
"61 Vir d","61 Vir","Radial Velocity",2009,22.90000000,5.11000000,123.01000000000,0.4760000000,0.350000,382.51,5577.00,0.963000,0.942000,1,3
"K2-202 b","K2-202","Transit",2018,5.91000000,2.30165603,3.40516400000,,,,5491.00,0.910685,0.971461,1,1
"K2-343 c","K2-343","Transit",2021,4.74000000,2.02000000,7.67697200000,,,465.00,3804.00,0.460000,0.490000,1,2
"K2-342 b","K2-342","Transit",2021,4.78000000,2.03000000,11.56105200000,,,861.00,5920.00,1.090000,1.010000,1,1
"Kepler-260 b","Kepler-260","Transit",2014,4.70000000,2.01000000,8.18739900000,0.0750000000,0.000000,782.00,5250.00,0.862000,1.013000,1,2
"K2-381 d","K2-381","Transit",2022,3.50000000,1.68900000,26.80302300000,,,,4473.00,0.675000,0.754000,1,3
"K2-381 b","K2-381","Transit",2022,1.26000000,1.07500000,7.93893340000,,,,4473.00,0.675000,0.754000,1,3
"K2-348 b","K2-348","Transit",2021,10.70000000,3.26000000,4.68841800000,,,908.00,5077.00,0.850000,0.830000,1,2
"K2-384 d","K2-384","Transit",2022,2.52000000,1.39200000,6.67958200000,,,,3623.00,0.348000,0.330000,1,5
"81 Cet b","81 Cet","Radial Velocity",2008,1051.05854195,13.10000000,1005.57000000000,2.1040000000,0.037000,526.92,4734.00,11.210000,1.230000,1,1
"K2-352 c","K2-352","Transit",2021,4.35000000,1.92000000,8.23488500000,,,885.00,5791.00,0.950000,0.980000,1,3
"K2-384 c","K2-384","Transit",2022,1.82000000,1.19100000,4.19476600000,,,,3623.00,0.348000,0.330000,1,5
"BD+14 4559 b","BD+14 4559","Radial Velocity",2009,330.54320000,13.80000000,268.94000000000,0.7800000000,0.290000,246.28,4864.00,0.860000,0.490000,1,1
"K2-204 b","K2-204","Transit",2018,10.20000000,3.17214154,7.05590800000,0.0738000000,0.280000,1148.00,5783.00,1.253000,1.076000,1,1
"Kepler-1736 b","Kepler-1736","Transit",2021,14.30000000,3.87658560,37.81029892000,0.2188000000,0.000000,566.00,6085.00,0.973000,0.976000,1,1
"K2-205 b","K2-205","Transit",2018,4.64000000,1.99552771,26.67226300000,,,,5890.00,1.077574,0.951027,1,1
"Kepler-8 b","Kepler-8","Transit",2010,187.51970000,15.87194400,3.52249910000,0.0474000000,0.000000,1680.00,6213.00,1.486000,1.213000,1,1
"K2-209 b","K2-209","Transit",2018,0.58600000,0.86850263,2.08061500000,,,,4720.00,0.712365,0.744790,1,1
"Kepler-745 b","Kepler-745","Transit",2016,5.31000000,2.16000000,9.93143556000,0.0915000000,0.000000,931.00,5849.00,1.040000,1.040000,1,1
"K2-211 b","K2-211","Transit",2018,2.33000000,1.33162691,0.66956100000,0.0141900000,0.190000,1873.00,5117.00,0.818000,0.851000,1,1
"Kepler-262 c","Kepler-262","Transit",2014,3.33000000,1.64000000,21.85372200000,0.1520000000,0.000000,618.00,5841.00,0.881000,0.816000,1,2
"Kepler-119 b","Kepler-119","Transit",2014,12.60000000,3.60000000,2.42208200000,0.0350000000,0.000000,1213.00,5595.00,0.839000,0.918000,1,2
"K2-394 b","K2-394","Transit",2022,3.51000000,1.69200000,5.09571700000,,,643.00,4938.00,0.631000,0.478000,1,1
"CoRoT-19 b","CoRoT-19","Transit",2011,352.78000000,14.46000000,3.89713000000,0.0518000000,0.047000,2000.00,6090.00,1.650000,1.210000,1,1
"Kepler-748 b","Kepler-748","Transit",2016,6.90000000,2.52000000,7.40742793000,0.0745000000,0.000000,938.00,5934.00,1.100000,1.070000,1,1
"HD 113538 b","HD 113538","Radial Velocity",2010,114.41000000,13.20000000,663.20000000000,1.2400000000,0.140000,140.67,4462.00,0.530000,0.585000,1,2
"Kepler-112 b","Kepler-112","Transit",2014,6.17000000,2.36000000,8.40887800000,0.0760000000,0.000000,809.00,5544.00,0.841000,0.782000,1,2
"HD 114386 b","HD 114386","Radial Velocity",2003,464.02947422,13.60000000,937.70001000000,1.7300000000,0.230000,154.56,4836.00,0.760000,0.600000,1,2
"HD 136418 b","HD 136418","Radial Velocity",2009,680.15620000,13.30000000,464.29999000000,1.2900000000,0.250000,411.81,4989.00,3.780000,1.480000,1,1
"GJ 676 A b","GJ 676 A","Radial Velocity",2010,1840.86213334,12.80000000,1051.44521000000,1.7350000000,0.319000,113.55,3734.00,0.690000,0.626000,2,4
"HAT-P-31 b","HAT-P-31","Transit",2011,721.47410000,12.21781000,5.00542000000,0.0610000000,0.250000,1450.00,6065.00,1.390000,1.310000,1,1
"HD 11506 b","HD 11506","Radial Velocity",2007,1551.00262616,12.90000000,1617.70000000000,2.8850000000,0.379000,193.57,6123.00,1.240000,1.220000,1,3
"HD 11506 c","HD 11506","Radial Velocity",2008,127.13136280,14.00000000,223.92000000000,0.7710000000,0.228000,374.44,6123.00,1.240000,1.220000,1,3
"GJ 581 e","GJ 581","Radial Velocity",2009,2.48000000,1.38000000,3.14810000000,0.0279900000,0.012000,554.37,3500.00,0.302000,0.295000,1,3
"HAT-P-35 b","HAT-P-35","Transit",2011,335.62848000,14.93038800,3.64670600000,0.0497800000,0.020000,1581.00,6096.00,1.435000,1.236000,3,1
"HD 116029 b","HD 116029","Radial Velocity",2011,444.96200000,13.60000000,670.00000000000,1.6500000000,0.000000,400.04,4819.00,4.890000,0.830000,2,2
"HD 142245 b","HD 142245","Radial Velocity",2011,975.73810000,13.10000000,1299.00000000000,2.7800000000,0.000000,306.30,4922.00,4.630000,3.500000,3,1
"GJ 876 b","GJ 876","Radial Velocity",1998,723.22350000,13.30000000,61.11660000000,0.2083170000,0.032400,190.60,3293.74,0.300000,0.320000,1,4
"HD 118203 b","HD 118203","Radial Velocity",2005,680.15279098,12.77823800,6.13497790000,0.0713000000,0.313600,1361.00,5742.00,2.040000,1.270000,1,2
"HD 142 b","HD 142","Radial Velocity",2001,2256.58168970,12.70000000,351.43394000000,1.0390000000,0.158000,358.19,6245.00,1.470000,1.210000,2,3
"GJ 876 d","GJ 876","Radial Velocity",2005,6.83000000,2.51000000,1.93778000000,0.0208066500,0.207000,603.09,3293.74,0.300000,0.320000,1,4
"GQ Lup b","GQ Lup","Imaging",2004,6356.00000000,33.60000000,,100.0000000000,,2650.00,4360.00,1.941530,0.700000,1,1
"GJ 876 e","GJ 876","Radial Velocity",2010,14.60000000,3.92000000,124.26000000000,0.3343000000,0.055000,150.46,3293.74,0.300000,0.320000,1,4
"HD 100655 b","HD 100655","Radial Velocity",2011,511.70630000,13.50000000,157.57001000000,0.6800000000,0.090000,907.14,4891.00,10.060000,2.280000,2,1
"Kepler-744 b","Kepler-744","Transit",2016,3.26000000,1.62000000,12.06222443000,0.0973500000,0.000000,750.00,5594.00,0.930000,0.940000,1,1
"HD 10180 f","HD 10180","Radial Velocity",2010,23.90000000,5.24000000,122.74400000000,0.4929000000,0.119000,427.54,5911.00,1.109000,1.060000,1,6
"HD 126614 b","HD 126614","Radial Velocity",2009,107.74382997,12.70000000,1257.25303000000,2.2490000000,0.548000,209.54,5568.00,1.369794,0.960000,3,1
"HD 12661 b","HD 12661","Radial Velocity",2000,772.32690000,13.30000000,262.70862000000,0.8400000000,0.380000,325.35,5645.00,1.200000,1.200000,1,2
"HAT-P-15 b","HAT-P-15","Transit",2010,616.59020000,11.88154000,10.86350000000,0.0965000000,0.190000,904.00,5568.00,1.070000,1.000000,1,1
"HAT-P-16 b","HAT-P-16","Transit",2010,1341.56043000,14.68376472,2.77596727000,0.0413000000,0.046200,1566.00,6140.00,1.158000,1.218000,3,1
"Kepler-764 b","Kepler-764","Transit",2016,3.33000000,1.64000000,7.33683936000,0.0724000000,0.000000,875.00,5557.00,0.890000,0.920000,1,1
"Kepler-123 b","Kepler-123","Transit",2014,55.30000000,2.94000000,17.23236600000,0.1350000000,0.000000,817.00,6089.00,1.264000,1.079000,1,2
"HD 104985 b","HD 104985","Radial Velocity",2003,1766.80811451,12.80000000,199.68000000000,0.7150000000,0.047000,901.01,4738.00,11.120000,1.220000,1,1
"HD 104067 b","HD 104067","Radial Velocity",2011,62.10000000,9.20000000,55.85100000000,0.2674000000,0.123000,407.83,4952.00,0.780000,0.820000,1,2
"HD 13189 b","HD 13189","Radial Velocity",2005,3480.23850000,12.40000000,471.60001000000,1.2500000000,0.270000,1115.98,4175.00,38.410000,2.240000,1,1
"HD 106252 b","HD 106252","Radial Velocity",2002,3178.28407000,12.50000000,1535.00000000000,2.6550000000,0.480000,178.13,5874.00,1.050000,1.050000,1,1
"HD 132406 b","HD 132406","Radial Velocity",2007,1887.90073758,12.80000000,908.00000000000,1.9800000000,0.250000,228.73,5766.00,1.340000,0.973000,1,1
"HD 108874 c","HD 108874","Radial Velocity",2005,314.64000000,13.80000000,1624.00000000000,2.6590000000,0.239000,168.21,5551.00,1.050000,0.950000,1,2
"HD 10647 b","HD 10647","Radial Velocity",2006,298.75000000,13.80000000,989.20000000000,2.0150000000,0.150000,221.54,6218.00,1.100000,1.110000,1,1
"HD 134060 b","HD 134060","Radial Velocity",2019,10.10000000,3.16000000,3.26960000000,0.0444000000,0.450000,1473.18,5966.00,1.164285,1.095000,1,2
"HAT-P-21 b","HAT-P-21","Transit",2010,1547.83210000,12.44199000,4.12448000000,0.0503700000,0.230000,1367.00,5588.00,1.210000,1.240000,1,1
"HD 37124 c","HD 37124","Radial Velocity",2002,207.22516000,14.10000000,885.50000000000,1.7100000000,0.125000,204.73,5698.64,0.949168,0.850000,1,3
"HD 159868 b","HD 159868","Radial Velocity",2006,704.94694000,13.30000000,1184.10000000000,2.3200000000,0.024000,255.69,5534.00,2.130000,1.190000,1,2
"HD 187085 b","HD 187085","Radial Velocity",2006,265.70588000,13.90000000,1019.74000000000,2.1000000000,0.251000,229.38,6117.00,1.270000,1.189000,1,1
"HD 216437 b","HD 216437","Radial Velocity",2002,1334.87930940,13.00000000,1359.00000000000,2.5700000000,0.310000,209.85,5909.00,1.394000,1.220000,1,1
"HD 187123 c","HD 187123","Radial Velocity",2008,912.16752809,13.20000000,3810.00000000000,4.8900000000,0.252000,135.42,5790.00,1.150430,1.040000,1,2
"HD 216770 b","HD 216770","Radial Velocity",2003,181.16310000,14.10000000,118.45000000000,0.4600000000,0.370000,370.18,5399.00,0.930000,0.740000,1,1
"HD 18742 b","HD 18742","Radial Velocity",2011,1080.62200000,13.10000000,766.00000000000,1.8200000000,0.040000,399.93,4940.00,5.130000,1.360000,1,1
"HD 21693 c","HD 21693","Radial Velocity",2019,17.37000000,4.34000000,53.73570000000,0.2586000000,0.070000,492.36,5430.00,0.914378,0.800000,1,2
"HD 162020 b","HD 162020","Radial Velocity",2002,3127.44720000,12.50000000,8.42820000000,0.0800000000,0.280000,650.00,4723.00,0.750000,0.420000,1,1
"HD 190647 b","HD 190647","Radial Velocity",2007,630.89255000,13.40000000,1176.45000000000,2.2310000000,0.224000,214.19,5656.00,1.376000,1.069000,1,1
"HD 190984 b","HD 190984","Radial Velocity",2009,1137.82569706,13.00000000,4885.00000000000,5.5000000000,0.570000,152.29,5988.00,1.530000,0.910000,1,1
"HD 192263 b","HD 192263","Radial Velocity",1999,177.98480000,14.20000000,24.35560000000,0.1500000000,0.050000,486.00,4976.00,0.740000,0.660000,1,1
"HD 217786 b","HD 217786","Radial Velocity",2011,4402.55909376,12.30000000,1301.36009000000,2.4460000000,0.311000,207.30,5966.00,1.270000,1.140000,2,2
"HD 217107 c","HD 217107","Radial Velocity",2005,1388.91013859,12.90000000,5138.70000000000,5.9220000000,0.391800,123.27,5622.00,1.224500,1.045000,1,2
"HD 41004 B b","HD 41004 B","Radial Velocity",2003,5838.29000000,12.10000000,1.32830000000,,0.081000,,5036.00,1.041370,0.400000,2,2
"HD 163607 c","HD 163607","Radial Velocity",2012,699.54383000,13.30000000,1272.00000000000,2.3900000000,0.080000,228.50,5522.00,1.760000,1.120000,1,2
"HD 192310 c","HD 192310","Radial Velocity",2011,24.00000000,5.25000000,525.80000000000,1.1800000000,0.320000,185.00,5166.00,0.857922,0.800000,1,2
"HD 4208 b","HD 4208","Radial Velocity",2001,257.44230000,13.90000000,832.97000000000,1.6620000000,0.042000,196.68,5717.00,0.846000,0.883000,1,1
"HD 164922 b","HD 164922","Radial Velocity",2005,116.00000000,13.30000000,1207.00000000000,2.1600000000,0.080000,159.40,5390.00,0.946000,0.926000,1,4
"HD 197037 b","HD 197037","Radial Velocity",2012,251.00000000,13.90000000,1035.70000000000,2.0700000000,0.220000,216.67,6150.00,1.105000,1.110000,2,1
"HD 4308 b","HD 4308","Radial Velocity",2005,15.89150000,4.12000000,15.56000000000,0.1200000000,0.000000,799.37,5686.00,1.020000,0.930000,1,1
"Kepler-272 c","Kepler-272","Transit",2014,97.80000000,1.79000000,6.05734200000,0.0610000000,0.000000,947.00,5297.00,0.929000,0.910000,1,3
"HD 4313 b","HD 4313","Radial Velocity",2009,612.45841000,13.40000000,356.21000000000,1.1570000000,0.147000,502.39,4943.00,5.140000,1.630000,1,1
"HD 168746 b","HD 168746","Radial Velocity",2002,85.81410000,11.10000000,6.40400000000,0.0700000000,0.110000,900.00,5570.00,1.090000,1.070000,1,1
"HD 148156 b","HD 148156","Radial Velocity",2009,270.14400000,13.90000000,1027.00000000000,2.4500000000,0.520000,213.76,6308.00,1.210000,1.220000,1,1
"HD 17092 b","HD 17092","Radial Velocity",2007,3219.61790000,12.50000000,359.89999000000,1.3100000000,0.170000,671.64,4326.00,13.580000,6.730000,1,1
"HD 27894 b","HD 27894","Radial Velocity",2005,196.73578393,14.10000000,18.01939000000,0.1250000000,0.047000,627.88,4875.00,0.891767,0.810000,1,3
"HD 28254 b","HD 28254","Radial Velocity",2010,1207.74794660,13.00000000,1333.00000000000,2.4500000000,0.950000,212.28,5664.00,1.480000,1.100000,2,1
"HD 148427 b","HD 148427","Radial Velocity",2009,381.39408840,13.70000000,331.90000000000,1.1100000000,0.120000,451.86,5025.00,3.860000,1.640000,1,1
"HD 171028 b","HD 171028","Radial Velocity",2007,832.71460000,13.20000000,550.00000000000,1.3200000000,0.590000,374.07,5671.00,2.470000,1.530000,1,1
"HD 204313 c","HD 204313","Radial Velocity",2015,17.16273398,4.31000000,34.95875000000,0.2110000000,0.059000,634.95,5767.00,1.100000,1.030000,1,3
"HD 30177 b","HD 30177","Radial Velocity",2002,2622.08435775,12.60000000,2539.00000000000,3.4900000000,0.186000,148.00,5680.00,1.019000,0.980000,1,2
"HD 290327 b","HD 290327","Radial Velocity",2009,772.32690000,13.30000000,2443.00000000000,3.4300000000,0.080000,139.70,5505.00,0.950000,0.840000,1,1
"HD 152581 b","HD 152581","Radial Velocity",2011,594.02427000,13.40000000,686.50000000000,1.6600000000,0.040000,426.55,5027.00,5.140000,1.300000,1,1
"HD 177830 b","HD 177830","Radial Velocity",1999,537.13270000,13.50000000,410.10001000000,1.1400000000,0.100000,399.64,4901.00,3.260000,1.700000,2,2
"HD 20794 b","HD 20794","Radial Velocity",2011,2.70000000,1.45000000,18.31400000000,0.1257000000,0.064000,660.00,5368.00,0.930000,0.790000,1,4
"HD 31253 b","HD 31253","Radial Velocity",2010,197.05460000,14.10000000,466.00000000000,1.2600000000,0.300000,348.36,6130.00,1.750000,1.700000,1,1
"HD 178911 B b","HD 178911 B","Radial Velocity",2001,2552.17490000,12.60000000,71.48400000000,0.3400000000,0.110000,480.24,5588.00,1.080000,1.240000,3,1
"HD 155358 b","HD 155358","Radial Velocity",2007,314.65170000,13.80000000,194.30000000000,0.6300000000,0.170000,421.43,5905.00,1.380000,1.150000,1,2
"HD 154857 b","HD 154857","Radial Velocity",2004,778.68350000,13.30000000,408.60001000000,1.2900000000,0.460000,359.86,5589.00,2.300000,1.960000,1,2
"HD 155358 c","HD 155358","Radial Velocity",2007,261.00000000,13.90000000,391.90000000000,1.0200000000,0.160000,330.92,5900.00,1.380000,0.920000,1,2
"HD 210702 b","HD 210702","Radial Velocity",2007,481.51003660,13.60000000,355.50000000000,1.0790000000,0.071000,485.86,4912.00,4.540000,1.330000,1,1
"HD 3651 b","HD 3651","Radial Velocity",2003,72.46524000,10.10000000,62.25000000000,0.2950000000,0.645000,432.84,5221.00,0.871954,0.799000,1,1
"HD 156668 b","HD 156668","Radial Velocity",2010,4.15000000,1.87000000,4.64550000000,0.0500000000,0.000000,887.48,4850.00,0.720000,0.772000,1,2
"HD 156411 b","HD 156411","Radial Velocity",2009,235.18000000,14.00000000,842.20000000000,1.8800000000,0.220000,304.95,5900.00,2.160000,1.250000,1,1
"HD 183263 b","HD 183263","Radial Velocity",2004,1103.18240070,13.10000000,624.87404000000,1.4600000000,0.383000,263.26,5948.00,1.230000,1.060000,1,2
"HD 63454 b","HD 63454","Radial Velocity",2005,79.45750000,12.31000000,2.81805000000,0.0400000000,0.000000,1018.06,4812.00,0.770000,0.420000,1,1
"HD 89307 b","HD 89307","Radial Velocity",2009,642.01338214,13.40000000,2166.00000000000,3.2700000000,0.200000,166.55,5955.00,1.100000,1.270000,1,1
"rho CrB b","rho CrB","Radial Velocity",1997,347.99500000,13.70000000,39.84900000000,0.2245000000,0.046000,614.00,5817.00,1.361700,1.000000,1,3
"HD 66428 b","HD 66428","Radial Velocity",2005,3478.94974302,12.40000000,2269.81726000000,3.3950000000,0.471000,159.02,5716.00,1.130000,1.010000,1,2
"HD 93083 b","HD 93083","Radial Velocity",2005,143.34061156,14.30000000,144.72000000000,0.5080000000,0.118000,311.57,5033.80,0.837000,0.836000,1,2
"HD 69830 b","HD 69830","Radial Velocity",2006,10.20000000,3.17000000,8.66700000000,0.0785000000,0.100000,872.84,5385.00,0.886947,0.860000,1,3
"TrES-3 b","TrES-3","Transit",2007,607.03000000,14.97500000,1.30618581000,0.0228200000,0.000000,1638.00,5650.00,0.829000,0.928000,1,1
"WASP-50 b","WASP-50","Transit",2011,466.82870400,13.06969400,1.95510000000,0.0293000000,0.009000,1394.84,5400.00,0.843000,0.892000,1,1
"HD 69830 d","HD 69830","Radial Velocity",2006,18.10000000,4.45000000,197.00000000000,0.6300000000,0.070000,308.10,5385.00,0.886947,0.860000,1,3
"HD 96127 b","HD 96127","Radial Velocity",2011,1207.74794660,13.00000000,638.90000000000,1.4100000000,0.300000,947.29,3943.00,35.000000,0.910000,1,1
"HD 70573 b","HD 70573","Radial Velocity",2007,1900.00000000,12.80000000,851.80000000000,1.7600000000,0.400000,206.11,5737.00,0.976919,1.000000,1,1
"HD 97658 b","HD 97658","Radial Velocity",2010,8.30000000,2.12000000,9.48971160000,0.0805000000,0.050000,751.00,5212.00,0.728000,0.850000,1,1
"V0391 Peg b","V0391 Peg","Pulsation Timing Variations",2007,1017.05600000,13.10000000,1170.00000000000,1.7000000000,0.000000,519.69,29300.00,0.230000,0.500000,1,1
"WASP-8 b","WASP-8","Transit",2010,807.28820000,12.66617000,8.15872000000,0.0801000000,0.310000,1059.00,5600.00,1.030000,1.340000,2,2
"WASP-10 b","WASP-10","Transit",2008,1001.12000000,12.10600000,3.09276160000,0.0378100000,0.047300,1370.00,4675.00,0.698000,0.750000,1,1
"XO-2 N b","XO-2 N","Transit",2007,199.91507000,11.13053700,2.61585906000,0.0366600000,0.000000,1328.00,5290.00,0.998000,0.960000,2,4
"HD 74156 b","HD 74156","Radial Velocity",2003,532.36258173,13.50000000,51.63564000000,0.2800000000,0.636000,679.63,6068.00,1.510576,1.100000,1,2
"HD 99706 b","HD 99706","Radial Velocity",2011,390.93090000,13.70000000,841.00000000000,1.9800000000,0.250000,391.46,4862.00,5.520000,1.460000,1,2
"HIP 12961 b","HIP 12961","Radial Velocity",2010,114.41880000,13.20000000,57.43500000000,0.2500000000,0.170000,303.32,3901.00,0.650000,0.690000,1,1
"HD 45184 b","HD 45184","Radial Velocity",2019,12.19000000,3.52000000,5.88540000000,0.0644000000,0.070000,1156.34,5869.00,1.075139,1.030000,1,2
"WASP-16 b","WASP-16","Transit",2009,394.10920000,13.67498000,3.11860000000,0.0415000000,0.000000,1389.00,5700.00,1.140000,1.780000,1,1
"HD 45364 b","HD 45364","Radial Velocity",2008,60.16491745,9.03000000,225.79000000000,0.6793000000,0.067000,301.69,5466.00,0.890000,0.820000,1,2
"HD 75898 b","HD 75898","Radial Velocity",2007,810.46243785,13.20000000,422.82000000000,1.2025000000,0.105000,335.16,6122.00,1.550000,1.295000,1,2
"Kepler-746 b","Kepler-746","Transit",2016,1.41000000,1.11000000,3.48159251000,0.0435000000,0.000000,1156.00,5418.00,0.930000,0.910000,1,1
"HD 79498 b","HD 79498","Radial Velocity",2011,425.89220000,13.60000000,1807.00000000000,2.9800000000,0.575000,164.53,5748.00,1.050000,1.080000,2,1
"HD 48265 b","HD 48265","Radial Velocity",2008,2351.93021180,12.60000000,778.51000000000,1.8140000000,0.211000,283.00,5733.00,1.901000,1.312000,1,2
"HD 49674 b","HD 49674","Radial Velocity",2002,31.78300000,6.20000000,4.94737000000,0.0600000000,0.090000,1113.78,5602.00,1.020000,1.030000,1,1
"HIP 57274 c","HIP 57274","Radial Velocity",2011,130.00000000,14.20000000,32.03000000000,0.1780000000,0.050000,437.32,4640.00,0.680000,0.730000,1,3
"HD 52265 b","HD 52265","Radial Velocity",2000,384.57430000,13.70000000,119.27000000000,0.5200000000,0.270000,405.00,6136.00,1.320000,1.204000,1,1
"HR 8799 e","HR 8799","Imaging",2010,3178.30000000,13.11453000,20815.60000000000,16.4000000000,0.150000,1150.00,7400.00,1.493380,1.510000,1,4
"HD 5891 b","HD 5891","Radial Velocity",2011,2425.04290000,12.60000000,177.11000000000,0.6400000000,0.070000,918.78,4673.00,10.640000,1.930000,1,1
"HD 85390 b","HD 85390","Radial Velocity",2011,31.46517000,6.16000000,799.52000000000,1.3730000000,0.500000,190.89,5186.00,0.800000,0.758000,1,1
"xi Aql b","xi Aql","Radial Velocity",2007,616.90493799,13.40000000,136.97000000000,0.6250000000,0.059000,973.07,4841.00,10.860000,1.740000,1,1
"WASP-35 b","WASP-35","Transit",2011,225.65930000,14.57170000,3.16158000000,0.0431700000,0.000000,1338.29,5990.00,1.080000,1.050000,1,1
"TOI-1408 b","TOI-1408","Transit",2023,593.00000000,25.00000000,4.42587000000,0.0577800000,0.002300,1293.00,6117.00,1.530000,1.312000,1,2
"TOI-2524 b","TOI-2524","Transit",2023,203.41018048,11.20898070,7.18585000000,0.0730000000,0.000000,1100.00,5831.00,1.119000,1.007000,1,1
"HD 219415 b","HD 219415","Radial Velocity",2012,317.83000000,13.80000000,2093.30000000000,3.2000000000,0.400000,221.26,4820.00,2.900000,1.000000,1,1
"WD 0806-661 b","WD 0806-661","Imaging",2011,2224.79884900,12.10569916,,2500.0000000000,,357.00,10393.00,,0.605000,1,1
"WASP-99 b","WASP-99","Transit",2014,772.32690000,11.43318000,5.75251000000,0.0717000000,0.000000,1480.00,6150.00,1.640000,1.210000,1,1
"HD 32963 b","HD 32963","Radial Velocity",2015,657.90480249,13.40000000,2372.00000000000,3.4100000000,0.070000,157.63,5727.00,1.111044,0.940000,1,1
"K2-133 b","K2-133","Transit",2017,2.36000000,1.34000000,3.07133000000,0.0319400000,,665.21,3655.00,0.455000,0.461000,1,4
"HATS-53 b","HATS-53","Transit",2017,189.10885000,15.02006000,3.85377680000,0.0475300000,0.330000,1312.00,5644.00,1.101000,0.964000,1,1
"Kepler-286 b","Kepler-286","Transit",2014,2.07000000,1.24000000,1.79630200000,0.0270000000,0.000000,1367.00,5580.00,0.863000,0.830000,1,4
"TOI-283 b","TOI-283","Transit",2025,6.54000000,2.34000000,17.61745000000,0.1230000000,0.000000,661.00,5213.00,0.850000,0.800000,1,1
"Kepler-69 b","Kepler-69","Transit",2013,5.65000000,2.24000000,13.72234100000,0.0940000000,0.160000,779.00,5638.00,0.930000,0.810000,1,2
"TOI-2525 b","TOI-2525","Transit",2023,26.69758619,8.67575106,23.28560000000,0.1511000000,0.170000,512.97,5096.00,0.785000,0.849000,1,2
"HD 169830 b","HD 169830","Radial Velocity",2000,804.42369812,13.20000000,225.67372000000,0.7650000000,0.294000,345.00,6300.00,1.935709,1.170000,1,2
"HD 192699 b","HD 192699","Radial Velocity",2007,666.17168000,13.40000000,340.94000000000,1.0630000000,0.082000,495.11,5041.00,4.410000,1.380000,1,1
"Pr0211 b","Pr0211","Radial Velocity",2012,597.52040000,13.40000000,2.14610000000,0.0317600000,0.011000,1304.13,5300.00,0.827000,0.935000,2,2
"HATS-3 b","HATS-3","Transit",2013,340.38200000,15.48000000,3.54785100000,0.0485000000,0.000000,1648.00,6351.00,1.404000,1.209000,1,1
"HD 33844 c","HD 33844","Radial Velocity",2015,556.20250000,13.50000000,916.00000000000,2.2400000000,0.130000,360.22,4861.00,5.290000,1.780000,1,2
"HATS-29 b","HATS-29","Transit",2016,207.54299000,14.02245900,4.60587490000,0.0547500000,0.158000,1212.00,5670.00,1.073000,1.032000,1,1
"K2-138 b","K2-138","Transit",2017,3.10000000,1.51000000,2.35309000000,0.0338500000,0.048000,1157.00,5356.30,0.863000,0.935000,1,6
"gam Lib c","gam Lib","Radial Velocity",2018,1662.56039702,12.80000000,966.49000000000,2.3180000000,0.065000,543.71,4879.00,12.380000,1.780000,1,2
"TOI-406.01","TOI-406","Transit",2024,6.57000000,2.08000000,13.17568200000,0.0809000000,0.056000,368.00,3392.00,0.410000,0.408000,1,2
"Kepler-282 d","Kepler-282","Transit",2013,61.00000000,2.46000000,24.80600000000,0.1583700000,0.000000,588.00,5656.00,0.890000,0.970000,1,4
"TOI-663 b","TOI-663","Transit",2024,4.45000000,2.27000000,2.59890200000,0.0295000000,,674.00,3681.00,0.512000,0.514000,1,3
"Kepler-283 b","Kepler-283","Transit",2014,5.18000000,2.13000000,11.00815100000,0.0820000000,0.000000,488.00,4351.00,0.566000,0.596000,1,2
"HD 195019 b","HD 195019","Radial Velocity",1998,1264.96340000,13.00000000,18.20132000000,0.1400000000,0.010000,901.66,5751.00,1.480000,1.210000,2,1
"BD-06 1339 c","BD-06 1339","Radial Velocity",2013,53.00000000,8.38000000,125.94000000000,0.4350000000,0.310000,261.91,4324.00,0.686355,0.700000,1,2
"CoRoT-25 b","CoRoT-25","Transit",2013,85.81000000,12.11000000,4.86069000000,0.0578000000,0.000000,1330.00,6040.00,1.190000,1.090000,1,1
"HD 564 b","HD 564","Radial Velocity",2014,104.88000000,12.50000000,492.30000000000,1.2000000000,0.096000,261.10,5902.00,1.010000,0.961000,1,1
"HATS-45 b","HATS-45","Transit",2018,222.48100000,14.41477400,4.18762440000,0.0551100000,0.240000,1518.00,6450.00,1.315000,1.272000,1,1
"Kepler-421 b","Kepler-421","Transit",2014,16.10000000,4.16000000,704.19840000000,1.2190000000,0.041000,185.00,5308.00,0.757000,0.794000,1,1
"TOI-663 d","TOI-663","Transit",2024,5.20000000,1.92000000,7.10272680000,0.0576000000,,482.00,3681.00,0.512000,0.514000,1,3
"TOI-1443 b","TOI-1443","Transit",2024,30.00000000,2.30381001,23.54067800000,0.1470000000,0.000000,520.66,5224.00,0.751100,0.766300,1,1
"HAT-P-41 b","HAT-P-41","Transit",2012,378.21770000,22.97845000,2.69405000000,0.0425800000,0.000000,1941.00,6390.00,2.050000,2.560000,2,1
"HD 5608 b","HD 5608","Radial Velocity",2012,371.22357938,13.70000000,768.70000000000,1.7900000000,0.110000,403.72,4807.00,5.430000,1.290000,2,1
"HD 13908 b","HD 13908","Radial Velocity",2013,274.91000000,13.90000000,19.38200000000,0.1540000000,0.020000,993.25,6255.00,1.670000,1.290000,1,2
"HD 108341 b","HD 108341","Radial Velocity",2014,715.11391575,13.30000000,1129.00000000000,2.0000000000,0.850000,155.23,5122.00,0.790000,0.843000,2,1
"KELT-12 b","KELT-12","Transit",2017,301.93850000,19.95202000,5.03162300000,0.0670800000,0.000000,1800.00,6279.00,2.370000,1.591000,1,1
"HD 34445 f","HD 34445","Radial Velocity",2017,37.90000000,6.88000000,676.80000000000,1.5430000000,0.031000,266.14,5836.00,1.380000,1.070000,1,6
"HD 34445 e","HD 34445","Radial Velocity",2017,16.80000000,4.26000000,49.17500000000,0.2687000000,0.090000,637.76,5836.00,1.380000,1.070000,1,6
"KELT-19 A b","KELT-19 A","Transit",2017,1293.56810000,21.40919000,4.61170930000,0.0637000000,,1935.00,7500.00,1.830000,1.620000,2,1
"KOI-1257 b","KOI-1257","Transit",2014,460.83000000,10.54000000,86.64766100000,0.3820000000,0.772000,511.00,5520.00,1.130000,0.990000,2,1
"TOI-1226 b","TOI-1226","Transit",2026,6.39000000,2.41011120,3.92880881576,,,1123.44,5434.91,0.986943,1.010000,1,1
"K2-219 d","K2-219","Transit",2018,7.16000000,2.57634456,11.13727800000,,,,5753.00,1.189232,1.021545,1,3
"HD 216435 b","HD 216435","Radial Velocity",2002,400.40000000,13.70000000,1311.00000000000,2.5600000000,0.070000,242.57,5999.00,1.800029,1.300000,1,1
"HD 23079 b","HD 23079","Radial Velocity",2001,845.42356262,13.20000000,735.74000000000,1.6000000000,0.073480,237.47,5994.00,1.080000,1.160000,1,2
"BD+49 828 b","BD+49 828","Radial Velocity",2015,508.50000000,13.50000000,2590.00000000000,4.2000000000,0.350000,320.63,4943.00,7.600000,1.520000,1,1
"HD 20794 e","HD 20794","Radial Velocity",2017,4.77000000,2.03000000,147.02000000000,0.5090000000,0.290000,352.04,5401.00,0.930000,0.813000,1,4
"K2-239 b","K2-239","Transit",2018,1.37000000,1.10000000,5.24000000000,0.0441000000,,502.00,3420.00,0.360000,0.400000,1,3
"TOI-880.02","TOI-880","Transit",2024,5.43000000,2.19000000,2.57571000000,0.0349000000,,1085.00,5050.00,0.830000,0.870000,1,2
"TOI-1232 b","TOI-1232","Transit",2026,220.57291446,10.92875618,14.25600000000,0.1170000000,0.065000,785.71,5823.00,1.072000,1.058000,1,2
"WASP-71 b","WASP-71","Transit",2012,441.78370000,13.22662000,2.90367000000,0.0460000000,0.000000,2016.10,6050.00,1.820000,0.760000,1,1
"HD 159243 c","HD 159243","Radial Velocity",2013,603.90000000,13.40000000,248.40000000000,0.8000000000,0.075000,349.35,6123.00,1.120000,1.125000,1,2
"HIP 91258 b","HIP 91258","Radial Velocity",2013,346.43470000,13.70000000,5.05050000000,0.0600000000,0.020000,1024.97,5519.00,0.890000,0.970000,1,1
"HIP 109384 b","HIP 109384","Radial Velocity",2016,495.81480000,13.50000000,499.48000000000,1.1340000000,0.549000,213.83,5180.00,0.831075,0.780000,1,1
"HD 27894 c","HD 27894","Radial Velocity",2017,51.48846000,8.24000000,36.07000000000,0.1980000000,0.015000,498.89,4875.00,0.891767,0.800000,1,3
"K2-239 d","K2-239","Transit",2018,1.37000000,1.10000000,10.11500000000,0.0685000000,,399.00,3420.00,0.360000,0.400000,1,3
"Kepler-778 b","Kepler-778","Transit",2016,3.46000000,1.68000000,3.75574426000,0.0453000000,0.000000,977.00,5102.00,0.770000,0.810000,1,1
"TOI-1244 b","TOI-1244","Transit",2024,6.60000000,2.46700000,6.40031648300,0.0606940000,0.000000,714.86,4599.00,0.721000,0.730000,1,1
"TOI-1466 b","TOI-1466","Transit",2026,6.65000000,2.46741991,1.87190602231,,,1001.00,4435.39,0.749646,0.660000,1,1
"K2-157 b","K2-157","Transit",2018,1.14000000,0.93500000,0.36525750000,0.0096200000,,2432.00,5334.00,0.860000,0.890000,1,3
"HD 33564 b","HD 33564","Radial Velocity",2005,2892.10000000,12.50000000,388.00000000000,1.1000000000,0.340000,344.43,6250.00,1.436700,1.250000,1,1
"WASP-55 b","WASP-55","Transit",2012,186.24744650,14.72860064,4.46563100000,0.0558000000,0.000000,1342.00,6096.00,1.090000,1.071000,2,1
"ROXs 12 b","ROXs 12","Imaging",2013,5085.00000000,12.20000000,,210.0000000000,0.830000,13.23,3850.00,1.066270,0.870000,2,1
"bet UMi b","bet UMi","Radial Velocity",2014,1938.70000000,12.70000000,522.30000000000,1.4000000000,0.190000,1040.63,4126.00,38.300000,1.400000,1,1
"HD 216536 b","HD 216536","Radial Velocity",2015,333.72150000,13.80000000,148.60001000000,0.6100000000,0.380000,897.99,4639.00,9.830000,0.810000,1,1
"HIP 65407 b","HIP 65407","Radial Velocity",2016,136.03124000,14.30000000,28.12500000000,0.1770000000,0.140000,610.68,5460.00,0.952252,0.930000,1,2
"HD 12484 b","HD 12484","Radial Velocity",2016,947.13340000,13.20000000,58.83000000000,0.2970000000,0.070000,524.30,5920.00,1.001848,1.010000,1,1
"NGTS-1 b","NGTS-1","Transit",2017,258.07796000,14.90797000,2.64729800000,0.0326000000,0.016000,790.00,3916.00,0.573000,0.617000,1,1
"K2-148 b","K2-148","Transit",2018,2.33000000,1.33000000,4.38395000000,0.0454000000,,733.87,4079.00,0.632000,0.650000,2,3
"K2-158 b","K2-158","Transit",2018,7.46000000,2.64000000,10.06049000000,0.0887000000,,794.00,5503.00,0.950000,0.920000,1,2
"HD 86081 b","HD 86081","Radial Velocity",2006,470.38840000,13.60000000,2.13784310000,0.0346000000,0.011900,1860.31,5939.00,1.460000,1.210000,2,1
"HD 45652 b","HD 45652","Radial Velocity",2008,137.62039000,14.30000000,44.07300000000,0.2370000000,0.607000,508.40,5294.00,0.940000,0.920000,1,1
"WASP-62 b","WASP-62","Transit",2012,165.27160000,14.79588000,4.41195000000,0.0571000000,0.000000,1475.30,6230.00,1.230000,1.110000,1,1
"TOI-1422 b","TOI-1422","Transit",2022,9.50000000,3.83000000,12.99894000000,0.1070000000,0.200000,870.00,5840.00,1.019000,0.990300,1,2
"HIP 65426 b","HIP 65426","Imaging",2017,2860.47000000,16.81350000,,92.0000000000,,1500.00,8840.00,1.770000,1.960000,1,1
"K2-148 d","K2-148","Transit",2018,3.33000000,1.64000000,9.75790000000,0.0774000000,,562.05,4079.00,0.632000,0.650000,2,3
"GJ 1265 b","GJ 1265","Radial Velocity",2018,7.40000000,2.63000000,3.65110000000,0.0260000000,0.040000,424.04,3236.00,0.192000,0.178000,1,1
"HD 6061 b","HD 6061","Transit",2023,10.00000000,2.42763557,5.25490000000,0.0600000000,0.000000,1075.31,5934.00,1.007200,1.026900,2,1
"FU Tau b","FU Tau","Imaging",2008,5085.28000000,12.20000000,,800.0000000000,,2375.00,2838.00,,0.050000,1,1
"Kepler-19 c","Kepler-19","Transit Timing Variations",2011,13.10000000,3.68000000,28.73100000000,0.1765736996,0.210000,589.64,5544.00,0.859000,0.936000,1,3
"Kepler-25 d","Kepler-25","Radial Velocity",2014,71.90000000,10.00000000,122.40000000000,0.4164221832,0.130000,544.68,6354.00,1.316000,1.165000,2,3
"HIP 8541 b","HIP 8541","Radial Velocity",2016,2451.72833160,12.60000000,1852.14387000000,3.7290000000,0.360000,305.12,4672.00,6.840000,2.009000,2,2
"K2-113 b","K2-113","Transit",2017,410.00070000,12.14000000,5.81768500000,0.0642000000,0.000000,1098.00,5660.00,1.240000,1.040000,1,1
"K2-152 b","K2-152","Transit",2018,5.86000000,2.29000000,32.64790000000,0.1716000000,,337.00,4044.00,0.610000,0.630000,1,1
"K2-243 c","K2-243","Transit",2018,4.70000000,2.01000000,24.94598000000,0.1817000000,,801.00,6570.00,1.390000,1.290000,1,2
"HD 13167 b","HD 13167","Radial Velocity",2018,1052.01730000,13.10000000,2613.00000000000,4.1000000000,0.563000,208.79,5671.00,2.390000,1.350000,1,1
"TOI-929 b","TOI-929","Transit",2026,7.70000000,2.68983343,5.83015366944,,,774.00,4457.16,0.717414,0.700000,1,1
"K2-162 b","K2-162","Transit",2018,2.67000000,1.44000000,9.45889000000,0.0795000000,,631.00,4842.00,0.690000,0.750000,1,1
"K2-161 b","K2-161","Transit",2018,31.10000000,6.11721229,9.28318800000,,,,4972.00,2.568173,0.986876,1,1
"KELT-3 b","KELT-3","Transit",2013,616.59020000,17.48604000,2.70339000000,0.0412300000,0.000000,1816.00,6304.00,1.700000,1.960000,2,1
"KELT-14 b","KELT-14","Transit",2016,408.09372000,19.53728700,1.71005660000,0.0300500000,0.000000,1970.00,5720.00,1.520000,1.239000,1,1
"tau Cet h","tau Cet","Radial Velocity",2017,1.83000000,1.19000000,49.41000000000,0.2430000000,0.230000,473.22,5310.00,0.830000,0.783000,1,3
"K2-154 c","K2-154","Transit",2018,4.94000000,2.07000000,7.95486000000,0.0677000000,,552.00,4097.00,0.630000,0.650000,1,2
"K2-246 b","K2-246","Transit",2018,12.00000000,3.49000000,5.76918000000,0.0602000000,,977.00,5610.00,0.940000,0.870000,1,1
"TOI-969 b","TOI-969","Transit",2022,9.10000000,2.76500000,1.82373050000,0.0263600000,,941.00,4435.00,0.671000,0.734000,1,2
"TOI-1291 b","TOI-1291","Transit",2026,27.10000000,5.63826391,7.16200975510,,,1649.00,6139.95,1.810900,1.200000,1,1
"HD 220689 b","HD 220689","Radial Velocity",2012,381.39408840,13.70000000,2266.40000000000,3.3960000000,0.054000,160.11,5921.00,1.068000,1.016000,1,1
"GJ 163 b","GJ 163","Radial Velocity",2013,10.60000000,3.25000000,8.63182000000,0.0607000000,0.073000,438.49,3500.00,0.409738,0.400000,1,3
"WASP-104 b","WASP-104","Transit",2014,404.26300000,12.74500000,1.75541370000,0.0291800000,0.000000,1516.00,5475.00,0.963000,1.076000,2,1
"HAT-P-53 b","HAT-P-53","Transit",2015,471.65972000,14.77346200,1.96162410000,0.0315900000,0.134000,1778.00,5956.00,1.209000,1.093000,1,1
"HD 111591 b","HD 111591","Radial Velocity",2017,1398.45200000,12.90000000,1056.40000000000,2.5000000000,0.260000,422.08,4884.00,8.030000,1.940000,1,1
"K2-155 b","K2-155","Transit",2018,3.89000000,1.80000000,6.34200000000,0.0562000000,,708.00,4258.00,0.580000,0.650000,1,3
"HD 180053 b","HD 180053","Radial Velocity",2018,697.31902000,13.30000000,213.72000000000,0.8430000000,0.081000,542.98,5131.00,4.060000,1.750000,1,1
"TOI-1669 c","TOI-1669","Transit",2024,13.00000000,2.29639770,2.68005350000,0.0376000000,0.000000,1285.16,5497.00,1.056100,0.986700,1,2
"K2-165 d","K2-165","Transit",2018,7.50000000,2.64809498,14.10136100000,,,629.38,5185.00,0.803827,0.834847,1,3
"DENIS-P J082303.1-491201 b","DENIS-P J082303.1-491201","Astrometry",2013,9057.77000000,11.90000000,246.36000000000,0.3600000000,0.345000,,,,0.075000,1,1
"NGC 2682 YBP 1514 b","NGC 2682 YBP 1514","Radial Velocity",2014,127.13200000,14.00000000,5.11800000000,,0.280000,,5725.00,0.890000,0.960000,1,1
"HD 14067 b","HD 14067","Radial Velocity",2014,4862.77462710,12.20000000,2744.00000000000,5.1500000000,0.650000,360.28,4815.00,12.400000,2.400000,1,1
"K2-30 b","K2-30","Transit",2016,184.02357000,11.64615100,4.09850300000,0.0483900000,0.000000,1092.00,5425.00,0.844000,0.900000,1,1
"YZ Cet d","YZ Cet","Radial Velocity",2017,1.09000000,1.03000000,4.65626000000,0.0285100000,0.070000,356.70,3151.00,0.157000,0.142000,1,3
"Kepler-90 i","KOI-351","Transit",2017,2.30000000,1.32000000,14.44912000000,0.1201380843,0.000000,709.00,6015.00,1.290000,1.120000,1,8
"HD 75784 c","HD 75784","Radial Velocity",2018,1792.56120000,12.80000000,7900.00000000000,8.4000000000,0.489000,149.31,4867.00,3.400000,1.260000,1,2
"WASP-56 b","WASP-56","Transit",2012,143.02350000,10.53646000,4.61710000000,0.0561400000,0.000000,1216.00,5600.00,0.960000,0.710000,2,1
"GJ 667 C g","GJ 667 C","Radial Velocity",2013,4.60000000,1.99000000,256.20000000000,0.5490000000,0.080000,,3350.00,,0.330000,3,5
"WASP-135 b","WASP-135","Transit",2015,603.87700000,14.57170000,1.40137940000,0.0243000000,0.000000,1403.66,5675.00,0.960000,0.980000,1,1
"CoRoT-32 b","CoRoT-32","Transit",2018,47.67450000,6.38913000,6.71837000000,0.0710000000,,938.00,5970.00,0.790000,1.080000,1,1
"TOI-1054.01","TOI-1054","Transit",2021,6.50000000,2.43432000,15.50778550000,,,853.00,6122.00,1.170000,1.140000,1,1
"Kepler-504 b","Kepler-504","Transit",2016,3.15000000,1.59000000,9.54927542200,0.0646000000,0.000000,374.00,3519.00,0.330000,0.330000,2,1
"KMT-2025-BLG-0975L b","KMT-2025-BLG-0975L","Microlensing",2026,29.80000000,5.97000000,,0.8100000000,,,,,0.100000,1,1
"TOI-1691 b","TOI-1691","Transit",2024,14.60000000,3.66000000,16.73688893500,0.1293650000,0.000000,703.49,5759.00,1.000000,1.030000,1,1
"K2-221 b","K2-221","Transit",2018,3.46000000,1.67890272,2.39909400000,,,,5716.00,0.947599,1.010842,1,1
"GJ 504 b","GJ 504","Imaging",2013,1271.30000000,12.10569916,,43.5000000000,,510.00,6234.00,1.260000,1.220000,1,1
"WASP-68 b","WASP-68","Transit",2014,343.25640000,14.79588000,5.08430000000,0.0620600000,0.000000,1490.00,5910.00,1.790000,1.490000,2,1
"psi1 Dra B b","psi1 Dra B","Radial Velocity",2015,486.27990000,13.50000000,3117.00000000000,4.4300000000,0.400000,159.48,6212.00,1.255735,1.190000,3,1
"K2-118 b","K2-118","Transit",2017,6.99000000,2.54000000,50.92092000000,0.2450000000,0.200000,394.64,4726.29,0.734626,0.756446,1,1
"GJ 3942 b","GJ 3942","Radial Velocity",2017,7.14000000,2.57000000,6.90500000000,0.0608000000,0.121000,590.00,3867.00,0.610000,0.630000,1,1
"Kepler-1654 b","Kepler-1654","Transit",2018,158.91500000,9.18017100,1047.83560000000,2.0260000000,0.260000,206.00,5597.00,1.179000,1.011000,1,1
"TOI-1695 b","TOI-1695","Transit",2022,6.36000000,1.90000000,3.13427910000,0.0335480000,0.097000,698.00,3690.00,0.515000,0.513000,1,1
"Kepler-750 b","Kepler-750","Transit",2016,9.64000000,3.07000000,9.42887179000,0.0874200000,0.000000,1163.00,6160.00,1.230000,1.150000,1,2
"WASP-78 b","WASP-78","Transit",2012,352.79130000,21.63337000,2.17518000000,0.0348800000,0.000000,2469.70,6100.00,2.460000,1.870000,1,1
"HD 66141 b","HD 66141","Radial Velocity",2012,1906.90000000,12.80000000,480.50000000000,1.2000000000,0.070000,880.31,4323.00,21.400000,1.100000,1,1
"HD 203030 b","HD 203030","Imaging",2006,3496.11247700,14.45958510,,487.1000000000,,1040.00,5603.00,0.856458,0.940000,1,1
"WASP-88 b","WASP-88","Transit",2014,133.48860000,16.36514000,4.95400000000,0.0643100000,0.000000,1772.00,6430.00,1.800000,0.940000,1,1
"Wolf 1061 d","Wolf 1061","Radial Velocity",2015,7.70000000,2.69000000,217.21000000000,0.4700000000,0.550000,130.24,3342.00,0.307000,0.294000,1,3
"K2-130 b","K2-130","Transit",2017,2.10000000,1.25000000,2.49412000000,0.0320000000,0.170000,1013.11,4356.47,0.744261,0.695630,1,1
"K2-129 b","K2-129","Transit",2017,1.12000000,1.04000000,8.23949300000,0.0570000000,0.130000,419.19,3459.09,0.360010,0.360031,1,1
"HD 147379 b","HD 147379","Radial Velocity",2017,21.60000000,4.94000000,86.58000000000,0.3193000000,0.063000,276.66,4090.00,0.628304,0.580000,2,1
"HATS-42 b","HATS-42","Transit",2018,597.52040000,15.69260000,2.29210200000,0.0368900000,0.229000,1856.00,6060.00,1.480000,1.273000,1,1
"WASP-144 b","WASP-144","Transit",2018,139.84520000,9.52765000,2.27831520000,0.0316000000,0.000000,1260.00,5200.00,0.810000,0.810000,1,1
"HD 83443 c","HD 83443","Radial Velocity",2022,476.74261050,13.60000000,8241.00000000000,8.0000000000,0.760000,89.95,5442.00,0.940000,1.000000,1,2
"TOI-1347 c","TOI-1347","Transit",2024,6.40000000,1.60000000,4.84196200000,0.0546000000,0.000000,1000.00,5464.00,0.830000,0.913000,1,2
"HD 108147 b","HD 108147","Radial Velocity",2002,82.95000000,10.90000000,10.89850000000,0.1020000000,0.530000,890.00,6255.73,1.206640,1.220000,1,1
"CHXR 73 b","CHXR 73","Imaging",2006,3994.48600000,12.30000000,,210.0000000000,,,3099.00,,0.350000,1,1
"KIC 8540376 b","KOI-7892","Transit",2015,15.80000000,4.10000000,31.80990000000,,,,6474.00,1.260000,1.040000,1,3
"HATS-51 b","HATS-51","Transit",2017,244.09344000,15.80469000,3.34887020000,0.0463900000,0.330000,1553.00,5758.00,1.440000,1.187000,1,1
"K2-233 b","K2-233","Transit",2018,2.40000000,1.31500000,2.46758300000,0.0329300000,0.000000,1127.00,4796.00,0.710000,0.790000,1,3
"Kepler-814 b","Kepler-814","Transit",2016,5.14000000,2.12000000,6.14698510000,0.0695000000,0.000000,1164.00,6162.00,1.220000,1.150000,1,1
"HD 18599 b","HD 18599","Transit",2022,24.10000000,2.60000000,4.13743540000,0.0480000000,0.340000,863.00,5145.00,0.767000,0.863000,2,1
"Kepler-127 c","Kepler-127","Transit",2014,7.56000000,2.66000000,29.39319500000,0.2000000000,0.030000,698.00,6106.00,1.359000,1.248000,1,3
"HIP 55507 b","HIP 55507","Radial Velocity",2022,2585.53409095,12.60000000,5138.43727000000,5.0620000000,0.362000,76.05,4171.00,0.723643,0.650000,1,1
"NGC 2682 Sand 1429 b","NGC 2682 Sand 1429","Radial Velocity",2024,572.09113260,13.40000000,77.48000000000,0.3840000000,0.000000,683.00,6000.00,2.130000,1.260000,1,1
"Kepler-955 b","Kepler-955","Transit",2016,9.96000000,3.13000000,14.53244172000,0.1083000000,0.000000,664.00,5350.00,0.840000,0.890000,1,1
"Kepler-962 b","Kepler-962","Transit",2016,4.54000000,1.97000000,12.05707239000,0.0987400000,0.000000,689.00,5478.00,0.860000,0.930000,1,1
"TOI-5678 b","TOI-5678","Transit",2023,20.00000000,4.91000000,47.73022000000,0.2490000000,0.140000,513.00,5485.00,0.938000,0.905000,1,1
"HD 155918 c","HD 155918","Radial Velocity",2022,1878.04805696,12.80000000,17202.19446000000,13.1830000000,0.071000,77.38,5771.84,1.019060,1.030000,1,2
"TOI-6034 b","TOI-6034","Transit",2024,254.00000000,11.92000000,2.57618400000,0.0294900000,0.040000,714.00,3635.00,0.489000,0.514000,2,1
"HD 101581 b","HIP 56998","Transit",2025,0.82700000,0.95600000,4.46569000000,0.0460000000,,834.00,4675.00,0.630000,0.653000,1,2
"Kepler-922 b","Kepler-922","Transit",2016,2.60000000,1.42000000,0.93846683200,0.0179500000,0.000000,1876.00,5671.00,0.930000,0.950000,1,1
"Barnard c","Barnard's star","Radial Velocity",2025,0.33500000,0.74300000,4.12440000000,0.0274000000,0.080000,400.00,3195.00,0.185000,0.162000,1,4
"TIC 32032563 b","TIC 32032563","Transit",2026,11.90000000,3.47739942,13.83460487791,,,,5567.93,1.001880,1.050000,1,1
"Kepler-911 b","Kepler-911","Transit",2016,7.27000000,2.60000000,20.31050100000,0.1559400000,0.000000,931.00,6112.00,1.990000,1.340000,1,1
"HD 16905 b","HD 16905","Radial Velocity",2022,3591.46099910,12.40000000,10256.00000000000,8.8000000000,0.680000,69.63,4866.12,0.774940,0.850000,1,1
"HD 184010 b","HD 184010","Radial Velocity",2022,98.52680617,12.10000000,286.60000000000,0.9400000000,0.000000,545.04,4971.00,4.860000,1.350000,1,3
"TOI-6041 b","TOI-6041","Transit",2025,28.90000000,4.55000000,26.04945000000,0.1651000000,,605.60,5445.00,0.879000,0.885000,1,2
"TOI-6281 b","TOI-6281","Transit",2026,4.36000000,1.92416074,1.05426244177,,,2240.00,4533.23,0.874219,0.650000,1,1
"TOI-4600 c","TOI-4600","Transit",2023,2946.26933289,9.42000000,482.81910000000,1.1520000000,0.210000,191.00,5170.00,0.810000,0.890000,1,2
"Luhman 16 b","Luhman 16 A","Imaging",2017,9344.15516580,11.90000000,9697.00000000000,3.5200000000,0.344000,,,,0.033800,1,1
"Barnard b","Barnard's star","Radial Velocity",2024,0.29900000,0.72000000,3.15420000000,0.0229000000,0.030000,438.00,3195.00,0.185000,0.162000,1,4
"Barnard e","Barnard's star","Radial Velocity",2025,0.19300000,0.63700000,6.73920000000,0.0381000000,0.040000,340.00,3195.00,0.185000,0.162000,1,4
"HD 224018 c","HD 224018","Transit",2025,10.40000000,2.42000000,36.57669000000,0.2170000000,0.020000,641.00,5784.00,1.147000,1.013000,1,3
"TIC 38825265 b","TIC 38825265","Transit",2026,5.43000000,2.18869476,3.31336980985,,,,4375.52,0.664503,0.640000,1,1
"Kepler-1012 b","Kepler-1012","Transit",2016,2.21000000,1.29000000,5.50860439000,0.0606600000,0.000000,934.00,5556.00,0.910000,0.950000,1,1
"Kepler-1754 b","Kepler-1754","Transit",2021,6.53000000,2.43996509,8.19594955400,0.0718000000,0.000000,672.00,4723.00,0.747000,0.734000,1,1
"LHS 1678 d","LHS 1678","Transit",2024,0.90700000,0.98100000,4.96522290000,0.0400000000,0.036000,462.95,3490.00,0.329000,0.345000,2,3
"HD 18143 c","HD 18143","Radial Velocity",2022,3177.64841319,12.50000000,28982.41764000000,17.5300000000,0.194000,54.55,5078.00,0.870000,0.850000,1,2
"Kepler-935 b","Kepler-935","Transit",2016,2.39000000,1.35000000,4.88083852000,0.0527000000,0.000000,879.00,4830.00,0.730000,0.780000,1,1
"Kepler-879 c","Kepler-879","Transit",2024,0.03640000,0.40000000,0.64671600000,,,,5456.75,1.022000,0.974000,1,2
"ZTF J1230-2655 b","ZTF J1230-2655","Transit",2025,7024.00779470,13.78704626,0.23597766000,,,2949.65,10000.00,0.012300,0.646000,1,1
"TIC 270471727 b","TIC 270471727","Transit",2026,8.00000000,2.75029559,10.45623256647,,,1147.10,5271.39,0.997091,0.900000,1,1
"TIC 65612701 b","TIC 65612701","Transit",2026,22.70000000,5.07802804,10.22467974953,,,,5692.29,1.737090,1.060000,1,1
"Kepler-1014 b","Kepler-1014","Transit",2016,6.30000000,2.39000000,16.57110363000,0.1210000000,0.000000,614.00,5388.00,0.840000,0.880000,1,1
"Kepler-1044 b","Kepler-1044","Transit",2016,7.61000000,2.67000000,6.77408868000,0.0741000000,0.000000,1058.00,5985.00,1.110000,1.080000,1,1
"Kepler-66 b","Kepler-66","Transit",2013,8.25000000,2.80000000,17.81581500000,0.1352000000,0.000000,699.00,5962.00,0.966000,1.038000,1,1
"Kepler-857 b","Kepler-857","Transit",2016,37.20000000,6.80000000,85.35129427000,0.3751000000,0.000000,390.00,5773.00,0.990000,0.990000,1,1
"TOI-6080 b","TOI-6080","Transit",2026,11.00000000,3.32424168,8.05562348084,,,919.33,5775.46,1.062210,1.010000,1,1
"Wolf 1069 b","Wolf 1069","Radial Velocity",2023,1.26000000,1.08000000,15.56400000000,0.0672000000,,250.10,3158.00,0.181300,0.167000,1,1
"TOI-6330 b","TOI-6330","Transit",2025,3179.00000000,10.89000000,6.85002460000,0.0576300000,0.340000,495.00,3539.00,0.490000,0.531000,1,1
"ITG 15 b","ITG 15 A","Imaging",2024,6674.39654700,12.10000000,,435.0000000000,,2601.00,,,,2,1
"WISPIT 2 b","WISPIT 2","Imaging",2025,1541.46777395,17.93436912,,57.0000000000,,33.46,4400.00,1.418000,1.080000,1,2
"NGTS-38 b","NGTS-38","Transit",2026,1516.04150139,12.11690814,180.52797000000,0.6970000000,0.308600,457.00,6310.00,1.880000,1.460000,1,1
"TOI-5210 b","TOI-5210","Transit",2025,81.99972901,10.72699453,4.56610610000,0.0557000000,0.066000,1286.00,5723.00,1.209000,1.105000,1,1
"TOI-5726.01","TOI-5726","Transit",2024,7.05000000,2.55400000,5.49112521500,0.0621860000,,1093.03,5874.00,1.106000,1.060000,1,1
"HD 194490 b","HD 194490","Radial Velocity",2022,3561.90295725,12.40000000,13092.18348000000,11.1160000000,0.251000,90.87,5861.32,1.149110,1.060000,1,1
"HD 190228 b","HD 190228","Radial Velocity",2022,1598.67688721,12.90000000,1143.59858000000,2.4060000000,0.559000,267.99,5360.00,2.586580,1.415000,1,1
"HD 206893 b","HD 206893","Imaging",2021,6197.65393650,14.01122587,11100.00000000000,10.7500000000,0.069000,1429.20,6500.00,1.311160,1.310000,1,2
"HD 112570 b","HD 112570","Radial Velocity",2023,1086.97315194,13.10000000,2615.00000000000,3.9000000000,0.200000,364.01,4750.00,9.850000,1.150000,1,1
"HD 154391 b","HD 154391","Radial Velocity",2023,2892.23850370,12.50000000,5163.00000000000,7.4600000000,0.200000,253.57,4909.00,8.560000,2.070000,1,1
"G 196-3 b","G 196-3","Imaging",2024,8263.53858200,12.00000000,,350.0000000000,,1670.00,3517.00,0.522432,0.519782,1,1
"Kepler-1026 b","Kepler-1026","Transit",2016,5.52000000,2.21000000,36.51560530000,0.1977000000,0.000000,425.00,4948.00,0.750000,0.790000,1,1
"G 261-6 b","G 261-6","Radial Velocity",2025,1.37000000,1.10000000,5.45360000000,0.0297100000,0.000000,322.30,2907.00,0.153162,0.118000,1,1
"TOI-5789 d","TOI-5789","Radial Velocity",2026,4.29000000,1.91000000,29.65000000000,0.1756000000,0.096000,545.00,5185.00,0.833000,0.821000,1,4
"TOI-5789 b","TOI-5789","Radial Velocity",2026,2.12000000,1.26000000,2.76369000000,0.0360800000,0.000000,1201.00,5185.00,0.833000,0.821000,1,4
"TIC 142589416 b","TIC 142589416","Transit",2026,7.65000000,2.67899519,2.09518466313,,,,4396.27,0.713832,0.641000,1,1
"NGTS-39 b","NGTS-39","Transit",2026,466.25427307,12.19537100,58.20472000000,0.3077000000,0.386000,519.00,6053.00,1.160000,1.160000,1,1
"Gliese 48 b","Gliese 48","Radial Velocity",2026,8.11000000,2.77000000,39.62990000000,0.1752000000,0.000000,271.00,3450.00,0.463000,0.470000,1,1
"Kepler-993 b","Kepler-993","Transit",2016,9.11000000,2.97000000,22.08557563000,0.1300000000,0.000000,352.00,3843.00,0.540000,0.570000,1,1
"Kepler-80 d","Kepler-80","Transit",2014,6.75000000,1.53000000,3.07222000000,0.0372000000,0.004100,722.00,4540.00,0.678000,0.730000,1,6
"K2-411 b","K2-411","Transit",2022,0.93700000,0.98980000,3.21410000000,0.0511000000,,1428.52,5711.00,1.375000,1.018000,1,1
"HD 169142 b","HD 169142","Imaging",2023,953.48522100,13.10000000,,37.2000000000,,71.02,7246.00,1.537020,1.850000,1,1
"TOI-6383 A b","TOI-6383 A","Transit",2024,331.00000000,11.29000000,1.79058695000,0.0229200000,0.050000,745.00,3444.00,0.457000,0.458000,2,1
"TIC 139270665 b","TIC 139270665","Transit",2024,147.15455244,7.22979255,23.62400000000,0.1630000000,0.105000,703.00,5844.00,1.016000,1.035000,1,2
"TOI-7149 b","TOI-7149","Transit",2025,224.00000000,13.20000000,2.65206166000,0.0260300000,0.078000,593.00,3363.00,0.351000,0.344000,1,1
"Kepler-348 b","Kepler-348","Transit",2014,2.92000000,1.52000000,7.05677000000,0.0760000000,0.000000,1196.00,6177.00,1.359000,1.189000,1,2
"TOI-5789 e","TOI-5789","Radial Velocity",2026,11.61000000,3.43000000,62.98000000000,0.2901000000,0.071000,424.00,5185.00,0.833000,0.821000,1,4
"TIC 154870955 b","TIC 154870955","Transit",2026,9.77000000,3.09467466,7.96987471280,,,,4739.58,0.724328,0.828000,1,1
"Kepler-332 b","Kepler-332","Transit",2014,1.71000000,1.17000000,7.62632400000,0.0700000000,0.000000,703.00,4955.00,0.720000,0.743000,1,3
"TOI-5238 b","TOI-5238","Transit",2022,23.70000000,5.22000000,4.87217100000,,,1042.00,5631.00,1.022830,1.000000,1,1
"Kepler-914 b","Kepler-914","Transit",2016,2.48000000,1.38000000,4.40966548000,0.0545400000,0.000000,1192.00,5877.00,1.150000,1.100000,1,1
"K2-413 c","K2-413","Transit",2022,2.05000000,1.23270000,5.33010000000,0.0426000000,,804.55,4116.00,0.700000,0.808000,1,2
"TOI-6086 b","TOI-6086","Transit",2024,1.76000000,1.18000000,1.38887250000,0.0154100000,,634.00,3200.00,0.259000,0.254000,1,1
"Kepler-314 c","Kepler-314","Transit",2014,8.75000000,2.90000000,5.96039200000,0.0640000000,0.000000,890.00,5378.00,0.950000,0.990000,1,2
"HIP 29442 c","TOI-469","Radial Velocity",2023,4.50000000,1.55100000,3.53795590000,0.0451800000,,1123.00,5289.00,0.980000,0.901000,1,3
"HD 63433 d","HD 63433","Transit",2023,1.25000000,1.07300000,4.20907500000,0.0503000000,0.160000,1040.00,5688.00,0.912000,0.990000,1,3
"Kepler-317 b","Kepler-317","Transit",2014,109.80000000,2.09000000,5.52424200000,0.0610000000,0.000000,976.00,5497.00,0.941000,0.865000,1,2
"TOI-7384 b","TOI-7384","Transit",2026,12.40000000,3.56000000,6.23402580000,0.0439000000,0.400000,378.00,3185.00,0.319000,0.318000,1,1
"Kepler-1768 b","Kepler-1768","Transit",2021,5.62000000,2.23346338,15.13589954000,0.1286000000,0.000000,933.00,6050.00,1.572000,1.240000,1,1
"Kepler-981 b","Kepler-981","Transit",2016,5.95000000,2.31000000,4.46975773600,0.0535000000,0.000000,1103.00,5718.00,0.960000,0.980000,1,1
"Kepler-1043 b","Kepler-1043","Transit",2016,7.04000000,2.55000000,38.50533980000,0.2159000000,0.000000,532.00,5629.00,0.900000,0.920000,1,1
"TOI-5777 b","TOI-5777","Transit",2026,9.78000000,3.09551273,6.91716177373,,,602.00,4408.03,0.671912,0.658000,1,1
"HIP 113103 b","HIP 113103","Transit",2023,4.00000000,1.82900000,7.61030300000,0.0689900000,0.170000,721.00,4930.00,0.742000,0.761000,1,2
"UCAC3 113-933 b","UCAC3 113-933","Imaging",2024,6674.39654700,12.10000000,,6100.0000000000,,1.79,3864.00,0.564484,0.610000,1,1
"HD 73344 c","HD 73344","Radial Velocity",2025,118.54999581,13.50000000,65.94000000000,0.3388000000,0.124000,562.57,6148.00,1.220000,1.190000,1,3
"Kepler-139 f","Kepler-139","Transit Timing Variations",2025,36.00000000,6.67000000,355.00000000000,,,,5630.00,1.045000,1.078000,1,5
"TIC 249022743 b","TIC 249022743","Transit",2026,20.60000000,4.79568155,2.25719681538,,,,5567.58,1.208400,1.000000,1,1
"TIC 260969020 b","TIC 260969020","Transit",2026,5.59000000,2.22686612,8.48584501953,,,,4572.94,0.689880,0.750000,1,1
"Kepler-62 e","Kepler-62","Transit",2013,36.00000000,1.61000000,122.38740000000,0.4270000000,0.000000,270.00,4925.00,0.640000,0.690000,1,5
"HD 105618 c","HD 105618","Radial Velocity",2022,8419.59232984,11.90000000,77114.07158000000,35.7310000000,0.126000,51.64,5671.00,1.273990,1.010000,1,2
"HIP 113103 c","HIP 113103","Transit",2023,6.35000000,2.40000000,14.24564800000,0.1047900000,0.170000,585.00,4930.00,0.742000,0.761000,1,2
"Kepler-1053 b","Kepler-1053","Transit",2016,0.90400000,0.98000000,2.41435165400,0.0315000000,0.000000,953.00,4529.00,0.690000,0.740000,1,1
"Kepler-102 d","Kepler-102","Transit",2014,3.00000000,1.15400000,10.31176700000,0.0861800000,0.092000,686.00,4909.00,0.724000,0.803000,1,5
"HD 196067 c","HD 196067","Radial Velocity",2025,10.40000000,3.21000000,4.60108800000,,0.235000,,6072.00,1.710000,1.160000,2,2
"GJ 887 d","GJ 887","Radial Velocity",2026,6.10000000,2.34000000,50.77000000000,0.2120000000,,241.00,3688.00,0.468000,0.495000,1,4
"Kepler-347 b","Kepler-347","Transit",2014,4.54000000,1.97000000,12.79836000000,0.1100000000,0.000000,908.00,6088.00,1.005000,0.922000,1,3
"HD 11112 b","HD 11112","Radial Velocity",2022,2598.56505563,12.60000000,17244.90764000000,13.3800000000,0.285000,94.51,5905.64,1.473680,1.070000,1,1
"TIC 393818343 b","TIC 393818343","Transit",2024,1379.37528638,12.18416202,16.24921000000,0.1291000000,0.605800,805.50,5756.00,1.086000,1.082000,2,1
"Kepler-1032 b","Kepler-1032","Transit",2016,4.16000000,1.87000000,3.29011795300,0.0361000000,0.000000,802.00,4647.00,0.710000,0.770000,1,1
"HD 284149 AB b","HD 284149 A","Imaging",2017,8352.53053596,12.00000000,,431.1600000000,,2395.00,6035.00,1.360000,1.130000,2,1
"WASP-132 d","WASP-132","Radial Velocity",2024,1639.99458012,12.80000000,1816.60000000000,2.7100000000,0.120000,107.00,4686.00,0.758000,0.789000,1,3
"K2-157 c","K2-157","Radial Velocity",2025,30.80000000,6.08000000,25.94200000000,0.1650000000,0.200000,587.00,5334.00,0.860000,0.890000,1,3
"KOINTREAU-4 b","2MASS J16262785-2625152","Imaging",2026,4862.77462710,12.20000000,,182.0000000000,,,3252.00,,,1,1
"TIC 390586021 b","TIC 390586021","Transit",2026,8.55000000,2.86009388,2.74703755819,,,,4434.81,0.726565,0.648000,1,1
"HD 113337 c","HD 113337","Radial Velocity",2020,6299.67685515,12.10000000,5429.93477000000,6.8050000000,0.164000,153.36,6774.00,1.500000,1.410000,3,2
"HD 94771 b","HD 94771","Radial Velocity",2023,169.00000000,14.20000000,2164.00000000000,3.4800000000,0.390000,200.79,5631.00,1.903000,1.200000,1,1
"TOI-6695 b","TOI-6695","Transit",2025,66.74396547,9.52763359,80.38900000000,0.4020000000,0.040000,599.00,6400.00,1.517000,1.338000,1,2
"Gaia-5 b","Gaia-5","Astrometry",2025,6633.07885409,12.10000000,358.62000000000,,0.642300,,3447.00,0.345000,0.339000,1,1
"DMPP-2 d","DMPP-2","Radial Velocity",2026,91.79000000,11.60000000,16.49100000000,0.1432000000,0.100000,1105.06,6500.00,1.780000,1.410000,1,3
"TIC 423703298 b","TIC 423703298","Transit",2026,8.11000000,2.77230429,4.03712711976,,,,4540.37,0.729825,0.691000,1,1
"Kepler-335 b","Kepler-335","Transit",2014,11.40000000,3.39000000,6.56233100000,0.0750000000,0.000000,1290.00,5877.00,1.854000,1.367000,1,2
"Kepler-1023 b","Kepler-1023","Transit",2016,7.41000000,2.63000000,62.13877140000,0.3028400000,0.000000,524.00,5494.00,0.890000,0.930000,1,1
"TOI-5592 b","TOI-5592","Transit",2025,285.72773789,17.14974047,2.60858460000,0.0393500000,0.062000,1789.00,6237.00,1.393000,1.194000,1,1
"HD 122562 c","HD 122562","Radial Velocity",2022,73.10053361,10.10000000,84.96276000000,0.4060000000,0.228000,552.02,4956.00,2.166270,1.241000,1,1
"HD 115404 A c","HD 115404 A","Radial Velocity",2022,3279.67133183,12.50000000,15319.22517000000,11.3640000000,0.211000,61.22,5019.17,0.727007,0.830000,1,2
"GJ 1002 c","GJ 1002","Radial Velocity",2022,1.36000000,1.10000000,21.20200000000,0.0738000000,,181.70,3024.00,0.137000,0.120000,1,2
"Kepler-932 b","Kepler-932","Transit",2016,2.45000000,1.37000000,1.92143739600,0.0287600000,0.000000,1276.00,5331.00,0.840000,0.870000,1,1
"TOI-6707 b","TOI-6707","Transit",2026,27.80000000,5.72673066,3.83479363758,,,1509.43,6289.49,1.582020,1.140000,1,1
"Kepler-139 e","Kepler-139","Radial Velocity",2023,378.00000000,13.70000000,2047.63537300000,3.2357963900,0.013121,154.06,5622.00,1.045000,1.078000,1,5
"Kepler-328 c","Kepler-328","Transit",2013,39.40000000,5.40000000,71.31200000000,0.3540000000,0.000000,475.00,6064.00,1.060000,1.150000,1,2
"TOI-7510 d","TOI-7510","Transit",2025,190.00000000,10.52000000,48.86446800000,0.2672000000,0.040000,542.40,5720.00,1.035000,1.063000,1,3
"Kepler-138 d","Kepler-138","Transit",2014,2.10000000,1.51000000,23.09230000000,0.1288000000,0.010000,345.00,3841.00,0.535000,0.535000,1,4
"Kepler-1779 b","Kepler-1779","Transit",2021,9.44000000,3.03295685,16.34359932000,0.1264000000,0.000000,730.00,5730.00,1.056000,1.008000,1,1
"Kepler-973 b","Kepler-973","Transit",2016,4.50000000,1.96000000,49.60773310000,0.2489000000,0.000000,402.00,5213.00,0.780000,0.860000,1,1
"TOI-5595 b","TOI-5595","Transit",2026,20.10000000,4.73740402,5.99002553853,,,621.00,4417.30,0.743344,0.645000,1,1
"HD 203387 b","HD 203387","Radial Velocity",2022,1106.04285636,13.10000000,512.53520000000,1.7710000000,0.732000,610.00,5174.32,10.585200,2.817000,1,2
"TOI-6016 b","TOI-6016","Transit",2024,371.85923619,13.67495645,4.02368700000,0.0550000000,0.000000,1890.00,6110.00,1.510000,1.310000,1,1
"HIP 99770 b","HIP 99770","Imaging",2023,5403.08291900,12.20000000,18600.00000000000,15.8000000000,0.310000,135.17,8000.00,1.939860,1.900000,1,1
"Kepler-1772 b","Kepler-1772","Transit",2021,7.68000000,2.68609988,3.21509003600,0.0439100000,0.000000,1155.00,5541.00,0.934000,0.942000,1,1
"GJ 2126 b","GJ 2126","Radial Velocity",2025,413.17692910,13.60000000,272.70000000000,0.7100000000,0.850000,203.08,4159.00,0.728000,0.650000,1,1
"TOI-5616 b","TOI-5616","Transit",2024,624.00000000,10.78000000,2.00284900000,0.0272000000,0.000000,939.00,3996.00,0.646000,0.666000,1,1
"Kepler-408 b","Kepler-408","Transit",2014,5.00000000,0.82000000,2.46502000000,0.0359200000,0.000000,1561.00,6104.00,1.230000,1.080000,1,1
"Gaia23braL b","Gaia23braL","Microlensing",2026,518.06030341,13.50000000,,4.8470000000,,129.20,5055.00,1.361810,0.774000,1,1
"Kepler-10 d","Kepler-10","Radial Velocity",2023,12.00000000,3.49000000,151.06000000000,0.5379000000,0.190000,387.00,5708.00,1.065000,0.910000,1,3
"GJ 3988 b","GJ 3988","Radial Velocity",2023,3.69000000,1.74000000,6.94420000000,0.0405000000,0.000000,348.00,3273.00,0.197340,0.184200,1,1
"TOI-1408 c","TOI-1408","Transit Timing Variations",2024,7.60000000,2.22000000,2.16640000000,0.0358700000,0.135300,1864.00,6117.00,1.530000,1.312000,1,2
"HD 68475 b","HD 68475","Radial Velocity",2026,1639.99458012,12.80000000,7832.00000000000,7.2700000000,0.620000,79.88,5022.00,0.790990,0.830000,1,1
"HD 48265 c","HD 48265","Radial Velocity",2026,1414.33641115,12.90000000,10418.00000000000,10.4000000000,0.410000,124.28,5805.00,2.050000,1.380000,1,2
"Kepler-958 b","Kepler-958","Transit",2016,4.90000000,2.06000000,9.76788050000,0.0863100000,0.000000,749.00,5421.00,0.860000,0.910000,1,1
"TOI-5624 d","TOI-5624","Transit",2026,4.90000000,3.58400000,13.73146800000,0.1067000000,0.000000,712.60,5327.00,0.820000,0.858000,1,5
"KOI-351 d","KOI-351","Transit",2013,8.60000000,2.87000000,59.73667000000,0.3200000000,0.000000,520.00,6080.00,1.200000,1.200000,1,8
"Kepler-20 e","Kepler-20","Transit",2011,0.76000000,0.82100000,6.09848820000,0.0637000000,0.092000,1004.00,5495.00,0.916400,0.929000,2,6
"nu Oct A b","nu Oct A","Radial Velocity",2016,696.04421133,13.30000000,402.40000000000,1.2400000000,0.195000,477.33,4910.00,5.040000,1.570000,2,1
"TOI-1288 c","TOI-1288","Radial Velocity",2022,85.70000000,11.10000000,416.00000000000,1.0700000000,0.000000,245.88,5388.00,0.958300,0.955200,1,2
"Kepler-104 c","Kepler-104","Transit",2014,7.14430805,3.13000000,23.66820500000,0.1530000000,0.000000,668.00,5711.00,1.349000,0.818000,2,3
"Kepler-507 b","Kepler-507","Transit",2016,5.69692195,1.30000000,3.56809692600,0.0478100000,0.000000,1407.00,6113.00,1.320000,1.160000,1,1
"HN Lib b","HN Lib","Radial Velocity",2023,5.46000000,2.20000000,36.11600000000,0.1417000000,0.079000,234.40,3347.00,0.299000,0.291000,1,1
"Kepler-49 d","Kepler-49","Transit",2014,235.98200000,1.60000000,2.57654900000,0.0310000000,0.000000,717.00,4252.00,0.559000,0.549000,1,4
"HIP 10090 b","HIP 10090","Radial Velocity",2026,1229.99593509,13.00000000,2960.00000000000,3.8700000000,0.115000,163.17,5661.00,1.382680,0.940000,1,2
"Kepler-346 b","Kepler-346","Transit",2014,7.56000000,2.66000000,6.51112700000,0.0710000000,0.000000,1008.00,6033.00,1.021000,0.943000,1,2
"Kepler-265 d","Kepler-265","Transit",2014,6.76000000,2.49000000,43.13061700000,0.2360000000,0.000000,554.00,5835.00,1.103000,0.970000,1,4
"Kepler-399 b","Kepler-399","Transit",2014,0.84000000,0.96000000,14.42528100000,0.1030000000,0.000000,773.00,5502.00,0.680000,0.902000,1,3
"Kepler-110 c","Kepler-110","Transit",2014,5.52000000,2.21000000,31.71977500000,0.1980000000,0.000000,743.00,5960.00,1.149000,0.989000,1,2
"Kepler-1248 b","Kepler-1248","Transit",2016,1.76000000,1.18000000,7.46725407000,0.0806000000,0.000000,1035.00,6149.00,1.210000,1.210000,1,1
"Kepler-1269 b","Kepler-1269","Transit",2016,3.29000000,1.63000000,37.33315360000,0.2361100000,0.000000,657.00,5998.00,1.150000,1.100000,1,1
"Kepler-1314 b","Kepler-1314","Transit",2016,22.90000000,5.11000000,5.42474928100,0.0504000000,0.000000,625.00,4188.00,0.590000,0.600000,1,1
"Kepler-1870 b","Kepler-1870","Transit",2021,5.07000000,2.10143764,3.60694003100,0.0452000000,0.000000,1046.00,5508.00,0.840000,0.955000,1,1
"Kepler-236 b","Kepler-236","Transit",2014,3.09000000,1.57000000,8.29561100000,0.0650000000,0.000000,469.00,3750.00,0.510000,0.596005,1,2
"Kepler-125 c","Kepler-125","Transit",2014,0.33000000,0.74000000,5.77446400000,0.0510000000,0.000000,529.00,3810.00,0.512000,0.542101,1,2
"Kepler-304 d","Kepler-304","Transit",2014,8.00000000,2.75000000,9.65347100000,0.0800000000,0.000000,611.00,4731.00,0.687000,0.737000,1,4
"Kepler-326 d","Kepler-326","Transit",2014,6.90000000,1.21000000,6.76688800000,0.0660000000,0.000000,781.00,5105.00,0.801000,0.910000,1,3
"Kepler-126 c","Kepler-126","Transit",2014,1.27942148,1.58000000,21.86974100000,0.1620000000,0.190000,790.00,6239.00,1.358000,1.108000,1,3
"Kepler-400 c","Kepler-400","Transit",2014,2.83000000,1.49000000,17.34082400000,0.1340000000,0.000000,755.00,5886.00,1.145000,1.080000,1,2
"Kepler-1089 b","Kepler-1089","Transit",2016,4.01000000,1.83000000,5.13248561800,0.0497000000,0.000000,584.00,3753.00,0.490000,0.520000,1,1
"Kepler-102 f","Kepler-102","Transit",2014,4.30000000,0.86100000,27.45359200000,0.1656000000,0.100000,495.00,4909.00,0.724000,0.803000,1,5
"Kepler-1223 b","Kepler-1223","Transit",2016,1.98000000,1.22000000,16.30125900000,0.1186000000,0.000000,557.00,4870.00,0.750000,0.800000,1,1
"Kepler-1853 b","Kepler-1853","Transit",2021,2.92000000,1.51862272,48.88819885000,0.2395000000,0.000000,386.00,4821.00,0.788000,0.765000,1,1
"Kepler-512 b","Kepler-512","Transit",2016,7.70000000,2.69000000,34.43587975000,0.2139500000,0.000000,652.00,5997.00,1.300000,1.170000,1,1
"Kepler-369 b","Kepler-369","Transit",2014,1.51000000,1.13000000,2.73275600000,0.0300000000,0.000000,687.00,3591.00,0.471000,0.500000,1,2
"Kepler-305 c","Kepler-305","Transit",2013,6.00000000,3.30000000,8.29100000000,0.0756800000,0.000000,728.00,5080.00,0.800000,0.760000,1,4
"Kepler-975 c","Kepler-975","Transit",2023,80.20000000,10.69000000,5.05821338000,0.0567000000,0.000000,1168.00,4883.00,1.667000,0.951000,1,2
"Kepler-22 b","Kepler-22","Transit",2011,9.10000000,2.10000000,289.86387600000,0.8120000000,0.720000,279.00,5596.00,0.869000,0.857000,1,1
"Kepler-1995 b","Kepler-1995","Transit",2023,16.90000000,4.28000000,73.75788750000,0.3259000000,0.000000,375.00,5029.00,0.930000,0.847000,1,1
"Kepler-1227 b","Kepler-1227","Transit",2016,5.86000000,2.29000000,94.28875770000,0.3855500000,0.000000,369.00,5747.00,0.950000,0.970000,1,1
"Kepler-1272 b","Kepler-1272","Transit",2016,6.21000000,2.37000000,51.13097040000,0.2705000000,0.000000,542.00,5926.00,1.090000,1.060000,1,1
"Kepler-201 c","Kepler-201","Transit",2014,8.50000000,2.85000000,151.88405800000,0.5730000000,0.000000,378.00,6065.00,1.229000,1.098000,1,2
"Kepler-215 c","Kepler-215","Transit",2014,3.78000000,1.77000000,14.66710800000,0.1130000000,0.000000,675.00,5739.00,1.027000,0.788000,1,4
"Kepler-267 c","Kepler-267","Transit",2014,5.18000000,2.13000000,6.87745000000,0.0600000000,0.000000,484.00,4258.00,0.555000,0.541571,1,3
"Kepler-373 c","Kepler-373","Transit",2014,2.07000000,1.24000000,16.72594800000,0.1260000000,0.000000,729.00,5787.00,0.845000,0.981000,1,2
"Kepler-54 d","Kepler-54","Transit",2014,12.09460000,1.53000000,20.99569400000,0.1260000000,0.000000,328.00,4252.00,0.554000,0.518000,1,3
"Kepler-329 b","Kepler-329","Transit",2014,2.54000000,1.40000000,7.41639700000,0.0610000000,0.000000,547.00,4257.00,0.523000,0.602000,1,2
"Kepler-279 d","Kepler-279","Transit",2013,37.50000000,3.10000000,54.41400000000,0.2901000000,0.000000,574.00,6689.45,1.070000,1.100000,1,4
"HD 219134 c","HD 219134","Radial Velocity",2015,4.36000000,1.51100000,6.76458000000,0.0653000000,0.062000,782.00,4699.00,0.778000,0.810000,1,6
"Kepler-1198 b","Kepler-1198","Transit",2016,2.76000000,1.47000000,7.68477160000,0.0732000000,0.000000,830.00,5517.00,0.900000,0.930000,1,1
"Kepler-161 c","Kepler-161","Transit",2014,3.61000000,2.05000000,7.06424000000,0.0680000000,0.000000,769.00,5078.00,0.806000,0.853000,1,2
"Kepler-1294 b","Kepler-1294","Transit",2016,10.30000000,3.19000000,115.68622580000,0.4684000000,0.000000,401.00,5776.00,0.970000,0.990000,1,1
"Kepler-1319 b","Kepler-1319","Transit",2016,2.36000000,1.34000000,2.88676264500,0.0296000000,0.330000,557.00,3655.00,0.540000,0.560000,2,1
"Kepler-275 d","Kepler-275","Transit",2014,11.10000000,3.33000000,35.67606200000,0.2240000000,0.000000,671.00,6165.00,1.383000,1.189000,1,3
"Kepler-374 b","Kepler-374","Transit",2014,1.08000000,1.03000000,1.89780600000,0.0290000000,0.000000,1761.00,5977.00,0.911000,1.033000,1,3
"Kepler-306 d","Kepler-306","Transit",2014,6.66000000,2.47000000,17.32664400000,0.1200000000,0.000000,535.00,4954.00,0.719000,0.750000,1,4
"Kepler-305 e","Kepler-305","Transit",2020,3.87000000,1.79381530,3.20538000000,0.0401700000,0.000000,1000.00,4974.00,0.827279,0.820000,1,4
"Kepler-11 f","Kepler-11","Transit",2010,2.00000000,2.49000000,46.68880000000,0.2500000000,0.013000,513.00,5663.00,1.065000,0.961000,1,6
"Kepler-276 d","Kepler-276","Transit",2013,16.30000000,2.80000000,48.64800000000,0.2466600000,0.000000,489.00,5693.00,1.030000,1.100000,1,3
"Kepler-36 c","Kepler-36","Transit",2012,7.13000000,3.67900000,16.21865000000,0.1269200000,0.000000,928.00,5979.00,1.634000,1.034000,1,2
"Kepler-1251 b","Kepler-1251","Transit",2016,4.04000000,1.84000000,45.09046430000,0.2478000000,0.000000,487.00,5545.00,0.890000,0.920000,1,1
"Kepler-1843 b","Kepler-1843","Transit",2021,7.80000000,2.70909809,25.54339981000,0.1787100000,0.000000,772.00,5422.00,1.782000,1.020000,1,1
"Kepler-1857 b","Kepler-1857","Transit",2021,4.50000000,1.96065412,8.94340992000,0.0830800000,0.000000,946.00,6074.00,1.005000,0.873000,1,1
"Kepler-190 c","Kepler-190","Transit",2014,2.73000000,1.46000000,3.76302400000,0.0450000000,0.000000,948.00,5106.00,0.795000,0.834000,1,2
"Kepler-123 c","Kepler-123","Transit",2014,2.79000000,1.48000000,26.69507400000,0.1810000000,0.000000,706.00,6089.00,1.264000,1.079000,1,2
"Kepler-380 c","Kepler-380","Transit",2014,2.15000000,1.27000000,7.63000400000,0.0780000000,0.000000,1056.00,6045.00,1.224000,0.990000,1,2
"Kepler-283 c","Kepler-283","Transit",2014,3.97000000,1.82000000,92.74371100000,0.3410000000,0.000000,240.00,4351.00,0.566000,0.596000,1,2
"KELT-6 c","KELT-6","Radial Velocity",2015,1179.14930000,13.00000000,1276.00000000000,2.3900000000,0.210000,241.90,6272.00,1.529000,1.126000,1,2
"Kepler-85 b","Kepler-85","Transit",2012,1.84000000,1.77800000,8.30000000000,0.0788500000,0.020000,809.00,5505.20,0.875000,0.928000,1,4
"Kepler-799 c","Kepler-799","Transit",2021,8.15000000,2.78068551,15.19419956000,0.1214000000,0.000000,893.00,5588.00,1.593000,1.031000,1,2
"Kepler-1884 b","Kepler-1884","Transit",2021,3.95000000,1.81406781,8.98832035100,0.0845000000,0.000000,864.00,5984.00,0.906000,0.993000,1,1
"Kepler-381 b","Kepler-381","Transit",2014,0.93700000,0.99000000,5.62902100000,0.0660000000,0.000000,1576.00,6152.00,1.568000,1.144000,1,3
"Kepler-84 d","Kepler-84","Transit",2014,2.48000000,1.38000000,4.22453700000,0.0520000000,0.000000,1254.00,6031.00,1.169000,1.060000,1,5
"Kepler-334 b","Kepler-334","Transit",2014,1.46000000,1.12000000,5.47031900000,0.0610000000,0.000000,1090.00,5828.00,1.068000,1.022000,1,3
"Kepler-285 c","Kepler-285","Transit",2014,1.46000000,1.12000000,6.18667600000,0.0640000000,0.000000,851.00,5411.00,0.808000,0.915000,1,2
"Kepler-1232 b","Kepler-1232","Transit",2016,4.38000000,1.93000000,26.78391830000,0.1654500000,0.000000,523.00,5471.00,0.890000,0.920000,1,1
"Kepler-1858 b","Kepler-1858","Transit",2021,6.44000000,2.42168247,88.07160187000,0.3575000000,0.000000,330.00,4939.00,0.819000,0.785000,1,1
"Kepler-204 c","Kepler-204","Transit",2014,3.86000000,1.79000000,25.66059300000,0.1730000000,0.000000,683.00,5812.00,1.238000,1.038000,1,2
"Kepler-515 b","Kepler-515","Transit",2016,2.73000000,1.46000000,19.96371318000,0.1333000000,0.000000,564.00,5293.00,0.830000,0.900000,2,1
"Kepler-221 e","Kepler-221","Transit",2014,7.86706000,2.63000000,18.36991700000,0.1300000000,0.000000,582.00,5243.00,0.821000,0.854000,1,4
"Kepler-1877 b","Kepler-1877","Transit",2021,0.17900000,0.62408600,2.37756991400,0.0347200000,0.000000,1278.00,5615.00,0.936000,1.022000,1,1
"Kepler-350 d","Kepler-350","Transit",2013,14.90000000,2.80000000,26.13600000000,0.1786000000,0.000000,782.00,6492.30,1.250000,1.000000,1,3
"Kepler-58 e","Kepler-58","Transit",2023,597.79600000,1.61000000,4.45814897000,0.0533000000,0.000000,1212.00,6100.00,1.083000,1.017000,1,4
"Kepler-1679 b","Kepler-1679","Transit",2020,4.93000000,2.06920360,9.75376000000,0.0892000000,0.000000,813.00,5501.00,0.873196,0.960000,1,1
"Kepler-58 c","Kepler-58","Transit",2012,53.00000000,2.86000000,15.57415680000,0.1230700000,0.000000,799.00,5843.00,1.030000,0.950000,1,4
"Kepler-1844 b","Kepler-1844","Transit",2021,9.46000000,3.03648191,3.92451000200,0.0478000000,0.000000,1074.00,5776.00,0.849000,0.939000,1,1
"Kepler-1278 b","Kepler-1278","Transit",2016,1.01000000,1.01000000,3.23941344000,0.0441700000,0.000000,1213.00,6074.00,1.160000,1.110000,1,1
"Kepler-1864 b","Kepler-1864","Transit",2021,0.35300000,0.75408365,3.88151001900,0.0490000000,0.000000,1156.00,5854.00,0.979000,1.030000,1,1
"Kepler-1324 b","Kepler-1324","Transit",2016,2.89000000,1.51000000,4.11584467900,0.0466000000,0.000000,895.00,4776.00,0.730000,0.780000,1,1
"Kepler-462 c","Kepler-462","Transit",2018,6.00000000,4.00000000,207.62000000000,0.7584000000,0.110000,453.00,7500.00,1.570000,1.590000,1,2
"Kepler-226 d","Kepler-226","Transit",2014,1.98000000,1.22000000,8.10904400000,0.0760000000,0.000000,800.00,5571.00,0.802000,0.904000,1,3
"Kepler-221 b","Kepler-221","Transit",2014,5.95575000,1.71000000,2.79590600000,0.0370000000,0.000000,1090.00,5243.00,0.821000,0.854000,1,4
"Kepler-245 c","Kepler-245","Transit",2014,26.70000000,2.18000000,17.46081200000,0.1240000000,0.000000,568.00,5100.00,0.795000,0.856000,1,4
"Kepler-352 b","Kepler-352","Transit",2014,0.56600000,0.86000000,10.05537000000,0.0850000000,0.000000,694.00,5212.00,0.781000,0.798000,1,3
"Kepler-382 c","Kepler-382","Transit",2014,3.15000000,1.59000000,12.16270100000,0.0970000000,0.000000,882.00,5600.00,0.945000,1.002000,1,2
"Kepler-336 b","Kepler-336","Transit",2014,1.04000000,1.02000000,2.02482300000,0.0330000000,0.000000,1625.00,5867.00,1.304000,1.090000,1,3
"HD 11755 b","HD 11755","Radial Velocity",2015,1789.38290000,12.80000000,433.70001000000,1.0900000000,0.190000,903.49,4312.00,20.580000,0.720000,1,1
"Kepler-385 c","Kepler-385","Transit",2014,13.20000000,3.04000000,15.16316100000,0.1270000000,0.000000,829.00,6326.00,1.126000,0.992000,1,3
"Kepler-267 d","Kepler-267","Transit",2014,5.77000000,2.27000000,28.46451500000,0.1540000000,0.000000,301.00,4258.00,0.555000,0.541571,1,3
"Kepler-384 c","Kepler-384","Transit",2014,1.51000000,1.13000000,45.34826900000,0.2360000000,0.000000,531.00,5577.00,0.882000,0.882000,1,2
"Kepler-299 e","Kepler-299","Transit",2014,4.16000000,1.87000000,38.28548900000,0.2200000000,0.000000,534.00,5617.00,1.032000,1.004000,1,4
"8 UMi b","8 UMi","Radial Velocity",2015,524.41687155,13.50000000,93.31000000000,0.4620000000,0.062000,1126.38,4847.00,10.730000,1.510000,1,1
"Kepler-1104 b","Kepler-1104","Transit",2016,2.04000000,1.23000000,5.03728015000,0.0632100000,0.000000,1321.00,6417.00,1.410000,1.300000,1,1
"Kepler-1987 e","Kepler-1987","Transit",2023,4.35000000,1.92000000,8.74292005000,0.0765000000,0.000000,643.00,4769.00,0.714000,0.799000,1,4
"Kepler-1830 b","Kepler-1830","Transit",2021,11.10000000,3.32992941,56.49330139000,0.3176900000,0.000000,681.00,6160.00,2.046000,1.443000,1,1
"Kepler-182 b","Kepler-182","Transit",2014,7.18000000,2.58000000,9.82579200000,0.0960000000,0.000000,935.00,6250.00,1.146000,1.114000,1,2
"Kepler-1688 b","Kepler-1688","Transit",2020,2.13000000,1.26174569,5.62012000000,0.0577000000,0.000000,772.00,4632.11,0.746000,0.814000,1,1
"Kepler-385 b","Kepler-385","Transit",2014,12.80000000,2.73000000,10.04368600000,0.0970000000,0.000000,951.00,6326.00,1.126000,0.992000,1,3
"Kepler-55 f","Kepler-55","Transit",2014,3.15000000,1.59000000,10.19854500000,0.0810000000,0.000000,559.00,4503.00,0.619000,0.631000,1,5
"Kepler-339 d","Kepler-339","Transit",2014,14.70000000,1.17000000,10.55834500000,0.0910000000,0.000000,796.00,5631.00,0.802000,0.870000,1,3
"Kepler-1669 d","Kepler-1669","Transit",2023,1.98000000,1.22000000,4.72941177000,0.0468000000,0.000000,669.00,4224.00,0.603000,0.609000,1,3
"Kepler-69 c","Kepler-69","Transit",2013,3.57000000,1.71000000,242.46130000000,0.6400000000,0.140000,299.00,5638.00,0.930000,0.810000,1,2
"HAT-P-57 b","HAT-P-57","Transit",2015,448.14030000,19.50366000,2.46530000000,0.0406000000,0.000000,2200.00,6330.00,1.850000,2.770000,3,1
"Kepler-1067 c","Kepler-1067","Transit",2021,3.70000000,1.74682428,5.42583990100,0.0606900000,0.000000,973.00,5594.00,0.934000,0.981000,1,2
"Kepler-299 d","Kepler-299","Transit",2014,4.12000000,1.86000000,15.05478600000,0.1180000000,0.000000,729.00,5617.00,1.032000,1.004000,1,4
"Kepler-208 c","Kepler-208","Transit",2014,2.51000000,1.39000000,7.46662300000,0.0790000000,0.000000,1141.00,6092.00,1.314000,1.082000,1,4
"Kepler-530 b","Kepler-530","Transit",2016,9.32000000,3.01000000,39.30941904000,0.2149100000,0.000000,488.00,5697.00,0.890000,0.970000,2,1
"Kepler-354 d","Kepler-354","Transit",2014,2.07000000,1.24000000,24.20984200000,0.1460000000,0.000000,451.00,4648.00,0.674000,0.652000,1,3
"Kepler-339 c","Kepler-339","Transit",2014,7.30000000,1.15000000,6.98805500000,0.0690000000,0.000000,914.00,5631.00,0.802000,0.870000,1,3
"Kepler-1114 b","Kepler-1114","Transit",2016,2.39000000,1.35000000,14.97435694000,0.1105600000,0.000000,631.00,5374.00,0.830000,0.870000,1,1
"Kepler-114 d","Kepler-114","Transit",2013,3.90000000,2.53000000,11.77600000000,0.0835800000,0.000000,446.00,4660.00,0.540000,0.560000,1,3
"Kepler-303 c","Kepler-303","Transit",2014,1.55000000,1.14000000,7.06114900000,0.0570000000,0.000000,521.00,3944.00,0.485000,0.575000,1,2
"Kepler-1212 b","Kepler-1212","Transit",2016,5.22000000,2.14000000,12.94130146000,0.1082000000,0.000000,795.00,6051.00,1.150000,1.100000,1,1
"Kepler-394 c","Kepler-394","Transit",2014,3.39000000,1.66000000,12.13068600000,0.1100000000,0.000000,901.00,6402.00,1.132000,0.870000,1,3
"Kepler-393 c","Kepler-393","Transit",2014,2.33000000,1.33000000,14.61361200000,0.1240000000,0.000000,901.00,6189.00,1.382000,1.256000,1,2
"Kepler-318 c","Kepler-318","Transit",2014,13.10000000,3.68000000,11.81500700000,0.1050000000,0.000000,762.00,5746.00,1.189000,1.073000,1,2
"Kepler-1241 b","Kepler-1241","Transit",2016,7.41000000,2.63000000,18.55257010000,0.1336000000,0.000000,612.00,5261.00,0.800000,0.840000,1,1
"Kepler-185 b","Kepler-185","Transit",2014,1.71000000,1.17000000,1.63290000000,0.0260000000,0.000000,1237.00,5208.00,0.806000,0.763000,1,2
"Kepler-1283 b","Kepler-1283","Transit",2016,4.31000000,1.91000000,12.94609780000,0.1062000000,0.000000,764.00,6175.00,1.250000,1.160000,1,1
"Kepler-1714 b","Kepler-1714","Transit",2021,10.70000000,3.26437302,10.27530003000,0.1054900000,0.000000,1211.00,6150.00,2.086000,1.448000,1,1
"Kepler-1331 b","Kepler-1331","Transit",2016,1.16000000,1.05000000,0.78916165300,0.0142000000,0.000000,1244.00,4508.00,0.690000,0.720000,1,1
"Kepler-319 b","Kepler-319","Transit",2014,3.29000000,1.63000000,4.36270500000,0.0510000000,0.000000,1023.00,5526.00,0.903000,0.933000,1,3
"Kepler-396 b","Kepler-396","Transit",2013,75.50000000,3.50000000,42.99400000000,0.2406700000,0.000000,496.00,5656.00,1.060000,0.850000,1,2
"Kepler-1085 c","Kepler-1085","Transit",2020,10.70000000,3.26817741,56.77710000000,0.2979800000,0.000000,491.00,5816.00,1.078300,1.050000,1,2
"Kepler-1084 b","Kepler-1084","Transit",2016,1.41000000,1.11000000,2.05333679000,0.0324000000,0.000000,1737.00,6113.00,1.280000,1.120000,1,1
"Kepler-1108 b","Kepler-1108","Transit",2016,2.73000000,1.46000000,4.51005748000,0.0511000000,0.000000,1063.00,5406.00,0.840000,0.880000,1,1
"Kepler-1214 b","Kepler-1214","Transit",2016,6.17000000,2.36000000,18.82634264000,0.1280000000,0.000000,591.00,5130.00,0.800000,0.850000,1,1
"Kepler-155 c","Kepler-155","Transit",2014,5.65000000,2.24000000,52.66179300000,0.2420000000,0.000000,286.00,4508.00,0.620000,0.635000,1,2
"Kepler-396 c","Kepler-396","Transit",2013,17.90000000,5.30000000,88.50500000000,0.3894600000,0.000000,390.00,5656.00,1.060000,0.850000,1,2
"Kepler-1369 b","Kepler-1369","Transit",2016,7.70000000,2.69000000,25.87314800000,0.1741000000,0.000000,667.00,5761.00,0.990000,0.990000,1,1
"Kepler-1370 b","Kepler-1370","Transit",2016,4.04000000,1.84000000,20.26416840000,0.1576300000,0.000000,770.00,6202.00,1.290000,1.190000,1,2
"Kepler-252 b","Kepler-252","Transit",2014,2.04000000,1.23000000,6.66839100000,0.0580000000,0.000000,587.00,4208.00,0.549000,0.610000,1,2
"Kepler-360 c","Kepler-360","Transit",2014,5.06000000,2.10000000,7.18643400000,0.0750000000,0.000000,860.00,6053.00,1.058000,0.994000,1,2
"Kepler-245 e","Kepler-245","Transit",2016,1806.36000000,1.75000000,3.21982105600,0.0405300000,0.000000,998.00,5174.00,0.800000,0.860000,1,4
"Kepler-298 d","Kepler-298","Transit",2014,6.80000000,2.50000000,77.47363300000,0.3050000000,0.000000,277.00,4465.00,0.582000,0.660000,1,3
"Kepler-324 b","Kepler-324","Transit",2014,2414.40000000,1.14000000,4.38531500000,0.0500000000,0.000000,935.00,5194.00,0.840000,0.901000,1,4
"Kepler-1796 b","Kepler-1796","Transit",2021,8.00000000,2.75047868,29.45579910000,0.1879000000,0.000000,598.00,6036.00,0.949000,1.018000,1,1
"Kepler-520 c","Kepler-520","Transit",2016,1.24000000,1.07000000,5.21104261000,0.0603500000,0.000000,1107.00,6112.00,1.090000,1.100000,1,2
"Kepler-1244 b","Kepler-1244","Transit",2016,2.39000000,1.35000000,3.70428172000,0.0502000000,0.000000,1839.00,6680.00,1.770000,1.460000,1,1
"Kepler-169 c","Kepler-169","Transit",2014,1.92000000,1.21000000,6.19546900000,0.0620000000,0.000000,776.00,4997.00,0.763000,0.825000,1,5
"Kepler-97 b","Kepler-97","Transit",2014,3.51000000,1.48000000,2.58664000000,0.0356300000,0.000000,1328.00,5779.00,0.980000,0.940000,1,2
"Kepler-1336 b","Kepler-1336","Transit",2016,4.58000000,1.98000000,23.19868100000,0.1584500000,0.000000,793.00,5512.00,1.300000,0.940000,1,2
"Kepler-88 d","KOI-142","Radial Velocity",2020,965.14699656,13.10000000,1403.00000000000,2.4663298660,0.410000,158.95,5466.00,0.897000,0.990000,1,3
"Kepler-301 d","Kepler-301","Transit",2014,3.71000000,1.75000000,13.75124300000,0.1120000000,0.000000,725.00,5815.00,0.900000,1.022000,1,3
"Kepler-104 d","Kepler-104","Transit",2014,5.54022107,3.58000000,51.75539400000,0.2570000000,0.000000,515.00,5711.00,1.349000,0.818000,2,3
"Kepler-1192 b","Kepler-1192","Transit",2016,6.17000000,2.36000000,25.20347870000,0.1693000000,0.000000,600.00,5438.00,0.830000,0.860000,1,1
"Kepler-516 b","Kepler-516","Transit",2016,27.90000000,5.74000000,24.85462415000,0.1992000000,0.000000,1095.00,7099.00,2.020000,1.620000,1,1
"Kepler-1851 b","Kepler-1851","Transit",2021,14.50000000,3.90012032,12.02289963000,0.1016000000,0.000000,776.00,5982.00,0.879000,0.967000,1,1
"Kepler-212 b","Kepler-212","Transit",2014,1.32000000,1.09000000,16.25758200000,0.1330000000,0.000000,830.00,5852.00,1.455000,1.166000,1,2
"Kepler-1372 b","Kepler-1372","Transit",2016,2.15000000,1.27000000,1.31155556800,0.0240000000,0.000000,1655.00,5677.00,0.970000,0.980000,1,1
"Kepler-364 b","Kepler-364","Transit",2014,3.02000000,1.55000000,25.74571800000,0.1780000000,0.000000,753.00,6108.00,1.284000,1.076000,1,2
"KELT-23 A b","KELT-23 A","Transit",2019,298.12454000,14.82950700,2.25525100000,0.0330200000,0.000000,1561.00,5899.00,0.996000,0.944000,2,1
"HD 191939 d","HD 191939","Transit",2020,2.80000000,2.99500000,38.35303700000,0.2132000000,0.031000,540.00,5348.00,0.940000,0.810000,1,6
"HATS-77 b","HATS-77","Transit",2021,436.69623122,13.05846252,3.08762620000,0.0360700000,0.045000,828.30,4071.00,0.642800,0.655000,1,1
"TOI-4479 b","TOI-4479","Transit",2022,8.35000000,2.82000000,1.15890000000,0.0164000000,,861.00,3400.00,0.451000,0.452000,1,1
"TOI-1752 c","TOI-1752","Transit",2026,5.86000000,2.29000000,32.71443000000,0.1614000000,,291.00,3762.00,0.530000,0.524000,1,2
"Kepler-1705 c","Kepler-1705","Transit",2021,5.42000000,2.05000000,11.28000000000,,0.028000,,6312.00,1.259000,1.139000,1,2
"TOI-1753 b","TOI-1753","Transit",2024,16.60000000,2.47852533,5.38461040000,0.0590000000,0.000000,1005.43,5621.00,0.971500,0.948300,1,1
"TOI-2274 b","TOI-2274","Transit",2024,6.57000000,2.45000000,2.67963000000,0.0500000000,,771.46,3943.00,0.631000,0.612000,1,1
"Kepler-43 b","Kepler-43","Transit",2011,1026.59090000,13.66377100,3.02409490000,0.0460000000,0.017000,1620.00,6041.00,1.420000,1.320000,1,1
"Kepler-858 b","Kepler-858","Transit",2016,21.10000000,4.87000000,76.13602028000,0.3393900000,0.000000,399.00,5653.00,0.910000,0.960000,1,1
"TOI-3023 b","TOI-3023","Transit",2023,197.05361234,16.43236571,3.90149710000,0.0505000000,0.000000,1596.00,5760.00,1.668000,1.120000,1,1
"Kepler-1752 b","Kepler-1752","Transit",2021,18.70000000,4.54060463,56.35850143000,0.2698000000,0.000000,419.00,5446.00,0.821000,0.824000,1,1
"Kepler-1408 b","Kepler-1408","Transit",2016,0.64000000,0.89000000,2.99793191000,0.0421800000,0.000000,1616.00,6170.00,1.350000,1.210000,1,1
"HIP 54373 b","HIP 54373","Radial Velocity",2019,8.62000000,2.87000000,7.76000000000,0.0630000000,0.200000,580.66,4021.00,0.564998,0.570000,1,2
"Teegarden's Star b","Teegarden's Star","Radial Velocity",2019,1.16000000,1.05000000,4.90634000000,0.0259000000,0.030000,277.00,3034.00,0.120000,0.097000,1,3
"BD+60 1417 b","BD+60 1417","Imaging",2021,4767.42610500,14.68376472,,1662.0000000000,,1303.00,4993.00,0.797000,1.000000,1,1
"TOI-1227 b","TOI-1227","Transit",2022,66.50000000,9.57246952,27.36397000000,0.0886000000,,243.77,3072.00,0.560000,0.170000,1,1
"CoRoT-7 d","CoRoT-7","Radial Velocity",2022,17.14200000,4.31000000,8.96600000000,,,,5250.00,0.838900,0.915000,1,3
"TOI-1758 b","TOI-1758","Transit",2024,6.90000000,3.62000000,20.70507468500,0.1414090000,0.000000,551.44,5169.00,0.810000,0.880000,1,1
"TOI-2567 b","TOI-2567","Transit",2022,63.88350981,10.92875618,5.98394400000,0.0672000000,0.000000,1352.00,5611.00,1.686000,1.130000,1,1
"Kepler-1410 b","Kepler-1410","Transit",2016,3.82000000,1.78000000,60.86616800000,0.2543000000,0.000000,290.00,4092.00,0.600000,0.630000,1,1
"HD 24085 b","HD 24085","Radial Velocity",2019,11.80000000,3.46000000,2.04550000000,0.0340000000,0.220000,1875.43,6034.00,1.412551,1.220000,1,1
"WASP-87 b","WASP-87","Transit",2016,692.86940000,15.52446500,1.68279500000,0.0294600000,0.000000,2049.54,6450.00,1.627000,1.204000,2,1
"TOI-163 b","TOI-163","Transit",2019,387.75260000,16.69020100,4.23130600000,0.0580000000,0.000000,1669.00,6495.00,1.648000,1.435200,1,1
"K2-315 b","K2-315","Transit",2020,0.80900000,0.95000000,3.14431890000,,,460.00,3300.00,0.196000,0.174000,1,1
"HD 216520 b","HD 216520","Radial Velocity",2020,10.26000000,3.18000000,35.45000000000,0.1980000000,0.090000,482.10,5103.00,0.760000,0.820000,1,2
"TOI-1775 b","TOI-1775","Transit",2024,96.00000000,8.04728896,10.24055490000,0.0800000000,0.000000,707.89,5284.00,0.828800,0.921800,1,1
"Kepler-296 c","Kepler-296","Transit",2014,4.66000000,2.00000000,5.84163660000,0.0521000000,0.330000,606.00,3740.00,0.480000,0.498000,2,5
"WASP-187 b","WASP-187","Transit",2020,254.26400000,18.38276000,5.14787800000,0.0653000000,0.000000,1760.00,6150.00,2.830000,1.540000,1,1
"HD 161178 b","HD 161178","Radial Velocity",2021,181.16219199,14.10000000,279.30000000000,0.8500000000,0.044000,828.33,4786.00,10.950000,1.060000,1,1
"GJ 514 b","GJ 514","Radial Velocity",2022,5.20000000,2.13000000,140.43000000000,0.4220000000,0.450000,202.00,3728.00,0.500000,0.510000,1,1
"HD 77946 b","HD 77946","Transit",2024,10.90000000,2.89646124,6.52736300000,0.0730000000,0.211000,1128.86,6007.00,1.317400,1.197300,1,1
"TOI-2345 c","TOI-2345","Transit",2025,7.27000000,2.45100000,21.06430200000,0.1257000000,,544.00,4687.00,0.729000,0.727000,1,2
"Kepler-876 b","Kepler-876","Transit",2016,2.63000000,1.43000000,5.14438011000,0.0549000000,0.000000,923.00,5060.00,0.770000,0.810000,1,1
"Kepler-1894 c","Kepler-1894","Transit",2023,1.92000000,1.21000000,5.05368985000,0.0576000000,0.000000,1007.00,5772.00,0.901000,0.999000,1,2
"HD 233832 b","HD 233832","Radial Velocity",2018,565.73740000,13.50000000,2058.00000000000,2.8270000000,0.359000,117.80,4981.00,0.680000,0.710000,2,1
"GJ 687 c","GJ 687","Radial Velocity",2020,16.00000000,4.14000000,727.56200000000,1.1650000000,0.400000,98.62,3413.00,0.418300,0.400000,1,2
"HIP 5763 b","HIP 5763","Radial Velocity",2021,162.09248757,14.20000000,30.01400000000,0.1700000000,0.054000,440.90,4352.00,0.750378,0.720000,1,1
"TOI-712 b","TOI-712","Transit",2022,4.85000000,2.04900000,9.53136100000,0.0792800000,0.540000,650.00,4622.00,0.674000,0.732000,1,3
"TOI-1782.01","TOI-1782","Transit",2024,6.20000000,2.36800000,4.98764102800,0.0502400000,,697.84,4336.00,0.669000,0.680000,1,2
"TOI-2092 b","TOI-2092","Transit",2026,9.00000000,2.94892961,4.30325528074,,,1042.00,5842.06,1.051900,0.956000,1,1
"Kepler-303 b","Kepler-303","Transit",2014,0.64000000,0.89000000,1.93705500000,0.0240000000,0.000000,802.00,3944.00,0.485000,0.575000,1,2
"Kepler-271 c","Kepler-271","Transit",2014,0.80900000,0.95000000,7.41086267000,0.0699300000,0.000000,850.00,5555.00,0.870000,0.900000,1,3
"KOI-142 b","KOI-142","Transit",2013,9.50000000,3.43800000,10.91647000000,0.0958600000,0.055610,758.00,5466.00,0.897000,0.990000,1,3
"Qatar-6 b","Qatar-6","Transit",2017,212.31044000,11.90395800,3.50619500000,0.0423000000,0.000000,1006.00,5052.00,0.722000,0.822000,2,1
"GJ 9066 c","GJ 9066","Radial Velocity",2020,66.74396547,9.60000000,771.36000000000,0.8800000000,0.460000,65.66,3154.00,0.164000,0.150000,1,1
"K2-400 b","K2-400","Transit",2022,1.67000000,1.16300000,3.86505300000,,,,3578.00,0.382000,0.374000,1,1
"TOI-2094 b","TOI-2094","Transit",2026,4.27000000,1.90000000,18.79319300000,0.1360000000,,276.00,3435.00,0.384000,0.425000,1,1
"TOI-2714 b","TOI-2714","Transit",2024,228.00000000,13.72000000,2.49938700000,0.0360000000,0.164000,1603.00,5665.00,1.250000,1.070000,1,1
"HD 164922 d","HD 164922","Radial Velocity",2020,4.00000000,1.83000000,12.45800000000,0.1030000000,0.120000,787.68,5390.00,0.946000,0.926000,1,4
"2MASS J01033563-5515561 AB b","2MASS J01033563-5515561 A","Imaging",2013,4131.79000000,12.30000000,,84.0000000000,,,,,0.190000,2,1
"TOI-2382 b","TOI-2382","Transit",2025,235.19302118,12.25141591,4.66120610000,0.0590000000,0.180000,1426.00,6033.00,1.417000,1.260000,1,1
"Kepler-402 b","Kepler-402","Transit",2014,1.98000000,1.22000000,4.02875100000,0.0510000000,0.000000,1311.00,6090.00,1.264000,1.072000,1,4
"EPIC 201841433 b","EPIC 201841433","Transit",2019,1.12000000,1.04000000,4.16980000000,0.0350000000,,1032.49,5053.00,0.628461,0.802000,1,1
"USco1621 b","USco1621 A","Imaging",2019,5085.28000000,12.20000000,,2880.0000000000,,2270.00,3460.00,0.710071,0.360000,1,1
"K2-318 b","K2-318","Transit",2020,3.39000000,1.66000000,7.01000000000,0.0911000000,,456.00,3851.00,0.552000,0.561000,1,1
"K2-405 b","K2-405","Transit",2022,18.90000000,4.56900000,3.43547100000,,,969.00,4927.00,0.765000,1.034000,1,1
"TOI-784 b","HD 307842","Transit",2023,9.67000000,1.93000000,2.79703650000,0.0380000000,0.000000,1256.00,5558.00,0.907000,0.910000,1,1
"TOI-1814 b","TOI-1814","Transit",2026,23.50000000,5.18536642,6.36861010462,,,977.83,4872.84,2.389500,,1,1
"Kepler-1419 b","Kepler-1419","Transit",2016,8.55000000,2.86000000,42.52158950000,0.2391000000,0.000000,510.00,5796.00,1.010000,1.010000,1,1
"EPIC 206215704 b","EPIC 206215704","Transit",2019,0.97200000,1.00000000,2.25543600000,,,,3297.00,0.250000,0.407000,1,1
"Kepler-848 b","Kepler-848","Transit",2016,3.53000000,1.70000000,6.91134416000,0.0758600000,0.000000,1086.00,5695.00,1.200000,1.010000,1,1
"Kepler-819 b","Kepler-819","Transit",2016,8.05000000,2.76000000,33.19956480000,0.1894000000,0.000000,485.00,5279.00,0.810000,0.860000,1,1
"TOI-799 b","TOI-799","Transit",2026,4.92000000,2.06631784,5.54519139676,,,958.69,5662.81,0.915519,1.000000,1,1
"K2-146 c","K2-146","Transit",2019,7.49000000,2.19000000,4.00498000000,0.0327000000,0.075000,518.53,3385.00,0.330000,0.331000,1,2
"K2-324 b","K2-324","Transit",2020,6.48000000,2.43000000,3.26200000000,0.0331000000,,707.00,3752.00,0.505000,0.517000,1,1
"Kepler-822 b","Kepler-822","Transit",2016,3.78000000,1.77000000,3.22296927300,0.0407800000,0.000000,1239.00,5928.00,1.080000,1.060000,1,1
"TOI-1181 b","TOI-1181","Transit",2022,374.71969185,17.02644168,2.10318900000,0.0364000000,0.011000,1942.12,6054.00,1.961000,1.467000,1,1
"TOI-808 b","TOI-808","Transit",2026,5.49000000,2.20344362,9.73944854026,,,710.98,5078.20,0.833198,0.870000,1,1
"TOI-815 b","TOI-815","Transit",2024,7.60000000,2.94000000,11.19725900000,0.0903000000,0.200000,686.00,4869.00,0.770000,0.776000,2,2
"TOI-2141 b","TOI-2141","Transit",2023,20.10000000,3.14700000,18.26160800000,0.1322000000,0.210000,728.00,5635.00,0.950000,0.896000,1,3
"TOI-2447 b","TOI-2447","Transit",2024,124.90656395,9.60609646,69.33684000000,0.3470000000,0.170000,414.00,5730.00,1.006000,1.034000,1,1
"TOI-2818 b","TOI-2818","Transit",2023,225.65816897,15.27784069,4.03970900000,0.0493000000,0.000000,1376.00,5721.00,1.229000,0.977000,1,1
"Kepler-1371 c","Kepler-1371","Transit",2016,0.19600000,0.64000000,2.00541269000,0.0293700000,0.000000,1216.00,5361.00,0.830000,0.870000,1,2
"EPIC 212587672 b","EPIC 212587672","Transit",2019,2.13000000,1.26000000,15.28078000000,,,756.00,6004.00,0.980000,0.990000,1,2
"Kepler-843 b","Kepler-843","Transit",2016,7.22000000,2.59000000,2.05387982100,0.0313000000,0.000000,1523.00,5830.00,1.030000,1.020000,1,1
"K2-408 b","K2-408","Transit",2022,3.45000000,1.67700000,20.97895900000,,,,5335.00,0.784000,0.813000,1,1
"TOI-1516 b","TOI-1516","Transit",2022,1004.33776612,15.24421375,2.05601400000,,,1839.00,6520.00,1.140000,1.140000,1,1
"TOI-2458 b","TOI-2458","Transit",2024,13.31000000,2.83000000,3.73659000000,0.0482000000,0.087000,1509.40,6005.00,1.310000,1.050000,1,2
"Kepler-1423 b","Kepler-1423","Transit",2016,1.20000000,1.06000000,23.95537800000,0.1586000000,0.000000,741.00,4939.00,0.750000,0.790000,1,1
"HATS-57 b","HATS-57","Transit",2019,1000.21101000,12.76705100,2.35062100000,0.0349300000,0.028000,1413.40,5587.00,0.960000,1.026000,1,1
"HATS-56 b","HATS-56","Transit",2019,191.33366000,18.92079200,4.32479900000,0.0604300000,0.019000,1902.00,6536.00,2.201000,1.573000,1,1
"TOI-763 b","TOI-763","Transit",2020,9.79000000,2.28000000,5.60570000000,0.0600000000,0.040000,1038.00,5450.00,0.897000,0.917000,1,2
"K2-409 b","K2-409","Transit",2022,6.72000000,2.48200000,1.90808400000,,,,5742.00,1.228000,0.886000,1,1
"TOI-1722 b","TOI-1722","Transit",2026,17.60000000,4.38298108,9.60523206943,,,952.00,5999.55,1.094140,1.162000,1,1
"TOI-1873 b","TOI-1873","Transit",2026,8.57000000,2.86356397,7.00572708834,,,923.50,5597.99,0.971675,1.015000,1,1
"TOI-2158 b","TOI-2158","Transit",2022,260.61929374,10.76062147,8.60077000000,0.0750000000,0.070000,1188.00,5673.00,1.410000,1.120000,1,1
"Kepler-1888 b","Kepler-1888","Transit",2021,2.32000000,1.32578716,11.39169979000,0.0956000000,0.000000,886.00,5557.00,1.249000,0.897000,1,1
"Kepler-1901 b","Kepler-1901","Transit",2021,2.77000000,1.47418907,3.48412990600,0.0453000000,0.000000,1132.00,5696.00,0.921000,1.022000,1,1
"GJ 433 c","GJ 433","Radial Velocity",2014,32.42200000,6.27000000,5094.10500000000,4.8190000000,0.120000,53.76,3461.00,0.500000,0.480000,1,3
"K2-374 c","K2-374","Transit",2022,5.53000000,2.21300000,16.43445000000,,,,5789.00,0.907000,0.731000,1,2
"TOI-1860 b","TOI-1860","Transit",2022,2.27000000,1.31000000,1.06621070000,0.0204000000,,1885.00,5752.00,0.940000,0.990000,1,1
"TOI-1723 b","TOI-1723","Transit",2024,10.40000000,3.43500000,13.72701264300,0.1134960000,0.000000,782.98,5777.00,1.090000,1.040000,1,1
"TOI-1937 A b","TOI-1937 A","Transit",2023,638.83509807,13.97759893,0.94667944000,0.0193200000,0.000000,2097.00,5814.00,1.080000,1.072000,2,1
"Kepler-292 f","Kepler-292","Transit",2014,6.12000000,2.35000000,20.83423700000,0.1410000000,0.000000,563.00,5299.00,0.826000,0.865000,1,5
"Kepler-1395 b","Kepler-1395","Transit",2016,0.43700000,0.80000000,3.78470649000,0.0497400000,0.000000,1311.00,6138.00,1.230000,1.170000,1,1
"Kepler-1905 b","Kepler-1905","Transit",2021,2.69000000,1.44607340,3.42392993000,0.0451000000,0.000000,1212.00,5788.00,1.015000,1.038000,1,1
"Kepler-65 e","Kepler-65","Radial Velocity",2019,260.00000000,13.90000000,258.80000000000,0.8539307544,0.283000,389.08,6220.00,1.437000,1.248000,1,4
"GJ 682 b","GJ 682","Radial Velocity",2014,4.40000000,1.93000000,17.47800000000,0.0800000000,0.080000,281.93,3028.00,0.298255,0.270000,1,2
"TOI-132 b","TOI-132","Transit",2020,22.40000000,3.42000000,2.10970190000,0.0260000000,0.059000,1395.00,5397.00,0.900000,0.970000,1,1
"TOI-2000 c","TOI-2000","Transit",2023,81.70000000,8.14000000,9.12705500000,0.0878000000,0.063000,1038.00,5611.00,1.134000,1.082000,1,2
"TOI-2000 b","TOI-2000","Transit",2023,11.00000000,2.70000000,3.09833000000,0.0427100000,0.000000,1488.00,5611.00,1.134000,1.082000,1,2
"TOI-2194 b","TOI-2194","Transit",2023,4.61000000,1.98920000,15.33759700000,,,590.88,4756.00,0.690900,0.740000,1,1
"TOI-2498 b","TOI-2498","Transit",2023,34.62000000,6.06000000,3.73825200000,0.0491000000,0.089000,1443.00,5905.00,1.260000,1.120000,1,1
"Kepler-102 e","Kepler-102","Transit",2013,4.70000000,2.17000000,16.14569940000,0.1162000000,0.089000,590.00,4909.00,0.724000,0.803000,1,5
"HD 2685 b","HD 2685","Transit",2019,371.86110000,16.14096000,4.12688000000,0.0568000000,0.091000,2061.00,6801.00,1.560000,1.430000,1,1
"Kepler-95 b","Kepler-95","Transit",2014,13.00000000,3.42000000,11.52310000000,0.1023200000,0.000000,927.00,5699.00,1.410000,1.080000,1,1
"Wendelstein-2 b","Wendelstein-2","Transit",2020,232.33373000,12.99347280,1.75222390000,0.0234000000,0.057000,2470.00,4591.00,0.660000,0.730000,1,1
"K2-384 b","K2-384","Transit",2022,1.26000000,1.07600000,2.23152700000,,,,3623.00,0.348000,0.330000,1,5
"HD 174205 b","HD 174205","Radial Velocity",2022,1334.87930940,13.00000000,582.00000000000,1.7000000000,0.400000,821.72,4308.00,26.600000,1.800000,1,1
"Kepler-430 c","Kepler-430","Transit",2015,3.71000000,1.75000000,110.97900000000,0.4757000000,0.000000,458.00,5884.00,1.485000,1.166000,1,2
"Kepler-1656 b","Kepler-1656","Transit",2018,47.80000000,4.57400000,31.56200000000,0.1974000000,0.838000,651.00,5569.00,1.100000,1.030000,1,2
"Kepler-647 c","Kepler-647","Transit",2020,15.10000000,4.00135002,29.66630000000,0.1829100000,0.000000,644.00,5906.74,1.545710,1.070000,1,2
"Kepler-210 b","Kepler-210","Transit",2014,8.96000000,2.94000000,2.45323400000,0.0320000000,0.000000,737.00,4559.00,0.650000,0.770000,1,2
"OGLE-2006-BLG-109L c","OGLE-2006-BLG-109L","Microlensing",2008,86.00000000,11.10000000,4927.50000000000,4.5000000000,0.150000,59.00,,,0.510000,1,2
"KMT-2016-BLG-1397L b","KMT-2016-BLG-1397L","Microlensing",2018,2200.00000000,12.70000000,,5.1000000000,,,,,0.450000,1,1
"KMT-2019-BLG-0253L b","KMT-2019-BLG-0253L","Microlensing",2022,9.20000000,2.99000000,,3.1000000000,,,,,0.700000,1,1
"KMT-2023-BLG-0548L b","KMT-2023-BLG-0548L","Microlensing",2025,1086.97315194,13.10000000,,6.8500000000,,,,,0.720000,1,1
"Kepler-1963 b","Kepler-1963","Transit",2021,0.33700000,0.74437023,1.96226000800,0.0291500000,0.000000,1448.00,5726.00,0.979000,0.915000,1,1
"Kepler-1517 b","Kepler-1517","Transit",2016,68.70000000,9.76000000,5.54608366500,0.0780000000,0.000000,2336.00,7010.00,1.950000,1.580000,1,1
"Kepler-1711 b","Kepler-1711","Transit",2021,4.36000000,1.92300000,21.06080055000,0.1463000000,0.000000,669.00,5706.00,1.034000,0.940000,1,1
"MOA-2010-BLG-328L b","MOA-2010-BLG-328L","Microlensing",2013,9.20000000,2.99000000,,0.9200000000,,,,,0.110000,1,1
"MOA-2011-BLG-291L b","MOA-2011-BLG-291L","Microlensing",2018,18.00000000,4.43000000,,0.6900000000,,,,,0.150000,1,1
"KMT-2018-BLG-1743L b","KMT-2018-BLG-1743L","Microlensing",2021,77.86795971,10.50000000,,1.4490000000,,,,,0.193000,1,1
"OGLE-2018-BLG-0516L b","OGLE-2018-BLG-0516L","Microlensing",2022,20.10000000,4.73000000,,2.2000000000,,,,,0.470000,1,1
"KMT-2023-BLG-0949L b","KMT-2023-BLG-0949L","Microlensing",2025,1900.61387386,12.80000000,,2.0300000000,,,,,0.480000,1,1
"KMT-2024-BLG-2059L b","KMT-2024-BLG-2059L","Microlensing",2025,6.99222495,2.54000000,,2.5500000000,,,,,0.510000,1,1
"Kepler-146 b","Kepler-146","Transit",2014,13.30000000,3.71000000,31.15879900000,0.2000000000,0.000000,639.00,5948.00,1.208000,1.079000,1,2
"Kepler-1468 d","Kepler-1468","Transit",2021,11.10000000,3.33187146,19.59059906000,0.1456000000,0.000000,819.00,5794.00,1.496000,1.072000,1,3
"Kepler-348 c","Kepler-348","Transit",2014,2.33000000,1.33000000,17.26542700000,0.1380000000,0.000000,888.00,6177.00,1.359000,1.189000,1,2
"Kepler-1641 c","Kepler-1641","Transit",2016,9.01000000,2.95000000,32.65721200000,0.2065000000,0.000000,767.00,6152.00,1.190000,1.120000,1,2
"Kepler-1641 b","Kepler-1641","Transit",2016,9.85000000,3.11000000,19.67226600000,0.1473000000,0.000000,908.00,6152.00,1.190000,1.120000,1,2
"Kepler-39 b","Kepler-39","Transit",2011,6388.10000000,13.90000000,21.08721000000,0.1640000000,0.112000,897.00,6350.00,1.400000,1.290000,1,1
"Kepler-174 c","Kepler-174","Transit",2014,2.83000000,1.49000000,44.00052900000,0.2140000000,0.000000,377.00,4880.00,0.622000,0.602000,1,3
"KMT-2023-BLG-1642L b","KMT-2023-BLG-1642L","Microlensing",2024,343.25467956,13.80000000,,1.4100000000,,,,,0.170000,1,1
"Kepler-1468 b","Kepler-1468","Transit",2016,3.64000000,1.73000000,8.23984869000,0.0817000000,0.000000,1093.00,5893.00,1.050000,1.040000,1,3
"Kepler-203 b","Kepler-203","Transit",2014,7.13000000,2.57000000,3.16269700000,0.0430000000,0.000000,1308.00,5821.00,1.114000,1.060000,1,3
"Kepler-152 b","Kepler-152","Transit",2014,8.20000000,2.79000000,18.20797300000,0.1240000000,0.000000,551.00,5088.00,0.724000,0.779000,1,2
"OGLE-2015-BLG-0966L b","OGLE-2015-BLG-0966L","Microlensing",2016,21.00000000,4.86000000,,2.7000000000,,,,,0.380000,1,1
"MOA-2011-BLG-028L b","MOA-2011-BLG-028L","Microlensing",2016,30.00000000,5.99000000,,4.1400000000,,,,,0.750000,1,1
"OGLE-2018-BLG-0383L b","OGLE-2018-BLG-0383L","Microlensing",2022,6.40000000,2.41000000,,1.8000000000,,,,,0.100000,1,1
"KMT-2021-BLG-1391L b","KMT-2021-BLG-1391L","Microlensing",2022,4.55000000,1.97000000,,2.2900000000,,,,,0.370000,1,1
"Kepler-195 c","Kepler-195","Transit",2014,3.02000000,1.55000000,34.09686300000,0.1970000000,0.000000,469.00,5329.00,0.775000,0.867000,1,2
"Kepler-880 c","Kepler-880","Transit",2023,8.60000000,2.87000000,11.80617370000,0.1216000000,0.000000,1407.00,6900.00,2.599000,1.714000,1,2
"Kepler-608 b","Kepler-608","Transit",2016,12.90000000,3.64000000,6.41251503700,0.0685000000,0.000000,1069.00,5820.00,1.010000,1.000000,1,1
"Kepler-1704 b","Kepler-1704","Transit",2021,1322.16617312,11.94877343,988.88112000000,2.0270000000,0.920000,253.80,5746.00,1.697000,1.132000,1,1
"Kepler-561 c","Kepler-561","Transit",2016,7.65000000,2.68000000,5.35016198300,0.0594700000,0.000000,989.00,5646.00,0.940000,0.960000,1,2
"OGLE-2015-BLG-0051L b","OGLE-2015-BLG-0051L","Microlensing",2016,230.00000000,14.00000000,,0.7300000000,,,,,0.100000,1,1
"OGLE-2018-BLG-0740L b","OGLE-2018-BLG-0740L","Microlensing",2019,1500.00000000,12.90000000,5480.00000000000,5.0000000000,0.000000,,5912.00,,1.000000,1,1
"OGLE-2017-BLG-1099L b","OGLE-2017-BLG-1099L","Microlensing",2021,959.84178914,13.10000000,,2.7300000000,,,,,0.450000,1,1
"KMT-2021-BLG-0748L b","KMT-2021-BLG-0748L","Microlensing",2022,143.02278315,14.30000000,,2.4300000000,,,,,0.360000,1,1
"TOI-2267 d","TOI-2267 B","Transit",2025,3.78000000,1.77000000,2.03446710000,0.0145000000,,422.00,3022.00,0.130000,0.098900,2,3
"Kepler-1719 b","Kepler-1719","Transit",2021,14.80000000,3.95000623,6.14955997500,0.0686800000,0.000000,1287.00,5687.00,1.775000,1.080000,1,1
"Kepler-1254 c","Kepler-1254","Transit",2016,2.24000000,1.30000000,3.60084276000,0.0422000000,0.000000,927.00,4985.00,0.750000,0.780000,1,3
"Kepler-639 b","Kepler-639","Transit",2016,6.26000000,2.38000000,10.21420496000,0.0935800000,0.000000,957.00,5896.00,1.290000,1.140000,1,1
"KMT-2016-BLG-0212L b","KMT-2016-BLG-0212L","Microlensing",2018,5700.00000000,12.20000000,,2.2000000000,,,,,0.480000,1,1
"KMT-2019-BLG-1552L b","KMT-2019-BLG-1552L","Microlensing",2022,1287.20504835,13.00000000,,2.6000000000,,,,,0.790000,1,1
"KMT-2024-BLG-0349L b","KMT-2024-BLG-0349L","Microlensing",2026,3769.44490702,12.40000000,,6.4600000000,,,,,0.680000,1,1
"Kepler-208 d","Kepler-208","Transit",2014,1.87000000,1.20000000,11.13178600000,0.1030000000,0.000000,999.00,6092.00,1.314000,1.082000,1,4
"Kepler-171 b","Kepler-171","Transit",2014,6.08000000,2.34000000,4.16697200000,0.0500000000,0.000000,1053.00,5642.00,0.839000,0.978000,1,3
"Kepler-1525 b","Kepler-1525","Transit",2016,0.69300000,0.91000000,2.41660118300,0.0355700000,0.000000,1343.00,5748.00,1.040000,1.070000,1,1
"Kepler-1645 b","Kepler-1645","Transit",2016,3.82000000,1.78000000,16.17795610000,0.1285000000,0.000000,754.00,5812.00,1.020000,1.020000,1,1
"KMT-2018-BLG-1990L b","KMT-2018-BLG-1990L","Microlensing",2019,111.00000000,12.90000000,,0.7630000000,,,,,0.094000,1,1
"KMT-2018-BLG-0247L b","KMT-2018-BLG-0247L","Microlensing",2022,670.61793877,13.40000000,,2.4600000000,,,,,0.290000,1,1
"Kepler-30 d","Kepler-30","Transit",2012,23.10000000,8.80000000,143.34394000000,0.5000000000,0.022000,308.00,5498.00,0.950000,0.990000,1,3
"PSR B1257+12 d","PSR B1257+12","Pulsar Timing",1992,3.90000000,1.80000000,98.21140000000,0.4600000000,0.026400,,,,1.400000,1,3
"OGLE-2016-BLG-0263L b","OGLE-2016-BLG-0263L","Microlensing",2017,1300.00000000,13.00000000,,5.4000000000,,,,,0.130000,1,1
"OGLE-2012-BLG-0026L c","OGLE-2012-BLG-0026L","Microlensing",2012,270.00000000,13.90000000,,4.8000000000,,,,,1.060000,1,2
"KMT-2018-BLG-2602L b","KMT-2018-BLG-2602L","Microlensing",2022,365.50266805,13.70000000,,3.8100000000,,,,,0.660000,1,1
"KMT-2016-BLG-1337L b","KMT-2016-BLG-1337L","Microlensing",2026,88.99195396,11.40000000,,3.9700000000,,,,,0.540000,2,1
"Kepler-220 d","Kepler-220","Transit",2014,0.90400000,0.98000000,28.12239700000,0.1630000000,0.000000,401.00,4632.00,0.666000,0.729000,1,4
"Kepler-1949 b","Kepler-1949","Transit",2021,5.56000000,2.21964541,2.20828008700,0.0352000000,0.000000,1709.00,6028.00,1.454000,1.194000,1,1
"Kepler-695 b","Kepler-695","Transit",2016,62.30000000,9.21000000,3.04033042400,0.0374000000,0.000000,1021.00,5181.00,0.800000,0.840000,1,1
"Kepler-529 d","Kepler-529","Transit",2021,8.22000000,2.79502603,35.86619949000,0.2134000000,0.000000,633.00,6078.00,1.189000,1.005000,1,3
"OGLE-2005-BLG-390L b","OGLE-2005-BLG-390L","Microlensing",2005,5.50000000,2.21000000,3285.00000000000,2.6000000000,,50.00,,,0.220000,1,1
"Kepler-220 b","Kepler-220","Transit",2014,0.45700000,0.81000000,4.15980700000,0.0460000000,0.000000,759.00,4632.00,0.666000,0.729000,1,4
"Kepler-1993 b","Kepler-1993","Transit",2023,16.10000000,4.15000000,26.65657370000,0.1943000000,0.000000,903.00,5159.00,3.062000,1.373000,1,1
"Kepler-154 e","Kepler-154","Transit",2016,2.86000000,1.50000000,3.93276465000,0.0476600000,0.000000,1140.00,5769.00,0.980000,0.980000,1,5
"MOA-2009-BLG-387L b","MOA-2009-BLG-387L","Microlensing",2010,830.00000000,13.20000000,1980.00000000000,1.8000000000,,,,,0.190000,1,1
"OGLE-2018-BLG-1647L b","OGLE-2018-BLG-1647L","Microlensing",2022,308.29355479,13.80000000,,1.3600000000,,,,,0.092000,1,1
"Kepler-154 c","Kepler-154","Transit",2014,9.01000000,2.95000000,62.30327600000,0.3030000000,0.000000,454.00,5690.00,1.001000,0.933000,1,5
"Kepler-390 c","Kepler-390","Transit",2014,0.41800000,0.79000000,13.06002200000,0.1010000000,0.000000,630.00,5166.00,0.776000,0.787000,2,2
"Kepler-967 c","Kepler-967","Transit",2016,12.90000000,3.65000000,198.71125020000,0.6253000000,0.000000,258.00,5178.00,0.800000,0.840000,1,2
"Kepler-248 c","Kepler-248","Transit",2014,15.60000000,4.07000000,16.23949400000,0.1230000000,0.000000,598.00,5190.00,0.831000,0.838000,1,2
"Kepler-648 b","Kepler-648","Transit",2016,10.50000000,3.22000000,17.42117490000,0.1332400000,0.000000,674.00,5741.00,0.980000,1.050000,1,1
"OGLE-2017-BLG-0406L b","OGLE-2017-BLG-0406L","Microlensing",2020,130.00000000,14.20000000,,3.5000000000,,,,,0.560000,1,1
"OGLE-2018-BLG-1367L b","OGLE-2018-BLG-1367L","Microlensing",2022,301.93698665,13.80000000,,1.2100000000,,,,,0.280000,1,1
"OGLE-2018-BLG-0932L b","OGLE-2018-BLG-0932L","Microlensing",2022,282.86728223,13.90000000,,1.7500000000,,,,,0.720000,1,1
"OGLE-2017-BLG-0364L b","OGLE-2017-BLG-0364L","Microlensing",2024,75.80000000,10.30000000,,3.7900000000,,,,,0.490000,1,1
"Kepler-1814 c","Kepler-1814","Transit",2023,3.75000000,1.76000000,0.62628176600,0.0133000000,0.000000,1711.00,4922.00,0.823000,0.790000,1,2
"Kepler-1588 b","Kepler-1588","Transit",2016,0.36300000,0.76000000,7.84931739000,0.0741900000,0.000000,925.00,5817.00,0.990000,0.960000,1,1
"Kepler-436 b","Kepler-436","Transit",2015,7.90000000,2.73000000,64.00205000000,0.3390000000,0.190000,322.00,4651.00,0.697000,0.729000,1,2
"KOI-3503 c","KOI-3503","Transit",2021,10.36000000,1.21000000,31.82800000000,0.1868800000,0.000000,686.00,6001.00,1.255000,0.858000,1,2
"Kepler-1491 c","Kepler-1491","Transit",2023,6.53000000,2.44000000,61.56976500000,0.3045000000,0.000000,530.00,5626.00,1.389000,0.991000,1,2
"Kepler-158 c","Kepler-158","Transit",2014,4.27000000,1.90000000,28.55138300000,0.1580000000,0.000000,418.00,4623.00,0.624000,0.655000,1,3
"MOA-2011-BLG-293L b","MOA-2011-BLG-293L","Microlensing",2012,1500.00000000,12.90000000,3000.00000000000,1.1000000000,,,,,0.860000,1,1
"OGLE-2017-BLG-0173L b","OGLE-2017-BLG-0173L","Microlensing",2018,3.26900000,1.62000000,,3.9130000000,,,,,0.396000,1,1
"OGLE-2018-BLG-1269L b","OGLE-2018-BLG-1269L","Microlensing",2020,210.00000000,14.10000000,,4.5100000000,,,,,1.110000,1,1
"KMT-2021-BLG-0119L b","KMT-2021-BLG-0119L","Microlensing",2022,1754.41280664,12.80000000,,2.9200000000,,,,,0.560000,1,1
"Kepler-968 c","Kepler-968","Transit",2016,3.50000000,1.69000000,5.70940491800,0.0520000000,0.000000,644.00,4598.00,0.700000,0.760000,1,3
"Kepler-28 b","Kepler-28","Transit",2011,1.63000000,1.95900000,5.91000000000,0.0568700000,0.000000,585.00,4499.30,0.664000,0.684000,1,2
"MOA-2008-BLG-379L b","MOA-2008-BLG-379L","Microlensing",2013,1300.00000000,13.00000000,,2.7000000000,,,,,0.560000,1,1
"MOA-2022-BLG-091L b","MOA-2022-BLG-091L","Microlensing",2025,1141.00398113,13.00000000,,3.4400000000,,,,,0.750000,1,1
"KMT-2023-BLG-2209L b","KMT-2023-BLG-2209L","Microlensing",2025,254.26272560,13.90000000,,3.5100000000,,,,,0.730000,1,1
"Kepler-1533 b","Kepler-1533","Transit",2016,11.80000000,3.46000000,308.54710000000,0.9341600000,0.000000,330.00,6431.00,1.510000,1.310000,1,1
"Kepler-558 b","Kepler-558","Transit",2016,6.21000000,2.37000000,29.00790538000,0.1759000000,0.000000,498.00,5242.00,0.810000,0.850000,1,1
"Kepler-177 c","Kepler-177","Transit",2013,14.70000000,8.73000000,49.40926000000,0.2565500000,0.000000,497.00,5732.00,1.324000,0.921000,1,2
"OGLE-2014-BLG-1722L b","OGLE-2014-BLG-1722L","Microlensing",2018,55.30000000,8.59000000,,1.5000000000,,,,,0.400000,1,2
"OGLE-2015-BLG-1609L b","OGLE-2015-BLG-1609L","Microlensing",2025,76.27881768,10.40000000,,,,,,,0.170000,1,1
"Kepler-690 b","Kepler-690","Transit",2016,29.60000000,5.95000000,7.74809437400,0.0810000000,0.000000,964.00,5913.00,1.160000,1.110000,1,1
"KMT-2025-BLG-1160L b","KMT-2025-BLG-1160L","Microlensing",2026,25.36000000,5.43000000,,2.5600000000,,,,,0.580000,1,1
"Kepler-46 b","Kepler-46","Transit",2012,1907.00000000,9.05700000,33.60134000000,0.1968000000,0.010000,543.00,5155.00,0.938000,0.902000,1,3
"Kepler-188 c","Kepler-188","Transit",2014,10.30000000,3.19000000,5.99655300000,0.0660000000,0.000000,1025.00,6021.00,1.141000,1.021000,1,2
"Kepler-586 b","Kepler-586","Transit",2016,8.20000000,2.79000000,2.10472218400,0.0331000000,0.000000,1365.00,5575.00,0.920000,0.940000,1,1
"Kepler-245 d","Kepler-245","Transit",2014,21.60000000,3.03000000,36.27710800000,0.2020000000,0.000000,445.00,5100.00,0.795000,0.856000,1,4
"OGLE-2013-BLG-0341L B b","OGLE-2013-BLG-0341L B","Microlensing",2014,1.66000000,1.16000000,,0.7020000000,,,,,0.112700,2,1
"KMT-2018-BLG-1976L b","KMT-2018-BLG-1976L","Microlensing",2021,705.57906354,13.30000000,,3.5400000000,,,,,0.650000,1,1
"KMT-2017-BLG-0428L b","KMT-2017-BLG-0428L","Microlensing",2023,5.59000000,2.23000000,,1.8100000000,,,,,0.340000,1,1
"KMT-2019-BLG-1806L b","KMT-2019-BLG-1806L","Microlensing",2023,4.67000000,2.00000000,,3.0200000000,,,,,0.740000,1,1
"OGLE-2014-BLG-0124L b","OGLE-2014-BLG-0124L","Microlensing",2015,206.58846455,14.10000000,,3.4800000000,,,,,0.900000,1,1
"Kepler-1616 b","Kepler-1616","Transit",2016,1.04000000,1.02000000,6.76284377000,0.0731800000,0.000000,1337.00,6266.00,1.340000,1.210000,1,1
"Kepler-362 b","Kepler-362","Transit",2014,0.61500000,0.88000000,10.32718600000,0.0870000000,0.000000,838.00,5788.00,0.722000,0.904000,1,2
"Kepler-612 b","Kepler-612","Transit",2016,8.45000000,2.84000000,3.72215641300,0.0452000000,0.000000,1046.00,5693.00,0.960000,0.980000,1,1
"Kepler-81 c","Kepler-81","Transit",2012,4.30000000,2.37000000,12.04000000000,0.0834700000,0.000000,502.00,4385.00,0.590000,0.640000,1,3
"OGLE-2013-BLG-1761L b","OGLE-2013-BLG-1761L","Microlensing",2017,860.00000000,13.20000000,,1.8000000000,,,,,0.330000,1,1
"KMT-2016-BLG-1105L b","KMT-2016-BLG-1105L","Microlensing",2023,2.32000000,1.33000000,,2.4400000000,,,,,0.410000,1,1
"TOI-5573 b","TOI-5573","Transit",2025,112.00000000,9.75000000,8.79758977000,0.0712000000,0.072000,528.00,3790.00,0.594000,0.619000,1,1
"Kepler-1144 b","Kepler-1144","Transit",2016,4.62000000,1.99000000,17.14647302000,0.1291000000,0.000000,811.00,5753.00,0.960000,0.980000,1,1
"Kepler-172 e","Kepler-172","Transit",2014,8.05000000,2.76000000,35.11873600000,0.2110000000,0.000000,550.00,5526.00,1.085000,1.081000,1,4
"Kepler-694 b","Kepler-694","Transit",2016,8.25000000,2.80000000,6.36584161200,0.0659000000,0.000000,914.00,5700.00,0.950000,0.970000,1,1
"K2-108 b","K2-108","Transit",2017,59.40000000,5.33000000,4.73399900000,0.0581000000,0.180000,1360.00,5599.00,1.760000,1.170000,1,1
"TOI-201 d","TOI-201","Transit",2026,5.80000000,1.39000000,5.84889000000,0.0698000000,0.300000,1237.00,6423.00,1.310000,1.320000,1,3
"Kepler-373 b","Kepler-373","Transit",2014,2.42000000,1.36000000,5.53530900000,0.0600000000,0.000000,1054.00,5787.00,0.845000,0.981000,1,2
"Kepler-377 c","Kepler-377","Transit",2014,4.90000000,2.06000000,27.01497600000,0.1820000000,0.000000,677.00,5949.00,1.224000,1.043000,1,2
"Kepler-444 d","Kepler-444","Transit",2015,0.20000000,0.53000000,6.18939200000,0.0600000000,0.180000,783.00,5046.00,0.752000,0.758000,3,5
"Kepler-1649 b","Kepler-1649","Transit",2017,1.03000000,1.01700000,8.68909900000,0.0514000000,0.000000,307.00,3240.00,0.231700,0.197700,1,2
"Kepler-179 c","Kepler-179","Transit",2014,4.66000000,2.00000000,6.40013000000,0.0640000000,0.000000,810.00,5302.00,0.759000,0.893000,1,2
"K2-179 b","K2-179","Transit",2018,6.86000000,2.51267885,5.17219100000,,,,5015.00,0.768067,0.824345,1,1
"Kepler-219 d","Kepler-219","Transit",2014,19.10000000,2.81000000,47.90364500000,0.2720000000,0.000000,598.00,5786.00,1.491000,1.164000,1,3
"Kepler-50 b","Kepler-50","Transit",2012,8.90000000,1.71000000,7.81254000000,0.0770000000,0.000000,1196.00,6225.00,1.580000,1.240000,1,2
"Kepler-1787 b","Kepler-1787","Transit",2021,5.99000000,2.31898181,39.31370163000,0.2270000000,0.000000,540.00,6060.00,0.925000,1.008000,1,1
"Kepler-1542 b","Kepler-1542","Transit",2016,0.36300000,0.76000000,3.95116882000,0.0476500000,0.000000,1160.00,5564.00,0.990000,0.940000,1,4
"Kepler-1444 b","Kepler-1444","Transit",2016,5.39000000,2.18000000,33.42035034000,0.2090600000,0.000000,581.00,5810.00,1.050000,1.030000,1,1
"Kepler-1997 b","Kepler-1997","Transit",2023,5.82000000,2.28000000,26.75758660000,0.1815000000,0.000000,660.00,6215.00,1.052000,1.111000,1,1
"Kepler-241 b","Kepler-241","Transit",2014,6.04000000,2.33000000,12.71809200000,0.0940000000,0.000000,562.00,4699.00,0.668000,0.671000,1,2
"Kepler-1624 b","Kepler-1624","Transit",2016,35.30000000,6.59000000,3.29031400000,0.0327000000,0.000000,540.00,3768.00,0.552000,0.541000,1,1
"K2-168 b","K2-168","Transit",2018,4.12000000,1.86000000,15.85230000000,,,766.35,5502.70,0.830000,0.877000,1,2
"K2-119 b","K2-119","Transit",2017,6.94000000,2.53000000,7.72728300000,0.0698000000,0.070000,666.00,4740.00,0.710000,0.760000,1,1
"Kepler-730 c","Kepler-730","Transit",2018,3.09000000,1.56926000,2.85188338000,0.0399700000,0.000000,1607.00,5620.00,1.411000,1.047000,1,2
"TOI-5319 b","TOI-5319","Transit",2024,8.40000000,2.83000000,4.07853000000,0.0506000000,,695.00,3580.00,0.485000,0.500000,1,1
"HD 80883 b","HD 80883","Radial Velocity",2022,1748.05623850,12.80000000,6383.78352000000,6.4620000000,0.203000,88.66,5177.91,0.814842,0.880000,1,1
"Kepler-1585 b","Kepler-1585","Transit",2016,3.86000000,1.79000000,3.58274630000,0.0445000000,0.000000,1064.00,5538.00,0.910000,0.940000,1,1
"Kepler-1961 b","Kepler-1961","Transit",2021,3.25000000,1.61878080,5.60471010200,0.0588000000,0.000000,866.00,5401.00,0.777000,0.871000,1,1
"Kepler-1446 b","Kepler-1446","Transit",2016,0.47700000,0.82000000,0.68996783200,0.0140500000,0.000000,1539.00,4865.00,0.750000,0.810000,1,1
"Kepler-342 c","Kepler-342","Transit",2014,4.50000000,1.96000000,26.23413800000,0.1850000000,0.000000,754.00,6175.00,1.472000,1.213000,1,4
"K2-121 b","K2-121","Transit",2017,51.00000000,7.16000000,5.18573800000,0.0525000000,0.220000,716.00,4526.00,0.675000,0.710000,1,1
"Kepler-279 e","Kepler-279","Transit",2025,56.00000000,4.13000000,98.35310000000,0.4390000000,0.000000,552.00,6689.45,1.430000,1.164000,1,4
"KOI-3680 b","KOI-3680","Transit",2018,613.41190000,11.09691000,141.24167100000,0.5340000000,0.496000,347.00,5830.00,0.960000,1.010000,1,1
"Kepler-1638 b","Kepler-1638","Transit",2016,4.16000000,1.87000000,259.33683000000,0.7450000000,0.000000,304.00,5710.00,0.950000,0.970000,1,1
"K2-146 b","K2-146","Transit",2018,5.77000000,2.05000000,2.64460000000,0.0248000000,0.129000,534.00,3385.00,0.330000,0.331000,1,2
"Kepler-677 b","Kepler-677","Transit",2016,25.00000000,5.38000000,6.57531678000,0.0670000000,0.000000,1015.00,5723.00,0.990000,1.000000,1,1
"TOI-5344 b","TOI-5344","Transit",2023,130.94530368,10.60369574,3.79262200000,0.0404100000,0.054000,689.00,3747.00,0.588000,0.612000,1,1
"Kepler-1811 b","Kepler-1811","Transit",2021,14.10000000,3.84829873,76.42230225000,0.3462000000,0.000000,455.00,5561.00,1.190000,0.946000,1,1
"Kepler-481 b","Kepler-481","Transit",2016,6.80000000,2.50000000,10.06082567000,0.0892600000,0.000000,899.00,5802.00,1.090000,1.010000,1,1
"Kepler-375 c","Kepler-375","Transit",2014,7.51000000,2.65000000,19.98632600000,0.1410000000,0.000000,720.00,5826.00,0.837000,0.891000,1,2
"Kepler-113 c","Kepler-113","Transit",2014,8.70000000,2.18000000,8.92507000000,0.0779600000,0.000000,628.00,4725.00,0.690000,0.750000,1,2
"Kepler-9 b","Kepler-9","Transit",2010,43.40000000,8.29000000,19.23891000000,0.1430000000,0.060900,661.00,5774.00,0.958000,1.022000,1,3
"Kepler-1590 b","Kepler-1590","Transit",2016,1.55000000,1.14000000,7.61760804000,0.0711600000,0.000000,1020.00,6053.00,1.160000,1.110000,1,1
"Kepler-1514 b","Kepler-1514","Transit",2016,1678.14240000,12.41957200,217.83184000000,0.7530000000,0.401000,387.90,6145.00,1.289000,1.196000,1,2
"Kepler-175 b","Kepler-175","Transit",2014,7.08000000,2.56000000,11.90351500000,0.1050000000,0.000000,827.00,6064.00,1.010000,0.969000,1,2
"K2-83 b","K2-83","Transit",2016,2.08000000,1.24400000,2.74697000000,0.0301400000,0.070000,707.17,3910.00,0.424000,0.484000,1,2
"Kepler-231 c","Kepler-231","Transit",2014,24.10000000,1.93000000,19.27156600000,0.1140000000,0.000000,393.00,3767.00,0.490000,0.580000,1,2
"Kepler-1683 b","Kepler-1683","Transit",2020,4.17000000,1.87477762,15.03370000000,0.1182000000,0.000000,669.00,5429.00,0.900327,0.950000,1,1
"Kepler-1653 b","Kepler-1653","Transit",2017,5.35000000,2.17000000,140.25240000000,0.4706000000,0.000000,284.00,4807.00,0.693000,0.719000,1,1
"Kepler-150 c","Kepler-150","Transit",2014,13.20000000,3.69000000,7.38199800000,0.0730000000,0.000000,876.00,5560.00,0.939000,0.956000,1,5
"Kepler-239 b","Kepler-239","Transit",2014,6.04000000,2.33000000,11.76305100000,0.0950000000,0.000000,616.00,4914.00,0.763000,0.757000,1,2
"Kepler-343 c","Kepler-343","Transit",2014,4.74000000,2.02000000,23.22182000000,0.1670000000,0.000000,746.00,5807.00,1.433000,1.055000,1,2
"TOI-5380 b","TOI-5380","Transit",2026,11.90000000,3.48093238,3.77229247873,,,1479.00,6400.78,1.562100,1.343000,1,1
"Kepler-1022 b","Kepler-1022","Transit",2016,6.17000000,2.36000000,10.99469878000,0.0805000000,0.000000,512.00,4445.00,0.680000,0.710000,1,1
"Kepler-354 b","Kepler-354","Transit",2014,4.04000000,1.84000000,5.47666000000,0.0540000000,0.000000,741.00,4648.00,0.674000,0.652000,1,3
"Kepler-1434 b","Kepler-1434","Transit",2016,1.41000000,1.11000000,8.05333618000,0.0917000000,0.000000,1320.00,6291.00,2.040000,1.470000,1,1
"Kepler-1593 b","Kepler-1593","Transit",2016,10.20000000,3.17000000,174.50983500000,0.5549400000,0.000000,260.00,4995.00,0.770000,0.810000,1,1
"Kepler-1453 b","Kepler-1453","Transit",2016,7.61000000,2.67000000,47.16116960000,0.2620000000,0.000000,503.00,5665.00,0.940000,0.970000,1,1
"Kepler-1989 b","Kepler-1989","Transit",2023,19.30000000,4.62000000,10.16102352800,0.0918000000,0.000000,904.00,6032.00,1.060000,0.999000,1,1
"K2-122 b","K2-122","Transit",2017,1.65000000,1.16000000,2.21930230000,0.0373000000,0.210000,769.00,4009.00,0.590000,0.630000,2,1
"Kepler-1046 b","Kepler-1046","Transit",2016,3.57000000,1.71000000,14.37508035000,0.1185800000,0.000000,786.00,5913.00,1.040000,1.040000,1,1
"Kepler-1907 c","Kepler-1907","Transit",2021,1.63000000,1.15547044,14.86390018000,0.1037100000,0.000000,620.00,5159.00,0.800000,0.752000,1,2
"Kepler-1594 b","Kepler-1594","Transit",2016,1.20000000,1.06000000,2.71603809000,0.0396000000,0.000000,1360.00,5946.00,1.080000,1.060000,1,1
"Kepler-80 b","Kepler-80","Transit",2012,6.93000000,2.67000000,7.05246000000,0.0648000000,0.004900,547.00,4540.00,0.678000,0.730000,1,6
"Kepler-438 b","Kepler-438","Transit",2015,1.46000000,1.12000000,35.23319000000,0.1660000000,0.030000,288.00,3748.00,0.520000,0.544000,1,1
"Kepler-1455 b","Kepler-1455","Transit",2016,5.31000000,2.16000000,49.27676400000,0.2149000000,0.000000,298.00,4075.00,0.600000,0.620000,1,1
"Kepler-1490 b","Kepler-1490","Transit",2016,9.48000000,3.04000000,92.43629730000,0.3729000000,0.000000,348.00,5515.00,0.870000,0.900000,1,1
"Kepler-700 b","Kepler-700","Transit",2016,30.00000000,5.99000000,80.87206390000,0.3577000000,0.000000,452.00,5692.00,0.960000,0.980000,1,1
"K2-345 b","K2-345","Transit",2021,5.10000000,2.11000000,10.36743700000,,,437.00,3779.00,0.520000,0.560000,1,1
"Kepler-1133 b","Kepler-1133","Transit",2016,4.54000000,1.97000000,11.55562343000,0.0983000000,0.000000,703.00,5569.00,0.900000,0.930000,1,1
"Kepler-1953 b","Kepler-1953","Transit",2021,2.20000000,1.28574667,6.24565982800,0.0607000000,0.000000,731.00,4858.00,0.707000,0.786000,1,1
"Kepler-53 b","Kepler-53","Transit",2012,111.00000000,2.89000000,18.64895250000,0.1361000000,0.000000,701.00,5858.00,0.890000,0.980000,1,3
"Kepler-1518 b","Kepler-1518","Transit",2016,9.53000000,3.05000000,5.11177904000,0.0593000000,0.000000,1351.00,6846.00,1.880000,1.540000,1,2
"Kepler-251 b","Kepler-251","Transit",2014,2.33000000,1.33000000,4.79093600000,0.0530000000,0.000000,990.00,5526.00,0.890000,0.891000,1,4
"Kepler-370 c","Kepler-370","Transit",2014,4.31000000,1.91000000,19.02293000000,0.1400000000,0.000000,647.00,5852.00,0.900000,0.982000,1,2
"Kepler-1161 b","Kepler-1161","Transit",2016,5.18000000,2.13000000,10.71252541000,0.0784000000,0.000000,485.00,4253.00,0.570000,0.590000,1,1
"Kepler-1184 b","Kepler-1184","Transit",2016,7.65000000,2.68000000,53.59910440000,0.2863000000,0.000000,529.00,5983.00,1.070000,1.050000,1,1
"Kepler-1181 c","Kepler-1181","Transit",2023,4.01000000,1.83000000,8.93484887000,0.0928000000,0.000000,1124.00,6688.00,1.347000,1.336000,1,2
"Kepler-1599 b","Kepler-1599","Transit",2016,3.26000000,1.62000000,122.36355300000,0.4823000000,0.000000,407.00,5767.00,0.990000,0.990000,1,1
"Kepler-442 b","Kepler-442","Transit",2015,2.36000000,1.34000000,112.30530000000,0.4090000000,0.040000,241.00,4402.00,0.598000,0.609000,1,1
"Kepler-1185 b","Kepler-1185","Transit",2016,2.33000000,1.33000000,104.35189760000,0.4297000000,0.000000,355.00,5622.00,0.870000,0.960000,1,1
"K2-181 b","K2-181","Transit",2018,7.70000000,2.69000000,6.89410000000,0.0706000000,0.400000,949.00,5528.00,1.060000,0.960000,1,1
"Kepler-31 d","Kepler-31","Transit",2014,2161.24400000,3.90000000,87.64510000000,0.4000000000,0.000000,484.00,6340.00,1.220000,1.210000,1,3
"Kepler-1070 b","Kepler-1070","Transit",2016,3.64000000,1.73000000,6.22161470000,0.0675300000,0.000000,1101.00,6261.00,1.320000,1.210000,1,1
"Kepler-1162 b","Kepler-1162","Transit",2016,5.52000000,2.21000000,32.56370690000,0.1900000000,0.000000,490.00,5390.00,0.840000,0.890000,1,2
"Kepler-1560 b","Kepler-1560","Transit",2016,0.64000000,0.89000000,3.03195744000,0.0417500000,0.000000,1269.00,5815.00,1.020000,1.020000,1,1
"Kepler-1702 b","Kepler-1702","Transit",2020,3.20000000,1.60190793,18.50120000000,0.1275000000,0.000000,555.00,5093.00,0.725742,0.850000,1,1
"Kepler-1621 b","Kepler-1621","Transit",2016,5.31000000,2.16000000,92.26371400000,0.4204000000,0.000000,469.00,6158.00,1.240000,1.150000,1,1
"Kepler-240 c","Kepler-240","Transit",2014,102.30000000,2.20000000,7.95352800000,0.0740000000,0.000000,696.00,4985.00,0.739000,0.868000,1,2
"Kepler-1972 c","Kepler-1972","Transit",2022,2.11000000,0.86800000,11.32950000000,0.1049300000,0.043000,1215.00,5818.00,1.384000,1.120000,1,2
"K2-278 b","K2-278","Transit",2018,9.17000000,2.98000000,3.33496600000,0.0488000000,,1711.00,6747.00,1.610000,1.400000,1,1
"Kepler-42 d","Kepler-42","Transit",2011,0.35778500,0.57000000,1.86516900000,0.0154000000,0.020000,450.00,3068.00,0.170000,0.130000,1,3
"Kepler-1050 b","Kepler-1050","Transit",2016,3.19000000,1.60000000,15.37875460000,0.1235300000,0.000000,1039.00,6010.00,1.130000,1.090000,1,2
"Kepler-1001 b","Kepler-1001","Transit",2016,10.10000000,3.15000000,14.30511983000,0.1114700000,0.000000,693.00,5491.00,0.880000,0.900000,1,2
"Kepler-478 b","Kepler-478","Transit",2016,7.80000000,2.71000000,13.22175760000,0.1032000000,0.000000,640.00,5210.00,0.800000,0.850000,1,1
"Kepler-1164 b","Kepler-1164","Transit",2016,1.46000000,1.12000000,3.97599768000,0.0463500000,0.000000,936.00,5183.00,0.790000,0.850000,1,1
"Kepler-692 b","Kepler-692","Transit",2016,9.85000000,3.11000000,21.81293494000,0.1495000000,0.000000,639.00,5440.00,0.860000,0.900000,1,1
"Kepler-1464 c","Kepler-1464","Transit",2016,0.97200000,1.00000000,5.32786292000,0.0610100000,0.000000,1023.00,5828.00,1.010000,1.020000,1,2
"K2-268 c","K2-268","Transit",2018,7.70000000,2.69000000,9.32752700000,0.0819000000,,696.00,5106.00,0.780000,0.840000,1,5
"Kepler-594 b","Kepler-594","Transit",2016,5.39000000,2.18000000,13.64618192000,0.1089000000,0.000000,678.00,5485.00,0.870000,0.910000,1,1
"Kepler-23 c","Kepler-23","Transit",2011,7.81000000,3.00500000,10.74000000000,0.0950100000,0.021000,1008.00,5828.00,1.548000,1.078000,1,3
"Kepler-150 b","Kepler-150","Transit",2014,2.10000000,1.25000000,3.42805400000,0.0440000000,0.000000,1131.00,5560.00,0.939000,0.956000,1,5
"Kepler-199 b","Kepler-199","Transit",2014,9.85000000,3.11000000,23.63760400000,0.1580000000,0.000000,595.00,5644.00,0.967000,0.960000,1,2
"Kepler-1499 b","Kepler-1499","Transit",2016,1.81000000,1.19000000,44.20080000000,0.2322500000,0.000000,409.00,5097.00,0.780000,0.820000,1,1
"Kepler-1498 b","Kepler-1498","Transit",2016,2.33000000,1.33000000,48.05140500000,0.2528000000,0.000000,564.00,5256.00,0.810000,0.860000,1,1
"Kepler-611 b","Kepler-611","Transit",2016,3.36000000,1.65000000,2.43703330200,0.0351000000,0.000000,1513.00,5761.00,1.010000,1.010000,1,1
"TOI-5502 b","TOI-5502","Transit",2026,15.90000000,4.12873780,11.62592988285,,,870.00,6088.71,1.323750,1.244000,1,1
"Kepler-1141 b","Kepler-1141","Transit",2016,0.47700000,0.82000000,2.34451194400,0.0349600000,0.000000,1471.00,5791.00,1.070000,1.010000,1,1
"Kepler-1073 b","Kepler-1073","Transit",2016,5.90000000,2.30000000,8.67888593000,0.0805000000,0.000000,905.00,5792.00,1.000000,1.000000,1,3
"Kepler-1170 b","Kepler-1170","Transit",2016,6.39000000,2.41000000,9.98969327000,0.0880000000,0.000000,705.00,5069.00,0.760000,0.800000,1,1
"Kepler-157 d","Kepler-157","Transit",2016,2.73000000,1.46000000,7.02573474000,0.0706000000,0.000000,969.00,5866.00,1.030000,1.020000,1,3
"Kepler-549 c","Kepler-549","Transit",2016,8.91000000,2.93000000,117.04049800000,0.4533200000,0.000000,349.00,5360.00,0.840000,0.880000,1,3
"Kepler-688 b","Kepler-688","Transit",2016,68.70000000,9.76000000,3.89593684400,0.0460000000,0.000000,1005.00,5715.00,0.960000,0.980000,1,1
"Kepler-632 b","Kepler-632","Transit",2016,5.52000000,2.21000000,30.99660733000,0.1885000000,0.000000,500.00,5322.00,0.840000,0.910000,1,1
"Kepler-1502 b","Kepler-1502","Transit",2016,10.20000000,3.18000000,41.70836290000,0.2482000000,0.000000,608.00,6666.00,1.720000,1.440000,1,1
"Kepler-253 b","Kepler-253","Transit",2014,3.29000000,1.63000000,3.78398600000,0.0460000000,0.000000,949.00,5208.00,0.786000,0.860000,1,3
"Kepler-1119 b","Kepler-1119","Transit",2016,4.35000000,1.92000000,8.32651530000,0.0812000000,0.000000,938.00,6083.00,1.170000,1.110000,1,1
"Kepler-543 b","Kepler-543","Transit",2016,6.80000000,2.50000000,13.89961966000,0.1023000000,0.000000,521.00,4671.00,0.670000,0.700000,1,1
"Kepler-693 b","Kepler-693","Transit",2016,73.80000000,10.18000000,15.37563332000,0.1121000000,0.000000,600.00,4881.00,0.720000,0.760000,2,1
"Kepler-1710 b","Kepler-1710","Transit",2021,3.49494179,3.19744103,14.91110039000,0.1158300000,0.000000,694.00,5650.00,0.899000,0.932000,1,1
"Kepler-1928 b","Kepler-1928","Transit",2021,4.63000000,1.99200000,19.57783000000,0.1940000000,0.430000,621.00,5720.00,0.920000,1.010000,1,1
"Kepler-1999 b","Kepler-1999","Transit",2023,10.80000000,3.29000000,8.73967580000,0.0713000000,0.000000,577.00,4406.00,0.628000,0.632000,1,1
"KOI-7368 b","KOI-7368","Transit",2022,5.56000000,2.22000000,6.84303440000,0.0678000000,0.000000,805.00,5241.00,0.874000,0.879000,1,1
"K2-198 b","K2-198","Transit",2018,16.30000000,4.18900000,17.04286830000,,,715.80,5212.90,0.757000,0.799000,1,3
"Kepler-227 c","Kepler-227","Transit",2014,9.48000000,3.04000000,54.41869400000,0.2900000000,0.000000,443.00,5854.00,1.091000,0.954000,1,2
"Kepler-26 d","Kepler-26","Transit",2014,1.24000000,1.07000000,3.54391900000,0.0390000000,0.000000,652.00,4486.00,0.571000,0.593000,1,4
"KELT-17 b","KELT-17","Transit",2016,416.35730000,17.09372500,3.08017160000,0.0488100000,,2087.00,7454.00,1.645000,1.635000,1,1
"IC 4651 9122 b","IC 4651 9122","Radial Velocity",2018,2002.32900000,12.70000000,734.00000000000,2.0380000000,0.180000,513.04,4740.10,10.267424,2.100000,1,1
"GJ 229 b","GJ 229","Radial Velocity",2014,14.93793513,3.97000000,579.47495000000,1.0860000000,0.404000,111.85,3564.00,0.460000,0.509000,3,2
"GJ 180 c","GJ 180","Radial Velocity",2014,6.40000000,2.41000000,24.32900000000,0.1290000000,0.090000,290.87,3371.00,0.413049,0.430000,1,3
"HD 68988 c","HD 68988","Radial Velocity",2021,4776.96095721,12.20000000,16000.00000000000,13.2000000000,0.450000,87.50,5883.41,1.255733,1.171665,1,2
"KIC 5479689 b","KIC 5479689","Orbital Brightness Modulation",2021,158.91420350,14.20000000,1.70153100000,,,,5459.10,0.894000,0.966000,1,1
"HD 93385 b","HD 93385","Radial Velocity",2021,4.20000000,1.88000000,7.34260000000,0.0756000000,0.295000,1141.00,5977.00,1.184840,1.040000,1,3
"Kepler-294 c","Kepler-294","Transit",2014,7.80000000,2.71000000,6.62640000000,0.0710000000,0.000000,895.00,5913.00,0.976000,0.947000,1,2
"TOI-4311 c","TOI-4311","Transit",2026,13.58000000,2.47000000,15.07042500000,0.1116000000,0.220000,671.00,5063.00,0.844100,0.816000,1,2
"WASP-118 b","WASP-118","Transit",2016,163.36462000,16.14096000,4.04604350000,0.0545300000,0.000000,1729.00,6410.00,1.696000,1.320000,1,1
"TAP 26 b","TAP 26","Radial Velocity",2017,527.59780000,13.50000000,10.79000000000,0.0968000000,,774.52,4620.00,1.170000,1.040000,1,1
"HD 92788 c","HD 92788","Radial Velocity",2019,1166.43610000,13.00000000,11611.29750000000,10.5000000000,0.460000,91.27,5744.00,1.140000,1.150000,1,2
"GJ 422 b","GJ 422","Radial Velocity",2014,11.07000000,3.33000000,20.12900000000,0.1110000000,0.110000,292.68,3323.00,0.370328,0.350000,1,1
"GJ 414 A c","GJ 414 A","Radial Velocity",2021,53.83000000,8.40000000,749.83000000000,1.4000000000,0.105000,124.70,4120.00,0.680000,0.650000,2,2
"TOI-3593 b","TOI-3593","Transit",2025,565.73456446,11.02963701,3.82128670000,0.0481000000,0.105000,1170.00,5550.00,0.918000,1.015000,1,1
"WASP-195 b","WASP-195","Transit",2025,33.05415433,10.31226224,5.05192800000,0.0630000000,0.000000,1522.00,6300.00,1.578000,1.300000,1,1
"TOI-4529 b","TOI-4529","Transit",2026,4.90000000,1.77000000,5.87957700000,,,511.00,3697.00,0.480000,0.482000,1,1
"HD 27631 b","HD 27631","Radial Velocity",2012,495.81231492,13.50000000,2198.14000000000,3.2420000000,0.141000,147.61,5737.00,0.923000,0.944000,1,1
"Wolf 503 b","Wolf 503","Transit",2018,6.26000000,2.04300000,6.00127000000,0.0570600000,0.410000,790.00,4716.00,0.689000,0.688000,1,1
"WASP-183 b","WASP-183","Transit",2019,159.55066000,16.47723000,4.11177710000,0.0463200000,,1111.00,5313.00,0.871000,0.784000,1,1
"Kepler-1747 b","Kepler-1747","Transit",2021,16.80000000,4.26508000,6.23031997700,0.0660000000,0.000000,875.00,5477.00,0.865000,0.983000,1,1
"Kepler-906 b","Kepler-906","Transit",2016,5.10000000,2.11000000,41.69799760000,0.2236300000,0.000000,537.00,6035.00,1.020000,1.060000,1,1
"TOI-4551 b","TOI-4551","Transit",2023,473.56432643,11.85910158,9.95581000000,0.0994000000,0.101000,1655.00,4896.00,3.550000,1.310000,1,1
"HD 98649 b","HD 98649","Radial Velocity",2012,3082.93554790,12.50000000,5384.00000000000,5.9700000000,0.852000,114.22,5759.00,1.010000,0.970000,1,1
"Kepler-780 b","Kepler-780","Transit",2016,0.64000000,0.89000000,0.67737516400,0.0150000000,0.000000,2099.00,5769.00,1.020000,1.010000,1,1
"NGTS-16 b","NGTS-16","Transit",2021,211.99154747,14.57167491,4.84532000000,0.0523000000,0.000000,1177.00,5550.00,1.213000,1.002000,1,1
"TOI-1634 b","TOI-1634","Transit",2021,4.90000000,1.75900000,0.98934551000,0.0154400000,0.000000,900.00,3550.00,0.450000,0.502000,2,2
"Kepler-275 b","Kepler-275","Transit",2014,6.08000000,2.34000000,10.30068200000,0.0980000000,0.000000,1015.00,6165.00,1.383000,1.189000,1,3
"Kepler-121 c","Kepler-121","Transit",2014,5.77000000,2.27000000,41.00801100000,0.2160000000,0.000000,425.00,5311.00,0.701000,0.859000,1,2
"TOI-4342 c","TOI-4342","Transit",2023,4.80000000,2.34900000,10.68866200000,0.0804000000,0.000000,514.00,3866.00,0.598000,0.587000,1,2
"Kepler-168 b","Kepler-168","Transit",2014,2.73000000,1.46000000,4.42539100000,0.0560000000,0.000000,1240.00,6282.00,1.107000,1.113000,1,2
"HD 42012 b","HD 42012","Radial Velocity",2017,508.52800000,13.50000000,857.50000000000,1.6700000000,0.200000,182.63,5405.00,0.820000,0.830000,1,1
"Qatar-10 b","Qatar-10","Transit",2019,233.92288000,17.29548700,1.64532100000,0.0286000000,0.000000,1955.00,6124.00,1.254000,1.156000,1,1
"GJ 720 A b","GJ 720 A","Radial Velocity",2021,13.64000000,3.77000000,19.46600000000,0.1190000000,0.120000,401.00,3837.00,0.560000,0.570000,2,1
"HD 137496 b","HD 137496","Transit",2021,4.04000000,1.31000000,1.62116000000,0.0273200000,0.000000,2130.00,5799.00,1.590000,1.040000,1,2
"K2-389 b","K2-389","Transit",2022,6.04000000,2.33000000,8.58289000000,,,932.00,5773.00,1.094000,0.990000,1,2
"Kepler-17 b","Kepler-17","Transit",2011,778.65000000,14.68000000,1.48571080000,0.0259100000,0.011000,1570.00,5781.00,1.010340,1.040000,1,1
"Kepler-176 b","Kepler-176","Transit",2014,290.53700000,1.43000000,5.43307400000,0.0580000000,0.000000,841.00,5232.00,0.891000,0.860000,1,4
"NN Ser d","NN Ser","Eclipse Timing Variations",2010,724.62200000,13.30000000,2880.00000000000,3.3900000000,0.240000,,57000.00,,0.535000,2,2
"HD 214823 b","HD 214823","Radial Velocity",2016,5914.78665427,12.10000000,1854.84424000000,3.0800000000,0.161000,243.90,6215.00,2.040000,1.115000,2,1
"Kepler-761 b","Kepler-761","Transit",2016,4.78000000,2.03000000,10.12804789000,0.0874000000,0.000000,767.00,5706.00,0.930000,0.950000,1,1
"TOI-216.01","TOI-216","Transit",2019,177.98390792,10.10000000,34.52552800000,0.2069000000,0.004600,497.00,5026.00,0.748000,0.770000,1,2
"TOI-1259 A b","TOI-1259 A","Transit",2021,141.00000000,11.60000000,3.47797920000,0.0408000000,0.000000,963.00,4775.00,0.715000,0.746000,2,1
"Kepler-107 e","Kepler-107","Transit",2014,14.10000000,2.90300000,14.74914300000,0.1263800000,0.100000,955.00,5854.00,1.447000,1.238000,1,4
"Kepler-450 c","Kepler-450","Transit",2015,12.50000000,2.62000000,15.41313500000,0.1335100000,0.020000,944.00,6197.21,1.641620,1.190000,1,3
"TOI-4578 b","TOI-4578","Transit",2026,5.77000000,2.26974262,8.62392630369,,,842.42,5951.32,0.878735,1.077000,1,1
"HD 1605 b","HD 1605","Radial Velocity",2015,296.85322000,13.80000000,577.20000000000,1.4920000000,0.095000,362.48,4915.00,3.490000,1.330000,1,2
"HD 210193 b","HD 210193","Radial Velocity",2019,153.10000000,14.30000000,649.91800000000,1.4870000000,0.240000,235.69,5790.00,1.059710,1.040000,1,1
"HD 108236 c","HD 108236","Transit",2020,4.94000000,2.07100000,6.20344900000,0.0620000000,0.034000,932.00,5660.00,0.877000,0.869000,1,5
"K2-392 b","K2-392","Transit",2022,4.08000000,1.85000000,15.39872300000,,,,5726.00,1.058000,0.841000,1,1
"TOI-4145 A b","TOI-4145 A","Transit",2023,136.66621501,13.30506009,4.06644280000,0.0482300000,0.000000,1074.00,5281.00,0.859000,0.905000,2,1
"TOI-4379 b","TOI-4379","Transit",2024,353.74301699,16.69017226,3.25352000000,,0.018000,1869.38,6020.00,1.976000,1.372000,1,1
"Kepler-1663 b","Kepler-1663","Transit",2020,10.90000000,3.30395896,17.60460000000,0.1072000000,0.000000,362.00,3844.00,0.628590,0.610816,1,1
"Kepler-273 c","Kepler-273","Transit",2014,4.58000000,1.98000000,8.01492700000,0.0730000000,0.000000,865.00,5626.00,0.815000,0.756000,1,2
"GJ 3138 c","GJ 3138","Radial Velocity",2017,4.18000000,1.88000000,5.97400000000,0.0570000000,0.110000,530.85,3717.00,0.500000,0.681000,1,3
"K2-291 b","K2-291","Transit",2019,6.49000000,1.58900000,2.22517700000,0.0326100000,0.000000,1278.00,5520.00,0.899000,0.934000,1,1
"HD 39855 b","HD 39855","Radial Velocity",2019,8.50000000,2.85000000,3.24980000000,0.0410000000,0.140000,1145.89,5576.00,0.744665,0.870000,1,1
"HIP 90988 b","HIP 90988","Radial Velocity",2021,668.07531151,13.40000000,455.73816000000,1.3600000000,0.081000,400.77,4883.00,3.940000,1.613000,1,1
"TOI-558 b","TOI-558","Transit",2021,1147.36054927,12.17295304,14.57407100000,0.1291000000,0.298000,1061.00,6466.00,1.496000,1.349000,1,1
"GPX-1 b","GPX-1","Transit",2021,6261.21961790,16.47720163,1.74457900000,0.0338000000,0.000000,2300.00,7000.00,1.560000,1.680000,1,1
"TOI-3819 b","TOI-3819","Transit",2023,352.78953177,13.13692538,3.24431410000,0.0461100000,0.000000,1633.00,5859.00,1.538000,1.242000,1,1
"Kepler-181 b","Kepler-181","Transit",2014,2.15000000,1.27000000,3.13787300000,0.0400000000,0.000000,1041.00,5333.00,0.749000,0.810000,1,2
"K2-38 c","K2-38","Transit",2016,8.30000000,2.29000000,10.56103000000,0.0951400000,0.161000,916.00,5731.00,1.060000,1.030000,1,2
"HD 224538 b","HD 224538","Radial Velocity",2016,2075.73732612,12.70000000,1202.05199000000,2.3750000000,0.476000,236.74,6097.00,1.540000,1.230000,1,1
"GJ 273 b","GJ 273","Radial Velocity",2017,2.89000000,1.51000000,18.64980000000,0.0911010000,0.100000,292.47,3382.00,0.293000,0.290000,1,2
"K2-292 b","K2-292","Transit",2019,24.50000000,2.63000000,16.98410000000,0.1300000000,0.040000,795.00,5725.00,1.090000,1.000000,1,1
"GJ 4276 b","GJ 4276","Radial Velocity",2019,16.57000000,4.22000000,13.35200000000,0.0820000000,0.370000,363.86,3387.00,0.407000,0.406000,1,1
"HD 102843 b","HD 102843","Radial Velocity",2019,113.90000000,13.10000000,3090.94200000000,4.0740000000,0.110000,127.34,5436.00,0.961488,0.950000,1,1
"Kepler-271 b","Kepler-271","Transit",2014,2.04000000,1.23000000,10.43547805000,0.0878400000,0.000000,759.00,5555.00,0.870000,0.900000,1,3
"CFHTWIR-Oph 98 b","CFHTWIR-Oph 98 A","Imaging",2020,2479.06157460,20.84870410,8040000.00000000000,200.0000000000,,1800.00,2320.00,0.245000,0.014700,1,1
"TOI-1431 b","TOI-1431","Transit",2021,991.62462984,16.70138124,2.65023700000,0.0460000000,0.002200,2370.00,7690.00,1.920000,1.900000,1,1
"K2-395 c","K2-395","Transit",2022,11.40000000,3.39500000,8.49128200000,,,,5007.00,0.783000,0.952000,1,2
"TOI-4406 b","TOI-4406","Transit",2023,95.34852210,11.20898070,30.08364000000,0.2010000000,0.150000,904.00,6219.00,1.290000,1.190000,1,1
"Kepler-149 d","Kepler-149","Transit",2014,14.90000000,3.96000000,160.01803200000,0.5710000000,0.000000,306.00,5381.00,0.953000,1.013000,1,3
"TOI-4405 b","TOI-4405","Transit",2026,7.06000000,2.55505441,5.92143995316,,,671.87,4467.38,0.687025,0.680000,1,1
"TOI-5027 b","TOI-5027","Transit",2025,642.01338214,10.76062147,10.24368000000,0.0930000000,0.385000,1056.00,5909.00,0.920000,1.020000,1,1
"GJ 273 c","GJ 273","Radial Velocity",2017,1.18000000,1.06000000,4.72340000000,0.0364670000,0.170000,462.26,3382.00,0.293000,0.290000,1,2
"HD 20781 d","HD 20781","Radial Velocity",2019,10.61000000,3.25000000,29.15800000000,0.1647000000,0.110000,570.19,5256.00,0.833609,0.700000,2,5
"HD 110113 b","HD 110113","Transit",2021,4.55000000,2.05000000,2.54100000000,0.0350000000,0.093000,1371.00,5732.00,0.968000,0.997000,1,2
"HAT-P-63 b","HAT-P-63","Transit",2021,195.14664190,12.54284940,3.37772800000,0.0429400000,0.069000,1237.00,5400.00,0.966100,0.925000,1,1
"K2-398 b","K2-398","Transit",2022,5.79000000,2.27400000,6.39302500000,,,,5946.00,1.239000,0.945000,1,2
"TOI-3862 b","TOI-3862","Transit",2026,53.70000000,5.53000000,1.55745774000,0.0253900000,0.023200,1539.00,5300.00,0.920000,0.900000,1,1
"Kepler-284 c","Kepler-284","Transit",2014,7.32000000,2.61000000,37.51445600000,0.2130000000,0.000000,478.00,5615.00,0.814000,0.766000,1,2
"TOI-4662 b","TOI-4662","Transit",2026,8.65000000,2.87998299,4.70343764575,,,741.00,4520.41,0.693750,0.703000,1,1
"NGC 2682 YBP 401 b","NGC 2682 YBP 401","Radial Velocity",2016,146.20180000,14.30000000,4.08700000000,,0.150000,,6165.00,1.215821,1.140000,1,1
"WASP-142 b","WASP-142","Transit",2016,266.97720000,17.14977000,2.05286800000,0.0347000000,0.000000,2000.00,6010.00,1.640000,1.330000,1,1
"WASP-171 b","WASP-171","Transit",2019,344.52772000,10.98482000,3.81862440000,0.0504000000,0.000000,1642.00,5965.00,1.637000,1.171000,1,1
"TOI-1789 b","TOI-1789","Transit",2021,222.47988490,16.14093221,3.20866400000,0.0488200000,,1927.00,5991.00,2.168000,1.507000,1,1
"HD 35843 c","HD 35843","Transit",2025,11.32000000,2.54000000,46.96220000000,0.2500000000,0.153000,479.00,5666.00,0.897000,0.940000,1,2
"TOI-4666 b","TOI-4666","Transit",2025,155.41809102,12.53164042,2.90891650000,0.0340000000,0.023000,695.00,3793.00,0.585000,0.576000,1,1
"BD+20 594 b","BD+20 594","Transit",2016,22.24810000,2.57807000,41.68550000000,0.2410000000,0.000000,546.00,5766.00,1.080000,1.670000,1,1
"Kepler-19 d","Kepler-19","Radial Velocity",2017,22.50000000,5.06000000,62.95000000000,,0.050000,,5544.00,0.859000,0.936000,1,3
"GJ 143 b","GJ 143","Transit",2019,22.70000000,2.61000000,35.61253000000,0.1915000000,0.188000,422.00,4640.00,0.695000,0.730000,1,2
"WASP-182 b","WASP-182","Transit",2019,47.03884000,9.52765000,3.37698480000,0.0451000000,0.000000,1479.00,5638.00,1.340000,1.076000,1,1
"HD 107148 c","HD 107148","Radial Velocity",2021,19.89605828,4.70000000,18.32670000000,0.1407000000,0.340000,799.68,5752.92,1.169193,1.105215,2,2
"Kepler-833 b","Kepler-833","Transit",2016,4.74000000,2.02000000,18.75469980000,0.1139000000,0.000000,382.00,4339.00,0.620000,0.640000,1,1
"Kepler-94 b","Kepler-94","Transit",2014,10.84000000,3.51000000,2.50806000000,0.0337700000,0.000000,997.00,4781.00,0.760000,0.810000,1,2
"TOI-4463 A b","TOI-4463 A","Transit",2023,252.35575516,13.26022417,2.88071980000,0.0403600000,0.000000,1395.00,5640.00,1.062000,1.056000,2,1
"HATS-9 b","HATS-9","Transit",2015,266.02371000,13.85000000,1.91529100000,0.0312000000,0.075000,1746.00,5599.00,1.560000,1.100000,1,1
"TYC 0434-04538-1 b","TYC 0434-04538-1","Radial Velocity",2021,1938.76300000,12.70000000,193.20000000000,0.6600000000,0.080000,877.80,4679.00,9.990000,1.040000,1,1
"Kepler-839 b","Kepler-839","Transit",2016,7.13000000,2.57000000,37.81445140000,0.2316000000,0.000000,626.00,6058.00,1.310000,1.220000,1,1
"HD 27969 b","HD 27969","Radial Velocity",2021,1525.57635360,12.90000000,654.50000000000,1.5520000000,0.182000,261.00,5966.00,1.270000,1.160000,1,1
"TOI-3912 b","TOI-3912","Transit",2023,129.03833324,14.28024141,3.49362640000,0.0463000000,0.000000,1512.00,5725.00,1.392000,1.088000,1,1
"Kepler-294 b","Kepler-294","Transit",2014,3.78000000,1.77000000,3.70121200000,0.0480000000,0.000000,1087.00,5913.00,0.976000,0.947000,1,2
"TOI-4487 A b","TOI-4487 A","Transit",2025,397.28550875,14.60530185,3.95407090000,0.0544800000,0.083000,1639.00,6206.00,1.634000,1.378000,2,1
"K2-251 b","K2-251","Transit",2018,6.12000000,2.35000000,9.30075000000,0.0694000000,,437.00,3717.00,0.490000,0.520000,1,1
"GJ 3512 b","GJ 3512","Radial Velocity",2019,146.51889563,14.30000000,203.10900000000,0.3376000000,0.427900,97.19,3141.00,0.139000,0.123000,1,2
"HD 145675 c","14 Her","Radial Velocity",2021,2510.84441530,12.60000000,15732.45889000000,20.0000000000,0.520000,55.51,5338.00,0.930000,0.970000,1,2
"HD 95544 b","HD 95544","Radial Velocity",2021,1913.64483855,12.80000000,2041.54152000000,3.1660000000,0.049000,156.50,5722.00,1.088000,1.010000,1,1
"Kepler-309 b","Kepler-309","Transit",2014,3.05000000,1.56000000,5.92365300000,0.0590000000,0.000000,531.00,4713.00,0.721000,0.816000,1,2
"WASP-74 b","WASP-74","Transit",2015,228.83760000,15.24424000,2.13775000000,0.0344300000,0.000000,1865.00,5990.00,1.420000,0.980000,1,1
"Qatar-7 b","Qatar-7","Transit",2019,597.52040000,19.05530000,2.03204600000,0.0352000000,0.000000,2053.00,6387.00,1.564000,1.409000,1,1
"Kepler-270 b","Kepler-270","Transit",2014,4.70000000,2.01000000,11.47609400000,0.1070000000,0.000000,984.00,6067.00,1.461000,1.170000,1,2
"TOI-628 b","TOI-628","Transit",2021,2011.86390000,11.88154000,3.40956750000,0.0486000000,0.072000,1586.00,6250.00,1.345000,1.311000,1,1
"HD 168009 b","HD 168009","Radial Velocity",2021,9.53485221,3.05000000,15.14790000000,0.1192000000,0.120000,887.57,5778.33,1.209505,0.986073,1,1
"HD 164922 e","HD 164922","Radial Velocity",2021,10.52012027,3.23000000,41.76300000000,0.2292000000,0.086000,543.73,5393.43,1.001813,0.921146,1,4
"HD 115954 b","HD 115954","Radial Velocity",2021,2685.65003915,12.60000000,3700.00000000000,5.0000000000,0.487000,144.90,5957.00,1.213000,1.180000,1,1
"TOI-1278 b","TOI-1278","Transit",2021,5879.82552950,12.21778896,14.47567000000,0.0950000000,0.013000,407.87,3799.00,0.573000,0.540000,1,1
"LHS 1678 b","LHS 1678","Transit",2021,0.35000000,0.68500000,0.86023250000,0.0123900000,0.033000,830.44,3490.00,0.329000,0.345000,2,3
"TOI-3980 b","TOI-3980","Transit",2025,187.51876013,14.45958510,3.60892540000,0.0494000000,0.160000,1621.00,5840.00,1.626000,1.240000,1,1
"Kepler-903 b","Kepler-903","Transit",2016,4.70000000,2.01000000,10.35077210000,0.0908100000,0.000000,842.00,5682.00,0.970000,0.980000,1,2
"Kepler-84 c","Kepler-84","Transit",2012,20.20000000,2.36000000,12.88300000000,0.1072000000,0.000000,865.00,6039.00,1.430000,1.000000,1,5
"TOI-4507 b","TOI-4507","Transit",2025,20.00000000,8.20000000,104.61611000000,0.4560000000,0.090000,464.80,6260.00,1.040000,1.110000,1,1
"TOI-5160 b","TOI-5160","Transit",2026,6.33000000,2.39729851,4.28077325600,,,1016.00,5622.14,1.033150,1.003000,1,1
"EPIC 211822797 b","EPIC 211822797","Transit",2016,4.35000000,1.92000000,21.17019630000,0.1195000000,0.060000,431.00,4057.00,0.580000,0.620000,1,1
"K2-254 c","K2-254","Transit",2018,5.43000000,2.19000000,12.11839000000,0.0923000000,,551.00,4629.00,0.670000,0.710000,1,2
"GJ 160.2 b","GJ 160.2","Radial Velocity",2014,10.20000000,3.17000000,5.23540000000,0.0530000000,0.060000,736.99,4347.00,0.655173,0.690000,1,1
"HD 39194 d","HD 39194","Radial Velocity",2021,5.16000000,2.12000000,33.87400000000,0.1949000000,0.159000,503.31,5205.00,0.783742,0.860000,1,3
"Kepler-304 b","Kepler-304","Transit",2014,8.55000000,2.86000000,3.29570900000,0.0390000000,0.000000,875.00,4731.00,0.687000,0.737000,1,4
"Kepler-1756 b","Kepler-1756","Transit",2021,2.77000000,1.47199944,2.35575008400,0.0319000000,0.000000,1093.00,4915.00,0.812000,0.781000,1,1
"EPIC 206317286 c","EPIC 206317286","Transit",2022,5.03000000,2.09400000,17.51547200000,,,,4752.00,0.758000,0.832000,1,2
"Kepler-195 b","Kepler-195","Transit",2014,4.78000000,2.03000000,8.30787200000,0.0770000000,0.000000,751.00,5329.00,0.775000,0.867000,1,2
"K2-28 b","K2-28","Transit",2016,5.99000000,2.32000000,2.26045500000,0.0214000000,0.000000,568.00,3214.00,0.288000,0.257000,1,1
"Kepler-1724 b","Kepler-1724","Transit",2021,8.43000000,2.83677238,6.45442009000,0.0683000000,0.000000,999.00,6092.00,0.943000,1.016000,1,1
"HAT-P-7 b","HAT-P-7","Transit",2008,584.80720000,16.92559000,2.20474000000,0.0380900000,0.000000,2733.00,6389.00,2.000000,1.560000,3,1
"Kepler-551 b","Kepler-551","Transit",2016,7.90000000,2.73000000,12.37646610000,0.0893000000,0.000000,483.00,4286.00,0.630000,0.650000,1,1
"K2-44 b","K2-44","Transit",2016,6.50000000,2.43300000,5.65700000000,0.0600000000,,1211.00,5912.00,1.580000,1.150000,1,1
"K2-27 b","K2-27","Transit",2016,30.20000000,4.74000000,6.77134700000,0.0670200000,0.251000,836.00,5246.00,0.876000,0.880000,3,1
"K2-378 b","K2-378","Transit",2022,8.65000000,2.88000000,2.06043800000,,,,4823.00,0.732000,0.923000,1,1
"K2-42 b","K2-42","Transit",2016,5.27000000,2.15000000,6.68796000000,0.0617000000,,718.09,4613.00,0.643000,0.702000,1,1
"K2-193 b","K2-193","Transit",2018,14.80000000,3.95000000,14.78688900000,0.1184000000,,739.00,5817.00,0.980000,1.010000,1,1
"Kepler-452 b","Kepler-452","Transit",2015,3.29000000,1.63000000,384.84300000000,1.0460000000,0.000000,265.00,5757.00,1.110000,1.037000,1,1
"Kepler-220 c","Kepler-220","Transit",2014,3.09000000,1.57000000,9.03419900000,0.0760000000,0.000000,586.00,4632.00,0.666000,0.729000,1,4
"Kepler-228 d","Kepler-228","Transit",2014,15.40000000,4.04000000,11.09428600000,0.1010000000,0.000000,835.00,6043.00,1.014000,1.006000,1,3
"Kepler-565 b","Kepler-565","Transit",2016,12.90000000,3.64000000,4.24374722600,0.0501000000,0.000000,1063.00,5735.00,0.950000,0.980000,1,1
"K2-35 b","K2-35","Transit",2016,2.30000000,1.32000000,2.39996400000,0.0310000000,0.130000,979.00,4402.71,0.619575,0.701968,1,2
"Kepler-1720 b","Kepler-1720","Transit",2021,10.40000000,3.21585295,12.70639992000,0.1043000000,0.000000,697.00,5573.00,0.839000,0.939000,1,1
"K2-368 b","K2-368","Transit",2022,2.34000000,1.33200000,5.02559800000,,,,4663.00,0.663000,0.746000,1,3
"OGLE-2016-BLG-0261L b","OGLE-2016-BLG-0261L","Microlensing",2026,66.74396547,9.60000000,,0.7200000000,,,,,0.072000,1,1
"KMT-2025-BLG-0026L b","KMT-2025-BLG-0026L","Microlensing",2026,676.97450691,13.30000000,,0.9600000000,,,,,0.440000,1,1
"KMT-2025-BLG-0030L b","KMT-2025-BLG-0030L","Microlensing",2026,365.50266805,13.70000000,,2.3500000000,,,,,0.600000,1,1
"KMT-2025-BLG-2272L b","KMT-2025-BLG-2272L","Microlensing",2026,785.03616529,13.30000000,,3.8900000000,,,,,0.630000,1,1
